num_implements;num_tasks;num_vehicles;seed;full;time_horizon;num_periods;probabilityTA;probabilityTD;probabilityVA;probabilityVD;probabilityIA;probabilityID;t;toptimization;Obj;PenaltyCost;StaticCost;DistanciaTotal;Distancia_list;DesvDistancia;TaskDone_list;DesvTaskDone;TotalTasksDone;TasksCompleted
10;10;10;1;True;2000;1;0.05;0;0;0;0;0;40.05841112136841;0.0973968505859375;10398.959870582063;8954.416509148692;592.9216499517293;851.65;[88.26, 94.26, 48.73, 94.26, 94.26, 94.26, 88.26, 94.26, 94.26, 60.84];45.53000000000001;[1, 3, 2, 2, 2];2;10;True
10;10;10;2;True;2000;1;0.05;0;0;0;0;0;65.5978741645813;0.08865880966186523;12178.420101697388;10622.824944113812;522.2639365415157;1033.3;[54.43, 129.43, 92.43, 112.43, 66.43, 165.43, 120.43, 42.43, 84.43, 165.43];123.0;[2, 3, 1, 3, 1, 1];2;11;False
10;10;10;3;True;2000;1;0.05;0;0;0;0;0;37.12597846984863;0.08863520622253418;10504.317913428851;9204.008773717038;489.5384816731991;810.8;[76.38, 75.38, 89.38, 76.38, 89.38, 46.38, 89.38, 89.38, 89.38, 89.38];42.99999999999999;[1, 1, 2, 1, 1, 1, 1, 2];1;10;True
10;10;10;4;True;2000;1;0.05;0;0;0;0;0;47.40716075897217;0.11014366149902344;12488.409571096514;10891.987229169325;608.0366672139872;988.3899999999999;[56.03, 118.03, 39.12, 106.03, 118.03, 118.03, 118.03, 109.03, 88.03, 118.03];78.91;[3, 1, 3, 1, 1, 3];2;12;False
10;10;10;5;True;2000;1;0.05;0;0;0;0;0;45.9884819984436;0.09330201148986816;8939.697559039942;7605.672392744002;523.1966267996149;810.8000000000001;[63.58, 92.58, 62.58, 114.58, 28.58, 111.58, 114.58, 54.58, 83.58, 84.58];86.0;[1, 1, 1, 2, 3, 2];2;10;True
10;10;10;6;True;2000;1;0.05;0;0;0;0;0;29.659176111221313;0.10122036933898926;10675.968315040584;9497.323561982616;502.5416315614056;676.1;[71.21, 41.21, 71.21, 71.21, 71.21, 71.21, 71.21, 71.21, 71.21, 65.21];29.999999999999993;[2, 2, 1, 2, 1, 1, 2];1;11;False
10;20;10;1;True;2000;1;0.05;0;0;0;0;0;65.34628868103027;0.23644447326660156;22302.232404901533;19649.80972834023;1330.7809477710432;1321.6000000000001;[137.46, 102.46, 119.46, 137.46, 137.46, 137.46, 137.46, 137.46, 137.46, 137.46];35.000000000000014;[2, 2, 2, 4, 1, 1, 2, 3, 3];3;20;True
10;20;10;2;True;2000;1;0.05;0;0;0;0;0;97.55292391777039;0.36589670181274414;25887.32133614561;22846.613505535264;1454.5017356685544;1586.24;[112.28, 171.28, 168.28, 153.28, 198.28, 204.28, 130.28, 126.28, 117.72, 204.28];92.0;[1, 2, 4, 2, 4, 1, 4, 2, 4];3;24;False
10;20;10;3;True;2000;1;0.05;0;0;0;0;0;71.1221091747284;0.24856209754943848;20369.60045446741;17919.760592069055;1134.0146648605282;1315.8;[125.48, 109.48, 151.48, 151.48, 151.48, 82.48, 89.48, 151.48, 151.48, 151.48];68.99999999999999;[3, 3, 1, 4, 2, 1, 1, 2, 3];3;20;True
10;20;10;4;True;2000;1;0.05;0;0;0;0;0;72.232492685318;0.22305655479431152;20797.824481762254;18463.08881446747;966.5208763877212;1368.17;[104.54, 154.65, 78.54, 154.65, 154.65, 141.65, 154.65, 154.65, 115.54, 154.65];76.11;[1, 2, 2, 1, 1, 2, 3, 2, 1, 5];4;20;True
10;20;10;5;True;2000;1;0.05;0;0;0;0;0;103.08367681503296;0.3214280605316162;24312.1623195588;21445.2333195875;1344.0499485005796;1522.8999999999999;[84.79, 171.79, 119.79, 213.79, 139.79, 181.79, 175.79, 218.79, 105.79, 110.79];134.0;[2, 2, 3, 2, 1, 1, 2, 4, 4, 2];3;23;False
10;20;10;6;True;2000;1;0.05;0;0;0;0;0;62.69069004058838;0.34522199630737305;23406.488754324386;21029.137546258164;1140.6454264718827;1236.72;[131.3, 83.66, 131.3, 131.3, 131.3, 131.3, 131.3, 131.3, 131.3, 102.66];47.640000000000015;[2, 1, 2, 2, 3, 1, 1, 3, 3, 4];3;22;False
10;30;10;1;True;2000;1;0.05;0;0;0;0;0;122.72073817253113;0.46509766578674316;34130.20334930391;30251.245716168592;1894.6567947282672;1984.3000000000004;[227.43, 174.43, 132.43, 202.43, 234.43, 184.43, 203.43, 164.43, 234.43, 226.43];102.0;[2, 3, 3, 1, 8, 2, 2, 2, 5, 4];7;32;False
10;30;10;2;True;2000;1;0.05;0;0;0;0;0;134.73545289039612;0.5420360565185547;34039.560168536605;30000.729241478533;2123.0822874040155;1915.7299999999998;[179.28, 209.28, 163.28, 205.28, 218.08, 254.08, 201.28, 112.81, 137.28, 235.08];141.27;[2, 3, 1, 4, 3, 5, 2, 4, 2, 6];5;32;False
10;30;10;3;True;2000;1;0.05;0;0;0;0;0;112.1263382434845;0.5411570072174072;33651.718688782115;29710.589655676857;2058.587796800451;1882.5199999999995;[147.74, 167.1, 208.64, 169.1, 208.64, 150.74, 204.64, 208.64, 208.64, 208.64];60.89999999999998;[1, 2, 6, 2, 4, 2, 5, 4, 3, 3];5;32;False
10;30;10;4;True;2000;1;0.05;0;0;0;0;0;106.39646553993225;0.6011190414428711;35647.13240664348;32186.096877992746;1692.9015681526778;1768.1600000000003;[155.44, 194.4, 126.44, 194.4, 194.4, 154.44, 194.4, 173.44, 194.4, 186.4];67.96000000000001;[3, 7, 3, 1, 4, 4, 3, 3, 1, 4];6;33;False
10;30;10;5;True;2000;1;0.05;0;0;0;0;0;91.35533308982849;0.49797630310058594;30653.397580780224;27353.079515936082;1715.9614610225808;1584.3999999999999;[172.04, 132.04, 172.04, 172.04, 133.04, 172.04, 172.04, 155.04, 137.04, 167.04];40.0;[1, 3, 5, 3, 1, 4, 4, 2, 3, 4];4;30;True
10;30;10;6;True;2000;1;0.05;0;0;0;0;0;71.70304679870605;0.48140406608581543;31258.402700835475;28480.428847796717;1503.9020438000043;1274.0999999999997;[130.81, 106.81, 130.81, 130.81, 130.81, 130.81, 130.81, 130.81, 130.81, 120.81];24.0;[1, 2, 2, 3, 5, 3, 2, 4, 3, 5];4;30;True
10;40;10;1;True;2000;1;0.05;0;0;0;0;0;130.888507604599;0.9644725322723389;46827.22678168587;42027.6868466308;2685.12155347364;2114.42;[214.94, 188.96, 214.94, 205.94, 214.94, 214.94, 214.94, 214.94, 214.94, 214.94];25.97999999999999;[6, 3, 7, 7, 4, 4, 3, 7, 2];5;43;False
10;40;10;2;True;2000;1;0.05;0;0;0;0;0;121.39178824424744;0.856865644454956;44633.53371348364;40075.786840601315;2741.2663061388275;1816.4500000000003;[195.43, 195.43, 164.43, 195.43, 195.43, 195.43, 195.43, 131.94, 152.07, 195.43];63.49000000000001;[2, 2, 2, 9, 3, 7, 5, 4, 3, 5];7;42;False
10;40;10;3;True;2000;1;0.05;0;0;0;0;0;126.05844616889954;0.8997712135314941;43045.54879947949;38652.75219899777;2375.7632486077905;2017.0;[179.0, 185.0, 207.0, 207.0, 207.0, 207.0, 204.0, 207.0, 207.0, 207.0];28.0;[2, 3, 3, 2, 5, 3, 6, 7, 3, 7];5;41;False
10;40;10;4;True;2000;1;0.05;0;0;0;0;0;159.0992612838745;0.9696781635284424;50466.7349744095;45397.40263776478;2745.6080928414995;2323.7;[245.47, 252.47, 194.47, 232.47, 210.47, 252.47, 252.47, 252.47, 178.47, 252.47];74.0;[3, 9, 6, 3, 4, 7, 3, 5, 3, 4];6;47;False
10;40;10;5;True;2000;1;0.05;0;0;0;0;0;131.32315230369568;0.8696451187133789;42382.597300064444;37828.29787838486;2554.299138365517;2000.0299999999993;[214.89, 207.89, 214.89, 214.89, 172.6, 214.89, 204.89, 167.6, 172.6, 214.89];47.28999999999999;[6, 5, 4, 4, 3, 3, 4, 2, 4, 6];4;41;False
10;40;10;6;True;2000;1;0.05;0;0;0;0;0;109.86642074584961;0.8752543926239014;47652.93865547493;43291.07882259346;2613.2144247943884;1748.6000000000004;[176.86, 156.86, 176.86, 176.86, 176.86, 176.86, 176.86, 176.86, 176.86, 176.86];20.0;[2, 3, 3, 5, 4, 7, 4, 6, 4, 5];5;43;False
10;50;10;1;True;2000;1;0.05;0;0;0;0;0;221.40450143814087;1.4065139293670654;60872.98867700105;54984.56111213573;3098.4416882172563;2789.9999999999995;[333.6, 256.6, 242.6, 235.6, 333.6, 287.6, 287.6, 301.6, 262.6, 248.6];98.00000000000003;[9, 5, 5, 2, 10, 6, 4, 2, 6, 5];8;54;False
10;50;10;2;True;2000;1;0.05;0;0;0;0;0;170.67299437522888;1.1802244186401367;56040.610388914705;50479.8876000103;3196.2133032375814;2364.55;[255.37, 258.37, 257.37, 258.37, 169.13, 258.37, 210.7, 258.37, 180.13, 258.37];89.24000000000001;[3, 3, 2, 9, 4, 9, 4, 8, 3, 6];7;51;False
10;50;10;3;True;2000;1;0.05;0;0;0;0;0;179.69241905212402;1.3786401748657227;56099.15980086608;50543.45719122974;3043.129386600489;2512.56;[209.22, 255.24, 267.11, 267.11, 267.11, 217.22, 267.11, 228.22, 267.11, 267.11];57.890000000000015;[3, 7, 4, 3, 6, 5, 7, 3, 6, 9];6;53;False
10;50;10;4;True;2000;1;0.05;0;0;0;0;0;178.3773500919342;1.1982481479644775;56108.19468941663;50824.19415912122;2824.055194089624;2459.9;[214.09, 271.09, 271.09, 223.09, 271.09, 214.09, 271.09, 255.09, 198.09, 271.09];72.99999999999997;[5, 8, 5, 4, 2, 6, 4, 5, 4, 8];6;51;False
10;50;10;5;True;2000;1;0.05;0;0;0;0;0;182.8885657787323;1.300940990447998;58321.976783286766;52477.358183311386;3536.9680977805147;2307.6800000000003;[267.3, 225.3, 205.3, 267.3, 218.3, 231.3, 267.3, 181.98, 202.3, 241.3];85.32000000000002;[6, 7, 6, 4, 4, 5, 7, 3, 5, 7];4;54;False
10;50;10;6;True;2000;1;0.05;0;0;0;0;0;165.94531989097595;1.3277063369750977;58990.057440404074;53795.083590671944;2867.931968035104;2327.0;[193.49, 192.49, 245.58, 245.58, 245.58, 245.58, 245.58, 245.58, 245.58, 221.96];53.09;[3, 3, 5, 7, 6, 6, 5, 7, 3, 7];4;52;False
10;60;10;1;True;2000;1;0.05;0;0;0;0;0;199.5013725757599;1.8476524353027344;72607.67770678365;66204.85792304117;3790.3379670149384;2612.5000000000005;[264.15, 264.15, 235.15, 264.15, 264.15, 264.15, 264.15, 264.15, 264.15, 264.15];28.99999999999997;[8, 5, 4, 3, 11, 7, 5, 7, 7, 8];8;65;False
10;60;10;2;True;2000;1;0.05;0;0;0;0;0;199.70510268211365;1.6131882667541504;66878.79552559847;60564.49530673034;3785.0622422010783;2529.1999999999994;[243.12, 270.12, 196.12, 270.12, 257.12, 270.12, 270.12, 212.12, 270.12, 270.12];74.0;[6, 4, 3, 8, 7, 10, 7, 5, 5, 6];7;61;False
10;60;10;3;True;2000;1;0.05;0;0;0;0;0;253.65380597114563;1.6627299785614014;67322.24443248595;61012.69686025983;3616.2622505853356;2693.2999999999997;[348.87, 276.87, 257.87, 300.87, 298.87, 211.47, 218.87, 232.87, 284.87, 261.87];137.4;[6, 6, 4, 5, 9, 4, 7, 6, 5, 10];6;62;False
10;60;10;4;True;2000;1;0.05;0;0;0;0;0;180.33336424827576;1.5830810070037842;68260.15742951486;62358.744168154684;3521.7741346680114;2379.6;[238.96, 239.96, 239.96, 239.96, 239.96, 234.96, 239.96, 239.96, 225.96, 239.96];14.0;[6, 6, 6, 6, 4, 8, 6, 10, 4, 5];6;61;False
10;60;10;5;True;2000;1;0.05;0;0;0;0;0;194.96106266975403;1.630645751953125;66709.94804148635;60425.98173990855;3861.1310104070562;2422.8199999999997;[256.06, 256.06, 206.17, 256.06, 225.06, 256.06, 247.06, 215.17, 256.06, 249.06];49.890000000000015;[5, 10, 7, 7, 4, 6, 6, 5, 4, 8];6;62;False
10;60;10;6;True;2000;1;0.05;0;0;0;0;0;181.80783653259277;1.599012851715088;70987.06457208008;65269.86149931386;3311.6057922077966;2405.6000000000004;[245.26, 211.26, 245.26, 245.26, 245.26, 245.26, 232.26, 245.26, 245.26, 245.26];34.0;[4, 4, 4, 9, 9, 6, 3, 7, 7, 8];6;61;False
10;70;10;1;True;2000;1;0.05;0;0;0;0;0;268.559853553772;2.121332883834839;86912.91420317748;79366.16397865168;4496.958671545206;3049.7999999999997;[271.96, 258.96, 303.56, 317.56, 326.56, 326.56, 290.96, 326.56, 319.56, 307.56];67.60000000000002;[8, 5, 11, 4, 13, 5, 7, 9, 10, 4];9;76;False
10;70;10;2;True;2000;1;0.05;0;0;0;0;0;202.8917112350464;2.0951361656188965;77908.12642431095;71276.13398683287;4241.756942043934;2390.2;[244.22, 244.22, 244.22, 244.22, 244.22, 244.22, 229.22, 208.22, 243.22, 244.22];36.0;[6, 6, 4, 12, 7, 10, 8, 6, 6, 6];8;71;False
10;70;10;3;True;2000;1;0.05;0;0;0;0;0;327.8721139431;2.192957878112793;79515.73628988693;71992.93556815549;4159.263866737832;3363.54;[291.46, 377.46, 318.46, 319.46, 338.46, 267.4, 352.46, 411.46, 338.46, 348.46];144.06;[5, 7, 8, 8, 6, 6, 9, 9, 6, 8];4;72;False
10;70;10;4;True;2000;1;0.05;0;0;0;0;0;252.55235075950623;1.933046579360962;83275.61074128795;75792.54020704626;4632.116741946362;2850.96;[250.62, 315.59, 255.59, 274.59, 315.59, 315.59, 315.59, 259.59, 232.62, 315.59];82.96999999999997;[8, 11, 8, 6, 4, 8, 8, 7, 5, 6];7;71;False
10;70;10;5;True;2000;1;0.05;0;0;0;0;0;299.2266936302185;2.0872962474823;81648.90652672402;74005.24176275902;4631.354978906733;3012.32;[364.4, 347.4, 231.56, 371.4, 290.4, 301.4, 324.4, 257.4, 235.56, 288.4];139.83999999999997;[7, 10, 7, 10, 5, 5, 7, 5, 8, 10];5;74;False
10;70;10;6;True;2000;1;0.05;0;0;0;0;0;212.77230310440063;2.0664525032043457;83375.66890303623;76595.85541905569;4170.046698663523;2609.8000000000006;[261.38, 257.38, 261.38, 261.38, 261.38, 261.38, 261.38, 261.38, 261.38, 261.38];4.0;[4, 4, 6, 8, 8, 9, 5, 7, 11, 8];7;70;True
10;80;10;1;True;2000;1;0.05;0;0;0;0;0;298.5106613636017;3.1500723361968994;95305.42703674584;87333.23016717526;4701.116724430795;3271.1;[318.21, 320.21, 310.21, 330.21, 332.21, 331.21, 332.21, 332.21, 332.21, 332.21];22.0;[4, 6, 8, 5, 10, 10, 6, 13, 10, 10];9;82;False
10;80;10;2;True;2000;1;0.05;0;0;0;0;0;346.0306215286255;2.7317676544189453;94994.12985656032;86443.49570792353;5197.840163571631;3352.7999999999993;[305.78, 396.78, 352.78, 338.78, 322.78, 396.78, 290.78, 284.78, 278.78, 384.78];118.0;[8, 8, 6, 12, 5, 14, 11, 6, 7, 7];9;84;False
10;80;10;3;True;2000;1;0.05;0;0;0;0;0;310.0524296760559;2.5752527713775635;90244.13577252423;82117.1993683751;4837.738381612188;3289.2000000000007;[344.72, 301.72, 305.72, 329.72, 354.72, 323.72, 264.72, 354.72, 354.72, 354.72];90.0;[6, 7, 8, 8, 11, 7, 8, 7, 9, 10];5;81;False
10;80;10;4;True;2000;1;0.05;0;0;0;0;0;252.24222898483276;2.535334587097168;95995.58451206396;87869.66188670241;5352.363250999338;2773.5400000000004;[280.55, 280.55, 280.55, 271.55, 280.55, 280.55, 280.55, 280.55, 257.59, 280.55];22.960000000000036;[9, 9, 13, 6, 6, 9, 7, 12, 5, 6];8;82;False
10;80;10;5;True;2000;1;0.05;0;0;0;0;0;238.02543568611145;2.795766592025757;90319.55439130105;82672.05830397032;5003.674395749792;2643.7800000000007;[264.88, 264.88, 262.88, 264.88, 264.88, 264.88, 264.88, 261.86, 264.88, 264.88];3.019999999999982;[8, 11, 10, 9, 7, 9, 8, 4, 8, 7];7;81;False
10;80;10;6;True;2000;1;0.05;0;0;0;0;0;261.0524513721466;2.5029053688049316;101740.69027210095;93812.01965459622;5003.942065445896;2924.7000000000007;[293.47, 287.47, 293.47, 293.47, 293.47, 293.47, 289.47, 293.47, 293.47, 293.47];6.0;[6, 5, 12, 9, 11, 10, 10, 8, 7, 7];7;85;False
10;90;10;1;True;2000;1;0.05;0;0;0;0;0;321.615690946579;2.766979217529297;107949.18409706092;99329.62276769191;5277.495977257961;3342.1;[341.71, 316.71, 340.71, 341.71, 341.71, 341.71, 292.71, 341.71, 341.71, 341.71];49.0;[6, 7, 9, 5, 11, 11, 9, 14, 12, 8];9;92;False
10;90;10;2;True;2000;1;0.05;0;0;0;0;0;379.0171699523926;3.265932083129883;109347.11085167731;100063.79272781107;5865.059420775609;3418.26;[298.04, 365.96, 355.48, 401.63, 343.48, 340.48, 261.04, 313.04, 337.48, 401.63];140.58999999999997;[9, 7, 7, 13, 10, 12, 9, 9, 7, 11];6;94;False
10;90;10;3;True;2000;1;0.05;0;0;0;0;0;430.28617811203003;3.515155792236328;107598.54303353364;98021.25429910097;5706.477455701096;3870.7899999999995;[411.83, 341.66, 391.83, 350.66, 397.83, 357.66, 374.83, 373.83, 453.83, 416.83];112.16999999999996;[9, 6, 10, 12, 9, 9, 7, 8, 11, 13];7;94;False
10;90;10;4;True;2000;1;0.05;0;0;0;0;0;285.6224699020386;3.072519063949585;107058.70365641032;98380.40554452047;5753.091853386896;2925.2;[293.52, 293.52, 289.52, 293.52, 293.52, 293.52, 293.52, 293.52, 287.52, 293.52];6.0;[15, 8, 6, 8, 7, 12, 10, 12, 5, 9];10;92;False
10;90;10;5;True;2000;1;0.05;0;0;0;0;0;274.9723410606384;2.8630266189575195;103812.00765480529;95464.45442634911;5490.539373374246;2856.9999999999995;[288.2, 288.2, 288.2, 288.2, 288.2, 288.2, 288.2, 265.2, 288.2, 286.2];23.0;[7, 12, 12, 13, 8, 10, 9, 8, 6, 6];7;91;False
10;90;10;6;True;2000;1;0.05;0;0;0;0;0;327.0823199748993;3.270247459411621;112035.6967327579;103285.20011435874;5384.470237041;3366.0000000000005;[325.9, 319.9, 341.9, 341.9, 341.9, 341.9, 341.9, 341.9, 341.9, 326.9];22.0;[7, 4, 15, 10, 9, 6, 9, 10, 11, 11];11;92;False
10;100;10;1;True;2000;1;0.05;0;0;0;0;0;396.9844853878021;3.8863565921783447;121022.42551708895;111416.99961458606;5939.538575229841;3665.8599999999997;[373.06, 348.19, 360.06, 361.06, 375.06, 367.06, 346.19, 357.06, 389.06, 389.06];42.870000000000005;[8, 10, 12, 7, 17, 7, 5, 9, 12, 15];12;102;False
10;100;10;2;True;2000;1;0.05;0;0;0;0;0;362.0704710483551;3.7755277156829834;117857.54871191065;107942.49092012277;6426.912834150293;3488.1000000000004;[356.51, 356.51, 356.51, 336.51, 356.51, 356.51, 333.51, 354.51, 324.51, 356.51];32.0;[8, 11, 8, 10, 12, 13, 9, 8, 9, 12];5;100;True
10;100;10;3;True;2000;1;0.05;0;0;0;0;0;457.43955969810486;3.946547269821167;123248.94039208768;113154.23694756634;6325.24270040161;3769.499999999999;[370.95, 440.95, 428.95, 370.95, 364.95, 330.95, 309.95, 376.95, 401.95, 372.95];131.0;[8, 13, 14, 8, 12, 7, 9, 8, 10, 16];9;105;False
10;100;10;4;True;2000;1;0.05;0;0;0;0;0;376.23453426361084;3.9688894748687744;122405.92081549564;112492.65984492876;6462.80107347957;3450.5000000000005;[316.15, 362.15, 280.15, 360.15, 355.15, 362.15, 362.15, 362.15, 328.15, 362.15];82.0;[14, 10, 8, 9, 8, 13, 12, 11, 8, 10];6;103;False
10;100;10;5;True;2000;1;0.05;0;0;0;0;0;347.177344083786;4.00418758392334;119322.50159809763;109798.60702665169;6330.317861870967;3193.56;[331.94, 331.94, 331.94, 331.94, 304.94, 292.94, 331.94, 283.1, 326.94, 325.94];48.839999999999975;[10, 14, 13, 11, 7, 9, 10, 7, 10, 12];7;103;False
10;100;10;6;True;2000;1;0.05;0;0;0;0;0;323.67465567588806;3.58603572845459;124627.93030773378;115539.71270554478;5979.568227688691;3108.6;[312.06, 300.06, 312.06, 312.06, 312.06, 312.06, 312.06, 312.06, 312.06, 312.06];12.0;[4, 6, 13, 9, 11, 12, 15, 9, 12, 11];11;102;False
10;10;10;1;True;2000;1;0.1;0;0;0;0;0;37.776463985443115;0.12195110321044922;11729.158111103225;10162.64549765928;717.1176903817487;849.3500000000001;[88.1, 90.1, 47.45, 90.1, 90.1, 90.1, 90.1, 90.1, 90.1, 83.1];42.64999999999999;[2, 1, 3, 2, 3, 1];2;12;False
10;10;10;2;True;2000;1;0.1;0;0;0;0;0;69.05867671966553;0.09607815742492676;12272.727903196543;10769.520089375057;470.87659277942714;1032.3;[54.43, 122.43, 88.43, 104.43, 64.43, 172.43, 132.43, 42.43, 78.43, 172.43];130.0;[1, 3, 1, 3, 2, 1];2;11;False
10;10;10;3;True;2000;1;0.1;0;0;0;0;0;46.2515869140625;0.12598085403442383;12425.390619537546;10795.27971032319;654.9394265379294;975.1999999999999;[84.0, 95.0, 112.0, 75.08, 112.0, 49.12, 112.0, 112.0, 112.0, 112.0];62.88;[1, 1, 1, 2, 1, 1, 1, 1, 3];2;12;False
10;10;10;4;True;2000;1;0.1;0;0;0;0;0;37.126795053482056;0.09812498092651367;11023.30021010842;9560.342484027296;642.2679342943795;820.7299999999999;[62.29, 90.29, 39.12, 90.29, 90.29, 90.29, 90.29, 90.29, 87.29, 90.29];51.17000000000001;[1, 2, 1, 3, 1, 1, 2];2;11;False
10;10;10;5;True;2000;1;0.1;0;0;0;0;0;76.02810502052307;0.12382149696350098;11760.441230158473;10231.323713892612;587.2889767695349;941.8000000000002;[61.58, 89.58, 59.58, 182.58, 28.58, 167.58, 139.58, 54.58, 80.58, 77.58];154.0;[1, 2, 1, 4, 3, 2];3;13;False
10;10;10;6;True;2000;1;0.1;0;0;0;0;0;39.89936089515686;0.15170049667358398;11149.377411183876;9769.734407784015;518.0628935417853;861.6;[86.86, 39.86, 91.86, 91.86, 91.86, 91.86, 91.86, 91.86, 91.86, 91.86];52.0;[1, 1, 1, 2, 1, 2, 1, 3];2;12;False
10;20;10;1;True;2000;1;0.1;0;0;0;0;0;60.36464285850525;0.2864079475402832;23662.276268265294;21020.754835915577;1431.6129739383823;1209.8999999999999;[124.99, 124.99, 114.99, 94.99, 124.99, 124.99, 124.99, 124.99, 124.99, 124.99];30.0;[2, 2, 2, 5, 2, 1, 1, 4, 2];4;21;False
10;20;10;2;True;2000;1;0.1;0;0;0;0;0;97.89983367919922;0.23990345001220703;22679.315531484426;19918.10711855782;1257.2989101973262;1503.8999999999999;[133.05, 149.05, 109.05, 173.05, 194.75, 180.05, 133.05, 96.05, 125.05, 210.75];114.7;[1, 3, 2, 3, 3, 2, 2, 1, 4];3;21;False
10;20;10;3;True;2000;1;0.1;0;0;0;0;0;71.40571618080139;0.24740052223205566;20375.310977894103;17925.471115495748;1134.0146648605282;1315.8;[125.48, 109.48, 151.48, 151.48, 151.48, 82.48, 89.48, 151.48, 151.48, 151.48];68.99999999999999;[3, 3, 1, 4, 2, 1, 1, 2, 3];3;20;True
10;20;10;4;True;2000;1;0.1;0;0;0;0;0;99.80770587921143;0.3082091808319092;24493.45881904853;21623.170220078133;1245.0939241439714;1625.2399999999998;[116.76, 212.09, 98.76, 148.09, 156.09, 154.09, 198.09, 180.09, 186.09, 175.09];113.33;[6, 3, 2, 1, 3, 2, 2, 2, 2];5;23;False
10;20;10;5;True;2000;1;0.1;0;0;0;0;0;179.74959301948547;0.4002683162689209;30538.14969684772;26754.761051172638;1842.5344016303773;1940.8299999999997;[159.61, 172.58, 117.58, 180.58, 150.58, 366.58, 182.58, 366.58, 115.58, 128.58];251.0;[2, 2, 3, 4, 1, 7, 2, 3, 3, 2];6;29;False
10;20;10;6;True;2000;1;0.1;0;0;0;0;0;48.27008843421936;0.2896575927734375;20123.26575645872;18122.437373870445;1011.041851001166;989.78;[101.37, 82.4, 101.37, 101.37, 101.37, 101.37, 101.37, 101.37, 101.37, 96.42];18.97;[1, 1, 2, 3, 4, 2, 2, 1, 4];3;20;True
10;30;10;1;True;2000;1;0.1;0;0;0;0;0;113.8437123298645;0.5855176448822021;37188.843434235256;33010.45028690411;2221.56284161426;1956.86;[210.23, 156.48, 149.48, 208.23, 210.23, 205.23, 210.23, 186.29, 210.23, 210.23];60.75;[2, 2, 4, 6, 2, 5, 3, 6, 5];4;35;False
10;30;10;2;True;2000;1;0.1;0;0;0;0;0;129.7068977355957;0.5216436386108398;33328.37385437311;29466.314083921265;2050.068628322692;1811.9799999999998;[191.28, 205.28, 165.28, 146.28, 209.28, 241.28, 190.28, 111.87, 125.87, 225.28];129.41;[2, 4, 1, 4, 4, 5, 1, 4, 2, 5];4;32;False
10;30;10;3;True;2000;1;0.1;0;0;0;0;0;140.4712975025177;0.6976382732391357;37936.623026533;33581.57105737261;2266.5464684005037;2088.48;[176.74, 181.74, 250.83, 191.74, 223.83, 159.74, 209.6, 216.6, 250.83, 226.83];91.09;[2, 3, 9, 2, 4, 3, 5, 2, 3, 4];7;37;False
10;30;10;4;True;2000;1;0.1;0;0;0;0;0;122.62398982048035;0.7385532855987549;41189.83222720893;37150.618207893735;2039.9663155238543;1999.2400000000002;[158.44, 217.42, 151.44, 191.42, 217.42, 217.42, 217.42, 198.42, 212.42, 217.42];65.97999999999999;[3, 3, 3, 3, 2, 7, 6, 1, 3, 6];6;37;False
10;30;10;5;True;2000;1;0.1;0;0;0;0;0;129.12159252166748;0.5223171710968018;35525.112989486755;31743.304840005057;1989.4187279418877;1792.3999999999996;[187.64, 132.04, 168.64, 239.64, 133.04, 239.64, 235.64, 154.04, 137.04, 165.04];107.6;[1, 3, 5, 4, 1, 5, 5, 2, 3, 4];4;33;False
10;30;10;6;True;2000;1;0.1;0;0;0;0;0;273.9551486968994;0.6120355129241943;44784.465876832925;40099.015461678406;2138.3786059157637;2547.1;[263.81, 123.81, 499.81, 247.81, 164.81, 190.81, 214.81, 499.81, 194.81, 146.81];376.0;[1, 3, 7, 4, 5, 3, 2, 8, 4, 3];7;40;False
10;40;10;1;True;2000;1;0.1;0;0;0;0;0;360.96350169181824;0.9831480979919434;59248.22146665909;53161.41647287348;3086.7820082736976;2999.9999999999995;[408.6, 426.6, 577.6, 216.6, 254.6, 220.6, 226.6, 240.6, 233.6, 194.6];383.0;[8, 6, 11, 1, 6, 4, 1, 3, 8, 4];10;52;False
10;40;10;2;True;2000;1;0.1;0;0;0;0;0;231.0280203819275;0.9377732276916504;51590.636935732604;46337.84439710183;2859.237668856964;2393.5699999999997;[144.49, 382.58, 209.49, 205.84, 224.84, 382.58, 218.84, 187.84, 157.49, 279.58];238.08999999999997;[2, 7, 3, 7, 3, 7, 3, 5, 3, 7];5;47;False
10;40;10;3;True;2000;1;0.1;0;0;0;0;0;129.59707903862;0.8213379383087158;42189.793993863525;37848.1769877618;2282.024902824127;2059.6099999999997;[170.23, 200.82, 215.82, 215.82, 215.82, 197.82, 195.82, 215.82, 215.82, 215.82];45.59;[2, 2, 3, 2, 5, 3, 6, 8, 4, 5];6;40;True
10;40;10;4;True;2000;1;0.1;0;0;0;0;0;127.62961292266846;0.9659380912780762;46076.08766329774;41598.048307442325;2443.113933025963;2034.8999999999996;[177.09, 209.09, 209.09, 209.09, 209.09, 198.09, 209.09, 209.09, 196.09, 209.09];32.0;[4, 4, 3, 3, 5, 6, 6, 3, 4, 5];3;43;False
10;40;10;5;True;2000;1;0.1;0;0;0;0;0;139.58408451080322;0.9547052383422852;44348.30891542059;39559.36708624682;2689.2056650713566;2099.7599999999998;[225.35, 225.35, 215.35, 225.35, 196.77, 225.35, 225.35, 161.77, 173.77, 225.35];63.579999999999984;[6, 6, 5, 4, 4, 3, 4, 2, 4, 5];4;43;False
10;40;10;6;True;2000;1;0.1;0;0;0;0;0;125.70808982849121;0.872234582901001;45271.6651035708;41008.22018358012;2292.265727093618;1971.1999999999996;[189.82, 143.82, 208.82, 208.82, 208.82, 208.82, 208.82, 208.82, 208.82, 175.82];65.0;[2, 3, 2, 5, 5, 5, 5, 5, 4, 5];3;41;False
10;50;10;1;True;2000;1;0.1;0;0;0;0;0;170.84622716903687;1.1993746757507324;57535.86712428034;52114.19944886292;2958.188742553902;2463.5;[257.75, 220.75, 237.75, 233.75, 257.75, 236.75, 245.75, 257.75, 257.75, 257.75];37.0;[8, 5, 4, 2, 9, 5, 6, 2, 5, 6];7;52;False
10;50;10;2;True;2000;1;0.1;0;0;0;0;0;155.28813862800598;1.3384246826171875;60233.36770540704;54692.47055149792;3358.2670664102593;2182.6000000000004;[228.66, 228.66, 228.66, 228.66, 228.66, 228.66, 211.66, 185.66, 184.66, 228.66];44.0;[3, 5, 5, 8, 4, 9, 6, 5, 3, 6];6;54;False
10;50;10;3;True;2000;1;0.1;0;0;0;0;0;160.31215047836304;1.3497507572174072;56291.92265037278;50925.31545480714;3065.907934125783;2300.7000000000003;[219.27, 231.27, 231.27, 231.27, 231.27, 231.27, 231.27, 231.27, 231.27, 231.27];12.0;[3, 7, 4, 4, 6, 5, 6, 5, 6, 7];4;53;False
10;50;10;4;True;2000;1;0.1;0;0;0;0;0;152.429612159729;1.3104684352874756;56331.99674790225;51130.58755969448;2968.024390015728;2233.3999999999996;[214.8, 226.0, 226.0, 226.0, 226.0, 217.8, 226.0, 226.0, 218.8, 226.0];11.199999999999989;[6, 7, 4, 3, 5, 6, 5, 6, 5, 5];4;52;False
10;50;10;5;True;2000;1;0.1;0;0;0;0;0;157.75720047950745;1.340961217880249;57288.02789374303;51735.891529736786;3434.59008775334;2117.4999999999995;[223.85, 220.85, 203.85, 223.85, 175.85, 223.85, 223.85, 173.85, 223.85, 223.85];50.0;[5, 7, 5, 6, 5, 6, 6, 3, 6, 5];4;54;False
10;50;10;6;True;2000;1;0.1;0;0;0;0;0;144.19268321990967;1.1850478649139404;56697.28203286385;51789.97883594466;2889.13355399805;2018.2;[172.22, 156.22, 212.22, 212.22, 212.22, 212.22, 212.22, 212.22, 204.22, 212.22];56.0;[3, 3, 6, 5, 6, 6, 3, 6, 4, 9];6;51;False
10;60;10;1;True;2000;1;0.1;0;0;0;0;0;310.2197880744934;1.8187620639801025;76661.50240929118;69652.18541471381;3962.5526152546995;3046.7999999999997;[416.08, 262.08, 303.08, 257.08, 411.08, 270.08, 280.08, 314.08, 274.08, 259.08];159.0;[9, 6, 10, 3, 11, 7, 6, 6, 6, 3];8;67;False
10;60;10;2;True;2000;1;0.1;0;0;0;0;0;181.71943020820618;1.537104606628418;67990.31234536883;61761.00739305322;3895.0669756485527;2334.1999999999994;[241.12, 241.12, 241.12, 241.12, 241.12, 241.12, 241.12, 195.12, 210.12, 241.12];46.0;[6, 6, 2, 8, 9, 11, 6, 6, 3, 5];9;62;False
10;60;10;3;True;2000;1;0.1;0;0;0;0;0;234.17540788650513;1.7489173412322998;70196.85525321029;63654.70200737429;3707.8549485343146;2834.29;[304.39, 263.39, 260.39, 302.39, 309.28, 279.39, 264.39, 229.11, 309.28, 312.28];83.16999999999996;[5, 5, 7, 5, 9, 4, 7, 7, 6, 10];6;65;False
10;60;10;4;True;2000;1;0.1;0;0;0;0;0;190.68074941635132;1.4860310554504395;67893.80104516596;61961.661172009095;3436.9731589141447;2495.14;[241.25, 261.25, 230.25, 261.25, 261.25, 244.25, 261.25, 261.25, 211.89, 261.25];49.360000000000014;[7, 5, 6, 5, 7, 7, 6, 7, 4, 6];3;60;True
10;60;10;5;True;2000;1;0.1;0;0;0;0;0;245.02227592468262;1.8413381576538086;73070.97827623936;66178.48226158481;4154.95047051805;2737.4999999999995;[314.45, 314.45, 217.45, 314.45, 265.45, 314.45, 314.45, 204.45, 246.45, 231.45];110.0;[4, 10, 8, 10, 7, 5, 8, 4, 5, 6];6;67;False
10;60;10;6;True;2000;1;0.1;0;0;0;0;0;213.72712326049805;1.7663536071777344;74968.17686112983;68811.11400749735;3448.994395248617;2708.1;[283.41, 255.41, 283.41, 283.41, 283.41, 274.41, 236.41, 283.41, 267.41, 257.41];47.00000000000003;[5, 4, 6, 7, 8, 8, 3, 8, 7, 8];5;64;False
10;70;10;1;True;2000;1;0.1;0;0;0;0;0;258.49355483055115;2.083311080932617;84136.94823074246;76671.23950412172;4440.026322835861;3025.7000000000007;[316.47, 268.47, 316.47, 311.47, 316.47, 316.47, 278.47, 316.47, 316.47, 268.47];48.0;[12, 3, 6, 5, 10, 5, 5, 8, 13, 6];10;73;False
10;70;10;2;True;2000;1;0.1;0;0;0;0;0;245.2487781047821;2.4262936115264893;84398.34760272432;77129.33610013418;4517.158545578594;2751.8700000000003;[290.49, 290.49, 290.49, 290.49, 279.49, 290.49, 289.49, 223.02, 247.21, 260.21];67.47;[6, 6, 7, 8, 10, 11, 7, 7, 6, 7];5;75;False
10;70;10;3;True;2000;1;0.1;0;0;0;0;0;350.90953612327576;2.4583685398101807;90388.79240345291;82066.37500970498;4808.155428792695;3514.28;[326.32, 306.08, 330.32, 340.18, 350.18, 284.08, 366.18, 430.88, 349.18, 430.88];146.8;[4, 9, 6, 8, 9, 8, 10, 9, 7, 9];6;79;False
10;70;10;4;True;2000;1;0.1;0;0;0;0;0;226.51877212524414;2.1203513145446777;85435.70222953729;78052.76396052039;4642.017734862761;2740.8999999999996;[279.49, 279.49, 279.49, 279.49, 279.49, 251.49, 279.49, 276.49, 256.49, 279.49];28.0;[7, 11, 5, 8, 4, 9, 8, 10, 5, 6];7;73;False
10;70;10;5;True;2000;1;0.1;0;0;0;0;0;354.4916727542877;2.1585984230041504;88250.06614936228;80588.9126532228;4648.121213340162;3012.9999999999995;[359.7, 308.7, 225.7, 388.7, 302.7, 237.7, 430.7, 273.7, 220.7, 264.7];210.0;[6, 9, 7, 13, 7, 5, 10, 4, 8, 9];9;78;False
10;70;10;6;True;2000;1;0.1;0;0;0;0;0;219.78126907348633;2.145385980606079;86240.12128730444;79172.99304431943;4397.361457668002;2669.8000000000006;[267.38, 263.38, 267.38, 267.38, 267.38, 267.38, 267.38, 267.38, 267.38, 267.38];4.0;[5, 4, 6, 8, 9, 10, 6, 6, 11, 8];7;73;False
10;80;10;1;True;2000;1;0.1;0;0;0;0;0;285.7401542663574;2.9812304973602295;103089.13744653684;94942.10559744915;5037.393010101817;3109.6;[315.96, 297.96, 285.96, 313.96, 315.96, 315.96, 315.96, 315.96, 315.96, 315.96];30.0;[4, 6, 9, 6, 13, 11, 7, 12, 11, 9];9;88;False
10;80;10;2;True;2000;1;0.1;0;0;0;0;0;312.8837773799896;2.8080992698669434;94908.94878492295;86398.93237143752;5231.804920319804;3278.2;[319.02, 356.02, 356.02, 344.02, 303.02, 356.02, 333.02, 275.02, 291.02, 345.02];81.0;[8, 9, 7, 12, 8, 12, 8, 7, 6, 7];6;84;False
10;80;10;3;True;2000;1;0.1;0;0;0;0;0;354.3154675960541;3.3079824447631836;98596.2619898367;89753.4583219644;5298.035540901528;3544.7799999999993;[395.7, 305.96, 311.96, 353.7, 361.7, 355.7, 326.96, 362.7, 374.7, 395.7];89.74000000000001;[8, 8, 8, 9, 12, 8, 8, 6, 8, 13];7;88;False
10;80;10;4;True;2000;1;0.1;0;0;0;0;0;312.0813241004944;2.911285877227783;100367.5019347508;91689.61328181127;5577.091448440318;3100.8099999999995;[286.74, 346.81, 289.81, 346.81, 346.81, 303.81, 289.81, 320.81, 280.66, 288.74];66.14999999999998;[9, 12, 9, 9, 10, 10, 8, 7, 4, 8];8;86;False
10;80;10;5;True;2000;1;0.1;0;0;0;0;0;291.0966866016388;2.7749054431915283;95956.70407346026;87541.8476092275;5306.092413444364;3108.7300000000005;[326.51, 326.51, 275.14, 326.51, 306.51, 326.51, 299.51, 290.51, 304.51, 326.51];51.370000000000005;[6, 11, 11, 11, 7, 9, 9, 4, 8, 9];7;85;False
10;80;10;6;True;2000;1;0.1;0;0;0;0;0;422.81793308258057;3.1270744800567627;110373.85290190438;101308.28824890865;5481.0022084488855;3584.52;[386.63, 290.37, 342.63, 470.63, 351.63, 309.37, 316.63, 336.63, 470.63, 309.37];180.26;[7, 5, 13, 14, 10, 7, 7, 7, 12, 9];9;91;False
10;90;10;1;True;2000;1;0.1;0;0;0;0;0;291.84004640579224;3.019160509109497;109765.06702852606;101307.7682868727;5464.889853881499;2992.4;[300.04, 300.04, 292.04, 300.04, 300.04, 300.04, 300.04, 300.04, 300.04, 300.04];8.0;[6, 6, 9, 7, 10, 11, 13, 13, 11, 8];7;94;False
10;90;10;2;True;2000;1;0.1;0;0;0;0;0;341.7506287097931;3.6299827098846436;110791.68372140004;101548.87938902855;5970.333177224364;3272.5000000000005;[265.12, 351.82, 335.82, 336.82, 350.82, 351.82, 327.82, 301.82, 298.82, 351.82];86.69999999999999;[7, 10, 9, 11, 9, 12, 11, 9, 7, 10];5;95;False
10;90;10;3;True;2000;1;0.1;0;0;0;0;0;772.3480448722839;3.4415576457977295;123709.7791131095;112514.98090380494;6247.570496744595;4947.24;[629.35, 619.42, 608.71, 371.96, 412.96, 346.96, 363.96, 385.96, 390.96, 817.0];470.04;[10, 14, 13, 7, 10, 7, 9, 8, 11, 16];9;105;False
10;90;10;4;True;2000;1;0.1;0;0;0;0;0;394.39361357688904;3.5995569229125977;116295.28796715324;106746.80940822345;6044.816519958633;3503.6600000000008;[300.97, 396.97, 316.97, 278.95, 366.97, 382.97, 401.97, 401.97, 286.95, 368.97];123.02000000000004;[10, 9, 9, 4, 7, 7, 14, 18, 9, 11];14;98;False
10;90;10;5;True;2000;1;0.1;0;0;0;0;0;300.7796673774719;3.4701809883117676;107638.04833305287;98862.71634587891;5718.752106136539;3056.600000000001;[308.36, 308.36, 308.36, 308.36, 308.36, 308.36, 308.36, 297.36, 292.36, 308.36];16.0;[7, 11, 11, 14, 9, 10, 10, 8, 7, 7];7;94;False
10;90;10;6;True;2000;1;0.1;0;0;0;0;0;298.63175916671753;3.5450897216796875;114101.56317449304;105543.2590575694;5514.503715335322;3043.8000000000006;[304.38, 304.38, 304.38, 304.38, 304.38, 304.38, 304.38, 304.38, 304.38, 304.38];0.0;[7, 6, 12, 13, 12, 8, 9, 8, 10, 9];7;94;False
10;100;10;1;True;2000;1;0.1;0;0;0;0;0;378.6466190814972;4.119487285614014;125130.79192204683;115432.91029088374;6124.784939205987;3573.1000000000004;[362.51, 362.51, 362.51, 359.51, 362.51, 362.51, 344.51, 362.51, 355.51, 338.51];24.0;[11, 14, 11, 5, 15, 9, 5, 12, 11, 12];10;105;False
10;100;10;2;True;2000;1;0.1;0;0;0;0;0;405.6985967159271;4.095898866653442;125615.67575753867;115255.8368760596;6866.843102003048;3493.000000000001;[338.05, 383.05, 357.05, 329.05, 281.8, 383.05, 383.05, 347.05, 307.8, 383.05];101.25;[8, 9, 8, 13, 8, 16, 15, 11, 8, 10];8;106;False
10;100;10;3;True;2000;1;0.1;0;0;0;0;0;423.6563391685486;3.773113965988159;117347.38431283167;107559.45814190111;5861.418699356332;3926.4900000000002;[404.96, 400.96, 417.96, 338.85, 417.96, 375.96, 363.96, 387.96, 414.96, 402.96];79.10999999999996;[10, 10, 14, 7, 11, 8, 9, 8, 9, 14];7;100;True
10;100;10;4;True;2000;1;0.1;0;0;0;0;0;365.0708382129669;3.59085750579834;120463.28578203054;110788.94075122359;6328.701964878691;3345.6200000000003;[302.79, 355.3, 355.3, 325.79, 355.3, 355.3, 353.3, 310.79, 298.96, 332.79];56.34000000000003;[10, 10, 11, 7, 10, 10, 11, 16, 8, 8];9;101;False
10;100;10;5;True;2000;1;0.1;0;0;0;0;0;427.0731794834137;3.7778425216674805;123701.39380836397;113801.73710749269;6414.26109451182;3485.3900000000003;[392.47, 318.47, 323.47, 414.47, 337.47, 291.47, 414.47, 282.16, 379.47, 331.47];132.31;[6, 13, 13, 16, 8, 8, 14, 9, 11, 8];10;106;False
10;100;10;6;True;2000;1;0.1;0;0;0;0;0;412.8000657558441;4.1880059242248535;128103.73538925475;118092.74826410724;6220.606288462235;3790.419999999999;[401.2, 321.62, 401.2, 387.2, 401.2, 401.2, 375.2, 401.2, 358.2, 342.2];79.57999999999998;[5, 10, 12, 12, 12, 11, 9, 10, 14, 9];9;104;False
10;10;10;1;True;2000;1;0.15;0;0;0;0;0;41.475975036621094;0.1470346450805664;12556.983627386948;11028.85562250633;691.115690568902;837.0200000000001;[79.86, 94.86, 45.28, 88.86, 94.86, 91.86, 94.86, 94.86, 94.86, 56.86];49.58;[1, 3, 1, 2, 2, 2, 1];2;12;False
10;10;10;2;True;2000;1;0.15;0;0;0;0;0;75.58682703971863;0.17036747932434082;16523.650120268107;14605.965132339054;796.1868388703017;1121.5;[51.26, 178.91, 104.9, 110.9, 65.26, 178.91, 129.9, 40.65, 91.9, 168.91];138.26;[4, 3, 1, 4, 3, 1];3;16;False
10;10;10;3;True;2000;1;0.15;0;0;0;0;0;36.738852739334106;0.09174466133117676;10490.826218142418;9190.517078430605;489.5384816731991;810.8;[76.38, 75.38, 89.38, 76.38, 89.38, 46.38, 89.38, 89.38, 89.38, 89.38];42.99999999999999;[1, 1, 2, 1, 1, 1, 1, 2];1;10;True
10;10;10;4;True;2000;1;0.15;0;0;0;0;0;47.903985023498535;0.09329342842102051;10586.935419581068;9052.900850126896;514.984217161308;1019.0599999999998;[60.66, 121.66, 39.12, 121.66, 113.66, 121.66, 121.66, 112.66, 84.66, 121.66];82.53999999999999;[2, 1, 3, 1, 1, 2];2;10;True
10;10;10;5;True;2000;1;0.15;0;0;0;0;0;107.094571352005;0.18347430229187012;17577.293220236315;15240.31428112317;1132.150399616822;1204.8;[73.58, 193.58, 59.58, 238.58, 28.58, 159.58, 238.58, 54.58, 80.58, 77.58];210.0;[1, 3, 1, 4, 2, 5, 2];4;18;False
10;10;10;6;True;2000;1;0.15;0;0;0;0;0;29.10568904876709;0.10280442237854004;10322.8511568998;9137.641658053115;510.98726700247215;674.1999999999998;[70.32, 41.32, 70.32, 70.32, 70.32, 70.32, 70.32, 70.32, 70.32, 70.32];28.999999999999993;[1, 1, 2, 2, 1, 1, 1, 2];1;11;False
10;20;10;1;True;2000;1;0.15;0;0;0;0;0;69.10384726524353;0.3381338119506836;24446.218514430817;21624.824764546636;1427.275712910617;1394.1000000000001;[143.21, 136.21, 143.21, 112.21, 143.21, 143.21, 143.21, 143.21, 143.21, 143.21];31.000000000000014;[3, 2, 1, 4, 3, 2, 2, 3, 2];3;22;False
10;20;10;2;True;2000;1;0.15;0;0;0;0;0;175.6360628604889;0.4862058162689209;34954.98404878923;30663.3994943347;1844.471311330993;2447.09;[264.36, 312.73, 200.73, 307.27, 342.27, 342.27, 141.73, 153.73, 130.73, 251.27];211.54;[1, 3, 2, 5, 6, 6, 2, 2, 1, 4];5;32;False
10;20;10;3;True;2000;1;0.15;0;0;0;0;0;72.13176083564758;0.2604098320007324;21592.8573491629;19115.492234239293;1136.5399173857807;1340.8;[126.48, 109.48, 155.48, 155.48, 155.48, 82.48, 89.48, 155.48, 155.48, 155.48];72.99999999999999;[3, 4, 1, 4, 2, 1, 1, 2, 3];3;21;False
10;20;10;4;True;2000;1;0.15;0;0;0;0;0;245.84968900680542;0.6471250057220459;45634.39376677282;40725.38576331022;2464.887776881874;2444.1;[245.91, 423.16, 124.91, 151.16, 441.16, 156.16, 310.16, 172.16, 246.16, 173.16];316.25;[2, 12, 3, 1, 9, 3, 4, 2, 2, 3];11;41;False
10;20;10;5;True;2000;1;0.15;0;0;0;0;0;80.42330002784729;0.29779720306396484;22691.82631517771;20186.226596261164;1202.2281064802585;1303.3300000000002;[79.14, 142.91, 106.91, 166.91, 129.91, 166.91, 166.91, 134.91, 104.91, 103.91];87.77;[2, 3, 2, 4, 1, 1, 4, 3, 2];3;22;False
10;20;10;6;True;2000;1;0.15;0;0;0;0;0;68.69990253448486;0.3493669033050537;25096.844531661754;22538.523807944155;1269.1858242843398;1289.15;[110.08, 88.41, 141.08, 141.08, 141.08, 141.08, 141.08, 141.08, 141.08, 103.1];52.670000000000016;[1, 3, 2, 1, 4, 3, 3, 2, 5];4;24;False
10;30;10;1;True;2000;1;0.15;0;0;0;0;0;119.60788035392761;0.6484436988830566;35798.93766270419;31626.556666676956;2150.210385949291;2022.1699999999996;[216.56, 207.56, 153.13, 186.56, 216.56, 209.56, 216.56, 182.56, 216.56, 216.56];63.43000000000001;[3, 4, 5, 8, 3, 3, 2, 4, 3];6;35;False
10;30;10;2;True;2000;1;0.15;0;0;0;0;0;222.50595378875732;0.6104600429534912;43119.893302084536;38005.90020329642;2718.7599073615766;2395.25;[308.46, 405.27, 273.46, 227.46, 279.27, 258.27, 184.46, 112.87, 128.46, 217.27];292.4;[4, 8, 1, 5, 3, 6, 1, 4, 2, 5];7;39;False
10;30;10;3;True;2000;1;0.15;0;0;0;0;0;96.4741952419281;0.6362810134887695;36231.281473873445;32571.570495710617;1933.327848981937;1726.4;[174.24, 174.24, 174.24, 174.24, 174.24, 158.24, 174.24, 174.24, 174.24, 174.24];16.0;[2, 2, 4, 1, 4, 3, 6, 4, 5, 3];5;34;False
10;30;10;4;True;2000;1;0.15;0;0;0;0;0;88.86020421981812;0.7634255886077881;37431.246682065124;34187.77335572666;1652.7623518308435;1590.7;[149.27, 163.27, 135.27, 163.27, 163.27, 163.27, 163.27, 163.27, 163.27, 163.27];28.0;[3, 5, 3, 2, 3, 4, 4, 2, 3, 5];3;34;False
10;30;10;5;True;2000;1;0.15;0;0;0;0;0;80.15568947792053;0.5258824825286865;31164.365945403293;27946.766329529913;1758.0310009496222;1459.5600000000002;[148.95, 148.95, 148.95, 148.95, 132.48, 148.95, 148.95, 148.95, 135.48, 148.95];16.47;[1, 3, 5, 3, 1, 3, 5, 3, 3, 4];4;31;False
10;30;10;6;True;2000;1;0.15;0;0;0;0;0;97.83876657485962;0.578833818435669;35158.86030370465;31722.391087454944;1797.2099972299152;1639.3000000000004;[126.93, 108.93, 178.93, 178.93, 178.93, 178.93, 178.93, 178.93, 178.93, 150.93];70.0;[2, 3, 3, 5, 5, 3, 2, 4, 4, 3];3;34;False
10;40;10;1;True;2000;1;0.15;0;0;0;0;0;148.0296950340271;1.002626657485962;47052.690571568906;42155.8102836596;2591.4337785924854;2305.4;[244.94, 217.94, 244.94, 209.94, 233.94, 240.94, 221.94, 244.94, 229.94, 215.94];35.0;[6, 4, 7, 1, 7, 4, 4, 2, 6, 2];6;43;False
10;40;10;2;True;2000;1;0.15;0;0;0;0;0;220.43484020233154;1.0149996280670166;52967.475338883094;47511.30672870681;3117.566771993122;2338.6400000000003;[172.1, 361.43, 175.43, 220.43, 235.43, 361.43, 219.43, 190.43, 159.1, 243.43];202.33;[3, 6, 2, 7, 4, 9, 4, 5, 4, 5];7;49;False
10;40;10;3;True;2000;1;0.15;0;0;0;0;0;154.70034861564636;1.1205029487609863;50968.119626909676;45668.50551200492;2902.510568634139;2397.0800000000004;[246.28, 246.28, 234.28, 234.28, 246.28, 204.56, 246.28, 246.28, 246.28, 246.28];41.72;[4, 5, 4, 3, 5, 4, 7, 8, 4, 4];5;48;False
10;40;10;4;True;2000;1;0.15;0;0;0;0;0;142.64169836044312;1.0839569568634033;50554.96454562171;45590.00165900851;2764.3901051961957;2200.62;[201.56, 232.56, 217.56, 232.56, 232.56, 190.58, 232.56, 195.56, 232.56, 232.56];41.97999999999999;[4, 5, 6, 5, 2, 5, 6, 2, 5, 7];5;47;False
10;40;10;5;True;2000;1;0.15;0;0;0;0;0;207.7257103919983;1.1059870719909668;55282.23469942755;49453.52564386191;3206.106129228775;2622.5699999999997;[319.2, 319.2, 279.2, 319.2, 232.2, 316.2, 319.2, 160.77, 167.2, 190.2];158.42999999999998;[5, 7, 5, 7, 3, 5, 9, 2, 4, 4];7;51;False
10;40;10;6;True;2000;1;0.15;0;0;0;0;0;117.75029873847961;0.9687395095825195;48310.333467149074;43998.73126267065;2424.4179246240096;1887.2000000000003;[189.42, 182.42, 189.42, 189.42, 189.42, 189.42, 189.42, 189.42, 189.42, 189.42];7.0;[3, 2, 4, 5, 4, 5, 4, 6, 3, 7];5;43;False
10;50;10;1;True;2000;1;0.15;0;0;0;0;0;174.755957365036;1.4488990306854248;66862.84415341551;60871.06999961744;3505.646193656971;2486.1;[250.71, 250.71, 229.71, 250.71, 250.71, 250.71, 250.71, 250.71, 250.71, 250.71];21.0;[10, 7, 5, 2, 11, 5, 7, 4, 5, 4];9;60;False
10;50;10;2;True;2000;1;0.15;0;0;0;0;0;158.5803027153015;1.3708133697509766;58461.49660841187;52760.59435892711;3519.6515258767186;2181.3000000000006;[228.13, 228.13, 228.13, 228.13, 166.13, 228.13, 228.13, 228.13, 190.13, 228.13];62.0;[4, 7, 3, 9, 4, 7, 6, 6, 3, 5];6;54;False
10;50;10;3;True;2000;1;0.15;0;0;0;0;0;291.8858687877655;1.4803037643432617;67530.67425193723;60675.19634389061;3672.3045900847956;3183.1800000000003;[287.0, 291.18, 303.41, 304.41, 425.21, 230.18, 288.18, 251.18, 377.22, 425.21];195.02999999999997;[3, 7, 4, 4, 8, 5, 6, 6, 7, 12];9;62;False
10;50;10;4;True;2000;1;0.15;0;0;0;0;0;200.17139315605164;1.4052574634552002;59516.16352215324;53761.62488887729;3130.340291585999;2624.1999999999994;[230.62, 293.62, 293.62, 235.62, 280.62, 211.62, 277.62, 293.62, 213.62, 293.62];82.0;[6, 9, 6, 4, 4, 6, 6, 4, 4, 5];5;54;False
10;50;10;5;True;2000;1;0.15;0;0;0;0;0;192.3764238357544;1.4160792827606201;59514.46377966715;53738.70275457768;3376.1203971621158;2399.66;[279.08, 235.08, 201.08, 279.08, 221.08, 255.08, 279.08, 189.94, 221.08, 239.08];89.13999999999999;[5, 7, 5, 6, 4, 5, 8, 4, 4, 7];4;55;False
10;50;10;6;True;2000;1;0.15;0;0;0;0;0;134.17980074882507;1.1695172786712646;59953.5060606804;54975.034634448595;3006.168230289005;1972.28;[198.01, 190.19, 198.01, 198.01, 198.01, 198.01, 198.01, 198.01, 198.01, 198.01];7.819999999999993;[3, 3, 5, 5, 6, 7, 7, 7, 5, 6];4;54;False
10;60;10;1;True;2000;1;0.15;0;0;0;0;0;216.91127228736877;2.044316291809082;74210.91585984288;67478.96432162791;3990.4680696485743;2741.4999999999995;[281.35, 281.35, 249.35, 257.35, 281.35, 281.35, 277.35, 281.35, 281.35, 269.35];32.00000000000003;[9, 7, 5, 3, 12, 6, 4, 6, 9, 7];9;68;False
10;60;10;2;True;2000;1;0.15;0;0;0;0;0;529.4276602268219;1.9883790016174316;95696.8961931904;86813.19294981622;4952.907198853517;3930.7800000000016;[441.89, 665.97, 361.26, 665.97, 243.26, 317.97, 264.26, 200.26, 407.97, 361.97];465.71000000000004;[6, 12, 2, 17, 7, 11, 5, 6, 9, 7];15;82;False
10;60;10;3;True;2000;1;0.15;0;0;0;0;0;256.35935401916504;2.2253756523132324;76379.33912303719;69266.78456438752;4056.71473637698;3055.8499999999995;[326.89, 305.68, 327.89, 327.89, 278.68, 293.68, 246.68, 292.68, 327.89, 327.89];81.20999999999998;[5, 7, 6, 6, 8, 5, 6, 7, 6, 13];8;69;False
10;60;10;4;True;2000;1;0.15;0;0;0;0;0;302.41886472702026;1.7668378353118896;82098.01767457709;74635.05404687946;4159.267464446554;3303.6899999999996;[268.21, 398.58, 326.58, 311.58, 398.58, 314.58, 398.58, 263.21, 251.21, 372.58];147.36999999999998;[6, 8, 8, 4, 5, 10, 8, 10, 4, 8];6;71;False
10;60;10;5;True;2000;1;0.15;0;0;0;0;0;203.48839902877808;1.7656238079071045;73116.41551804962;66552.04327697182;4101.56067341234;2462.7999999999997;[245.98, 252.98, 211.98, 263.98, 247.98, 263.98, 263.98, 210.98, 236.98, 263.98];53.00000000000003;[3, 10, 8, 9, 6, 8, 6, 4, 6, 7];7;67;False
10;60;10;6;True;2000;1;0.15;0;0;0;0;0;269.48002910614014;1.8018319606781006;80829.77361278747;74049.2492797829;3830.9270524461517;2949.6000000000004;[263.26, 226.26, 357.26, 333.26, 293.26, 299.26, 284.26, 357.26, 289.26, 246.26];131.0;[3, 3, 8, 8, 10, 8, 4, 9, 8, 7];7;68;False
10;70;10;1;True;2000;1;0.15;0;0;0;0;0;278.12620306015015;2.2395989894866943;89930.34097551616;82131.0801507522;4677.497243192881;3121.8;[314.48, 277.48, 308.48, 333.48, 333.48, 326.48, 294.48, 333.48, 333.48, 266.48];67.0;[9, 6, 9, 5, 9, 5, 6, 9, 11, 8];6;77;False
10;70;10;2;True;2000;1;0.15;0;0;0;0;0;499.88233828544617;2.551928997039795;104871.69374374938;95761.10398568588;5447.5411257516025;3663.000000000001;[510.3, 450.3, 583.3, 377.3, 320.3, 357.3, 284.3, 235.3, 259.3, 285.3];347.99999999999994;[9, 8, 13, 10, 8, 13, 9, 7, 7, 6];7;90;False
10;70;10;3;True;2000;1;0.15;0;0;0;0;0;433.20802664756775;2.6553916931152344;94016.92931459723;85497.06836199792;4809.602445442134;3710.24;[479.04, 373.04, 522.04, 352.04, 330.04, 276.96, 288.96, 377.04, 359.04, 352.04];245.07999999999998;[10, 5, 10, 7, 10, 8, 7, 9, 8, 10];5;84;False
10;70;10;4;True;2000;1;0.15;0;0;0;0;0;206.62816452980042;2.193422317504883;84276.71957591422;77178.97508892845;4574.223965610549;2523.5;[251.45, 253.45, 253.45, 253.45, 253.45, 253.45, 253.45, 253.45, 244.45, 253.45];9.0;[7, 6, 11, 7, 6, 9, 9, 6, 4, 8];7;73;False
10;70;10;5;True;2000;1;0.15;0;0;0;0;0;372.1463956832886;2.252955198287964;86851.30952682323;78817.58546095261;4883.579949873405;3150.15;[449.8, 313.8, 232.8, 460.8, 322.8, 236.8, 353.8, 295.8, 224.95, 258.8];235.85000000000002;[7, 9, 7, 10, 6, 5, 10, 5, 9, 9];5;77;False
10;70;10;6;True;2000;1;0.15;0;0;0;0;0;228.97361826896667;2.3074474334716797;90283.66758372601;83020.63792185562;4503.216991107276;2759.8000000000006;[275.88, 249.88, 280.88, 280.88, 280.88, 280.88, 267.88, 280.88, 280.88, 280.88];31.0;[5, 4, 7, 9, 10, 11, 5, 7, 10, 8];7;76;False
10;80;10;1;True;2000;1;0.15;0;0;0;0;0;308.88590574264526;3.122124433517456;100128.99036166936;91944.63824914621;4895.753205496468;3288.6399999999994;[308.14, 287.38, 347.14, 313.14, 347.14, 347.14, 347.14, 347.14, 338.14, 306.14];59.75999999999999;[8, 8, 11, 4, 8, 10, 6, 14, 11, 6];10;86;False
10;80;10;2;True;2000;1;0.15;0;0;0;0;0;300.1259346008301;2.878241539001465;95897.65491491774;87527.25482904418;5203.6061008084;3166.7999999999993;[297.78, 336.78, 336.78, 336.78, 336.78, 336.78, 286.78, 268.78, 292.78, 336.78];68.0;[9, 8, 6, 14, 5, 14, 12, 6, 5, 6];9;85;False
10;80;10;3;True;2000;1;0.15;0;0;0;0;0;427.827698469162;3.473827600479126;115240.88069137986;105320.355275824;6023.82015462609;3896.6900000000005;[366.67, 332.67, 412.54, 318.67, 460.71, 400.54, 300.07, 442.57, 401.54, 460.71];160.64;[9, 9, 10, 7, 13, 11, 11, 10, 9, 13];6;102;False
10;80;10;4;True;2000;1;0.15;0;0;0;0;0;230.64338564872742;2.6519479751586914;97779.15230075066;89663.32819668097;5535.529140373434;2580.2999999999993;[258.03, 258.03, 258.03, 258.03, 258.03, 258.03, 258.03, 258.03, 258.03, 258.03];0.0;[14, 9, 6, 9, 8, 9, 9, 5, 6, 10];9;85;False
10;80;10;5;True;2000;1;0.15;0;0;0;0;0;513.0707712173462;2.8902854919433594;109306.39104064455;99814.85994920274;5854.888220805465;3636.600000000001;[346.86, 393.86, 287.86, 559.86, 301.86, 367.86, 559.86, 259.86, 269.86, 288.86];300.0;[6, 11, 10, 16, 11, 8, 14, 5, 8, 6];11;95;False
10;80;10;6;True;2000;1;0.15;0;0;0;0;0;385.1984860897064;2.8786821365356445;106262.19683948666;97478.56611245545;5319.730410676021;3463.8999999999996;[341.99, 298.99, 436.99, 433.99, 341.99, 356.99, 309.99, 319.99, 327.99, 294.99];142.0;[5, 6, 13, 15, 8, 7, 8, 8, 9, 9];10;88;False
10;90;10;1;True;2000;1;0.15;0;0;0;0;0;541.9182007312775;2.8808324337005615;122625.66710284815;112671.16849318684;5957.326218406577;3997.1800000000003;[526.35, 325.82, 417.24, 321.33, 367.1, 343.36, 321.33, 460.2, 329.36, 585.09];263.76000000000005;[11, 6, 11, 4, 10, 9, 10, 17, 13, 11];13;102;False
10;90;10;2;True;2000;1;0.15;0;0;0;0;0;460.0396258831024;3.50466251373291;118376.72195146803;108420.36036491659;6344.395121735621;3611.93;[387.17, 474.17, 357.17, 325.17, 323.74, 474.17, 313.39, 314.39, 284.39, 358.17];189.78000000000003;[8, 11, 10, 13, 9, 15, 10, 10, 6, 9];9;101;False
10;90;10;3;True;2000;1;0.15;0;0;0;0;0;459.8099060058594;3.872056484222412;121610.87107127401;111542.08183859469;6051.729067736125;4017.0900000000006;[375.3, 436.09, 378.3, 343.67, 419.13, 383.06, 379.06, 368.3, 467.09, 467.09];123.41999999999996;[9, 8, 15, 7, 10, 8, 13, 9, 13, 12];8;104;False
10;90;10;4;True;2000;1;0.15;0;0;0;0;0;378.0583665370941;3.4168813228607178;111918.63691009727;102535.70338984838;6033.853978445588;3349.100000000001;[276.67, 359.11, 397.11, 296.47, 293.47, 346.11, 397.11, 318.47, 316.47, 348.11];120.44;[8, 8, 16, 9, 8, 12, 8, 7, 12, 7];9;95;False
10;90;10;5;True;2000;1;0.15;0;0;0;0;0;555.1614289283752;3.8624191284179688;132125.96907305176;120961.1173662633;6896.680837184459;4268.19;[548.33, 424.33, 401.33, 447.33, 548.33, 391.33, 428.33, 348.33, 401.33, 329.22];219.11;[15, 14, 11, 15, 15, 11, 11, 9, 7, 5];10;113;False
10;90;10;6;True;2000;1;0.15;0;0;0;0;0;335.4452679157257;3.5932271480560303;115425.73504178923;106526.2173323431;5432.385965910519;3467.1;[346.71, 346.71, 346.71, 346.71, 346.71, 346.71, 346.71, 346.71, 346.71, 346.71];0.0;[6, 6, 9, 15, 9, 7, 8, 11, 12, 12];9;95;False
10;100;10;1;True;2000;1;0.15;0;0;0;0;0;398.92665457725525;4.26304292678833;127035.77115268016;117436.97687956791;6035.195110315566;3563.61;[379.92, 303.41, 356.92, 369.92, 377.92, 331.31, 354.92, 345.45, 379.92, 363.92];76.50999999999999;[17, 11, 10, 8, 14, 8, 5, 11, 13, 10];12;107;False
10;100;10;2;True;2000;1;0.15;0;0;0;0;0;484.26856994628906;4.3856377601623535;131454.15992756136;120385.5581793492;7144.603568237608;3923.98;[404.65, 459.65, 364.65, 459.65, 370.65, 459.65, 302.89, 345.89, 370.65, 385.65];156.76;[8, 11, 8, 17, 12, 15, 10, 10, 8, 12];9;111;False
10;100;10;3;True;2000;1;0.15;0;0;0;0;0;663.2019765377045;4.206211805343628;136574.04962963663;125321.60021586248;6760.745631950698;4491.72;[558.32, 571.1, 490.67, 392.67, 421.64, 309.21, 334.21, 389.64, 386.64, 637.62];328.41;[10, 15, 15, 9, 14, 8, 8, 11, 8, 17];9;115;False
10;100;10;4;True;2000;1;0.15;0;0;0;0;0;474.6824073791504;4.198424339294434;128353.67354360402;117914.21640609961;6626.115821206529;3813.3499999999995;[353.93, 383.93, 347.93, 355.93, 397.93, 458.93, 403.93, 396.93, 296.98, 416.93];161.95;[12, 9, 10, 9, 12, 14, 13, 12, 7, 10];7;108;False
10;100;10;5;True;2000;1;0.15;0;0;0;0;0;367.1395697593689;4.330124616622925;125739.73322211498;115747.20585430469;6514.58934731397;3477.9;[349.69, 349.69, 349.69, 349.69, 349.69, 349.69, 349.69, 330.69, 349.69, 349.69];19.0;[10, 12, 17, 10, 7, 11, 12, 10, 10, 9];10;108;False
10;100;10;6;True;2000;1;0.15;0;0;0;0;0;732.5692031383514;3.9403436183929443;152070.56215610524;140741.66428357095;6943.6969702956585;4385.239999999999;[431.22, 376.78, 464.78, 694.78, 325.78, 340.78, 350.78, 373.78, 694.78, 331.78];369.0;[6, 5, 14, 19, 11, 10, 14, 9, 20, 14];15;122;False
10;10;10;1;True;2000;1;0.2;0;0;0;0;0;143.8974850177765;0.26296424865722656;26298.038740070155;23236.68238963676;1490.60750100422;1570.7;[228.97, 239.97, 120.97, 91.97, 317.97, 123.97, 86.97, 177.97, 124.97, 56.97];261.0;[1, 4, 11, 1, 1, 4, 1, 1];10;24;False
10;10;10;2;True;2000;1;0.2;0;0;0;0;0;81.82221221923828;0.16791939735412598;15585.084010775892;13806.040230525505;565.9993681106126;1213.06;[78.79, 156.31, 86.79, 114.31, 129.31, 198.31, 108.31, 44.79, 104.83, 191.31];153.52;[2, 2, 2, 5, 1, 1, 1];4;14;False
10;10;10;3;True;2000;1;0.2;0;0;0;0;0;253.8690469264984;0.4250314235687256;37907.445882701;33864.58598311421;1528.6156078947502;2514.25;[401.84, 170.79, 244.96, 83.52, 175.89, 74.36, 123.55, 132.58, 553.38, 553.38];479.02;[5, 2, 3, 1, 1, 1, 10, 10];9;33;False
10;10;10;4;True;2000;1;0.2;0;0;0;0;0;52.782166481018066;0.17191505432128906;14857.040693293715;13008.647416459109;811.8825086416429;1036.5300000000002;[63.07, 125.7, 45.12, 102.07, 121.7, 125.7, 125.7, 119.7, 82.07, 125.7];80.58000000000001;[2, 1, 4, 1, 2, 4];3;14;False
10;10;10;5;True;2000;1;0.2;0;0;0;0;0;45.165369510650635;0.14704394340515137;12162.562667865615;10544.177472824234;756.6420532138472;861.7000000000002;[67.97, 103.97, 71.97, 103.97, 49.97, 103.97, 103.97, 75.97, 86.97, 92.97];54.0;[1, 2, 3, 3, 1, 2, 2];2;14;False
10;10;10;6;True;2000;1;0.2;0;0;0;0;0;36.368560552597046;0.139909029006958;10876.213599375213;9445.543939157773;623.2237129346654;807.4399999999998;[83.06, 42.48, 87.06, 87.06, 87.06, 87.06, 87.06, 87.06, 87.06, 72.48];44.580000000000005;[1, 2, 2, 3, 1, 1, 2];2;12;False
10;20;10;1;True;2000;1;0.2;0;0;0;0;0;71.54552984237671;0.3296220302581787;26653.016358242385;23683.911755725247;1554.5370268463648;1414.6;[145.76, 145.76, 145.76, 107.76, 145.76, 140.76, 145.76, 145.76, 145.76, 145.76];37.999999999999986;[4, 3, 3, 4, 2, 2, 2, 2, 2];2;24;False
10;20;10;2;True;2000;1;0.2;0;0;0;0;0;141.59763836860657;0.43941640853881836;31975.997268466705;28218.690849247396;1842.8254295943068;1914.4899999999998;[172.22, 147.3, 163.3, 284.14, 284.14, 189.35, 144.3, 119.3, 126.3, 284.14];164.83999999999997;[3, 2, 6, 3, 3, 1, 2, 2, 8];7;30;False
10;20;10;3;True;2000;1;0.2;0;0;0;0;0;158.89273524284363;0.5119993686676025;34412.02249313828;30666.368220256874;1767.936082424282;1977.7100000000003;[103.17, 135.75, 309.72, 167.72, 270.72, 137.75, 177.72, 167.72, 303.72, 203.72];206.55;[1, 3, 7, 2, 6, 2, 2, 2, 5, 3];6;33;False
10;20;10;4;True;2000;1;0.2;0;0;0;0;0;88.78244805335999;0.38352179527282715;25622.783081242138;22806.256814210406;1169.088312747547;1647.3999999999999;[124.5, 187.55, 104.5, 169.55, 158.55, 152.55, 187.55, 187.55, 187.55, 187.55];83.05000000000001;[1, 4, 3, 1, 1, 2, 3, 3, 2, 4];3;24;False
10;20;10;5;True;2000;1;0.2;0;0;0;0;0;251.09830021858215;0.6102480888366699;46333.181273982205;41252.33604910055;2484.277805196052;2596.6000000000004;[309.36, 248.36, 145.36, 414.36, 126.36, 446.36, 175.36, 446.36, 171.36, 113.36];333.0;[4, 3, 3, 5, 1, 11, 3, 7, 3, 2];10;42;False
10;20;10;6;True;2000;1;0.2;0;0;0;0;0;123.00571513175964;0.37970638275146484;30494.51000984886;27128.40850380843;1620.1361687252877;1746.0000000000002;[183.4, 104.4, 165.4, 252.4, 146.4, 138.4, 252.4, 252.4, 149.4, 101.4];151.0;[1, 4, 4, 2, 3, 4, 5, 1, 4];4;28;False
10;30;10;1;True;2000;1;0.2;0;0;0;0;0;107.07716155052185;0.4975736141204834;35091.82666619314;31250.694047906967;1958.3249019698874;1882.8000000000004;[201.93, 186.93, 143.43, 190.93, 201.93, 184.93, 199.93, 168.93, 201.93, 201.93];58.5;[2, 2, 3, 1, 8, 2, 3, 2, 5, 5];7;33;False
10;30;10;2;True;2000;1;0.2;0;0;0;0;0;120.25468349456787;1.0035932064056396;43561.64361605968;39243.84264992613;2387.493721838692;1930.3400000000001;[200.38, 200.38, 200.38, 194.38, 200.38, 200.38, 180.38, 152.92, 200.38, 200.38];47.46000000000001;[2, 5, 3, 6, 6, 4, 3, 5, 3, 4];4;41;False
10;30;10;3;True;2000;1;0.2;0;0;0;0;0;201.07400822639465;0.7557494640350342;44913.176339555626;39870.2366100544;2762.607417443879;2280.33;[123.9, 162.9, 177.9, 184.9, 221.46, 145.9, 238.46, 362.97, 362.97, 298.97];239.07000000000002;[2, 3, 4, 2, 4, 3, 5, 8, 5, 5];6;41;False
10;30;10;4;True;2000;1;0.2;0;0;0;0;0;247.69380950927734;0.9631330966949463;52470.41621439494;47274.06610803056;2554.7129255871573;2641.65;[312.03, 415.1, 254.03, 290.03, 264.1, 165.03, 270.1, 212.1, 257.1, 202.03];250.07000000000002;[5, 10, 6, 2, 3, 6, 5, 3, 5, 3];8;48;False
10;30;10;5;True;2000;1;0.2;0;0;0;0;0;74.98175120353699;0.5196027755737305;31177.6262241494;28068.349893420167;1736.1954595041282;1373.0599999999997;[139.54, 130.18, 139.54, 139.54, 130.55, 139.54, 139.54, 139.54, 135.55, 139.54];9.359999999999985;[1, 3, 5, 3, 1, 3, 5, 3, 3, 4];4;31;False
10;30;10;6;True;2000;1;0.2;0;0;0;0;0;135.46647906303406;0.7768325805664062;42068.603288060454;37978.53601902899;2034.2427964012104;2055.8400000000006;[150.48, 135.48, 216.11, 238.11, 208.11, 238.11, 226.11, 238.11, 220.11, 185.11];102.63000000000002;[1, 4, 3, 5, 6, 7, 3, 3, 4, 5];6;41;False
10;40;10;1;True;2000;1;0.2;0;0;0;0;0;127.96774768829346;1.0316903591156006;46744.41310784738;42059.473037393436;2617.9953361970906;2066.9;[207.69, 197.69, 207.69, 207.69, 207.69, 207.69, 207.69, 207.69, 207.69, 207.69];10.0;[8, 4, 5, 2, 5, 5, 3, 3, 6, 3];6;44;False
10;40;10;2;True;2000;1;0.2;0;0;0;0;0;337.44988226890564;1.3195710182189941;65828.34221268808;59141.755394604574;3568.931985510753;3117.6999999999994;[319.97, 509.97, 304.97, 275.97, 329.97, 269.97, 509.97, 166.97, 180.97, 248.97];343.0;[5, 8, 4, 7, 8, 6, 10, 5, 4, 4];6;61;False
10;40;10;3;True;2000;1;0.2;0;0;0;0;0;186.77502822875977;1.1911182403564453;55526.37693059287;49999.92008328923;2889.929081913213;2636.5099999999998;[301.43, 273.43, 299.43, 229.5, 260.43, 200.5, 236.43, 232.5, 301.43, 301.43];100.93;[6, 6, 3, 4, 7, 4, 6, 5, 3, 7];4;51;False
10;40;10;4;True;2000;1;0.2;0;0;0;0;0;281.9555745124817;1.1225476264953613;63038.906170277514;56470.65641300749;3719.4104993856267;2848.83;[233.47, 233.95, 210.95, 231.95, 283.95, 196.95, 395.5, 438.08, 185.95, 438.08];252.13;[6, 4, 5, 3, 3, 7, 7, 11, 4, 5];8;55;False
10;40;10;5;True;2000;1;0.2;0;0;0;0;0;434.15238523483276;1.0997798442840576;67700.63370998771;60392.58752215623;4013.4386297427313;3294.600000000001;[632.86, 394.86, 222.86, 657.86, 192.86, 400.86, 259.86, 165.86, 171.86, 194.86];492.0;[10, 3, 4, 14, 4, 7, 5, 3, 5, 5];11;60;False
10;40;10;6;True;2000;1;0.2;0;0;0;0;0;693.5919978618622;1.4734423160552979;93298.6983537048;84316.51603576224;4670.034365769201;4312.1;[579.31, 335.31, 332.31, 913.31, 976.31, 247.31, 256.31, 242.31, 244.31, 185.31];791.0;[7, 3, 6, 16, 23, 4, 5, 5, 4, 6];20;79;False
10;50;10;1;True;2000;1;0.2;0;0;0;0;0;322.4716033935547;1.578601598739624;76340.71631414683;68769.60907124684;4245.066929894308;3326.000000000001;[409.61, 362.75, 254.37, 455.61, 455.61, 259.61, 279.61, 264.61, 282.61, 301.61];201.24;[12, 6, 5, 10, 12, 4, 3, 3, 7, 4];9;66;False
10;50;10;2;True;2000;1;0.2;0;0;0;0;0;149.4326252937317;1.5590176582336426;60446.718555389925;54979.78551660646;3356.2934027748643;2110.66;[214.23, 214.23, 214.23, 214.23, 214.23, 214.23, 182.59, 214.23, 214.23, 214.23];31.639999999999986;[4, 6, 4, 10, 4, 9, 5, 5, 5, 4];6;56;False
10;50;10;3;True;2000;1;0.2;0;0;0;0;0;176.99243330955505;1.785883903503418;62641.80586920519;56670.163303474226;3522.4501928085233;2449.2;[232.32, 246.32, 246.32, 246.32, 246.32, 246.32, 246.32, 246.32, 246.32, 246.32];14.0;[4, 8, 4, 4, 5, 5, 7, 6, 5, 11];7;59;False
10;50;10;4;True;2000;1;0.2;0;0;0;0;0;271.89982295036316;1.5303139686584473;70751.2611075873;64211.50655853658;3753.9962189234534;2785.74;[232.77, 386.77, 251.77, 216.79, 358.77, 229.77, 293.77, 287.77, 212.79, 314.77];173.98;[6, 10, 5, 5, 7, 8, 7, 5, 3, 7];7;63;False
10;50;10;5;True;2000;1;0.2;0;0;0;0;0;221.16397428512573;1.5965886116027832;67616.66320557226;61237.58924669292;3755.0972575622554;2623.9900000000002;[305.84, 305.84, 191.55, 305.84, 221.01, 298.84, 305.84, 195.55, 235.84, 257.84];114.28999999999996;[6, 10, 6, 8, 4, 4, 7, 4, 6, 6];6;61;False
10;50;10;6;True;2000;1;0.2;0;0;0;0;0;574.5928835868835;1.6535639762878418;96050.1092801627;87337.16056960066;4558.969316408955;4153.999999999999;[518.2, 427.2, 767.2, 767.2, 403.2, 299.2, 228.2, 239.2, 274.2, 230.2];539.0;[5, 4, 19, 14, 8, 9, 3, 6, 5, 8];16;81;False
10;60;10;1;True;2000;1;0.2;0;0;0;0;0;285.69880175590515;1.922597885131836;82588.52550015406;75421.19544670936;4106.63210131074;3060.6800000000003;[371.71, 245.53, 252.33, 274.36, 371.71, 282.71, 278.2, 328.71, 371.71, 283.71];126.17999999999998;[10, 7, 6, 4, 12, 7, 3, 6, 11, 6];9;72;False
10;60;10;2;True;2000;1;0.2;0;0;0;0;0;219.39413237571716;1.947166919708252;75078.35484475098;68208.18066268071;4238.939319832914;2631.1899999999996;[220.55, 283.83, 240.83, 283.83, 283.83, 283.83, 276.83, 210.0, 283.83, 263.83];73.82999999999998;[2, 8, 3, 13, 7, 10, 7, 6, 5, 7];11;68;False
10;60;10;3;True;2000;1;0.2;0;0;0;0;0;316.7748935222626;2.342938184738159;85441.92349330003;77851.69463612676;4373.755044989406;3216.45;[300.72, 262.09, 323.99, 300.99, 390.62, 269.09, 390.62, 235.09, 390.62, 352.62];155.53;[5, 7, 6, 2, 12, 5, 12, 7, 8, 13];11;77;False
10;60;10;4;True;2000;1;0.2;0;0;0;0;0;269.44591307640076;1.7197279930114746;77945.31170649521;71143.71036781181;3869.062120379427;2932.5100000000007;[272.63, 340.38, 236.63, 253.63, 295.38, 263.63, 358.38, 358.38, 232.09, 321.38];126.28999999999999;[7, 6, 6, 5, 4, 8, 7, 13, 5, 7];9;68;False
10;60;10;5;True;2000;1;0.2;0;0;0;0;0;164.49180841445923;1.5177125930786133;65745.81047245259;59775.151098222086;3853.812887491515;2116.8;[216.68, 216.68, 199.68, 216.68, 216.68, 216.68, 216.68, 183.68, 216.68, 216.68];33.0;[3, 9, 6, 7, 5, 6, 8, 5, 5, 8];6;62;False
10;60;10;6;True;2000;1;0.2;0;0;0;0;0;202.73988962173462;1.8634142875671387;77437.87181725386;71080.47083731362;3763.912694274516;2593.4999999999995;[265.85, 245.85, 264.85, 265.85, 265.85, 265.85, 265.85, 265.85, 256.85, 230.85];35.00000000000003;[3, 5, 6, 7, 7, 8, 8, 9, 6, 7];6;66;False
10;70;10;1;True;2000;1;0.2;0;0;0;0;0;291.79983401298523;2.709935426712036;91167.2389497022;83097.55993265579;4805.365423868347;3264.3000000000006;[344.63, 325.63, 334.63, 344.63, 344.63, 344.63, 266.63, 338.63, 302.63, 317.63];78.0;[10, 8, 10, 5, 13, 6, 2, 7, 10, 8];11;79;False
10;70;10;2;True;2000;1;0.2;0;0;0;0;0;608.5287401676178;2.962453842163086;115227.51974002016;104697.09832796968;6037.56755054037;4492.84;[669.95, 638.95, 654.95, 478.75, 378.75, 399.95, 300.12, 273.35, 292.12, 405.95];396.6;[17, 9, 9, 12, 11, 11, 6, 8, 8, 10];11;101;False
10;70;10;3;True;2000;1;0.2;0;0;0;0;0;282.16166591644287;2.453972816467285;84347.76455407063;76788.67020057622;4297.604494152321;3261.46;[330.02, 346.02, 314.74, 324.02, 344.02, 271.45, 293.13, 346.02, 346.02, 346.02];74.57;[2, 8, 7, 8, 12, 8, 7, 5, 11, 8];10;76;False
10;70;10;4;True;2000;1;0.2;0;0;0;0;0;244.4315357208252;2.572328567504883;91068.02183798898;83310.90514601949;4896.33771809849;2860.8000000000006;[279.88, 290.88, 275.88, 290.88, 290.88, 290.88, 290.88, 290.88, 268.88, 290.88];22.0;[8, 8, 11, 8, 6, 9, 8, 10, 5, 6];6;79;False
10;70;10;5;True;2000;1;0.2;0;0;0;0;0;359.496639251709;2.553696393966675;96096.89565233894;87591.5446720446;5372.580024583378;3132.78;[339.03, 422.03, 250.69, 289.07, 272.07, 319.03, 422.03, 260.69, 268.07, 290.07];171.33999999999997;[10, 12, 8, 11, 5, 7, 11, 7, 5, 9];7;85;False
10;70;10;6;True;2000;1;0.2;0;0;0;0;0;371.81134486198425;2.7316434383392334;108527.33067696706;99581.10929621375;5416.572672549956;3529.6800000000003;[304.09, 282.09, 429.63, 358.63, 301.09, 327.63, 370.63, 428.63, 403.63, 323.63];147.54000000000002;[6, 6, 12, 9, 7, 7, 8, 13, 12, 9];7;89;False
10;80;10;1;True;2000;1;0.2;0;0;0;0;0;314.2362184524536;3.0410056114196777;103541.61493418191;95019.07663351668;5182.692921831457;3339.81;[317.54, 319.54, 299.12, 325.23, 348.23, 348.23, 348.23, 348.23, 344.23, 341.23];49.110000000000014;[7, 8, 8, 4, 10, 8, 11, 14, 10, 9];10;89;False
10;80;10;2;True;2000;1;0.2;0;0;0;0;0;379.00071120262146;3.22231125831604;104671.0860907533;95728.26811362656;5505.102151859791;3437.7099999999996;[317.08, 344.83, 321.08, 352.83, 335.24, 417.83, 278.08, 299.08, 393.83, 377.83];139.75;[6, 7, 7, 10, 10, 12, 10, 10, 11, 8];6;91;False
10;80;10;3;True;2000;1;0.2;0;0;0;0;0;606.4694254398346;2.8251938819885254;120178.40846042219;110098.5110919487;5837.885375681515;4242.04;[503.95, 559.95, 532.95, 441.95, 373.95, 281.72, 257.72, 319.95, 653.95, 315.95];396.23;[9, 7, 13, 10, 10, 8, 8, 8, 19, 11];12;103;False
10;80;10;4;True;2000;1;0.2;0;0;0;0;0;407.88822174072266;3.0067358016967773;110655.95963948408;100964.45882883533;6219.987384220911;3471.540000000001;[272.7, 393.76, 350.76, 441.76, 405.76, 317.76, 441.76, 284.76, 276.76, 285.76];169.06;[7, 10, 10, 10, 11, 10, 11, 11, 7, 7];4;94;False
10;80;10;5;True;2000;1;0.2;0;0;0;0;0;511.1280047893524;3.248950242996216;110120.31452010288;100068.87433180201;6075.736518354513;3975.6999999999994;[553.58, 454.58, 305.16, 548.58, 308.16, 553.58, 313.16, 295.16, 314.16, 329.58];258.42;[12, 13, 9, 11, 8, 13, 8, 6, 8, 8];7;96;False
10;80;10;6;True;2000;1;0.2;0;0;0;0;0;414.86540389060974;3.1700189113616943;113949.88927175297;104559.31827010239;5730.802551591213;3659.7999999999993;[332.28, 309.28, 445.28, 445.28, 395.28, 325.28, 331.28, 439.28, 336.28, 300.28];145.0;[5, 6, 17, 12, 12, 8, 9, 10, 9, 6];12;94;False
10;90;10;1;True;2000;1;0.2;0;0;0;0;0;616.7707326412201;4.0217626094818115;129585.20117367545;118821.95907060854;6500.864978381493;4262.34;[503.54, 400.54, 347.51, 375.54, 623.54, 402.54, 432.54, 433.54, 391.54, 351.51];276.03;[10, 9, 10, 7, 21, 8, 12, 10, 14, 8];14;109;False
10;90;10;2;True;2000;1;0.2;0;0;0;0;0;480.8198735713959;3.867445230484009;121632.54920792328;111185.47098445478;6592.1335602962445;3854.9000000000005;[370.05, 431.33, 376.33, 494.33, 328.05, 416.33, 357.05, 329.05, 357.05, 395.33];166.27999999999997;[9, 10, 10, 18, 7, 14, 7, 11, 8, 9];11;103;False
10;90;10;3;True;2000;1;0.2;0;0;0;0;0;427.3218626976013;4.131966590881348;116684.92524860261;106714.39593569312;6170.071421370261;3800.4799999999996;[435.14, 365.14, 378.14, 305.22, 371.14, 362.14, 391.14, 392.14, 435.14, 365.14];129.91999999999996;[11, 9, 13, 7, 13, 7, 11, 9, 9, 13];6;102;False
10;90;10;4;True;2000;1;0.2;0;0;0;0;0;340.4370081424713;3.7013158798217773;113379.57992312321;103921.954989185;6055.5461559521245;3402.100000000001;[314.11, 349.11, 349.11, 349.11, 349.11, 349.11, 349.11, 349.11, 295.11, 349.11];54.0;[13, 10, 7, 7, 9, 14, 10, 12, 6, 8];8;96;False
10;90;10;5;True;2000;1;0.2;0;0;0;0;0;365.337527513504;3.6973628997802734;113678.82720628951;104317.63845761478;5978.8035347386285;3382.4;[375.4, 347.4, 375.4, 375.4, 321.4, 336.4, 320.4, 295.6, 305.6, 329.4];79.79999999999995;[12, 10, 14, 13, 10, 11, 8, 7, 6, 8];8;99;False
10;90;10;6;True;2000;1;0.2;0;0;0;0;0;501.9075720310211;4.128065347671509;130994.10953980753;120219.85941896946;6473.665469825039;4300.6;[381.56, 381.56, 510.56, 478.56, 409.56, 422.56, 381.56, 432.56, 510.56, 391.56];129.0;[7, 5, 14, 12, 8, 9, 10, 11, 19, 13];14;108;False
10;100;10;1;True;2000;1;0.2;0;0;0;0;0;461.29664516448975;4.670695543289185;140852.70127948388;130627.15864363218;6423.203714870617;3802.3600000000006;[400.09, 402.09, 423.09, 423.09, 393.09, 363.09, 330.55, 365.09, 350.09, 352.09];92.53999999999996;[15, 12, 10, 13, 13, 10, 6, 8, 15, 15];9;117;False
10;100;10;2;True;2000;1;0.2;0;0;0;0;0;705.5541925430298;4.3573081493377686;150498.80536196605;137673.73273713473;8066.297045658457;4758.780000000001;[552.02, 663.61, 494.11, 409.47, 502.11, 405.11, 403.11, 338.63, 327.0, 663.61];336.61;[16, 13, 13, 15, 10, 13, 12, 9, 8, 14];8;123;False
10;100;10;3;True;2000;1;0.2;0;0;0;0;0;451.8765478134155;4.793339014053345;138118.75385569935;127193.36422795258;6707.04032982368;4218.299999999999;[424.93, 424.93, 424.93, 424.93, 424.93, 424.93, 393.93, 424.93, 424.93, 424.93];31.0;[10, 16, 15, 15, 15, 11, 6, 8, 12, 8];10;116;False
10;100;10;4;True;2000;1;0.2;0;0;0;0;0;540.8111462593079;4.697344779968262;147032.23521179025;135264.10883408357;7588.843773600109;4179.3;[374.44, 494.54, 430.54, 425.54, 494.54, 383.54, 461.54, 390.54, 353.54, 370.54];141.0;[14, 12, 8, 11, 16, 13, 11, 14, 9, 15];8;123;False
10;100;10;5;True;2000;1;0.2;0;0;0;0;0;380.8086471557617;4.397300720214844;126203.80019049862;116103.73553162656;6616.104470724221;3483.9500000000003;[359.25, 359.25, 344.4, 359.25, 331.4, 355.25, 359.25, 297.4, 359.25, 359.25];61.85000000000002;[6, 15, 15, 14, 5, 9, 14, 11, 8, 11];10;108;False
10;100;10;6;True;2000;1;0.2;0;0;0;0;0;777.6323344707489;4.48187780380249;155760.42163355707;143410.9569969912;7459.705737902013;4889.709999999999;[609.87, 541.88, 420.87, 368.87, 400.87, 731.87, 371.87, 400.87, 665.87, 376.87];363.0;[12, 5, 16, 9, 13, 21, 10, 9, 17, 12];16;124;False
10;10;10;1;True;2000;1;0.25;0;0;0;0;0;55.908462047576904;0.1910877227783203;18348.83140448867;16240.378316014525;1103.9878274568316;1004.46;[86.11, 123.11, 48.47, 103.11, 123.11, 117.11, 90.11, 123.11, 123.11, 67.11];74.64;[2, 1, 4, 1, 1, 3, 5, 1];4;18;False
10;10;10;2;True;2000;1;0.25;0;0;0;0;0;422.01658272743225;0.7827560901641846;63160.33181507921;56615.602952682675;3060.055829659945;3484.6800000000003;[546.93, 479.68, 399.46, 261.01, 87.55, 766.04, 119.55, 66.87, 100.55, 657.04];699.17;[7, 4, 2, 5, 21, 1, 1, 1, 11];20;53;False
10;10;10;3;True;2000;1;0.25;0;0;0;0;0;39.080095052719116;0.14109253883361816;11798.203089636037;10338.552562697972;633.4370343173498;826.23;[77.89, 74.89, 91.74, 70.89, 91.74, 52.12, 91.74, 91.74, 91.74, 91.74];39.62;[1, 1, 2, 1, 1, 2, 1, 3];2;12;False
10;10;10;4;True;2000;1;0.25;0;0;0;0;0;47.266008615493774;0.20892643928527832;15703.440820520254;13882.375702262869;815.0536671217582;1005.9999999999999;[88.4, 107.4, 58.4, 107.4, 107.4, 107.4, 107.4, 107.4, 107.4, 107.4];49.00000000000001;[1, 3, 1, 1, 3, 1, 3, 2];2;15;False
10;10;10;5;True;2000;1;0.25;0;0;0;0;0;93.45820307731628;0.14415407180786133;14671.784320512565;12747.58221388661;883.8281097764865;1040.34;[111.58, 92.67, 64.58, 221.67, 28.58, 115.67, 161.67, 54.58, 80.67, 108.67];193.08999999999997;[2, 1, 1, 4, 1, 2, 5];4;16;False
10;10;10;6;True;2000;1;0.25;0;0;0;0;0;261.16520738601685;0.4864630699157715;44271.3258179235;39305.78367543305;2392.713554627237;2572.82;[394.87, 213.84, 384.13, 521.13, 207.13, 119.13, 160.13, 314.13, 148.13, 110.2];410.93;[6, 2, 5, 14, 2, 2, 1, 3, 1, 2];13;38;False
10;20;10;1;True;2000;1;0.25;0;0;0;0;0;81.41251826286316;0.3846769332885742;28701.39501183124;25532.59442058879;1580.7306027173097;1588.0400000000004;[165.86, 138.34, 128.34, 160.34, 165.86, 165.86, 165.86, 165.86, 165.86, 165.86];37.52000000000001;[3, 2, 2, 1, 5, 3, 1, 2, 6];5;25;False
10;20;10;2;True;2000;1;0.25;0;0;0;0;0;213.34833908081055;0.7067403793334961;44444.71403848015;39876.16821903289;2261.3200759785204;2307.2000000000003;[202.99, 280.85, 148.74, 200.85, 385.85, 385.85, 153.74, 129.74, 133.74, 284.85];256.11;[3, 5, 1, 5, 5, 8, 3, 3, 2, 5];7;40;False
10;20;10;3;True;2000;1;0.25;0;0;0;0;0;201.11090445518494;0.5723888874053955;43135.23475884032;38381.29830153335;2337.2484243743797;2416.69;[258.58, 203.95, 201.92, 182.22, 390.66, 101.41, 91.41, 205.22, 390.66, 390.66];299.25;[1, 2, 3, 1, 8, 2, 2, 4, 7, 8];7;38;False
10;20;10;4;True;2000;1;0.25;0;0;0;0;0;61.98873233795166;0.3958568572998047;23500.75120882257;21072.697634684453;1199.7402796230886;1228.3;[121.83, 124.83, 107.83, 124.83, 124.83, 124.83, 124.83, 124.83, 124.83, 124.83];17.0;[1, 5, 2, 2, 1, 3, 2, 2, 1, 4];4;23;False
10;20;10;5;True;2000;1;0.25;0;0;0;0;0;140.13073205947876;0.44016242027282715;33474.68444391879;29725.446614953413;1823.0128877332909;1926.1999999999998;[153.12, 152.12, 273.12, 273.12, 123.12, 141.12, 273.12, 267.12, 131.12, 139.12];150.0;[2, 3, 7, 3, 1, 2, 5, 3, 4, 1];6;31;False
10;20;10;6;True;2000;1;0.25;0;0;0;0;0;202.15239119529724;0.5444941520690918;40462.131428144654;36638.91221753891;1878.1279346750664;1945.07;[165.02, 122.89, 163.02, 368.02, 135.02, 139.02, 191.02, 368.02, 195.02, 98.02];270.0;[1, 1, 3, 7, 3, 3, 3, 7, 5, 5];6;38;False
10;30;10;1;True;2000;1;0.25;0;0;0;0;0;244.10120344161987;1.0460395812988281;62146.48481615537;56006.11783118258;3184.742301755203;2955.62;[390.28, 276.95, 310.52, 205.24, 390.28, 191.67, 214.66, 319.75, 265.99, 390.28];198.60999999999999;[10, 6, 3, 1, 11, 5, 3, 5, 3, 7];10;54;False
10;30;10;2;True;2000;1;0.25;0;0;0;0;0;112.8119866847992;0.736048698425293;40263.760132654264;36003.410923010975;2446.6244440112782;1813.72;[139.67, 198.75, 168.75, 198.75, 198.75, 198.75, 198.75, 114.05, 198.75, 198.75];84.7;[1, 5, 6, 4, 6, 3, 5, 4, 4];5;38;False
10;30;10;3;True;2000;1;0.25;0;0;0;0;0;174.2487735748291;0.7416822910308838;46478.79795546064;41470.4120142063;2684.446610780969;2323.93;[175.09, 194.62, 306.15, 171.69, 306.15, 153.69, 306.15, 199.62, 204.62, 306.15];152.45999999999998;[3, 2, 7, 2, 3, 3, 8, 4, 3, 8];6;43;False
10;30;10;4;True;2000;1;0.25;0;0;0;0;0;1250.1734235286713;1.784743309020996;141402.01819884515;127492.97449041008;6806.115293117098;7102.94;[1189.38, 987.33, 1366.29, 961.96, 536.33, 874.99, 451.33, 239.96, 179.38, 315.99];1186.9099999999999;[20, 13, 24, 9, 3, 20, 9, 1, 2, 8];23;109;False
10;30;10;5;True;2000;1;0.25;0;0;0;0;0;254.37703275680542;0.6255295276641846;47936.98328071747;42687.911766702375;2713.1441580940896;2535.8999999999996;[308.49, 343.49, 208.49, 447.49, 123.49, 447.49, 216.49, 153.49, 131.49, 155.49];324.0;[3, 5, 5, 10, 2, 7, 3, 3, 3, 3];8;44;False
10;30;10;6;True;2000;1;0.25;0;0;0;0;0;268.52681374549866;1.1811556816101074;65132.92835919298;58631.62187011074;3593.541717093876;2907.7999999999997;[310.51, 179.87, 423.9, 285.9, 186.51, 423.9, 233.9, 423.9, 218.51, 220.9];244.02999999999997;[2, 4, 9, 5, 5, 8, 3, 12, 4, 4];10;56;False
10;40;10;1;True;2000;1;0.25;0;0;0;0;0;189.7473566532135;1.342435359954834;61240.613797317455;55346.2535690505;3417.167062356367;2477.21;[285.19, 207.12, 193.12, 207.12, 285.19, 254.45, 281.19, 259.19, 219.45, 285.19];92.07;[9, 6, 4, 2, 8, 5, 5, 5, 5, 8];7;57;False
10;40;10;2;True;2000;1;0.25;0;0;0;0;0;268.0238049030304;1.275348424911499;63079.59000397199;56413.28539353824;3689.123061942059;2977.1800000000003;[244.4, 401.05, 194.79, 281.58, 249.02, 380.05, 401.05, 184.79, 239.4, 401.05];216.26000000000002;[4, 8, 3, 10, 4, 6, 9, 4, 4, 7];7;59;False
10;40;10;3;True;2000;1;0.25;0;0;0;0;0;155.58800101280212;1.5036962032318115;56345.31064538588;50786.27981817829;3223.7055271131017;2335.3;[211.43, 236.43, 236.43, 236.43, 236.43, 232.43, 236.43, 236.43, 236.43, 236.43];25.0;[5, 4, 4, 5, 8, 5, 7, 6, 4, 6];4;54;False
10;40;10;4;True;2000;1;0.25;0;0;0;0;0;429.5985140800476;1.5294451713562012;84300.79930170559;76404.60742543601;4215.866350876431;3680.3099999999995;[313.59, 607.51, 347.16, 323.16, 607.51, 260.6, 452.51, 233.16, 212.6, 322.51];394.90999999999997;[6, 15, 5, 7, 9, 4, 11, 5, 4, 7];11;73;False
10;40;10;5;True;2000;1;0.25;0;0;0;0;0;518.4942152500153;1.4718444347381592;89722.35782191556;80675.74900537527;4973.126029700362;4073.5;[378.9, 683.39, 328.76, 683.39, 325.83, 615.39, 316.9, 205.3, 206.25, 329.39];478.09;[6, 13, 6, 15, 7, 11, 4, 3, 4, 9];12;78;False
10;40;10;6;True;2000;1;0.25;0;0;0;0;0;786.6677708625793;1.9484000205993652;116216.62118989574;104684.36725525378;6181.092645267154;5351.2;[574.42, 591.42, 806.42, 630.42, 291.42, 974.42, 364.42, 287.42, 613.42, 217.42];757.0;[6, 8, 13, 17, 5, 18, 6, 6, 11, 5];13;95;False
10;50;10;1;True;2000;1;0.25;0;0;0;0;0;230.5816638469696;1.4574329853057861;65212.14556895517;59147.67164267009;3332.565234599813;2731.88;[317.27, 254.27, 244.27, 240.27, 292.27, 308.27, 217.45, 335.27, 263.27, 259.27];117.82;[10, 6, 6, 3, 8, 5, 3, 6, 8, 4];7;59;False
10;50;10;2;True;2000;1;0.25;0;0;0;0;0;278.30027437210083;1.724055528640747;74915.31237657253;67951.33517072066;3996.76157122165;2967.2000000000003;[331.92, 385.92, 299.92, 385.92, 189.92, 385.92, 233.92, 269.92, 198.92, 284.92];196.00000000000003;[6, 9, 5, 10, 4, 13, 5, 4, 4, 6];9;66;False
10;50;10;3;True;2000;1;0.25;0;0;0;0;0;315.7458097934723;1.8589637279510498;77782.65604057707;70516.59431251019;3974.9114035246635;3291.14;[247.18, 301.67, 311.67, 293.81, 436.67, 282.81, 408.67, 277.18, 436.67, 294.81];189.49;[3, 12, 5, 5, 10, 6, 7, 3, 10, 9];9;70;False
10;50;10;4;True;2000;1;0.25;0;0;0;0;0;501.7636568546295;1.9800262451171875;96697.98566427932;87884.66768020079;4778.626714711738;4034.65;[563.75, 657.75, 458.9, 485.75, 381.75, 269.75, 285.75, 351.75, 241.75, 337.75];416.0;[12, 17, 11, 3, 4, 6, 7, 10, 5, 7];14;82;False
10;50;10;5;True;2000;1;0.25;0;0;0;0;0;168.2896490097046;1.700474500656128;61609.583301484025;55758.14370864002;3594.3131929615483;2257.1;[235.81, 226.81, 197.81, 235.81, 218.81, 235.81, 235.81, 201.81, 232.81, 235.81];38.0;[3, 7, 7, 8, 6, 4, 5, 3, 7, 8];5;58;False
10;50;10;6;True;2000;1;0.25;0;0;0;0;0;206.81748986244202;1.404545783996582;66907.05833270904;61253.529622290574;3233.289991405924;2420.21;[197.4, 170.6, 242.83, 291.83, 237.83, 274.83, 291.83, 291.83, 220.83, 200.4];121.22999999999999;[2, 3, 8, 7, 7, 9, 5, 10, 5, 5];8;61;False
10;60;10;1;True;2000;1;0.25;0;0;0;0;0;237.88493061065674;2.032593011856079;82432.05332188589;75200.18803208243;4330.190069748173;2901.6700000000005;[309.13, 265.94, 270.94, 258.94, 309.13, 280.11, 303.11, 309.13, 286.11, 309.13];50.19;[11, 5, 6, 3, 9, 8, 8, 5, 7, 9];8;71;False
10;60;10;2;True;2000;1;0.25;0;0;0;0;0;624.9487524032593;2.405426025390625;115615.18293785864;105159.21469786139;6404.711709889758;4051.2200000000003;[456.58, 664.64, 704.64, 499.64, 255.61, 325.64, 266.61, 348.64, 238.61, 290.61];466.03;[10, 13, 13, 18, 4, 12, 9, 6, 6, 7];14;98;False
10;60;10;3;True;2000;1;0.25;0;0;0;0;0;290.1196994781494;2.0696353912353516;83127.24108664764;75486.39229929123;4496.734743924975;3144.12;[235.72, 319.31, 282.71, 368.32, 368.32, 302.67, 275.71, 261.72, 368.32, 361.32];132.6;[4, 9, 6, 5, 11, 7, 9, 7, 9, 8];7;75;False
10;60;10;4;True;2000;1;0.25;0;0;0;0;0;319.514687538147;1.9810705184936523;82361.31086176571;75030.94512096854;4267.552642228474;3062.7999999999997;[280.68, 416.68, 249.68, 246.68, 416.68, 255.68, 370.68, 295.68, 229.68, 300.68];187.0;[8, 10, 6, 5, 7, 9, 7, 8, 5, 6];5;71;False
10;60;10;5;True;2000;1;0.25;0;0;0;0;0;412.4837427139282;2.2735745906829834;88197.05368752738;80009.34038647411;4788.730780550277;3398.9500000000007;[407.07, 252.07, 230.32, 528.07, 273.07, 334.07, 300.07, 272.07, 528.07, 274.07];297.75000000000006;[7, 8, 9, 14, 9, 6, 4, 3, 11, 8];11;79;False
10;60;10;6;True;2000;1;0.25;0;0;0;0;0;276.2074031829834;2.171464204788208;87169.58638951243;79780.84234550367;4416.482062297202;2972.27;[246.77, 261.4, 347.78, 347.78, 263.4, 268.4, 306.78, 332.78, 314.78, 282.4];101.00999999999996;[4, 4, 9, 10, 8, 7, 7, 10, 7, 9];6;75;False
10;70;10;1;True;2000;1;0.25;0;0;0;0;0;289.0227048397064;2.6942098140716553;94368.33009659851;86068.89106585662;4920.114209917902;3379.2999999999993;[346.03, 303.03, 346.03, 308.03, 346.03, 346.03, 346.03, 346.03, 346.03, 346.03];43.0;[10, 4, 10, 5, 9, 7, 8, 8, 11, 9];7;81;False
10;70;10;2;True;2000;1;0.25;0;0;0;0;0;333.6587450504303;2.734999895095825;99493.34798582034;91121.93143256147;5079.8422014538455;3291.5699999999997;[316.87, 384.68, 314.87, 384.68, 299.87, 384.68, 300.87, 257.3, 274.07, 373.68];127.38;[7, 9, 6, 9, 11, 14, 8, 8, 7, 10];8;89;False
10;70;10;3;True;2000;1;0.25;0;0;0;0;0;409.8707869052887;2.8887550830841064;99582.74136342933;90802.08970165368;4945.402716151333;3835.2400000000002;[476.25, 406.63, 401.25, 394.8, 346.63, 312.8, 290.63, 476.25, 376.25, 353.75];185.62;[10, 9, 8, 8, 8, 8, 7, 12, 9, 10];5;89;False
10;70;10;4;True;2000;1;0.25;0;0;0;0;0;326.6224913597107;2.752561092376709;96686.3620916105;87974.87429155888;5396.906802888462;3314.5600000000004;[297.76, 381.76, 381.76, 378.76, 370.76, 305.76, 281.74, 304.76, 261.74, 349.76];120.01999999999998;[8, 11, 13, 7, 9, 9, 10, 6, 6, 5];8;84;False
10;70;10;5;True;2000;1;0.25;0;0;0;0;0;751.5071890354156;2.8923559188842773;124247.9077253317;112617.81145336042;6834.4501330839;4795.66;[747.99, 653.97, 419.9, 836.99, 339.97, 433.99, 453.99, 294.9, 307.99, 305.97];542.09;[11, 16, 10, 19, 7, 10, 11, 5, 6, 9];14;104;False
10;70;10;6;True;2000;1;0.25;0;0;0;0;0;223.49997067451477;2.281881093978882;87159.29855858545;80178.32672724359;4294.673769562057;2686.3;[271.23, 245.23, 271.23, 271.23, 271.23, 271.23, 271.23, 271.23, 271.23, 271.23];26.00000000000003;[5, 5, 5, 8, 10, 11, 6, 7, 9, 8];6;74;False
10;80;10;1;True;2000;1;0.25;0;0;0;0;0;316.69138741493225;3.119158983230591;102843.08082972358;94543.2663605081;4913.172601064759;3386.600000000001;[326.86, 305.86, 328.86, 348.86, 349.86, 349.86, 349.86, 349.86, 349.86, 326.86];44.0;[5, 7, 10, 8, 12, 11, 7, 11, 11, 7];7;89;False
10;80;10;2;True;2000;1;0.25;0;0;0;0;0;343.27532410621643;2.997905969619751;102921.78523646377;93925.51860267326;5808.052728420479;3188.2400000000002;[315.84, 372.84, 333.84, 359.84, 283.3, 372.84, 274.3, 247.3, 281.3, 346.84];125.53999999999996;[7, 8, 6, 16, 6, 13, 11, 7, 7, 9];10;90;False
10;80;10;3;True;2000;1;0.25;0;0;0;0;0;558.7627222537994;3.2896523475646973;118003.91761624988;107806.47271315444;6227.236977988894;3970.1800000000007;[371.9, 300.06, 595.15, 479.15, 376.15, 296.82, 276.06, 328.9, 595.15, 350.84];319.09;[9, 7, 14, 13, 7, 11, 9, 7, 12, 12];7;101;False
10;80;10;4;True;2000;1;0.25;0;0;0;0;0;374.0457842350006;3.1352756023406982;112395.67011254955;102470.34900800936;6379.923531199727;3545.4;[410.44, 410.44, 282.76, 315.12, 347.44, 324.12, 365.44, 410.44, 272.76, 406.44];137.68;[15, 12, 12, 6, 6, 9, 9, 11, 6, 8];9;94;False
10;80;10;5;True;2000;1;0.25;0;0;0;0;0;550.9367170333862;3.0083038806915283;115326.39234490991;105419.58642534218;6079.054861564595;3827.7999999999993;[425.68, 348.68, 300.68, 603.68, 320.68, 368.68, 603.68, 265.68, 284.68, 305.68];337.99999999999994;[8, 12, 8, 18, 9, 7, 15, 6, 8, 8];12;99;False
10;80;10;6;True;2000;1;0.25;0;0;0;0;0;613.846752166748;3.2752299308776855;132547.9068092302;121450.16470653508;6379.845595235062;4717.9;[590.93, 466.36, 507.07, 435.44, 373.26, 323.18, 325.18, 367.36, 664.56, 664.56];341.37999999999994;[7, 6, 16, 11, 10, 5, 8, 9, 20, 17];15;109;False
10;90;10;1;True;2000;1;0.25;0;0;0;0;0;369.534140586853;3.9325191974639893;121074.96732293474;111339.08313213814;6121.303119465075;3614.5999999999995;[357.16, 333.16, 371.16, 369.16, 371.16, 371.16, 346.16, 371.16, 371.16, 353.16];38.0;[5, 10, 14, 7, 9, 13, 9, 9, 16, 9];11;101;False
10;90;10;2;True;2000;1;0.25;0;0;0;0;0;614.4810366630554;4.235472679138184;140040.06756364353;128149.98878560377;7754.622681224683;4135.4800000000005;[450.8, 599.3, 427.74, 371.66, 349.68, 351.68, 362.51, 325.22, 297.59, 599.3];301.71;[10, 18, 10, 14, 10, 12, 12, 9, 9, 15];9;119;False
10;90;10;3;True;2000;1;0.25;0;0;0;0;0;924.4925401210785;4.776589870452881;161782.33908297686;148393.48624845818;7840.327561319335;5548.52;[627.8, 580.58, 434.8, 407.8, 862.69, 418.8, 350.9, 491.66, 510.8, 862.69];511.7900000000001;[12, 12, 13, 13, 21, 10, 10, 8, 10, 24];16;133;False
10;90;10;4;True;2000;1;0.25;0;0;0;0;0;466.3752586841583;3.6664798259735107;130844.04992444879;120109.98222065774;6972.078620275669;3762.0;[350.0, 456.0, 388.0, 308.0, 443.0, 316.0, 458.0, 458.0, 277.0, 308.0];181.0;[13, 11, 12, 8, 10, 11, 16, 12, 6, 9];10;108;False
10;90;10;5;True;2000;1;0.25;0;0;0;0;0;324.78115463256836;3.4893345832824707;111586.35032764064;102489.51590803723;5810.477712900046;3286.399999999999;[332.14, 332.14, 332.14, 332.14, 320.14, 332.14, 332.14, 309.14, 332.14, 332.14];23.0;[9, 11, 12, 13, 7, 9, 10, 8, 4, 14];10;97;False
10;90;10;6;True;2000;1;0.25;0;0;0;0;0;543.1916356086731;3.912109136581421;137826.78452764289;126923.12551643944;6663.252072083793;4240.4;[454.14, 426.14, 426.14, 541.14, 358.14, 446.14, 357.14, 363.14, 541.14, 327.14];214.0;[9, 6, 15, 14, 12, 9, 8, 11, 16, 11];10;111;False
10;100;10;1;True;2000;1;0.25;0;0;0;0;0;733.572104215622;4.9199378490448;156746.3914449637;144460.7351835759;7220.089976970333;5065.57;[658.88, 574.7, 528.02, 598.23, 520.2, 362.18, 369.04, 386.22, 403.22, 664.88];302.7;[17, 15, 13, 12, 12, 10, 5, 13, 15, 17];12;129;False
10;100;10;2;True;2000;1;0.25;0;0;0;0;0;405.01006865501404;4.242988586425781;129596.03145923406;118815.67509869167;7153.000529718856;3627.4000000000005;[383.76, 383.76, 383.76, 325.76, 383.76, 383.76, 301.56, 359.76, 337.76, 383.76];82.19999999999999;[10, 10, 10, 11, 12, 13, 13, 13, 8, 10];5;110;False
10;100;10;3;True;2000;1;0.25;0;0;0;0;0;890.2129805088043;4.65947151184082;161478.87162050194;147741.98775221832;8337.56909018725;5399.3099999999995;[614.16, 546.86, 614.89, 401.56, 439.56, 339.66, 386.66, 402.56, 826.7, 826.7];487.04;[8, 12, 18, 8, 14, 9, 15, 12, 17, 20];12;133;False
10;100;10;4;True;2000;1;0.25;0;0;0;0;0;420.7069432735443;4.80623984336853;137671.05484148127;126734.99830159011;7189.365960167643;3746.68;[384.44, 384.44, 357.44, 384.44, 384.44, 384.44, 384.44, 384.44, 329.72, 368.44];54.71999999999997;[14, 10, 8, 11, 11, 10, 14, 15, 8, 14];7;115;False
10;100;10;5;True;2000;1;0.25;0;0;0;0;0;380.325567483902;4.186487436294556;125556.00030322748;115345.2404726264;6659.621594518548;3551.100000000001;[357.11, 357.11, 357.11, 357.11, 357.11, 357.11, 357.11, 337.11, 357.11, 357.11];20.0;[9, 10, 12, 15, 10, 12, 12, 10, 10, 8];7;108;False
10;100;10;6;True;2000;1;0.25;0;0;0;0;0;359.0784318447113;4.204730749130249;131719.95858680102;122019.62055342186;6319.2824666148;3381.1000000000004;[342.01, 303.01, 342.01, 342.01, 342.01, 342.01, 342.01, 342.01, 342.01, 342.01];39.0;[6, 6, 10, 11, 15, 12, 11, 10, 15, 13];9;109;False
10;10;10;1;True;2000;1;0.3;0;0;0;0;0;354.44159603118896;0.6844823360443115;60427.894811391074;54402.78583663611;2995.351000792966;3029.7599999999998;[366.93, 404.93, 139.39, 99.93, 623.93, 104.93, 122.93, 623.93, 476.93, 65.93];558.0;[3, 6, 13, 1, 2, 14, 10, 1];13;50;False
10;10;10;2;True;2000;1;0.3;0;0;0;0;0;156.20965003967285;0.34261465072631836;30044.1964718811;26826.426844149326;1325.385662080403;1892.4;[254.79, 283.19, 187.66, 124.54, 111.54, 337.79, 98.7, 46.7, 109.7, 337.79];291.09000000000003;[4, 5, 3, 7, 2, 5];5;26;False
10;10;10;3;True;2000;1;0.3;0;0;0;0;0;48.578819036483765;0.1928236484527588;14667.059715905154;12939.486724815339;733.6698499707884;993.9;[93.49, 88.49, 111.49, 75.49, 111.49, 67.49, 111.49, 111.49, 111.49, 111.49];44.0;[1, 1, 1, 2, 1, 2, 1, 2, 3];2;14;False
10;10;10;4;True;2000;1;0.3;0;0;0;0;0;47.888280153274536;0.1384596824645996;14050.577944001721;12284.073846242314;742.7402594947388;1023.8000000000002;[75.57, 114.47, 52.47, 114.47, 114.47, 114.47, 114.47, 114.47, 94.47, 114.47];62.0;[4, 2, 2, 1, 1, 3];3;13;False
10;10;10;5;True;2000;1;0.3;0;0;0;0;0;331.44404888153076;0.7213375568389893;50630.41879890296;44861.71003027578;2513.416798753604;3255.2799999999993;[495.33, 457.66, 249.33, 493.66, 137.33, 572.66, 572.66, 84.33, 109.66, 82.66];490.0;[6, 8, 1, 8, 12, 10, 2, 2];11;49;False
10;10;10;6;True;2000;1;0.3;0;0;0;0;0;149.99351406097412;0.32273149490356445;28848.071508745925;25365.2911997956;1677.427417953226;1805.4;[188.24, 89.24, 142.24, 315.24, 125.24, 100.24, 315.24, 163.24, 299.24, 67.24];248.0;[2, 7, 2, 2, 6, 1, 4, 2];6;26;False
10;20;10;1;True;2000;1;0.3;0;0;0;0;0;538.0022537708282;1.1545934677124023;80682.34269470323;72025.49922101913;4203.422601991914;4453.4;[758.87, 430.22, 470.22, 575.87, 781.87, 393.87, 205.87, 270.87, 395.87, 169.87];612.0;[15, 7, 4, 6, 17, 3, 1, 4, 9, 2];16;68;False
10;20;10;2;True;2000;1;0.3;0;0;0;0;0;569.9556286334991;1.072908639907837;77815.90288122547;69483.77194913909;3971.1054520625016;4361.02;[568.54, 765.54, 491.51, 907.54, 655.54, 392.54, 152.51, 101.94, 114.82, 210.54];805.5999999999999;[6, 12, 7, 15, 8, 5, 2, 3, 2, 5];13;65;False
10;20;10;3;True;2000;1;0.3;0;0;0;0;0;777.931723356247;1.0743684768676758;96767.02997397736;86854.71463610756;4987.878311357426;4924.429999999999;[907.2, 652.82, 435.68, 209.4, 1189.69, 88.68, 156.31, 190.42, 262.2, 832.03];1101.01;[8, 7, 3, 1, 32, 2, 1, 3, 5, 18];31;80;False
10;20;10;4;True;2000;1;0.3;0;0;0;0;0;259.8067994117737;0.6782510280609131;54835.37109769837;49120.48549647437;2888.255068431867;2826.64;[306.09, 460.91, 285.09, 182.91, 202.91, 145.09, 460.91, 437.91, 181.91, 162.91];315.82000000000005;[4, 12, 4, 2, 2, 3, 8, 6, 2, 2];10;45;False
10;20;10;5;True;2000;1;0.3;0;0;0;0;0;153.48618578910828;0.4972808361053467;35395.02296031962;31429.761807732877;2101.4843478261187;1863.7999999999997;[96.58, 189.58, 108.58, 285.58, 138.58, 285.58, 251.58, 285.58, 104.58, 117.58];189.0;[2, 2, 3, 4, 2, 6, 4, 6, 3, 2];4;34;False
10;20;10;6;True;2000;1;0.3;0;0;0;0;0;503.6799373626709;1.2793512344360352;87403.7351843603;77842.47414941847;5115.784399509741;4445.5;[559.96, 321.4, 475.96, 682.96, 226.96, 323.96, 715.96, 715.96, 256.96, 165.42];550.5400000000001;[7, 4, 7, 16, 3, 7, 12, 14, 1, 6];15;77;False
10;30;10;1;True;2000;1;0.3;0;0;0;0;0;245.35138130187988;0.9866616725921631;57872.71621469467;51856.63771679335;3276.8843045980516;2739.1800000000003;[391.01, 264.19, 197.88, 195.31, 386.01, 294.03, 210.31, 181.31, 228.12, 391.01];209.7;[10, 4, 2, 1, 12, 6, 3, 4, 4, 6];11;52;False
10;30;10;2;True;2000;1;0.3;0;0;0;0;0;331.88206338882446;1.0867035388946533;68617.11310333291;61786.323083815645;3803.8339651103097;3026.9600000000005;[395.04, 495.55, 238.32, 175.77, 188.05, 495.55, 286.03, 123.05, 134.05, 495.55];372.5;[5, 15, 1, 6, 3, 9, 6, 4, 2, 11];14;62;False
10;30;10;3;True;2000;1;0.3;0;0;0;0;0;104.18719506263733;0.8676292896270752;39800.688331916346;35608.834759951074;2401.99177133674;1789.8999999999996;[169.09, 180.09, 180.09, 180.09, 180.09, 180.09, 180.09, 180.09, 180.09, 180.09];11.0;[2, 4, 4, 1, 3, 5, 7, 3, 4, 5];6;38;False
10;30;10;4;True;2000;1;0.3;0;0;0;0;0;108.5109612941742;0.9378142356872559;42439.19033589566;38398.734781551655;2164.061171797414;1876.3999999999999;[189.54, 189.54, 170.54, 189.54, 189.54, 189.54, 189.54, 189.54, 189.54, 189.54];19.0;[3, 5, 4, 4, 2, 6, 5, 2, 3, 5];4;39;False
10;30;10;5;True;2000;1;0.3;0;0;0;0;0;196.6353793144226;1.0593748092651367;54358.051449469756;49023.37470530093;2908.0245430374284;2426.6500000000005;[258.13, 312.13, 203.13, 285.13, 216.13, 312.13, 312.13, 169.74, 162.87, 195.13];149.26;[4, 8, 4, 5, 3, 6, 8, 3, 3, 5];5;49;False
10;30;10;6;True;2000;1;0.3;0;0;0;0;0;513.7176029682159;1.2948946952819824;87604.12250682352;79623.8682998589;4110.063455373498;3870.21;[435.48, 287.48, 226.48, 716.48, 255.48, 716.48, 259.48, 622.48, 201.48, 148.89];567.59;[4, 2, 2, 15, 7, 15, 6, 15, 4, 4];13;74;False
10;40;10;1;True;2000;1;0.3;0;0;0;0;0;183.70087504386902;1.1676814556121826;55417.605872541535;49984.80966931037;2924.5642941688197;2508.2;[287.06, 196.66, 287.06, 228.06, 287.06, 287.06, 266.06, 228.06, 232.06, 209.06];90.4;[8, 4, 8, 2, 8, 5, 4, 3, 6, 2];6;50;False
10;40;10;2;True;2000;1;0.3;0;0;0;0;0;273.5505645275116;1.4452011585235596;70353.75820580573;63737.651608792585;3741.85061061594;2874.25;[220.88, 401.27, 401.27, 246.5, 223.85, 380.27, 226.85, 177.88, 194.21, 401.27];223.39;[3, 12, 6, 5, 5, 8, 6, 6, 3, 8];9;62;False
10;40;10;3;True;2000;1;0.3;0;0;0;0;0;949.9468750953674;1.9373278617858887;129192.75749876157;116189.25232810798;6937.05096133278;6066.46;[938.87, 1057.24, 1170.9, 913.58, 496.81, 289.22, 188.23, 215.83, 270.88, 524.9];982.6700000000001;[8, 24, 25, 12, 6, 6, 6, 5, 3, 9];22;104;False
10;40;10;4;True;2000;1;0.3;0;0;0;0;0;255.2152819633484;1.4275412559509277;69393.78519616317;62595.75865116375;3805.0818999169824;2992.9;[365.79, 365.79, 304.79, 265.79, 269.79, 365.79, 365.79, 220.79, 206.79, 261.79];159.00000000000003;[11, 11, 4, 3, 4, 7, 8, 6, 4, 4];8;62;False
10;40;10;5;True;2000;1;0.3;0;0;0;0;0;215.14593601226807;1.5991437435150146;63168.97867133129;56682.37470749106;3814.1323125684207;2672.5;[308.75, 231.5, 198.5, 308.75, 212.5, 308.75, 240.5, 308.75, 279.75, 274.75];110.25;[4, 5, 6, 11, 4, 9, 6, 6, 4, 5];7;60;False
10;40;10;6;True;2000;1;0.3;0;0;0;0;0;160.7346692085266;1.0649702548980713;56947.2891722213;51424.212288867886;3168.698568403364;2354.36;[210.18, 162.18, 253.0, 253.0, 237.0, 246.0, 253.0, 253.0, 253.0, 234.0];90.82;[3, 3, 2, 7, 7, 7, 3, 6, 7, 5];5;50;False
10;50;10;1;True;2000;1;0.3;0;0;0;0;0;631.289867401123;2.206547975540161;117072.76909508485;106236.14015270857;5534.206654910949;5302.42;[742.69, 541.15, 466.34, 476.86, 703.24, 407.97, 324.19, 742.69, 279.6, 617.69];463.09000000000003;[18, 9, 6, 6, 19, 6, 7, 11, 4, 13];15;99;False
10;50;10;2;True;2000;1;0.3;0;0;0;0;0;623.4629707336426;1.9942920207977295;111114.47405946538;100703.99925696666;5828.9378964182;4581.5;[503.25, 717.25, 529.25, 748.25, 387.25, 748.25, 259.25, 206.25, 222.25, 260.25];542.0;[4, 12, 8, 21, 7, 19, 9, 4, 3, 6];18;93;False
10;50;10;3;True;2000;1;0.3;0;0;0;0;0;908.1005578041077;2.3883914947509766;128361.38244881111;115708.32937714049;6869.302694389313;5783.76;[810.61, 940.3, 641.3, 405.99, 686.3, 334.99, 1035.3, 259.37, 350.3, 319.3];775.93;[17, 19, 7, 4, 14, 6, 20, 6, 7, 10];16;110;False
10;50;10;4;True;2000;1;0.3;0;0;0;0;0;760.6333928108215;2.2233402729034424;124072.32348374334;112047.46046711448;6390.035303877439;5634.839999999999;[668.46, 893.49, 818.49, 515.49, 798.49, 343.46, 637.49, 306.49, 332.49, 320.49];587.0;[11, 19, 15, 7, 15, 7, 9, 5, 7, 8];14;103;False
10;50;10;5;True;2000;1;0.3;0;0;0;0;0;293.3068163394928;1.6386911869049072;72161.05526665064;65493.445011768374;3993.5236798284027;2674.06;[361.91, 260.91, 188.75, 403.91, 204.05, 237.91, 403.91, 175.75, 204.05, 232.91];228.16000000000003;[3, 8, 7, 10, 4, 7, 11, 4, 4, 8];8;66;False
10;50;10;6;True;2000;1;0.3;0;0;0;0;0;224.7616410255432;1.4027090072631836;72401.1562825126;65965.18445066299;3952.0824265273864;2483.86;[207.31, 172.87, 293.0, 313.0, 215.0, 313.0, 230.0, 313.0, 202.68, 224.0];140.13;[3, 3, 9, 5, 6, 10, 4, 11, 4, 9];8;64;False
10;60;10;1;True;2000;1;0.3;0;0;0;0;0;1484.1150727272034;3.3748230934143066;171815.2070290232;156446.3511678681;8187.525057680901;7181.359999999998;[1452.94, 1130.94, 1055.9, 647.94, 538.94, 393.94, 362.94, 378.94, 905.94, 312.94];1140.0;[35, 18, 17, 9, 10, 7, 5, 7, 23, 7];30;138;False
10;60;10;2;True;2000;1;0.3;0;0;0;0;0;2018.681572675705;3.767735242843628;229447.85055885842;208361.6193953688;10782.166814214454;10304.100000000002;[1588.11, 1321.11, 1613.11, 1480.11, 1129.11, 1547.11, 625.11, 391.11, 290.11, 319.11];1323.0;[30, 20, 31, 32, 10, 26, 7, 4, 6, 7];28;173;False
10;60;10;3;True;2000;1;0.3;0;0;0;0;0;506.90801763534546;2.6362240314483643;108607.39747457746;98071.56435438243;5833.358513494733;4702.47;[532.39, 471.26, 442.69, 435.71, 604.05, 334.48, 314.94, 358.85, 604.05, 604.05];289.10999999999996;[7, 11, 5, 6, 15, 8, 6, 8, 13, 15];10;94;False
10;60;10;4;True;2000;1;0.3;0;0;0;0;0;290.04041934013367;2.205367088317871;88928.98836411211;81311.84395933717;4564.7769923856695;3052.4;[299.84, 355.84, 355.84, 298.84, 355.84, 305.84, 355.84, 240.84, 219.84, 263.84];135.99999999999997;[7, 11, 7, 7, 4, 10, 10, 10, 5, 7];7;78;False
10;60;10;5;True;2000;1;0.3;0;0;0;0;0;495.3163344860077;2.3244218826293945;96800.28936227868;87639.52927177641;5207.1540859030365;3953.6;[495.46, 428.46, 320.46, 606.46, 311.46, 541.46, 472.46, 244.46, 265.46, 267.46];362.0;[11, 8, 8, 14, 6, 9, 13, 4, 6, 6];10;85;False
10;60;10;6;True;2000;1;0.3;0;0;0;0;0;702.7771995067596;2.5532877445220947;122909.45775589316;112056.31513610613;5969.617174653967;4883.499999999999;[617.65, 398.65, 333.65, 819.65, 293.65, 819.65, 291.65, 740.65, 312.65, 255.65];564.0;[7, 5, 4, 20, 8, 19, 6, 15, 9, 7];16;100;False
10;70;10;1;True;2000;1;0.3;0;0;0;0;0;510.5034718513489;2.9385340213775635;108047.44079467567;98320.36954499251;5673.661970391692;4053.41;[601.39, 433.6, 391.67, 318.18, 360.55, 327.45, 310.18, 371.55, 337.45, 601.39];291.21;[16, 6, 11, 4, 11, 7, 7, 5, 7, 18];14;92;False
10;70;10;2;True;2000;1;0.3;0;0;0;0;0;249.0746672153473;2.4457952976226807;85732.06312219932;78182.30548688315;4783.774256344592;2765.98;[287.48, 294.48, 294.48, 294.48, 248.45, 294.48, 263.45, 224.72, 269.48, 294.48];69.76000000000002;[6, 6, 7, 13, 7, 10, 8, 7, 7, 6];7;77;False
10;70;10;3;True;2000;1;0.3;0;0;0;0;0;738.0900545120239;3.738225221633911;144897.01613045344;132135.6359991291;6936.676545392916;5824.72;[748.71, 599.86, 601.86, 545.58, 591.53, 551.35, 549.38, 433.93, 453.81, 748.71];314.78000000000003;[13, 21, 11, 8, 10, 9, 11, 8, 9, 21];13;121;False
10;70;10;4;True;2000;1;0.3;0;0;0;0;0;863.6043355464935;3.1582553386688232;150564.2006646952;137189.77938636692;7615.5082842673155;5758.9400000000005;[814.27, 819.27, 624.35, 717.27, 543.27, 311.35, 867.27, 396.27, 258.35, 407.27];608.92;[14, 21, 13, 12, 7, 11, 20, 12, 5, 7];16;122;False
10;70;10;5;True;2000;1;0.3;0;0;0;0;0;377.0840606689453;2.666166305541992;97945.78540258484;89340.9913713635;5378.259786786734;3226.5;[435.57, 331.57, 253.13, 348.57, 282.13, 323.57, 435.57, 257.13, 276.13, 283.13];182.44;[9, 9, 8, 10, 6, 10, 14, 5, 7, 8];9;86;False
10;70;10;6;True;2000;1;0.3;0;0;0;0;0;318.6252956390381;2.5842647552490234;103259.68046387144;94928.55811564969;5134.454981293375;3196.7;[273.77, 267.77, 362.77, 362.77, 282.77, 362.77, 337.77, 362.77, 322.77, 260.77];102.0;[5, 6, 11, 11, 10, 9, 9, 11, 7, 6];6;85;False
10;80;10;1;True;2000;1;0.3;0;0;0;0;0;720.8211135864258;3.6272997856140137;139796.5549177022;128020.88550905141;7138.49849094207;4637.14;[541.52, 458.52, 501.52, 472.52, 543.52, 324.52, 361.52, 701.52, 446.52, 285.46];416.06;[11, 9, 16, 8, 13, 7, 11, 20, 12, 10];13;117;False
10;80;10;2;True;2000;1;0.3;0;0;0;0;0;1505.5823023319244;4.100007057189941;200245.62567423863;182908.18117011708;10247.203589165225;7090.2699999999995;[1166.2, 1286.2, 702.2, 1286.2, 618.2, 742.2, 358.2, 288.12, 298.55, 344.2];998.08;[22, 28, 9, 37, 10, 19, 12, 6, 6, 8];31;157;False
10;80;10;3;True;2000;1;0.3;0;0;0;0;0;1220.759691953659;4.125876188278198;175726.50896995008;161131.04070599377;7995.5139603587595;6599.95;[733.32, 921.82, 445.7, 341.43, 389.02, 331.43, 415.7, 813.27, 1042.47, 1165.79];834.3599999999999;[11, 20, 15, 7, 9, 8, 12, 13, 23, 25];18;143;False
10;80;10;4;True;2000;1;0.3;0;0;0;0;0;469.15970611572266;3.689363718032837;125702.68611183547;114785.58407331226;7006.861090409917;3910.2300000000005;[329.23, 451.88, 340.23, 369.34, 348.34, 371.34, 481.88, 481.88, 316.23, 419.88];165.64999999999998;[12, 13, 7, 9, 9, 12, 14, 15, 6, 9];9;106;False
10;80;10;5;True;2000;1;0.3;0;0;0;0;0;320.80188488960266;3.1832432746887207;106742.15729787748;97627.16032559372;5774.4295439316265;3340.56;[344.33, 328.33, 344.33, 344.33, 344.33, 344.33, 344.33, 316.33, 305.59, 324.33];38.74000000000001;[9, 11, 11, 11, 8, 6, 10, 9, 9, 11];5;95;False
10;80;10;6;True;2000;1;0.3;0;0;0;0;0;732.6675462722778;3.4600579738616943;141956.96588545726;130508.46594093411;6847.07807864467;4601.400000000001;[578.09, 534.84, 456.09, 393.09, 315.09, 579.09, 347.09, 343.09, 758.09, 296.84];461.25000000000006;[12, 9, 13, 9, 9, 13, 7, 11, 20, 10];13;113;False
10;90;10;1;True;2000;1;0.3;0;0;0;0;0;617.8421521186829;4.423502683639526;146233.5675511511;133935.13078884492;7520.1863187969175;4778.2300000000005;[492.72, 406.34, 523.31, 371.13, 586.21, 422.42, 586.21, 406.34, 397.34, 586.21];215.08000000000004;[10, 11, 16, 7, 12, 12, 14, 15, 10, 15];9;122;False
10;90;10;2;True;2000;1;0.3;0;0;0;0;0;896.9160554409027;4.116980791091919;164566.7725762204;150321.9190370465;8519.119097885208;5725.719999999998;[733.15, 807.15, 659.15, 727.15, 598.15, 807.15, 445.15, 284.37, 313.15, 351.15];522.78;[15, 19, 11, 17, 13, 25, 8, 8, 7, 11];18;134;False
10;90;10;3;True;2000;1;0.3;0;0;0;0;0;612.8233857154846;4.675753593444824;139413.20455013713;127800.23733024391;7136.832442519756;4476.160000000001;[415.75, 427.1, 588.64, 572.64, 377.55, 335.55, 337.1, 379.55, 588.64, 453.64];253.08999999999997;[12, 9, 21, 13, 13, 8, 8, 7, 18, 11];14;120;False
10;90;10;4;True;2000;1;0.3;0;0;0;0;0;699.243926525116;4.4213573932647705;151841.8363786548;138868.12519964218;8152.837764286488;4820.86;[445.9, 639.97, 388.03, 639.97, 362.28, 348.9, 613.97, 639.97, 314.9, 426.97];325.07000000000005;[15, 19, 7, 16, 4, 11, 14, 21, 7, 12];17;126;False
10;90;10;5;True;2000;1;0.3;0;0;0;0;0;404.57751083374023;4.053685426712036;125764.90509141685;115534.44901139829;6648.430387922245;3582.0000000000005;[353.9, 392.9, 332.9, 392.9, 331.9, 392.9, 392.9, 358.9, 319.9, 312.9];80.0;[8, 15, 12, 13, 7, 11, 16, 11, 7, 7];9;107;False
10;90;10;6;True;2000;1;0.3;0;0;0;0;0;767.0468029975891;4.167365312576294;153231.29771932607;140589.6660726053;7298.975570463884;5342.639999999999;[719.19, 638.93, 658.19, 539.19, 463.19, 404.19, 414.19, 743.19, 395.19, 367.19];376.00000000000006;[11, 12, 19, 13, 11, 10, 7, 21, 7, 10];14;121;False
10;100;10;1;True;2000;1;0.3;0;0;0;0;0;513.0664985179901;4.996323347091675;142507.8599408273;131271.64614201672;7174.037956229249;4062.2100000000005;[445.09, 348.4, 418.09, 372.09, 475.09, 475.09, 393.09, 388.09, 370.09, 377.09];126.69;[17, 8, 16, 7, 12, 14, 8, 9, 12, 16];10;119;False
10;100;10;2;True;2000;1;0.3;0;0;0;0;0;801.3837332725525;5.0834667682647705;173308.73048117774;159209.7862703256;9234.765415262738;4864.17;[443.45, 501.58, 348.68, 699.07, 403.21, 699.07, 359.68, 335.68, 374.68, 699.07];363.39000000000004;[13, 9, 5, 26, 14, 25, 11, 10, 9, 19];21;141;False
10;100;10;3;True;2000;1;0.3;0;0;0;0;0;2004.2234361171722;6.335648775100708;249252.17744616108;228982.719050177;11322.467349324983;8946.949999999999;[1360.12, 1225.54, 1024.6, 1269.12, 795.54, 590.61, 653.61, 487.61, 1032.6, 507.6];872.5099999999999;[32, 20, 23, 24, 19, 15, 10, 14, 22, 13];22;192;False
10;100;10;4;True;2000;1;0.3;0;0;0;0;0;719.2054040431976;4.541194677352905;159559.94307046686;146149.1282344251;8452.899224407884;4957.900000000001;[619.0, 593.03, 431.81, 642.0, 422.8, 393.38, 428.75, 411.75, 373.38, 642.0];268.62;[16, 14, 10, 17, 11, 13, 12, 11, 13, 13];7;130;False
10;100;10;5;True;2000;1;0.3;0;0;0;0;0;713.317453622818;4.511353254318237;152016.4505719415;139353.56591393016;8101.524530311279;4561.36;[647.25, 607.25, 467.25, 483.25, 357.87, 389.25, 647.25, 335.25, 300.87, 325.87];346.38;[17, 15, 16, 13, 6, 10, 18, 12, 8, 11];12;126;False
10;100;10;6;True;2000;1;0.3;0;0;0;0;0;517.0656867027283;5.297975540161133;149470.74900574703;138138.21210146765;7133.686585321195;4198.9;[381.19, 400.19, 441.19, 414.19, 400.19, 471.19, 471.19, 471.19, 388.19, 360.19];111.0;[7, 7, 15, 12, 14, 13, 14, 12, 14, 13];8;121;False
10;10;10;1;True;2000;1;0.35;0;0;0;0;0;456.87170910835266;1.0404696464538574;81487.82432391371;73601.48465901097;4119.917020909198;3766.4500000000003;[527.17, 683.17, 293.09, 430.17, 318.17, 683.17, 169.17, 359.17, 229.17, 74.0];609.17;[6, 17, 4, 3, 6, 17, 1, 7, 4, 2];16;67;False
10;10;10;2;True;2000;1;0.35;0;0;0;0;0;104.63695812225342;0.32501649856567383;23467.95109160584;20666.04697829529;1292.1095834534958;1509.8200000000002;[182.55, 205.96, 96.68, 121.09, 67.68, 226.96, 226.96, 44.68, 110.3, 226.96];182.28;[1, 4, 3, 1, 4, 4, 1, 4];3;22;False
10;10;10;3;True;2000;1;0.35;0;0;0;0;0;42.870835065841675;0.09499239921569824;11768.987360022486;10312.749738685734;556.4870369938475;899.74;[75.38, 74.38, 104.87, 74.38, 104.87, 46.38, 104.87, 104.87, 104.87, 104.87];58.49;[1, 1, 2, 1, 1, 1, 2, 2];1;11;False
10;10;10;4;True;2000;1;0.35;0;0;0;0;0;1030.8164236545563;1.570535659790039;131061.46028713485;118117.15216951868;6233.507581305064;6710.800000000001;[1271.17, 1151.55, 671.63, 439.31, 837.5, 192.53, 889.81, 352.72, 225.77, 678.81];1078.64;[23, 19, 4, 15, 3, 20, 5, 1, 13];22;103;False
10;10;10;5;True;2000;1;0.35;0;0;0;0;0;1019.4365854263306;1.6614010334014893;133752.7927729374;120414.08907563023;6480.902030294852;6857.789999999999;[1165.23, 939.03, 752.83, 1279.03, 1026.2, 588.87, 495.03, 157.81, 134.73, 319.03];1144.3;[21, 13, 6, 28, 17, 8, 5, 1, 7];27;106;False
10;10;10;6;True;2000;1;0.35;0;0;0;0;0;86.81220006942749;0.3036820888519287;20569.282170142713;18101.10308662953;1138.8952238218012;1329.24;[85.44, 40.86, 184.44, 184.44, 155.44, 99.44, 184.44, 184.44, 139.44, 70.86];143.57999999999998;[5, 4, 2, 2, 2, 3, 1, 2];4;21;False
10;20;10;1;True;2000;1;0.35;0;0;0;0;0;427.42963886260986;1.0330748558044434;77065.90411379866;69466.14447620868;3799.0622013558173;3800.6799999999994;[647.06, 378.58, 226.98, 155.83, 647.06, 171.93, 492.06, 231.06, 647.06, 203.06];491.2299999999999;[14, 4, 2, 1, 10, 4, 10, 1, 14, 3];13;63;False
10;20;10;2;True;2000;1;0.35;0;0;0;0;0;307.6163880825043;1.0812242031097412;68738.4660899195;62115.65875125507;3319.5064236118396;3303.2799999999997;[366.96, 350.3, 274.96, 470.3, 470.3, 470.3, 289.78, 252.96, 159.96, 197.46];310.34000000000003;[4, 7, 1, 14, 9, 8, 3, 4, 3, 5];13;58;False
10;20;10;3;True;2000;1;0.35;0;0;0;0;0;367.2654435634613;1.0986871719360352;72801.20553264895;65205.83190138788;3970.5925126136685;3624.78;[438.98, 371.39, 317.97, 277.97, 385.63, 177.98, 180.97, 578.63, 578.63, 316.63];400.65;[5, 4, 7, 2, 9, 3, 1, 13, 10, 6];12;60;False
10;20;10;4;True;2000;1;0.35;0;0;0;0;0;1126.8411979675293;1.703200340270996;140349.6488216305;126314.55264316493;7659.386533902767;6375.74;[1165.73, 1372.16, 1121.73, 643.16, 457.16, 861.16, 203.16, 202.16, 183.16, 166.16];1206.0;[23, 30, 21, 5, 3, 19, 4, 3, 2, 3];28;113;False
10;20;10;5;True;2000;1;0.35;0;0;0;0;0;184.13593125343323;0.7341437339782715;45949.99471118667;41490.103511366164;2321.7476450627114;2138.1000000000004;[144.41, 213.41, 152.41, 315.41, 125.41, 315.41, 255.41, 315.41, 152.41, 148.41];190.00000000000003;[3, 7, 4, 8, 1, 4, 3, 7, 4, 1];7;42;False
10;20;10;6;True;2000;1;0.35;0;0;0;0;0;1624.823005914688;2.4088900089263916;196685.8234551846;178482.30105750464;9531.620381259505;8671.91;[1407.21, 1296.45, 1286.21, 994.21, 913.21, 376.21, 1645.21, 437.21, 213.21, 102.78];1542.43;[22, 22, 21, 18, 15, 4, 30, 9, 3, 5];27;149;False
10;30;10;1;True;2000;1;0.35;0;0;0;0;0;537.9351096153259;1.3671011924743652;89696.43638179975;80136.42398844133;4944.231985677808;4615.82;[730.69, 412.63, 485.63, 609.7, 757.69, 478.7, 337.7, 328.69, 241.69, 232.7];524.99;[16, 9, 8, 7, 19, 5, 3, 2, 4, 3];17;76;False
10;30;10;2;True;2000;1;0.35;0;0;0;0;0;181.53560662269592;0.965301513671875;53271.290459102944;47841.7708230644;3184.124995990827;2245.39;[202.42, 228.42, 174.42, 184.42, 285.82, 285.82, 285.82, 138.01, 174.42, 285.82];147.81;[2, 5, 1, 5, 9, 8, 7, 4, 3, 5];8;49;False
10;30;10;3;True;2000;1;0.35;0;0;0;0;0;113.1421492099762;0.8619904518127441;42185.20340732958;37929.02682739297;2329.690746721296;1926.5099999999998;[172.86, 194.85, 194.85, 194.85, 194.85, 194.85, 194.85, 194.85, 194.85, 194.85];21.98999999999998;[3, 3, 4, 2, 4, 4, 7, 4, 3, 5];5;39;False
10;30;10;4;True;2000;1;0.35;0;0;0;0;0;311.6318528652191;1.179643154144287;69169.8637859729;62688.27884795237;3466.657984227654;3014.9600000000005;[320.01, 468.01, 169.44, 208.01, 340.01, 189.01, 468.01, 203.01, 468.01, 181.44];298.57;[3, 12, 4, 1, 4, 5, 12, 5, 8, 4];11;58;False
10;30;10;5;True;2000;1;0.35;0;0;0;0;0;483.92002534866333;1.4315378665924072;90338.95883228158;81504.64522841336;4677.619750945223;4156.659999999999;[558.24, 490.37, 596.24, 664.24, 284.24, 664.24, 329.24, 211.24, 169.37, 189.24];494.87;[8, 8, 12, 14, 1, 16, 7, 3, 4, 4];15;77;False
10;30;10;6;True;2000;1;0.35;0;0;0;0;0;304.0550239086151;1.2006094455718994;71084.98891241281;64194.94474524932;3483.621719845843;3406.3900000000003;[369.0, 270.97, 333.0, 442.0, 442.0, 315.0, 193.0, 442.0, 429.0, 170.42];271.58000000000004;[7, 4, 5, 8, 8, 8, 2, 8, 7, 4];6;61;False
10;40;10;1;True;2000;1;0.35;0;0;0;0;0;315.8160390853882;1.7481937408447266;81500.22257829228;73727.99493326513;4264.174490397212;3508.0499999999997;[440.19, 361.3, 334.47, 267.09, 262.0, 440.19, 249.0, 298.43, 415.19, 440.19];191.19;[9, 5, 7, 3, 6, 7, 5, 6, 10, 12];9;70;False
10;40;10;2;True;2000;1;0.35;0;0;0;0;0;2000.91645693779;3.2129271030426025;215352.47681583004;195465.9859180519;9938.234820852307;9948.240000000002;[1614.88, 1526.62, 1201.88, 1786.62, 787.62, 1393.62, 492.62, 435.39, 366.62, 342.37];1444.25;[33, 18, 12, 39, 6, 30, 7, 5, 7, 5];34;162;False
10;40;10;3;True;2000;1;0.35;0;0;0;0;0;289.300395488739;1.8571374416351318;76383.66002421852;69167.5532878573;3933.2270077094176;3282.879999999999;[308.03, 284.01, 278.01, 280.96, 299.01, 278.01, 415.28, 309.01, 415.28, 415.28];137.26999999999998;[5, 4, 6, 2, 7, 6, 11, 6, 8, 12];10;67;False
10;40;10;4;True;2000;1;0.35;0;0;0;0;0;1662.9090230464935;2.7952322959899902;191383.1833572266;172943.39167223123;9693.21383163832;8746.560000000001;[1389.48, 1449.44, 1422.71, 992.26, 827.93, 660.6, 313.6, 786.97, 226.6, 676.97];1222.8400000000001;[28, 29, 21, 8, 10, 11, 6, 16, 5, 15];24;149;False
10;40;10;5;True;2000;1;0.35;0;0;0;0;0;2007.6826252937317;3.0925650596618652;215346.37084364242;196632.09864676849;9232.54334798936;9481.699999999997;[1743.97, 1732.97, 1486.97, 1237.97, 1092.97, 1177.97, 360.97, 192.97, 245.97, 208.97];1551.0;[25, 35, 30, 16, 12, 26, 6, 3, 5, 5];32;163;False
10;40;10;6;True;2000;1;0.35;0;0;0;0;0;2018.2090542316437;2.8630354404449463;217791.5123834668;198038.8121816683;10165.96410009482;9586.700000000003;[1864.87, 1635.87, 1578.87, 1620.87, 1028.87, 636.87, 318.87, 484.87, 239.87, 176.87];1688.0;[41, 35, 22, 22, 10, 6, 3, 11, 4, 8];38;162;False
10;50;10;1;True;2000;1;0.35;0;0;0;0;0;215.07618856430054;2.0188381671905518;73387.88121396759;66911.35158189325;3806.023331799303;2670.4900000000002;[289.04, 222.91, 244.65, 265.04, 289.04, 289.04, 253.65, 263.04, 265.04, 289.04];66.13000000000002;[9, 4, 7, 2, 11, 9, 4, 6, 7, 7];9;66;False
10;50;10;2;True;2000;1;0.35;0;0;0;0;0;428.4860026836395;2.0912249088287354;93607.83555665675;84635.45643535948;5369.405495005336;3602.9900000000002;[275.6, 528.57, 272.57, 528.57, 226.7, 332.57, 386.57, 528.57, 247.7, 275.57];301.87000000000006;[4, 13, 5, 14, 4, 10, 10, 12, 5, 6];10;83;False
10;50;10;3;True;2000;1;0.35;0;0;0;0;0;2038.127390384674;3.3149795532226562;218479.0910597131;199010.33989263474;9504.194724093764;9964.53;[1707.4, 1632.4, 1615.4, 1042.56, 726.29, 454.56, 309.56, 268.56, 1842.4, 365.4];1573.8400000000001;[32, 28, 28, 10, 9, 5, 5, 4, 38, 8];34;167;False
10;50;10;4;True;2000;1;0.35;0;0;0;0;0;1637.0463995933533;3.3127734661102295;204825.19339936215;186996.16221569592;9058.19735518562;8770.849999999999;[1241.32, 1558.14, 1232.37, 1060.54, 725.52, 493.61, 336.45, 302.38, 262.38, 1558.14];1295.7600000000002;[15, 29, 25, 18, 9, 8, 6, 8, 6, 33];27;157;False
10;50;10;5;True;2000;1;0.35;0;0;0;0;0;1337.533578157425;2.7637035846710205;171849.2141923486;156350.1200857816;8369.576109474045;7129.55;[1264.71, 1194.71, 777.71, 844.71, 402.71, 606.71, 1378.71, 204.16, 207.71, 247.71];1174.55;[19, 22, 12, 15, 3, 10, 36, 3, 4, 9];33;133;False
10;50;10;6;True;2000;1;0.35;0;0;0;0;0;308.4780156612396;1.7661607265472412;86354.48330323205;79073.33510210528;4187.535384844427;3093.6;[229.66, 215.66, 386.66, 319.66, 386.66, 386.66, 264.66, 386.66, 279.66, 237.66];171.00000000000003;[3, 3, 9, 5, 8, 17, 5, 12, 5, 8];14;75;False
10;60;10;1;True;2000;1;0.35;0;0;0;0;0;387.481995344162;2.0185086727142334;91946.35658504273;83379.89546145876;4904.782575221418;3661.7000000000003;[473.65, 404.25, 405.65, 392.65, 473.65, 346.65, 313.25, 278.65, 272.65, 300.65];201.0;[15, 5, 12, 6, 13, 5, 4, 5, 8, 8];11;81;False
10;60;10;2;True;2000;1;0.35;0;0;0;0;0;274.7564001083374;2.46209454536438;86518.3041911596;78481.98416462351;4976.457812194085;3059.87;[258.18, 340.85, 272.46, 340.85, 336.85, 340.85, 297.46, 232.06, 299.46, 340.85];108.79000000000002;[5, 7, 4, 11, 8, 10, 7, 5, 8, 10];7;75;False
10;60;10;3;True;2000;1;0.35;0;0;0;0;0;611.3290405273438;2.721672296524048;124125.33109120844;113611.65230902123;6025.0101593892105;4488.7;[664.37, 584.37, 520.37, 398.37, 313.37, 258.37, 536.37, 277.37, 664.37, 271.37];406.0;[15, 15, 8, 6, 9, 7, 11, 5, 16, 10];11;102;False
10;60;10;4;True;2000;1;0.35;0;0;0;0;0;264.38071632385254;2.3065028190612793;87201.12703959997;79563.12375910128;4547.415833964337;3090.600000000001;[328.36, 305.36, 328.36, 328.36, 328.36, 271.36, 295.36, 328.36, 248.36, 328.36];80.0;[12, 7, 5, 4, 8, 9, 7, 9, 8, 6];8;75;False
10;60;10;5;True;2000;1;0.35;0;0;0;0;0;1424.5894446372986;3.528993844985962;184950.6887170279;167669.12236000889;8948.760260631385;8332.800000000001;[1164.18, 1007.18, 979.18, 1263.18, 1263.18, 672.18, 958.18, 386.18, 306.18, 333.18];957.0;[22, 20, 13, 23, 21, 7, 21, 7, 5, 6];18;145;False
10;60;10;6;True;2000;1;0.35;0;0;0;0;0;1740.9099957942963;3.5034520626068115;209554.90448804997;190566.53778430872;10635.090520088275;8353.28;[1330.78, 988.96, 1025.68, 608.68, 416.68, 488.68, 284.78, 1556.68, 1369.68, 282.68];1274.0;[23, 13, 18, 9, 7, 8, 6, 43, 23, 11];37;161;False
10;70;10;1;True;2000;1;0.35;0;0;0;0;0;599.2218954563141;3.1124606132507324;125862.74014567642;114568.00680526531;6724.1313678342785;4570.639999999999;[602.23, 386.2, 403.43, 379.23, 637.23, 517.23, 286.2, 637.23, 356.43, 365.23];351.03000000000003;[13, 5, 7, 5, 17, 13, 7, 18, 11, 9];13;105;False
10;70;10;2;True;2000;1;0.35;0;0;0;0;0;656.2643904685974;3.235740900039673;135261.76780801386;123551.51509037809;6917.6208799726965;4792.64;[652.21, 546.21, 499.21, 457.21, 652.21, 652.21, 389.21, 369.21, 283.75, 291.21];368.46000000000004;[13, 7, 10, 14, 20, 20, 9, 9, 8, 6];14;116;False
10;70;10;3;True;2000;1;0.35;0;0;0;0;0;1393.1119842529297;3.7882730960845947;181585.43976132513;165203.05088391283;9254.140450598366;7128.259999999999;[855.56, 785.56, 1044.56, 1291.56, 700.56, 393.39, 326.39, 879.56, 518.56, 332.56];965.17;[11, 14, 21, 35, 14, 6, 9, 13, 13, 10];29;146;False
10;70;10;4;True;2000;1;0.35;0;0;0;0;0;651.5218505859375;3.199073314666748;136277.80055477607;124090.77819183105;7493.90052668861;4693.15;[491.63, 661.2, 661.2, 557.63, 443.2, 324.63, 638.2, 304.63, 271.63, 339.2];389.57000000000005;[9, 18, 18, 12, 9, 8, 11, 9, 9, 7];11;110;False
10;70;10;5;True;2000;1;0.35;0;0;0;0;0;859.6033852100372;3.2444372177124023;147371.2962785055;134034.88302627642;7713.441457302842;5622.9800000000005;[796.96, 665.96, 495.65, 833.96, 693.96, 823.96, 400.96, 338.96, 268.65, 303.96];565.3100000000001;[18, 13, 10, 22, 11, 16, 9, 8, 7, 9];15;123;False
10;70;10;6;True;2000;1;0.35;0;0;0;0;0;769.7818415164948;3.088200330734253;147144.70615265763;134525.44550528112;7576.165475036331;5043.0999999999985;[484.43, 509.43, 755.28, 755.28, 366.28, 374.28, 322.28, 755.28, 458.28, 262.28];493.0;[8, 6, 22, 22, 8, 6, 9, 17, 13, 8];16;119;False
10;80;10;1;True;2000;1;0.35;0;0;0;0;0;399.50862073898315;3.424560546875;112128.75618634779;102982.79519770214;5524.922557090628;3621.0199999999995;[309.83, 278.83, 317.21, 320.21, 410.49, 426.49, 426.49, 426.49, 340.49, 364.49];147.66000000000003;[6, 5, 7, 5, 12, 15, 9, 14, 10, 13];10;96;False
10;80;10;2;True;2000;1;0.35;0;0;0;0;0;379.2761871814728;3.4555747509002686;108328.41128059514;98823.12066236345;5845.961057514629;3659.37;[403.69, 403.69, 361.69, 370.69, 366.69, 403.69, 349.69, 305.16, 321.69, 372.69];98.52999999999997;[8, 10, 8, 12, 8, 13, 9, 7, 9, 11];6;95;False
10;80;10;3;True;2000;1;0.35;0;0;0;0;0;1300.9597067832947;4.494413137435913;190701.04381232001;174680.31327366404;9217.698369705995;6803.009999999999;[916.41, 1018.41, 1098.41, 603.41, 745.41, 349.32, 365.41, 937.41, 425.41, 343.41];755.0;[16, 24, 29, 13, 19, 9, 7, 16, 12, 9];22;154;False
10;80;10;4;True;2000;1;0.35;0;0;0;0;0;1421.6926186084747;4.218566179275513;202590.53723189933;184524.56879624448;10453.8028813569;7612.149999999998;[1052.43, 1006.73, 732.99, 660.99, 541.53, 457.95, 1187.11, 1033.11, 305.2, 634.11];881.9099999999999;[22, 19, 11, 7, 9, 14, 31, 22, 8, 16];24;159;False
10;80;10;5;True;2000;1;0.35;0;0;0;0;0;2002.0296065807343;5.087639808654785;250204.29196438662;229373.38855360242;11672.79993430805;9158.1;[1365.11, 1332.11, 1005.11, 1457.11, 934.11, 1217.11, 665.11, 387.11, 435.11, 360.11];1097.0;[20, 24, 18, 37, 15, 42, 11, 8, 10, 10];34;195;False
10;80;10;6;True;2000;1;0.35;0;0;0;0;0;1031.8913552761078;4.372746229171753;186970.08004981105;170799.43775761136;9516.729156950638;6653.92;[888.66, 750.2, 832.66, 888.66, 829.66, 526.66, 476.55, 541.66, 513.66, 405.55];483.10999999999996;[19, 13, 21, 22, 18, 9, 12, 13, 11, 9];13;147;False
10;90;10;1;True;2000;1;0.35;0;0;0;0;0;479.39270186424255;4.612433433532715;134781.3125337151;124266.69330804853;6440.773388259957;4073.8099999999995;[387.91, 350.62, 373.91, 374.91, 448.91, 454.91, 454.91, 386.91, 454.91, 385.91];104.29000000000002;[11, 6, 12, 8, 11, 13, 14, 13, 14, 11];8;113;False
10;90;10;2;True;2000;1;0.35;0;0;0;0;0;2008.09743309021;5.125295877456665;244117.16678240415;222960.46917848827;11942.0059023877;9214.7;[1332.6, 1391.42, 1268.71, 723.45, 751.34, 1082.14, 386.66, 327.87, 403.16, 1547.35];1219.48;[20, 24, 22, 17, 13, 30, 11, 7, 9, 33];26;186;False
10;90;10;3;True;2000;1;0.35;0;0;0;0;0;1125.0659172534943;5.096296072006226;180784.17200318511;165979.71414665083;8327.96011296315;6476.530000000001;[842.74, 948.06, 1019.72, 608.56, 450.01, 380.46, 364.46, 422.34, 420.46, 1019.72];655.26;[14, 22, 22, 10, 14, 9, 9, 11, 10, 25];16;146;False
10;90;10;4;True;2000;1;0.35;0;0;0;0;0;863.3655297756195;4.572464466094971;167205.67854582786;153566.12346899486;8317.925210935005;5321.610000000001;[644.51, 751.51, 544.51, 454.51, 580.51, 441.51, 716.51, 507.51, 310.02, 370.51];441.49;[23, 20, 10, 9, 14, 11, 17, 16, 6, 10];17;136;False
10;90;10;5;True;2000;1;0.35;0;0;0;0;0;2009.96435213089;5.91562819480896;243251.71308130177;222961.23314674702;11409.622147121772;8880.860000000002;[1352.06, 1490.06, 1313.06, 1213.37, 611.91, 527.85, 1217.06, 325.27, 353.85, 476.37];1164.79;[25, 36, 27, 26, 7, 12, 24, 12, 6, 14];30;189;False
10;90;10;6;True;2000;1;0.35;0;0;0;0;0;1876.2715961933136;5.410376071929932;247516.47148666446;227176.75435332692;11240.635839104392;9099.099999999999;[1163.31, 1219.31, 1010.31, 1282.31, 1073.31, 606.31, 491.31, 553.31, 1364.31, 335.31];1029.0;[12, 17, 20, 44, 20, 6, 9, 14, 34, 11];38;187;False
10;100;10;1;True;2000;1;0.35;0;0;0;0;0;1694.7440111637115;6.111096382141113;243463.4105129246;224620.0847818083;11163.091637418613;7680.219999999999;[1171.16, 913.99, 1182.16, 852.99, 708.16, 1241.16, 365.75, 400.99, 435.16, 408.7];875.4100000000001;[25, 23, 30, 18, 16, 33, 5, 9, 13, 14];28;186;False
10;100;10;2;True;2000;1;0.35;0;0;0;0;0;2012.5596144199371;5.662302494049072;260791.94563564958;239008.02759346232;13073.03758946584;8710.89;[1134.6, 989.86, 747.72, 1010.36, 550.04, 1462.37, 604.66, 448.42, 401.49, 1361.37];1060.8799999999999;[20, 14, 15, 26, 11, 41, 16, 12, 9, 36];32;200;False
10;100;10;3;True;2000;1;0.35;0;0;0;0;0;910.2794604301453;5.660954713821411;180245.73997438958;165589.4864844197;8980.699432383606;5675.549999999999;[640.88, 763.62, 588.84, 487.1, 435.79, 438.79, 394.54, 406.75, 755.62, 763.62];369.08;[14, 27, 15, 14, 13, 10, 9, 11, 14, 21];18;148;False
10;100;10;4;True;2000;1;0.35;0;0;0;0;0;2004.5973134040833;5.972937345504761;249604.7313763689;228259.32212192783;12604.89224773718;8740.5;[1219.05, 1273.05, 1183.05, 954.05, 955.05, 907.05, 917.05, 617.05, 351.05, 364.05];922.0;[31, 27, 22, 14, 17, 18, 23, 20, 6, 12];25;190;False
10;100;10;5;True;2000;1;0.35;0;0;0;0;0;917.2488327026367;5.088669300079346;179999.1974230346;165237.89961049045;9063.973178259714;5697.330000000001;[704.97, 768.68, 667.13, 513.13, 396.81, 413.34, 741.68, 380.57, 411.34, 699.68];388.10999999999996;[20, 21, 16, 10, 9, 12, 22, 11, 8, 17];14;146;False
10;100;10;6;True;2000;1;0.35;0;0;0;0;0;729.1361203193665;4.885775566101074;165843.0122068345;152758.3276606894;8100.901199568514;4983.79;[428.99, 381.99, 627.58, 462.58, 400.65, 583.58, 627.58, 627.58, 434.58, 408.68];245.59000000000003;[6, 8, 20, 10, 12, 17, 17, 16, 13, 12];14;131;False
10;10;10;1;True;2000;1;0.4;0;0;0;0;0;505.55474185943604;1.1902823448181152;85918.08342840802;76860.10284840252;4585.317123527559;4472.7;[521.67, 715.67, 456.67, 366.67, 356.67, 333.67, 194.67, 715.67, 715.67, 95.67];620.0;[3, 17, 4, 3, 4, 4, 1, 17, 19, 1];18;73;False
10;10;10;2;True;2000;1;0.4;0;0;0;0;0;547.9158341884613;1.0878689289093018;84807.12986481753;76467.95827115458;3825.091985128666;4514.08;[622.39, 664.63, 294.2, 463.2, 137.79, 720.32, 848.32, 49.97, 134.94, 578.32];798.35;[8, 8, 1, 8, 1, 13, 21, 3, 8];20;71;False
10;10;10;3;True;2000;1;0.4;0;0;0;0;0;2003.0864055156708;2.838797092437744;231769.4096076127;209357.85081889073;11728.88828317882;10682.67;[1828.11, 1752.34, 1615.14, 1142.13, 1158.9, 556.65, 886.86, 801.31, 292.08, 649.15];1536.03;[33, 32, 25, 18, 18, 3, 15, 13, 2, 12];31;171;False
10;10;10;4;True;2000;1;0.4;0;0;0;0;0;1557.9404425621033;1.9979948997497559;184495.90927890822;167642.53348847257;8821.225703602498;8032.16;[1292.38, 1577.9, 1158.68, 1770.9, 631.58, 566.58, 253.08, 207.08, 125.58, 448.4];1645.3200000000002;[19, 31, 19, 38, 8, 8, 1, 3, 1, 10];37;138;False
10;10;10;5;True;2000;1;0.4;0;0;0;0;0;2005.976351261139;2.752027988433838;232273.68939050828;210655.09554825485;11501.393637491783;10117.22;[1574.47, 1464.29, 1391.47, 1427.29, 1223.07, 1304.89, 302.64, 108.64, 1050.69, 269.77];1465.83;[28, 22, 20, 25, 22, 25, 2, 1, 24, 5];27;174;False
10;10;10;6;True;2000;1;0.4;0;0;0;0;0;1211.5411183834076;2.1205551624298096;171007.44401731293;155017.33675707926;8673.976037373952;7316.120000000002;[786.97, 720.23, 1126.97, 1295.97, 461.97, 775.97, 513.97, 1295.97, 211.97, 126.13];1169.8400000000001;[10, 10, 24, 34, 5, 15, 5, 23, 2, 2];32;130;False
10;20;10;1;True;2000;1;0.4;0;0;0;0;0;76.24349045753479;0.4396204948425293;28982.81103014231;25712.047564823082;1778.566195853416;1492.2;[149.72, 144.72, 149.72, 149.72, 149.72, 149.72, 149.72, 149.72, 149.72, 149.72];5.0;[4, 3, 3, 1, 6, 3, 1, 1, 3, 2];5;27;False
10;20;10;2;True;2000;1;0.4;0;0;0;0;0;2001.9674100875854;2.846775770187378;227674.0133935247;207000.41510076984;10380.674131260454;10292.91;[1609.08, 1604.61, 1349.62, 1354.5, 854.21, 1674.61, 743.91, 294.1, 188.59, 619.68];1486.02;[37, 30, 13, 23, 10, 34, 4, 3, 3, 10];34;167;False
10;20;10;3;True;2000;1;0.4;0;0;0;0;0;653.5353140830994;1.5510079860687256;109643.28199594619;97604.66328442577;6030.281839287359;6008.330000000001;[902.71, 829.58, 624.67, 669.21, 572.0, 449.57, 372.58, 408.0, 277.3, 902.71];625.4100000000001;[16, 13, 10, 6, 6, 7, 6, 3, 5, 17];14;89;False
10;20;10;4;True;2000;1;0.4;0;0;0;0;0;1337.9657306671143;2.428560256958008;185273.68659129654;167807.3435959195;8270.881953964008;9195.46;[1255.2, 1502.22, 991.48, 858.98, 1179.0, 718.98, 744.28, 346.86, 372.24, 1226.22];1155.3600000000001;[22, 34, 14, 8, 15, 10, 7, 3, 2, 24];32;139;False
10;20;10;5;True;2000;1;0.4;0;0;0;0;0;2001.6475431919098;2.8502204418182373;221159.64761798334;200880.99727323314;10236.574979432156;10042.099999999999;[1650.71, 1408.71, 1457.71, 1439.71, 936.71, 573.71, 1181.71, 1105.71, 177.71, 109.71];1541.0;[28, 27, 24, 22, 11, 10, 20, 22, 3, 2];26;169;False
10;20;10;6;True;2000;1;0.4;0;0;0;0;0;72.34510970115662;0.4763193130493164;26970.78306558521;24293.86158139813;1359.8283170579828;1317.0500000000002;[123.7, 95.75, 141.7, 141.7, 141.7, 141.7, 141.7, 141.7, 141.7, 105.7];45.94999999999999;[1, 1, 2, 3, 2, 4, 3, 3, 3, 4];3;26;False
10;30;10;1;True;2000;1;0.4;0;0;0;0;0;1985.8082163333893;3.184677839279175;238098.01788101962;217196.82120523404;10621.094241224297;10280.1;[1587.39, 1422.65, 1487.43, 1482.43, 1220.39, 827.43, 567.39, 414.65, 851.17, 419.17];1172.7400000000002;[36, 21, 25, 31, 15, 10, 9, 4, 19, 7];32;177;False
10;30;10;2;True;2000;1;0.4;0;0;0;0;0;723.0654122829437;1.862121820449829;125832.56615772302;112877.09941799073;6994.145971097882;5961.32;[743.32, 614.29, 759.3, 677.33, 473.65, 918.48, 506.78, 174.74, 175.95, 917.48];743.74;[10, 9, 15, 10, 6, 17, 6, 4, 4, 22];18;103;False
10;30;10;3;True;2000;1;0.4;0;0;0;0;0;2010.125408411026;3.346615791320801;230364.78506990106;209169.46276181957;10558.820483174468;10636.480000000001;[1487.43, 1368.55, 1686.85, 1464.85, 1318.85, 569.55, 469.85, 266.85, 1736.85, 266.85];1470.0;[22, 19, 35, 27, 20, 5, 8, 4, 30, 4];31;174;False
10;30;10;4;True;2000;1;0.4;0;0;0;0;0;219.88168287277222;1.098280668258667;58086.8298417022;52987.05332196996;2656.4209518513453;2443.36;[184.24, 261.94, 168.24, 203.41, 235.94, 178.24, 348.87, 298.2, 204.41, 359.87];191.63;[4, 4, 3, 4, 4, 6, 7, 7, 2, 10];8;51;False
10;30;10;5;True;2000;1;0.4;0;0;0;0;0;104.37816977500916;0.8145852088928223;40968.40208247952;36862.9286734533;2413.0781500623575;1692.4;[177.74, 177.74, 177.74, 177.74, 140.74, 177.74, 177.74, 139.74, 175.74, 169.74];38.0;[4, 3, 5, 5, 2, 4, 4, 3, 4, 5];3;39;False
10;30;10;6;True;2000;1;0.4;0;0;0;0;0;413.11912846565247;1.387618064880371;89943.7156155057;81277.45477780577;4810.882176086601;3855.3400000000006;[550.94, 440.94, 356.94, 550.94, 335.94, 279.94, 211.94, 550.94, 425.94, 150.88];400.06000000000006;[17, 7, 5, 13, 4, 3, 4, 9, 9, 5];14;76;False
10;40;10;1;True;2000;1;0.4;0;0;0;0;0;1002.3361530303955;2.847487211227417;165542.56423786798;149939.82321222412;8261.596582362958;7341.140000000001;[1031.94, 920.97, 887.91, 803.23, 731.64, 409.62, 362.81, 860.54, 291.54, 1040.94];749.4000000000001;[25, 22, 13, 5, 12, 5, 5, 13, 8, 23];20;131;False
10;40;10;2;True;2000;1;0.4;0;0;0;0;0;577.9826164245605;2.0590360164642334;109111.42423566311;98073.29095368742;5975.497347596497;5062.64;[492.69, 700.59, 700.59, 503.94, 435.32, 329.07, 700.59, 278.38, 220.88, 700.59];479.71000000000004;[7, 13, 12, 9, 4, 6, 18, 5, 4, 17];14;95;False
10;40;10;3;True;2000;1;0.4;0;0;0;0;0;394.6512236595154;1.8589849472045898;87090.87872503186;78428.33353973611;4829.996789830567;3832.5099999999998;[373.86, 359.81, 518.81, 322.12, 518.81, 283.86, 295.81, 518.81, 291.81, 348.81];234.94999999999993;[3, 7, 11, 5, 12, 6, 9, 12, 5, 6];9;76;False
10;40;10;4;True;2000;1;0.4;0;0;0;0;0;309.89693546295166;1.7268593311309814;80572.7573752537;73003.12530213913;4401.570340033636;3168.0699999999997;[242.68, 409.16, 398.16, 213.37, 409.16, 274.16, 389.16, 409.16, 187.9, 235.16];221.26000000000002;[5, 17, 6, 3, 9, 6, 6, 8, 5, 7];14;72;False
10;40;10;5;True;2000;1;0.4;0;0;0;0;0;937.6107361316681;2.407536745071411;150677.58685156296;135702.06824698212;7979.1986609074465;6996.31;[979.35, 742.8, 692.75, 673.92, 621.3, 824.72, 946.02, 226.89, 211.2, 1077.36];866.1599999999999;[12, 12, 12, 6, 9, 11, 18, 3, 5, 31];28;119;False
10;40;10;6;True;2000;1;0.4;0;0;0;0;0;150.33668661117554;1.344848871231079;57827.402798469986;52654.254229011836;2952.9308827352916;2220.2000000000003;[224.52, 199.52, 224.52, 224.52, 224.52, 224.52, 224.52, 224.52, 224.52, 224.52];25.0;[4, 5, 5, 7, 5, 5, 5, 6, 5, 6];3;53;False
10;50;10;1;True;2000;1;0.4;0;0;0;0;0;367.69639468193054;1.8669073581695557;83228.92892085396;75442.3344466681;4199.225231709707;3587.3999999999996;[480.24, 263.24, 480.24, 386.24, 420.24, 243.24, 331.24, 480.24, 264.24, 238.24];242.0;[14, 4, 10, 4, 13, 5, 6, 7, 5, 5];10;73;False
10;50;10;2;True;2000;1;0.4;0;0;0;0;0;566.0808470249176;2.4404635429382324;122205.53460727568;110148.11057890154;6846.878780006377;5210.53;[572.28, 630.3, 491.82, 630.3, 484.52, 624.3, 408.4, 488.53, 269.78, 610.3];360.52;[8, 14, 7, 16, 7, 18, 7, 8, 5, 12];13;102;False
10;50;10;3;True;2000;1;0.4;0;0;0;0;0;185.92547011375427;1.566765308380127;62993.47466517953;57016.3799713517;3471.153436486071;2505.9;[231.19, 260.19, 260.19, 260.19, 260.19, 234.19, 224.19, 255.19, 260.19, 260.19];36.0;[2, 7, 4, 5, 6, 5, 6, 8, 8, 8];6;59;False
10;50;10;4;True;2000;1;0.4;0;0;0;0;0;1921.2163150310516;4.078982353210449;236372.31520981956;216055.44955600685;10488.469405079632;9828.41;[1377.8, 1141.25, 1015.25, 1470.25, 1517.06, 854.76, 1248.06, 413.76, 352.97, 437.25];1164.09;[24, 18, 12, 33, 27, 14, 22, 9, 6, 13];27;178;False
10;50;10;5;True;2000;1;0.4;0;0;0;0;0;315.84692764282227;1.6581106185913086;80027.47561184423;72232.79325475091;4813.188685962654;2981.4600000000005;[411.3, 341.12, 239.12, 270.3, 241.3, 254.3, 411.3, 214.12, 361.3, 237.3];197.18;[12, 9, 7, 6, 5, 4, 12, 4, 6, 7];8;72;False
10;50;10;6;True;2000;1;0.4;0;0;0;0;0;2008.3660917282104;4.156705856323242;252402.91118398722;229203.98902299986;12279.15311494314;10919.8;[1564.79, 1381.79, 1597.57, 1184.57, 1479.57, 831.11, 792.57, 553.57, 1160.57, 373.69];1223.8799999999999;[22, 18, 37, 15, 28, 18, 12, 7, 21, 7];30;185;False
10;60;10;1;True;2000;1;0.4;0;0;0;0;0;501.1922571659088;2.6815578937530518;112008.90414628353;102071.81047709344;5711.420683824198;4225.68;[543.38, 381.82, 323.82, 424.38, 568.38, 404.38, 336.38, 365.38, 568.38, 309.38];259.0;[14, 8, 6, 5, 17, 7, 5, 10, 14, 8];12;94;False
10;60;10;2;True;2000;1;0.4;0;0;0;0;0;600.3442890644073;2.599116086959839;126911.6486774959;115381.33293678655;7084.380372129693;4445.93;[414.43, 560.62, 611.59, 475.62, 490.62, 666.59, 283.11, 309.62, 275.11, 358.62];391.48;[8, 13, 16, 11, 9, 21, 7, 6, 5, 9];16;105;False
10;60;10;3;True;2000;1;0.4;0;0;0;0;0;2011.1791808605194;4.750062704086304;250067.3401322729;227571.21351014983;11828.048251442866;10668.11;[1424.3, 1241.3, 1470.3, 1216.63, 1414.3, 865.3, 1239.3, 538.6, 870.3, 387.78];1082.52;[22, 23, 30, 16, 22, 14, 26, 9, 21, 10];21;193;False
10;60;10;4;True;2000;1;0.4;0;0;0;0;0;372.8310658931732;2.1497464179992676;98048.86911306728;89573.17579154256;4934.5742978203125;3541.1100000000006;[413.9, 437.9, 303.89, 284.9, 393.9, 302.9, 437.9, 437.9, 223.02, 304.9];214.87999999999997;[9, 12, 7, 5, 9, 8, 11, 10, 4, 9];8;84;False
10;60;10;5;True;2000;1;0.4;0;0;0;0;0;2014.594381570816;4.009410381317139;235561.50430429372;214916.06558457512;11465.50572264858;9179.9;[1574.85, 1292.85, 1264.85, 1081.65, 744.85, 960.85, 1345.85, 285.65, 271.65, 356.85];1303.1999999999998;[39, 26, 27, 24, 10, 16, 25, 3, 6, 9];36;185;False
10;60;10;6;True;2000;1;0.4;0;0;0;0;0;2001.304664850235;4.525253772735596;249437.6761794203;228251.668989657;11037.779871868768;10148.2;[1207.55, 999.21, 733.68, 1421.68, 1547.68, 1247.68, 540.68, 1547.68, 486.68, 415.68];1132.0;[14, 10, 7, 29, 40, 27, 7, 37, 8, 10];33;189;False
10;70;10;1;True;2000;1;0.4;0;0;0;0;0;265.0337624549866;2.5675430297851562;91588.17486576877;83443.06060087372;5079.425748776121;3065.6599999999994;[312.12, 278.87, 312.12, 289.83, 312.12, 312.12, 312.12, 312.12, 312.12, 312.12];33.25;[9, 5, 8, 5, 13, 8, 5, 10, 11, 7];8;81;False
10;70;10;2;True;2000;1;0.4;0;0;0;0;0;2003.8125689029694;4.309633731842041;243329.73018903055;222081.96875616524;11780.991168758845;9466.749999999998;[1359.11, 1570.06, 1196.11, 1114.06, 1620.06, 979.06, 534.06, 386.11, 383.06, 325.06];1295.0;[29, 32, 13, 22, 37, 18, 9, 9, 7, 8];30;184;False
10;70;10;3;True;2000;1;0.4;0;0;0;0;0;527.5560884475708;3.5512473583221436;127580.6455665781;116370.52740278807;6744.07516965359;4466.03;[492.48, 544.18, 446.18, 350.16, 544.18, 286.75, 308.46, 544.18, 544.18, 405.28];257.42999999999995;[10, 16, 7, 8, 14, 8, 8, 15, 14, 11];9;111;False
10;70;10;4;True;2000;1;0.4;0;0;0;0;0;2005.1219727993011;4.838383436203003;240831.75549570913;220745.30208976308;11152.266561584822;8934.179999999998;[1431.05, 989.05, 1205.37, 1065.37, 1078.37, 507.05, 1609.37, 406.37, 333.05, 309.13];1300.2399999999998;[31, 18, 23, 20, 20, 10, 38, 10, 6, 6];32;182;False
10;70;10;5;True;2000;1;0.4;0;0;0;0;0;2007.2221977710724;3.9903104305267334;234385.95280454124;213966.25065528453;11459.599565616643;8960.090000000002;[1196.1, 1246.1, 853.1, 870.1, 1351.1, 1370.1, 991.1, 461.1, 308.1, 313.19];1062.0;[18, 27, 15, 18, 29, 24, 32, 5, 6, 10];27;184;False
10;70;10;6;True;2000;1;0.4;0;0;0;0;0;313.1751449108124;2.746251344680786;108847.07334837299;100625.3777383811;5103.739557279799;3117.9999999999995;[320.1, 287.1, 298.1, 320.1, 320.1, 320.1, 319.1, 320.1, 320.1, 293.1];33.0;[7, 6, 10, 9, 10, 10, 8, 9, 11, 9];5;89;False
10;80;10;1;True;2000;1;0.4;0;0;0;0;0;854.4523680210114;4.737717628479004;160872.5736848299;147693.5793071976;7582.699646718198;5596.32;[717.44, 550.36, 543.44, 515.44, 601.44, 717.44, 499.44, 582.44, 436.44, 432.44];285.00000000000006;[16, 13, 12, 6, 20, 17, 13, 14, 10, 7];14;128;False
10;80;10;2;True;2000;1;0.4;0;0;0;0;0;2025.6438896656036;5.149132490158081;243495.56290152617;222660.8539638716;11763.743549584664;9070.95;[1259.46, 1174.46, 1422.46, 970.46, 1198.46, 1115.46, 721.16, 368.11, 524.46, 316.46];1106.0;[27, 24, 34, 26, 17, 23, 10, 8, 12, 8];26;189;False
10;80;10;3;True;2000;1;0.4;0;0;0;0;0;2039.66974234581;5.804979562759399;254268.73725777367;232577.1982671752;12002.374081382155;9689.170000000002;[1345.95, 1054.14, 659.76, 464.71, 509.35, 1155.98, 343.06, 1081.64, 1537.29, 1537.29];1194.23;[18, 14, 11, 9, 15, 24, 9, 28, 37, 29];28;194;False
10;80;10;4;True;2000;1;0.4;0;0;0;0;0;423.28034234046936;3.797325849533081;120669.4926452725;110087.22778245893;6629.284968904827;3953.0;[354.25, 430.0, 430.0, 430.0, 430.0, 393.0, 415.0, 354.25, 340.25, 376.25];89.75;[7, 13, 10, 13, 10, 10, 13, 10, 5, 10];8;101;False
10;80;10;5;True;2000;1;0.4;0;0;0;0;0;920.2554943561554;4.674869775772095;167354.46180054153;152997.55445418222;8858.67917260423;5498.200000000002;[770.22, 780.22, 713.22, 780.22, 536.22, 491.22, 368.22, 365.22, 368.22, 325.22];455.0;[25, 21, 18, 21, 14, 8, 7, 9, 9, 8];18;140;False
10;80;10;6;True;2000;1;0.4;0;0;0;0;0;78472.76432609558;4.246552228927612;203694.60603266867;186150.47134829164;10231.842831716305;7312.29;[816.73, 708.02, 1007.57, 884.64, 683.43, 514.84, 556.9, 417.33, 692.26, 1030.57];613.24;[13, 12, 29, 16, 14, 11, 13, 11, 17, 24];18;160;False
10;90;10;1;True;2000;1;0.4;0;0;0;0;0;2005.8789935112;5.694592475891113;246681.9804545783;226615.10854863015;11082.291616293303;8984.56;[1205.22, 1214.9, 993.9, 1015.22, 1417.22, 696.22, 613.22, 1000.22, 420.22, 408.22];1009.0;[22, 19, 18, 18, 39, 10, 11, 25, 14, 10];29;186;False
10;90;10;2;True;2000;1;0.4;0;0;0;0;0;1773.4685807228088;5.3456573486328125;238904.2506460907;218567.68067612988;11721.59220830606;8614.99;[938.04, 1266.93, 718.5, 1059.83, 791.08, 1321.93, 454.17, 380.76, 361.82, 1321.93];960.1100000000001;[18, 27, 11, 25, 18, 35, 9, 9, 9, 26];26;187;False
10;90;10;3;True;2000;1;0.4;0;0;0;0;0;450.3917860984802;4.231661558151245;128518.89022863336;117503.65888285205;7031.503701499647;3983.710000000001;[427.67, 339.03, 427.67, 371.8, 427.67, 361.8, 388.8, 408.8, 410.8, 419.67];88.64000000000004;[13, 6, 16, 10, 13, 10, 11, 10, 10, 12];10;111;False
10;90;10;4;True;2000;1;0.4;0;0;0;0;0;2006.5554616451263;6.449980974197388;254588.4380006532;233254.9105994396;12635.96418091193;8697.569999999998;[1152.31, 1409.31, 829.31, 1332.31, 522.31, 736.31, 1318.31, 650.31, 394.78, 352.31];1057.0;[19, 36, 19, 33, 10, 16, 31, 15, 8, 10];28;197;False
10;90;10;5;True;2000;1;0.4;0;0;0;0;0;1105.4896676540375;5.226046323776245;190835.06781083535;175311.16420611757;9475.719092000947;6048.16;[535.76, 432.79, 764.98, 909.91, 373.83, 516.41, 909.91, 337.83, 356.83, 909.91];572.0799999999999;[5, 14, 16, 28, 9, 15, 27, 9, 8, 23];23;154;False
