num_implements;num_tasks;num_vehicles;seed;full;time_horizon;num_periods;probabilityTA;probabilityTD;probabilityVA;probabilityVD;probabilityIA;probabilityID;t;toptimization;Obj;PenaltyCost;StaticCost;DistanciaTotal;Distancia_list;DesvDistancia;TaskDone_list;DesvTaskDone;TotalTasksDone;TasksCompleted
10;20;10;1;True;2000;2;0.05;0;0;0;0;0;73.54113626480103;0.19639921188354492;24767.954766682942;21841.91466949146;1439.8779942435553;1486.2;[151.72, 151.72, 124.72, 151.72, 151.72, 151.72, 147.72, 151.72, 151.72, 151.72];27.0;[3, 2, 2, 1, 4, 2, 1, 2, 2, 2];3;21;False
10;20;10;2;True;2000;2;0.05;0;0;0;0;0;55.19416785240173;0.21233224868774414;23734.252788641257;21319.128175715206;1241.5044439399223;1173.6;[117.66, 117.66, 117.66, 117.66, 117.66, 117.66, 117.66, 114.66, 117.66, 117.66];3.0;[2, 2, 1, 3, 1, 2, 2, 3, 3, 2];2;21;False
10;20;10;3;True;2000;2;0.05;0;0;0;0;0;82.21677827835083;0.22113895416259766;22310.281237829215;19852.65241329142;1119.045862519181;1338.57;[92.03, 108.03, 132.03, 151.29, 174.29, 86.01, 84.02, 163.29, 174.29, 173.29];90.27;[1, 1, 2, 1, 4, 2, 3, 1, 3, 3];3;21;False
10;20;10;4;True;2000;2;0.05;0;0;0;0;0;47.782543897628784;0.2408890724182129;21928.712593242213;19933.30401142791;1001.9062815996542;993.4999999999999;[78.65, 101.65, 101.65, 101.65, 101.65, 101.65, 101.65, 101.65, 101.65, 101.65];23.0;[2, 3, 2, 1, 1, 3, 2, 2, 1, 4];3;21;False
10;20;10;5;True;2000;2;0.05;0;0;0;0;0;59.5350501537323;0.25704121589660645;21710.147543834348;19425.818567892373;1178.1865680096853;1106.1;[126.11, 126.11, 118.11, 126.11, 118.11, 126.11, 110.11, 70.11, 103.11, 82.11];56.0;[1, 2, 4, 2, 1, 2, 2, 1, 4, 2];3;21;False
10;20;10;6;True;2000;2;0.05;0;0;0;0;0;96.85816502571106;0.45181798934936523;26371.20994481468;23518.028173759754;1269.159374401062;1584.02;[170.51, 111.47, 142.51, 199.51, 178.51, 199.51, 136.47, 139.51, 144.51, 161.51];88.03999999999999;[2, 2, 4, 2, 4, 2, 2, 2, 4];2;24;False
10;30;10;1;True;2000;2;0.05;0;0;0;0;0;99.3473973274231;0.6324021816253662;35924.09839779438;32107.763376803498;2082.872637548708;1733.4999999999995;[178.85, 166.85, 178.85, 159.85, 178.85, 178.85, 172.85, 160.85, 178.85, 178.85];19.0;[4, 5, 4, 1, 7, 3, 2, 3, 2, 2];6;33;False
10;30;10;2;True;2000;2;0.05;0;0;0;0;0;81.0832507610321;0.4401211738586426;36433.33860501114;33034.83016692757;2114.906727524139;1283.5899999999997;[98.07, 140.07, 140.07, 140.07, 140.07, 140.07, 140.07, 64.96, 140.07, 140.07];75.11;[2, 4, 1, 4, 4, 5, 4, 2, 3, 5];4;34;False
10;30;10;3;True;2000;2;0.05;0;0;0;0;0;74.55791091918945;0.37502074241638184;31876.300569155606;28717.52462558362;1807.280833796391;1351.5;[106.25, 139.25, 139.25, 139.25, 139.25, 131.25, 139.25, 139.25, 139.25, 139.25];33.0;[1, 2, 2, 1, 4, 4, 5, 3, 3, 5];4;30;True
10;30;10;4;True;2000;2;0.05;0;0;0;0;0;89.51757740974426;0.4071037769317627;35822.147726330804;32595.55809674867;1682.3952358208712;1544.2;[131.52, 161.52, 146.52, 152.52, 161.52, 161.52, 161.52, 144.52, 161.52, 161.52];30.0;[3, 3, 3, 1, 2, 5, 3, 2, 4, 6];5;32;False
10;30;10;5;True;2000;2;0.05;0;0;0;0;0;78.5718469619751;0.3711221218109131;31950.639211139798;28841.635029774687;1727.1383279373247;1381.9000000000003;[146.19, 146.19, 146.19, 146.19, 118.19, 146.19, 146.19, 146.19, 142.19, 98.19];48.0;[1, 4, 5, 2, 1, 2, 4, 4, 4, 3];4;30;True
10;30;10;6;True;2000;2;0.05;0;0;0;0;0;88.40097951889038;0.39991021156311035;35128.865215821636;32045.91906166573;1679.6087985188146;1403.3000000000002;[164.63, 81.63, 151.63, 164.63, 164.63, 130.63, 106.63, 164.63, 164.63, 109.63];83.0;[4, 2, 3, 4, 4, 2, 2, 5, 2, 4];3;32;False
10;40;10;1;True;2000;2;0.05;0;0;0;0;0;117.80284762382507;0.5877399444580078;47250.013359685094;42903.95729277344;2543.7063762924877;1802.2999999999997;[192.33, 164.33, 144.33, 147.33, 192.33, 192.33, 192.33, 192.33, 192.33, 192.33];48.0;[4, 4, 4, 1, 6, 4, 4, 3, 7, 5];6;42;False
10;40;10;2;True;2000;2;0.05;0;0;0;0;0;87.88801288604736;0.5878438949584961;44452.1907979882;40501.28422547084;2592.6049776034483;1358.3;[136.73, 136.73, 136.73, 136.73, 136.73, 136.73, 136.73, 127.73, 136.73, 136.73];8.999999999999986;[4, 3, 1, 7, 6, 5, 4, 3, 4, 4];6;41;False
10;40;10;3;True;2000;2;0.05;0;0;0;0;0;114.74728226661682;0.5590410232543945;44821.759613760965;40592.771263015005;2382.9344276784996;1846.1000000000001;[138.71, 189.71, 189.71, 189.71, 189.71, 189.71, 189.71, 189.71, 189.71, 189.71];51.0;[3, 3, 5, 2, 6, 6, 4, 4, 4, 4];4;41;False
10;40;10;4;True;2000;2;0.05;0;0;0;0;0;94.76708912849426;0.6236782073974609;43999.07293585829;40186.73356057556;2280.311806110278;1531.9999999999998;[154.1, 154.1, 154.1, 154.1, 151.1, 154.1, 154.1, 148.1, 154.1, 154.1];6.0;[5, 5, 3, 3, 1, 7, 5, 2, 2, 7];6;40;True
10;40;10;5;True;2000;2;0.05;0;0;0;0;0;99.64933490753174;0.718548059463501;44985.51819831255;40807.98530923135;2574.5682805059237;1603.0;[164.0, 164.0, 164.0, 164.0, 164.0, 164.0, 164.0, 127.0, 164.0, 164.0];37.0;[3, 5, 4, 3, 4, 4, 5, 4, 3, 6];3;41;False
10;40;10;6;True;2000;2;0.05;0;0;0;0;0;100.08973932266235;0.6199178695678711;46359.41597004356;42415.81911973593;2328.4704363367055;1615.1000000000001;[164.21, 157.21, 164.21, 164.21, 164.21, 164.21, 158.21, 164.21, 164.21, 150.21];14.0;[3, 2, 4, 6, 6, 4, 3, 4, 2, 6];4;40;True
10;50;10;1;True;2000;2;0.05;0;0;0;0;0;126.27683115005493;1.1493687629699707;59281.400758802374;54483.29451058416;2997.0693351686423;1800.9999999999995;[180.1, 180.1, 180.1, 180.1, 180.1, 180.1, 180.1, 180.1, 180.1, 180.1];0.0;[6, 6, 3, 3, 8, 5, 3, 5, 9, 4];6;52;False
10;50;10;2;True;2000;2;0.05;0;0;0;0;0;112.69065546989441;0.9642133712768555;57120.59291021007;52304.0685222108;3148.399040710609;1668.0999999999997;[166.81, 166.81, 166.81, 166.81, 166.81, 166.81, 166.81, 166.81, 166.81, 166.81];0.0;[4, 3, 3, 8, 6, 8, 6, 3, 3, 6];5;50;True
10;50;10;3;True;2000;2;0.05;0;0;0;0;0;118.09154057502747;0.8957521915435791;56471.30339191544;51846.99763379876;2912.300839438907;1712.0000000000002;[171.2, 171.2, 171.2, 171.2, 171.2, 171.2, 171.2, 171.2, 171.2, 171.2];0.0;[3, 4, 5, 3, 6, 7, 7, 6, 4, 6];4;51;False
10;50;10;4;True;2000;2;0.05;0;0;0;0;0;125.22376155853271;1.169968843460083;61162.10299572503;56506.147013146954;2853.89093254594;1802.1;[181.51, 181.51, 181.51, 181.51, 181.51, 171.51, 178.51, 181.51, 181.51, 181.51];10.0;[6, 6, 3, 3, 4, 7, 6, 8, 5, 5];5;53;False
10;50;10;5;True;2000;2;0.05;0;0;0;0;0;118.0445511341095;1.0442485809326172;58157.98991814858;53261.02190989841;3254.9416345763075;1641.9999999999998;[166.3, 166.3, 166.3, 166.3, 166.3, 166.3, 166.3, 145.3, 166.3, 166.3];21.0;[4, 6, 6, 5, 5, 4, 5, 5, 7, 5];3;52;False
10;50;10;6;True;2000;2;0.05;0;0;0;0;0;99.08236742019653;0.9985907077789307;56651.92940022394;52379.34723009858;2836.0549505865006;1436.5000000000002;[145.15, 130.15, 145.15, 145.15, 145.15, 145.15, 145.15, 145.15, 145.15, 145.15];15.0;[3, 3, 7, 5, 6, 5, 4, 6, 4, 7];4;50;True
10;60;10;1;True;2000;2;0.05;0;0;0;0;0;154.49709177017212;1.1741218566894531;68845.10836681095;63284.78455311362;3571.904518769263;1988.3999999999996;[202.84, 202.84, 187.84, 177.84, 202.84, 202.84, 202.84, 202.84, 202.84, 202.84];25.0;[9, 5, 6, 2, 11, 7, 5, 4, 5, 6];9;60;True
10;60;10;2;True;2000;2;0.05;0;0;0;0;0;136.74802422523499;1.2896039485931396;67747.36994202565;62284.581558206104;3726.3758682974794;1736.3999999999996;[176.84, 176.84, 176.84, 176.84, 176.84, 176.84, 176.84, 144.84, 176.84, 176.84];32.0;[4, 7, 2, 7, 9, 8, 7, 5, 6, 5];7;60;True
10;60;10;3;True;2000;2;0.05;0;0;0;0;0;186.03552174568176;1.4434363842010498;69595.23998496562;63794.21062948682;3601.2328062710512;2199.8;[205.94, 214.94, 243.02, 220.02, 243.02, 126.86, 243.02, 216.94, 243.02, 243.02];116.16000000000001;[4, 6, 4, 5, 8, 6, 7, 7, 6, 9];5;62;False
10;60;10;4;True;2000;2;0.05;0;0;0;0;0;142.1066484451294;1.6516528129577637;76285.07879494083;70684.74756747586;3810.919138350608;1789.3999999999996;[179.64, 179.64, 179.64, 179.64, 179.64, 179.64, 179.64, 179.64, 172.64, 179.64];7.0;[7, 8, 5, 5, 4, 8, 7, 6, 6, 8];4;64;False
10;60;10;5;True;2000;2;0.05;0;0;0;0;0;132.41005206108093;1.2433910369873047;66882.91806945029;61356.29561347871;3828.757164616755;1697.8999999999996;[170.89, 170.89, 170.89, 170.89, 170.89, 170.89, 170.89, 170.89, 159.89, 170.89];11.0;[3, 11, 8, 8, 5, 6, 7, 5, 4, 4];8;61;False
10;60;10;6;True;2000;2;0.05;0;0;0;0;0;221.37270784378052;1.3451685905456543;80573.72981799157;74553.95324191517;3664.991618588198;2354.78;[157.95, 183.63, 277.42, 250.42, 227.63, 245.63, 214.63, 295.42, 206.63, 295.42];137.47000000000003;[4, 4, 10, 6, 8, 7, 4, 8, 4, 10];6;65;False
10;70;10;1;True;2000;2;0.05;0;0;0;0;0;207.58499121665955;2.2875771522521973;89913.21527911285;82966.67704088843;4557.1614860527525;2389.4;[240.34, 240.34, 239.34, 240.34, 240.34, 240.34, 240.34, 240.34, 240.34, 227.34];13.0;[12, 6, 8, 5, 11, 5, 5, 7, 9, 8];7;76;False
10;70;10;2;True;2000;2;0.05;0;0;0;0;0;198.83224153518677;1.9871349334716797;84027.40471931951;77571.97596864606;4304.229945667869;2151.1900000000005;[238.15, 238.15, 172.37, 238.15, 162.4, 238.15, 175.37, 217.15, 233.15, 238.15];75.75;[7, 10, 4, 9, 7, 8, 6, 7, 6, 9];6;73;False
10;70;10;3;True;2000;2;0.05;0;0;0;0;0;169.4492335319519;1.6328306198120117;79342.27655587257;73381.1524357405;3991.0050843912763;1970.1199999999997;[172.33, 204.33, 204.33, 163.15, 204.33, 204.33, 204.33, 204.33, 204.33, 204.33];41.18000000000001;[5, 6, 6, 6, 8, 6, 8, 10, 7, 8];5;70;True
10;70;10;4;True;2000;2;0.05;0;0;0;0;0;185.57219791412354;1.640434980392456;88292.44157535284;81575.0962642592;4584.92055573819;2132.399999999999;[217.14, 217.14, 217.14, 217.14, 217.14, 217.14, 198.14, 217.14, 197.14, 217.14];20.0;[9, 8, 8, 6, 5, 6, 6, 9, 7, 9];4;73;False
10;70;10;5;True;2000;2;0.05;0;0;0;0;0;164.74132895469666;1.6949002742767334;79845.26170757221;73506.60324339964;4421.542888182266;1917.1000000000001;[191.71, 191.71, 191.71, 191.71, 191.71, 191.71, 191.71, 191.71, 191.71, 191.71];0.0;[5, 8, 9, 6, 5, 6, 9, 9, 5, 8];4;70;True
10;70;10;6;True;2000;2;0.05;0;0;0;0;0;155.28023648262024;2.2783048152923584;90108.68899311844;83892.00160646728;4453.510865650841;1763.1999999999996;[176.32, 176.32, 176.32, 176.32, 176.32, 176.32, 176.32, 176.32, 176.32, 176.32];0.0;[5, 5, 9, 5, 9, 8, 7, 9, 7, 9];4;73;False
10;80;10;1;True;2000;2;0.05;0;0;0;0;0;233.02001214027405;2.1760525703430176;97742.48456246693;90558.6882796331;4671.669974663595;2512.1;[253.71, 253.71, 250.71, 253.71, 253.71, 253.71, 231.71, 253.71, 253.71, 253.71];22.0;[11, 8, 6, 6, 11, 9, 5, 8, 9, 9];6;82;False
10;80;10;2;True;2000;2;0.05;0;0;0;0;0;211.7320318222046;2.3359899520874023;94524.97871575916;87264.4843955331;5021.153681563145;2239.3500000000004;[228.93, 228.93, 228.93, 228.93, 219.93, 228.93, 228.93, 187.98, 228.93, 228.93];40.95000000000002;[5, 8, 4, 13, 9, 10, 11, 7, 6, 8];9;81;False
10;80;10;3;True;2000;2;0.05;0;0;0;0;0;256.11497807502747;2.289198398590088;94748.55737961525;87347.06857881983;4808.486374718297;2593.0;[233.0, 211.0, 288.0, 288.0, 277.0, 217.0, 267.0, 263.0, 288.0, 261.0];77.0;[8, 7, 7, 6, 11, 9, 8, 9, 7, 10];5;82;False
10;80;10;4;True;2000;2;0.05;0;0;0;0;0;188.62566089630127;2.4920217990875244;96849.20562015586;89566.07185388944;5255.077170526952;2028.0999999999997;[204.81, 204.81, 184.81, 204.81, 204.81, 204.81, 204.81, 204.81, 204.81, 204.81];20.0;[11, 8, 7, 9, 6, 9, 8, 8, 6, 9];5;81;False
10;80;10;5;True;2000;2;0.05;0;0;0;0;0;198.40272569656372;2.486591339111328;95004.07432888815;87854.72126788639;5080.247837223643;2069.100000000001;[208.61, 208.61, 191.61, 208.61, 208.61, 208.61, 208.61, 208.61, 208.61, 208.61];17.0;[5, 11, 10, 11, 6, 5, 11, 8, 7, 8];6;82;False
10;80;10;6;True;2000;2;0.05;0;0;0;0;0;213.20315861701965;1.9954867362976074;100990.76049529928;93911.27265540363;4837.4375193459555;2242.09;[215.9, 188.99, 230.9, 230.9, 230.9, 230.9, 230.9, 230.9, 224.9, 226.9];41.91;[6, 6, 11, 10, 7, 11, 6, 9, 6, 10];5;82;False
10;90;10;1;True;2000;2;0.05;0;0;0;0;0;230.24967122077942;3.046495199203491;112442.09061298081;104848.86267514042;5290.464538723493;2302.7999999999997;[230.48, 230.48, 230.48, 228.48, 230.48, 230.48, 230.48, 230.48, 230.48, 230.48];2.0;[11, 8, 8, 4, 13, 11, 8, 7, 13, 9];9;92;False
10;90;10;2;True;2000;2;0.05;0;0;0;0;0;259.61039185523987;2.826206922531128;109946.37158268473;101570.5845458953;5979.069500196077;2396.7599999999993;[265.14, 265.14, 265.14, 221.14, 229.14, 265.14, 187.82, 204.82, 228.14, 265.14];77.32;[7, 10, 6, 13, 12, 11, 12, 6, 6, 10];7;93;False
10;90;10;3;True;2000;2;0.05;0;0;0;0;0;267.37661480903625;2.799346685409546;109706.34749767426;101585.8621012092;5501.843925389164;2618.6000000000004;[222.02, 254.02, 275.42, 270.02, 275.42, 220.02, 275.42, 275.42, 275.42, 275.42];55.400000000000006;[4, 8, 8, 9, 11, 7, 10, 14, 8, 14];10;93;False
10;90;10;4;True;2000;2;0.05;0;0;0;0;0;227.78563857078552;2.614866256713867;110723.22867113285;102737.47708758128;5679.986943529201;2305.7999999999997;[230.58, 230.58, 230.58, 230.58, 230.58, 230.58, 230.58, 230.58, 230.58, 230.58];0.0;[8, 9, 8, 7, 11, 11, 10, 11, 7, 10];4;92;False
10;90;10;5;True;2000;2;0.05;0;0;0;0;0;235.99775385856628;2.9850423336029053;110586.15981047438;102490.55851676429;5725.864543427715;2369.7;[236.97, 236.97, 236.97, 236.97, 236.97, 236.97, 236.97, 236.97, 236.97, 236.97];0.0;[6, 12, 10, 11, 7, 10, 10, 7, 9, 11];6;93;False
10;90;10;6;True;2000;2;0.05;0;0;0;0;0;225.21976923942566;2.6288671493530273;115997.95392010215;108136.80859642022;5612.278198037652;2248.9;[224.99, 223.99, 224.99, 224.99, 224.99, 224.99, 224.99, 224.99, 224.99, 224.99];1.0;[7, 7, 11, 7, 13, 11, 8, 9, 10, 10];6;93;False
10;100;10;1;True;2000;2;0.05;0;0;0;0;0;327.2950448989868;3.5820722579956055;126624.06839313052;117391.11525545428;6146.5003334212315;3086.5;[313.25, 313.25, 303.25, 313.25, 313.25, 313.25, 304.25, 313.25, 286.25, 313.25];27.0;[12, 7, 12, 8, 13, 9, 10, 10, 11, 11];6;103;False
10;100;10;2;True;2000;2;0.05;0;0;0;0;0;298.7060389518738;2.937455177307129;122949.06388378551;113594.74972930973;6590.571847125146;2763.7;[282.77, 278.77, 282.77, 282.77, 282.77, 282.77, 282.77, 222.77, 282.77, 282.77];59.99999999999997;[11, 8, 8, 11, 11, 12, 8, 10, 9, 13];5;101;False
10;100;10;3;True;2000;2;0.05;0;0;0;0;0;285.7103304862976;3.4706625938415527;125275.16825830613;116630.475630578;6025.851459148973;2618.7999999999993;[242.78, 268.78, 268.78, 268.78, 268.78, 227.78, 266.78, 268.78, 268.78, 268.78];40.99999999999997;[8, 9, 16, 11, 9, 8, 11, 8, 12, 11];8;103;False
10;100;10;4;True;2000;2;0.05;0;0;0;0;0;252.38662791252136;2.907167434692383;122957.76030240153;114292.27935899257;6252.083030843102;2413.4;[241.94, 241.94, 235.94, 241.94, 241.94, 241.94, 241.94, 241.94, 241.94, 241.94];6.0;[10, 11, 8, 8, 10, 11, 12, 11, 8, 11];4;100;True
10;100;10;5;True;2000;2;0.05;0;0;0;0;0;282.42089772224426;3.2764675617218018;124039.06232277445;115245.72423009496;6223.20276357781;2570.1;[258.91, 258.91, 258.91, 258.91, 258.91, 258.91, 258.91, 243.91, 254.91, 258.91];15.000000000000028;[9, 15, 12, 13, 11, 9, 8, 8, 9, 9];7;103;False
10;100;10;6;True;2000;2;0.05;0;0;0;0;0;320.42953848838806;3.8165194988250732;135097.05964561692;125853.94704698215;6324.423443418075;2918.65;[299.98, 253.7, 299.98, 299.98, 265.11, 299.98, 299.98, 299.98, 299.98, 299.98];46.28000000000003;[6, 9, 14, 11, 11, 13, 8, 11, 10, 13];8;106;False
10;30;10;1;True;2000;3;0.05;0;0;0;0;0;77.56474041938782;0.31085991859436035;32125.6412926919;28874.695209597583;1806.8582817100278;1444.1000000000001;[144.41, 144.41, 144.41, 144.41, 144.41, 144.41, 144.41, 144.41, 144.41, 144.41];0.0;[4, 3, 3, 1, 5, 3, 2, 3, 3, 3];4;30;True
10;30;10;2;True;2000;3;0.05;0;0;0;0;0;82.97933101654053;0.5099518299102783;36329.74189430102;32774.41799318475;2083.536180203873;1471.8;[130.28, 151.28, 151.28, 151.28, 146.28, 151.28, 151.28, 145.28, 142.28, 151.28];21.0;[2, 4, 2, 5, 3, 3, 3, 5, 2, 3];3;32;False
10;30;10;3;True;2000;3;0.05;0;0;0;0;0;126.36501574516296;0.49272608757019043;36816.99571593164;33125.04789576761;1893.476427961074;1798.47;[104.34, 171.92, 179.92, 181.92, 227.92, 110.77, 236.92, 156.92, 190.92, 236.92];132.57999999999998;[1, 3, 4, 2, 5, 3, 5, 3, 4, 3];4;33;False
10;30;10;4;True;2000;3;0.05;0;0;0;0;0;121.54121422767639;0.5107240676879883;39540.68923997119;35987.386451902115;1777.745479002498;1775.6000000000001;[136.66, 226.66, 143.66, 155.66, 174.66, 181.66, 226.66, 226.66, 117.66, 185.66];109.0;[3, 5, 2, 2, 1, 5, 5, 5, 3, 3];4;34;False
10;30;10;5;True;2000;3;0.05;0;0;0;0;0;72.88271903991699;0.40964722633361816;31706.729424414687;28733.96777544719;1681.6771150309323;1291.0999999999997;[132.81, 132.81, 132.81, 132.81, 122.81, 132.81, 132.81, 132.81, 117.81, 120.81];15.0;[1, 4, 5, 4, 2, 2, 4, 3, 2, 3];4;30;True
10;30;10;6;True;2000;3;0.05;0;0;0;0;0;65.82363367080688;0.3415372371673584;33169.74400942931;30443.01116094191;1580.691464045247;1146.0500000000002;[119.7, 74.75, 119.7, 119.7, 113.7, 119.7, 119.7, 119.7, 119.7, 119.7];44.95;[2, 2, 6, 3, 3, 1, 3, 4, 2, 4];5;30;True
10;40;10;1;True;2000;3;0.05;0;0;0;0;0;139.87724828720093;0.8317692279815674;48303.19399005368;43811.80466807072;2531.476716009442;1959.9000000000003;[233.69, 146.69, 149.69, 196.69, 233.69, 193.69, 186.69, 233.69, 168.69, 216.69];87.0;[7, 3, 5, 3, 6, 4, 3, 4, 3, 4];4;42;False
10;40;10;2;True;2000;3;0.05;0;0;0;0;0;102.57693266868591;0.45384907722473145;44623.48065908953;40406.11904442474;2592.2211434122987;1625.1000000000001;[168.21, 168.21, 168.21, 168.21, 168.21, 168.21, 168.21, 168.21, 111.21, 168.21];57.000000000000014;[4, 4, 2, 6, 5, 6, 3, 4, 2, 4];4;40;True
10;40;10;3;True;2000;3;0.05;0;0;0;0;0;102.0359308719635;0.65494704246521;43922.224770351495;39936.672276728685;2396.278650452462;1589.2600000000002;[122.29, 127.29, 170.46, 170.46, 170.46, 170.46, 146.46, 170.46, 170.46, 170.46];48.17;[2, 3, 5, 3, 5, 3, 4, 5, 5, 6];4;41;False
10;40;10;4;True;2000;3;0.05;0;0;0;0;0;101.41966915130615;1.138535737991333;50814.3228073628;46657.41429064362;2576.3727849039715;1580.4999999999998;[158.05, 158.05, 158.05, 158.05, 158.05, 158.05, 158.05, 158.05, 158.05, 158.05];0.0;[6, 5, 4, 4, 4, 6, 3, 3, 5, 5];3;45;False
10;40;10;5;True;2000;3;0.05;0;0;0;0;0;250.62165689468384;0.7549636363983154;54174.73065821587;48825.86927489325;2736.096964608186;2612.8;[416.98, 416.98, 210.98, 225.98, 201.98, 146.98, 216.98, 178.98, 297.98, 298.98];270.0;[6, 9, 4, 4, 4, 3, 5, 4, 3, 6];6;48;False
10;40;10;6;True;2000;3;0.05;0;0;0;0;0;92.57118487358093;0.6961410045623779;47631.11571038204;43753.198314197136;2402.4100499880083;1475.4999999999998;[147.55, 147.55, 147.55, 147.55, 147.55, 147.55, 147.55, 147.55, 147.55, 147.55];0.0;[4, 3, 4, 3, 7, 3, 4, 4, 3, 6];4;41;False
10;50;10;1;True;2000;3;0.05;0;0;0;0;0;160.39737105369568;1.0977075099945068;64278.290336867016;58897.80274638257;3116.161525721468;2264.350000000001;[235.61, 200.86, 235.61, 210.61, 228.61, 210.61, 235.61, 235.61, 235.61, 235.61];34.75;[6, 6, 5, 2, 8, 4, 6, 5, 8, 4];6;54;False
10;50;10;2;True;2000;3;0.05;0;0;0;0;0;121.75535869598389;1.3802132606506348;62310.1727318014;57434.03932969031;3210.8624868015036;1665.2400000000002;[172.94, 172.94, 170.94, 172.94, 172.94, 172.94, 172.94, 110.78, 172.94, 172.94];62.16;[4, 6, 4, 9, 7, 6, 5, 3, 5, 5];6;54;False
10;50;10;3;True;2000;3;0.05;0;0;0;0;0;132.52689385414124;1.117480993270874;59273.875419808974;54352.28901523373;3100.6269947183287;1821.0000000000002;[158.2, 157.2, 189.2, 189.2, 189.2, 189.2, 189.2, 181.2, 189.2, 189.2];32.0;[4, 4, 4, 5, 7, 6, 5, 6, 5, 6];3;52;False
10;50;10;4;True;2000;3;0.05;0;0;0;0;0;145.49826979637146;0.9427433013916016;57566.129554707724;52773.08953187033;2902.974116481472;1890.1000000000004;[189.41, 213.41, 152.41, 178.41, 189.41, 168.41, 213.41, 207.41, 164.41, 213.41];61.0;[6, 9, 3, 3, 3, 6, 6, 5, 5, 5];6;51;False
10;50;10;5;True;2000;3;0.05;0;0;0;0;0;117.4222400188446;0.7166240215301514;55138.37229252816;50425.31408887495;3107.397701866342;1605.6999999999998;[167.87, 167.87, 143.87, 167.87, 167.87, 167.87, 167.87, 136.87, 167.87, 149.87];31.0;[2, 7, 6, 5, 4, 5, 6, 4, 6, 5];5;50;True
10;50;10;6;True;2000;3;0.05;0;0;0;0;0;107.88075685501099;0.8152461051940918;58190.9714602603;53763.63553551085;2828.0007437120016;1599.3000000000004;[159.93, 159.93, 159.93, 159.93, 159.93, 159.93, 159.93, 159.93, 159.93, 159.93];0.0;[5, 3, 6, 7, 7, 3, 6, 4, 6, 3];4;50;True
10;60;10;1;True;2000;3;0.05;0;0;0;0;0;159.02885460853577;1.732684850692749;75817.23314435812;70010.92187063483;3789.0795923368096;2017.2;[201.72, 201.72, 201.72, 201.72, 201.72, 201.72, 201.72, 201.72, 201.72, 201.72];0.0;[8, 5, 7, 4, 7, 7, 7, 6, 7, 7];4;65;False
10;60;10;2;True;2000;3;0.05;0;0;0;0;0;199.5950412750244;1.1082820892333984;71746.87570564091;65684.86369582516;3839.2326435845894;2222.78;[253.49, 267.49, 206.49, 267.49, 171.49, 267.49, 186.49, 131.37, 203.49, 267.49];136.12;[5, 6, 4, 8, 8, 10, 6, 5, 4, 6];6;62;False
10;60;10;3;True;2000;3;0.05;0;0;0;0;0;161.55093789100647;1.7244408130645752;71164.20777102992;65637.1997129947;3531.8787999247556;1995.13;[145.88, 172.25, 212.25, 200.25, 203.25, 212.25, 212.25, 212.25, 212.25, 212.25];66.37;[4, 6, 5, 4, 6, 8, 8, 8, 6, 7];4;62;False
10;60;10;4;True;2000;3;0.05;0;0;0;0;0;128.95431423187256;1.264219045639038;70810.38143583674;65681.79540681088;3476.5382008347083;1652.0000000000002;[165.2, 165.2, 165.2, 165.2, 165.2, 165.2, 165.2, 165.2, 165.2, 165.2];0.0;[6, 8, 5, 5, 4, 8, 3, 8, 6, 7];5;60;True
10;60;10;5;True;2000;3;0.05;0;0;0;0;0;126.37973022460938;1.2491230964660645;69285.11266400793;63939.58918111347;3746.516712473576;1599.0000000000002;[164.7, 164.7, 164.7, 164.7, 164.7, 164.7, 164.7, 129.7, 151.7, 164.7];35.0;[3, 8, 6, 7, 7, 5, 9, 6, 5, 5];6;61;False
10;60;10;6;True;2000;3;0.05;0;0;0;0;0;140.83558225631714;1.398751974105835;75775.07493139608;70404.04634435418;3544.160866723956;1826.9000000000003;[182.69, 182.69, 182.69, 182.69, 182.69, 182.69, 182.69, 182.69, 182.69, 182.69];0.0;[4, 4, 8, 5, 7, 8, 6, 8, 5, 7];4;62;False
10;70;10;1;True;2000;3;0.05;0;0;0;0;0;177.39018392562866;2.1583502292633057;88231.31285945317;81757.88084483845;4375.5094941776615;2097.9;[212.69, 212.69, 187.69, 212.69, 212.69, 212.69, 212.69, 208.69, 212.69, 212.69];25.0;[12, 5, 8, 4, 10, 6, 6, 4, 9, 8];8;72;False
10;70;10;2;True;2000;3;0.05;0;0;0;0;0;197.48187613487244;2.085782289505005;87386.85608209237;80686.6070790108;4455.202878659472;2245.0299999999997;[229.84, 229.84, 229.84, 229.84, 229.84, 229.84, 229.84, 176.47, 229.84, 229.84];53.370000000000005;[8, 7, 6, 10, 7, 8, 10, 6, 6, 8];4;76;False
10;70;10;3;True;2000;3;0.05;0;0;0;0;0;173.51795864105225;2.0224320888519287;84910.0939324009;78692.00592704101;4219.2647274025785;1998.8000000000002;[179.0, 204.2, 204.2, 204.2, 204.2, 186.2, 204.2, 204.2, 204.2, 204.2];25.19999999999999;[4, 5, 9, 6, 7, 8, 9, 7, 10, 8];6;73;False
10;70;10;4;True;2000;3;0.05;0;0;0;0;0;248.04936051368713;1.6753888130187988;90916.04727640978;83493.90512446378;4691.123262892864;2731.03;[253.15, 270.15, 308.15, 304.15, 238.66, 207.66, 250.66, 308.15, 282.15, 308.15];100.48999999999998;[6, 9, 8, 7, 5, 9, 6, 8, 6, 10];5;74;False
10;70;10;5;True;2000;3;0.05;0;0;0;0;0;234.3194637298584;2.4029858112335205;90790.8143308928;83580.54838625932;4730.740564454544;2479.5;[278.77, 228.77, 248.77, 262.77, 219.77, 263.77, 278.77, 199.77, 276.57, 221.77];78.99999999999997;[7, 9, 9, 8, 9, 8, 7, 5, 8, 6];4;76;False
10;70;10;6;True;2000;3;0.05;0;0;0;0;0;186.74736285209656;1.679255723953247;88091.68720265762;81663.41385672941;4157.686880479731;2270.600000000001;[230.36, 230.36, 230.36, 230.36, 230.36, 230.36, 230.36, 230.36, 224.36, 203.36];27.0;[5, 5, 8, 6, 11, 8, 5, 7, 6, 9];6;70;True
10;80;10;1;True;2000;3;0.05;0;0;0;0;0;191.55774354934692;2.2556941509246826;99336.3022229783;92692.08938845934;4663.138649136463;1981.1000000000004;[198.11, 198.11, 198.11, 198.11, 198.11, 198.11, 198.11, 198.11, 198.11, 198.11];0.0;[12, 6, 9, 5, 11, 6, 5, 7, 12, 8];7;81;False
10;80;10;2;True;2000;3;0.05;0;0;0;0;0;246.14863991737366;2.2144038677215576;98334.68882797602;90664.86988507686;5065.586687923605;2604.2;[277.22, 277.22, 277.22, 218.22, 277.22, 277.22, 205.22, 266.22, 251.22, 277.22];72.00000000000003;[8, 7, 8, 13, 7, 12, 7, 7, 5, 8];8;82;False
10;80;10;3;True;2000;3;0.05;0;0;0;0;0;225.45671200752258;1.9627411365509033;93999.93531049624;86849.10931993839;4758.603140563795;2392.2000000000007;[222.86, 190.46, 251.86, 251.86, 239.86, 227.86, 251.86, 251.86, 251.86, 251.86];61.400000000000006;[6, 9, 11, 5, 7, 9, 9, 7, 9, 9];6;81;False
10;80;10;4;True;2000;3;0.05;0;0;0;0;0;201.48922753334045;2.526310920715332;102393.71171040965;95085.75590765793;5190.801079007907;2117.2;[211.72, 211.72, 211.72, 211.72, 211.72, 211.72, 211.72, 211.72, 211.72, 211.72];0.0;[12, 8, 9, 7, 9, 6, 7, 10, 6, 9];6;83;False
10;80;10;5;True;2000;3;0.05;0;0;0;0;0;211.75302910804749;2.312100887298584;99385.74574608819;92134.67635926222;5006.964635435437;2244.1;[227.81, 227.81, 227.81, 227.81, 227.81, 227.81, 227.81, 227.81, 193.81, 227.81];34.0;[6, 10, 11, 10, 7, 8, 8, 6, 9, 8];5;83;False
10;80;10;6;True;2000;3;0.05;0;0;0;0;0;211.88892579078674;2.927934169769287;107628.26745951187;100414.41805802964;4990.292263990462;2223.6;[222.76, 218.76, 222.76, 222.76, 222.76, 222.76, 222.76, 222.76, 222.76, 222.76];4.0;[6, 7, 8, 7, 8, 10, 7, 9, 12, 9];6;83;False
10;90;10;1;True;2000;3;0.05;0;0;0;0;0;227.17673897743225;2.79331111907959;117985.80134802398;110186.46689660351;5575.743690967857;2223.600000000001;[222.36, 222.36, 222.36, 222.36, 222.36, 222.36, 222.36, 222.36, 222.36, 222.36];0.0;[10, 8, 9, 7, 12, 9, 9, 7, 13, 10];6;94;False
10;90;10;2;True;2000;3;0.05;0;0;0;0;0;215.9489243030548;2.806239366531372;112483.23768924401;104504.92360423511;5880.060176715189;2098.3;[212.93, 212.93, 212.93, 212.93, 212.93, 212.93, 195.93, 198.93, 212.93, 212.93];17.0;[10, 9, 4, 11, 9, 11, 11, 10, 7, 10];7;92;False
10;90;10;3;True;2000;3;0.05;0;0;0;0;0;267.4848437309265;3.1811587810516357;112757.4429001013;104713.87463555405;5577.106872482507;2466.48;[181.34, 262.46, 262.46, 259.46, 262.46, 207.46, 262.46, 243.46, 262.46, 262.46];81.11999999999998;[6, 11, 11, 7, 11, 11, 8, 9, 9, 11];5;94;False
10;90;10;4;True;2000;3;0.05;0;0;0;0;0;313.89699959754944;3.358952045440674;120810.0983206816;111883.8754965729;6044.81493152719;2881.4;[230.44, 314.44, 273.44, 327.44, 247.44, 275.44, 327.44, 319.44, 249.44, 316.44];97.0;[6, 11, 10, 12, 4, 12, 11, 9, 8, 13];9;96;False
10;90;10;5;True;2000;3;0.05;0;0;0;0;0;231.82687902450562;2.4987423419952393;108458.79327215243;100637.39190459847;5513.201835616979;2308.2;[230.82, 230.82, 230.82, 230.82, 230.82, 230.82, 230.82, 230.82, 230.82, 230.82];0.0;[7, 10, 8, 12, 7, 7, 11, 12, 7, 9];5;90;True
10;90;10;6;True;2000;3;0.05;0;0;0;0;0;253.3977837562561;2.4217748641967773;116811.05944552897;108868.89513323913;5386.2881852055225;2555.9;[260.69, 225.69, 260.69, 260.69, 260.69, 260.69, 244.69, 260.69, 260.69, 260.69];35.0;[6, 8, 10, 8, 8, 12, 9, 10, 9, 11];6;91;False
10;100;10;1;True;2000;3;0.05;0;0;0;0;0;312.0912494659424;2.8685948848724365;127802.31627003901;118928.54539980176;5977.611604846333;2896.2;[299.68, 297.68, 280.68, 252.08, 299.68, 299.68, 299.68, 299.68, 267.68, 299.68];47.599999999999994;[13, 6, 10, 5, 11, 11, 12, 10, 12, 11];8;101;False
10;100;10;2;True;2000;3;0.05;0;0;0;0;0;267.3905625343323;2.79701566696167;128865.68922978529;119830.36995340357;6631.533745676367;2403.8;[244.18, 244.18, 244.18, 244.18, 244.18, 244.18, 244.18, 244.18, 206.18, 244.18];38.0;[10, 12, 7, 11, 9, 12, 11, 11, 7, 12];5;102;False
10;100;10;3;True;2000;3;0.05;0;0;0;0;0;297.22299575805664;3.9149019718170166;126477.4385898679;117780.11620993346;5979.577468828044;2717.7000000000003;[275.07, 275.07, 279.07, 279.07, 279.07, 238.07, 261.07, 279.07, 273.07, 279.07];41.0;[9, 11, 12, 11, 9, 8, 8, 9, 13, 13];5;103;False
10;100;10;4;True;2000;3;0.05;0;0;0;0;0;327.1933410167694;3.026752233505249;129277.20897659363;119989.25792846754;6382.595520216147;2905.3999999999996;[270.24, 309.24, 263.24, 303.24, 309.24, 269.24, 309.24, 286.24, 276.24, 309.24];46.0;[8, 12, 12, 10, 10, 10, 12, 11, 7, 10];5;102;False
10;100;10;5;True;2000;3;0.05;0;0;0;0;0;252.9134771823883;3.3278560638427734;127729.16654592822;119176.8095788016;6345.343600267062;2207.0;[220.7, 220.7, 220.7, 220.7, 220.7, 220.7, 220.7, 220.7, 220.7, 220.7];0.0;[8, 12, 15, 11, 8, 10, 10, 8, 11, 10];7;103;False
10;100;10;6;True;2000;3;0.05;0;0;0;0;0;253.701176404953;4.1660315990448;134647.3680538925;126069.44146960773;6304.012507950894;2273.899999999999;[227.39, 227.39, 227.39, 227.39, 227.39, 227.39, 227.39, 227.39, 227.39, 227.39];0.0;[8, 7, 12, 9, 15, 12, 6, 13, 9, 14];9;105;False
10;40;10;1;True;2000;4;0.05;0;0;0;0;0;120.33372616767883;0.9085550308227539;44469.759491524914;40339.278620944686;2355.4469536373444;1774.9999999999998;[178.3, 152.3, 197.3, 185.3, 197.3, 190.3, 127.3, 157.3, 192.3, 197.3];70.00000000000001;[6, 4, 4, 2, 7, 3, 2, 3, 5, 4];5;40;True
10;40;10;2;True;2000;4;0.05;0;0;0;0;0;93.91037130355835;1.1553988456726074;48521.604047928275;44335.613906810315;2742.9153042211597;1443.1100000000001;[146.71, 146.71, 146.71, 146.71, 146.71, 146.71, 146.71, 122.72, 146.71, 146.71];23.99000000000001;[5, 4, 2, 6, 5, 5, 4, 4, 2, 5];4;42;False
10;40;10;3;True;2000;4;0.05;0;0;0;0;0;97.71048212051392;1.4239506721496582;48335.79941999411;44362.331561078136;2462.4152872892605;1511.1;[145.01, 134.01, 154.01, 154.01, 154.01, 154.01, 154.01, 154.01, 154.01, 154.01];20.0;[3, 3, 5, 2, 4, 6, 4, 7, 3, 6];5;43;False
10;40;10;4;True;2000;4;0.05;0;0;0;0;0;107.46898698806763;0.915090799331665;45983.74914987715;41945.81269727359;2361.559204910475;1676.3999999999996;[177.14, 177.14, 177.14, 162.14, 177.14, 162.14, 177.14, 160.14, 129.14, 177.14];48.0;[5, 5, 4, 3, 3, 7, 4, 3, 3, 4];4;41;False
10;40;10;5;True;2000;4;0.05;0;0;0;0;0;90.57822370529175;0.6112489700317383;42924.475325371895;39087.81102430449;2455.5581779607;1381.12;[143.89, 143.89, 137.89, 143.89, 143.89, 138.89, 143.89, 97.11, 143.89, 143.89];46.77999999999999;[3, 7, 4, 4, 3, 3, 5, 3, 3, 5];4;40;True
10;40;10;6;True;2000;4;0.05;0;0;0;0;0;99.64921593666077;0.8669047355651855;46382.45058892399;42440.03300068108;2349.7612504301806;1592.6999999999996;[164.07, 164.07, 164.07, 164.07, 164.07, 164.07, 151.07, 164.07, 164.07, 129.07];35.0;[4, 3, 4, 4, 6, 2, 4, 4, 4, 5];4;40;True
10;50;10;1;True;2000;4;0.05;0;0;0;0;0;126.02492809295654;2.483682632446289;62929.8819664262;58186.7244602525;3040.4395006651225;1702.76;[173.76, 173.76, 173.76, 138.92, 173.76, 173.76, 173.76, 173.76, 173.76, 173.76];34.84;[8, 7, 5, 2, 7, 5, 4, 5, 7, 4];6;54;False
10;50;10;2;True;2000;4;0.05;0;0;0;0;0;233.9229335784912;1.5027520656585693;67085.28526160891;61085.661008275885;3705.7815218132505;2293.84;[182.48, 205.48, 164.5, 277.48, 145.5, 242.48, 261.48, 340.48, 251.48, 222.48];194.98000000000002;[7, 5, 1, 7, 5, 8, 7, 7, 5, 5];7;57;False
10;50;10;3;True;2000;4;0.05;0;0;0;0;0;166.07346630096436;1.0247690677642822;56683.57994763218;51691.22071632514;2957.315010070718;2035.0300000000002;[201.46, 196.12, 181.12, 205.46, 247.46, 123.27, 212.46, 172.76, 247.46, 247.46];124.19000000000001;[4, 5, 4, 4, 7, 6, 4, 3, 8, 7];5;52;False
10;50;10;4;True;2000;4;0.05;0;0;0;0;0;165.35617423057556;1.2939128875732422;59811.00468508793;54822.75786650566;2999.0335985695356;1989.1999999999996;[174.32, 245.32, 203.32, 168.32, 232.32, 169.32, 180.32, 201.32, 174.32, 240.32];77.0;[5, 9, 5, 3, 4, 8, 4, 3, 4, 7];6;52;False
10;50;10;5;True;2000;4;0.05;0;0;0;0;0;138.95466303825378;1.309654951095581;57902.501245550746;52758.86532844918;3273.019086547309;1870.6000000000004;[198.66, 198.66, 190.66, 198.66, 171.66, 198.66, 198.66, 136.66, 198.66, 179.66];62.0;[4, 6, 5, 6, 3, 4, 8, 4, 5, 7];5;52;False
10;50;10;6;True;2000;4;0.05;0;0;0;0;0;120.12329626083374;0.967618465423584;58277.356507307755;53718.4199549972;2809.0606118452483;1749.9;[174.99, 174.99, 174.99, 174.99, 174.99, 174.99, 174.99, 174.99, 174.99, 174.99];0.0;[4, 4, 6, 6, 6, 5, 6, 3, 4, 6];3;50;True
10;60;10;1;True;2000;4;0.05;0;0;0;0;0;183.264981508255;1.8676738739013672;74847.56261773448;68970.00028362763;3632.285660375732;2245.3;[240.53, 194.53, 211.53, 240.53, 240.53, 224.53, 240.53, 206.53, 225.53, 220.53];46.0;[8, 5, 5, 8, 6, 6, 7, 6, 5, 6];3;62;False
10;60;10;2;True;2000;4;0.05;0;0;0;0;0;159.42302298545837;2.1600189208984375;75118.83541603989;69253.98337524012;3951.6178010562517;1913.2200000000003;[205.68, 205.68, 205.68, 205.68, 205.68, 205.68, 167.68, 144.21, 161.57, 205.68];61.47;[7, 7, 5, 8, 6, 7, 6, 5, 5, 7];3;63;False
10;60;10;3;True;2000;4;0.05;0;0;0;0;0;174.853413105011;1.1783530712127686;69023.81725101171;63261.09691993398;3574.410530726574;2188.2799999999997;[135.38, 232.1, 223.1, 233.1, 233.1, 233.1, 233.1, 199.1, 233.1, 233.1];97.72;[4, 7, 8, 5, 6, 7, 4, 7, 7, 7];4;62;False
10;60;10;4;True;2000;4;0.05;0;0;0;0;0;229.20496344566345;1.8688640594482422;74383.77558375733;67913.07004443598;3719.9147496679684;2750.8000000000006;[314.38, 303.38, 257.38, 314.38, 284.38, 314.38, 282.38, 234.38, 185.38, 260.38];129.0;[8, 6, 7, 6, 6, 8, 5, 6, 5, 6];3;63;False
10;60;10;5;True;2000;4;0.05;0;0;0;0;0;155.7068076133728;1.2305889129638672;67980.0158003699;62278.022197702936;3685.858536846325;2016.15;[202.74, 193.49, 202.74, 202.74, 202.74, 202.74, 202.74, 202.74, 202.74, 200.74];9.25;[3, 7, 7, 7, 5, 7, 8, 5, 4, 7];5;60;True
10;60;10;6;True;2000;4;0.05;0;0;0;0;0;141.16772437095642;1.7621879577636719;74399.66175869446;69196.79186595454;3343.5057733857097;1859.4000000000003;[185.94, 185.94, 185.94, 185.94, 185.94, 185.94, 185.94, 185.94, 185.94, 185.94];0.0;[4, 4, 7, 6, 5, 6, 7, 6, 7, 8];4;60;True
10;70;10;1;True;2000;4;0.05;0;0;0;0;0;187.67338252067566;2.6751391887664795;87900.21916509062;81381.27372471108;4319.24540887474;2199.7;[219.97, 219.97, 219.97, 219.97, 219.97, 219.97, 219.97, 219.97, 219.97, 219.97];0.0;[9, 6, 9, 3, 10, 6, 8, 9, 8, 5];7;73;False
10;70;10;2;True;2000;4;0.05;0;0;0;0;0;285.2878863811493;1.7711739540100098;89807.7623177502;82798.6280741257;4399.9134160587755;2609.2599999999998;[351.06, 259.06, 176.68, 351.06, 243.82, 277.06, 214.82, 209.82, 208.82, 317.06];174.38;[9, 6, 5, 10, 6, 10, 7, 7, 6, 8];5;74;False
10;70;10;3;True;2000;4;0.05;0;0;0;0;0;207.10548758506775;2.323503255844116;84986.20723157693;78350.1430713353;4209.2268998850595;2426.8599999999997;[202.96, 247.1, 247.1, 247.1, 247.1, 247.1, 247.1, 247.1, 247.1, 247.1];44.139999999999986;[7, 9, 9, 6, 8, 6, 7, 6, 8, 8];3;74;False
10;70;10;4;True;2000;4;0.05;0;0;0;0;0;158.81714248657227;2.3113279342651367;88340.37726687371;81984.01981239257;4486.634112644925;1869.7;[186.97, 186.97, 186.97, 186.97, 186.97, 186.97, 186.97, 186.97, 186.97, 186.97];0.0;[6, 10, 8, 6, 4, 8, 6, 8, 6, 9];6;71;False
10;70;10;5;True;2000;4;0.05;0;0;0;0;0;206.5223846435547;1.8255321979522705;84606.25801189197;77811.83279889153;4471.170534547035;2323.2299999999996;[247.87, 227.87, 221.87, 247.87, 173.4, 247.87, 247.87, 226.87, 247.87, 233.87];74.47;[5, 7, 7, 11, 4, 6, 9, 7, 6, 9];7;71;False
10;70;10;6;True;2000;4;0.05;0;0;0;0;0;202.4643840789795;2.1975839138031006;92462.04153130513;85924.92762220913;4293.044901979332;2244.11;[217.41, 201.42, 240.41, 240.41, 203.41, 227.41, 240.41, 240.41, 225.41, 207.41];38.99000000000001;[5, 5, 8, 6, 9, 6, 8, 9, 7, 9];4;72;False
10;80;10;1;True;2000;4;0.05;0;0;0;0;0;234.3793637752533;2.8858470916748047;103888.90940285385;96654.94007903434;4801.018782799724;2433.0;[252.5, 240.5, 231.5, 252.5, 252.5, 252.5, 219.5, 230.5, 248.5, 252.5];33.0;[10, 9, 9, 5, 7, 9, 4, 9, 11, 10];7;83;False
10;80;10;2;True;2000;4;0.05;0;0;0;0;0;239.88909554481506;2.466367244720459;101601.37644233897;93881.43875280427;5147.074958753607;2572.899999999999;[260.89, 260.89, 260.89, 260.89, 260.89, 260.89, 260.89, 224.89, 260.89, 260.89];36.0;[8, 9, 7, 10, 8, 11, 10, 7, 7, 7];4;84;False
10;80;10;3;True;2000;4;0.05;0;0;0;0;0;212.8456358909607;2.4581148624420166;95602.70491193376;88333.61583611515;4969.0378868661655;2300.1000000000004;[232.01, 232.01, 232.01, 232.01, 232.01, 212.01, 232.01, 232.01, 232.01, 232.01];20.0;[6, 9, 7, 8, 12, 6, 8, 10, 7, 10];6;83;False
10;80;10;4;True;2000;4;0.05;0;0;0;0;0;222.47096800804138;3.782155752182007;109462.7795202943;101718.5320286198;5348.798096077312;2395.399999999999;[243.64, 243.64, 243.64, 243.64, 243.64, 243.64, 243.64, 243.64, 205.64, 240.64];38.0;[9, 12, 8, 9, 7, 11, 7, 10, 5, 8];7;86;False
10;80;10;5;True;2000;4;0.05;0;0;0;0;0;223.54911851882935;2.470003843307495;101780.74792806158;94210.70312980132;5151.15749701141;2418.9;[242.59, 242.59, 242.59, 242.59, 242.59, 242.59, 242.59, 235.59, 242.59, 242.59];7.0;[6, 10, 9, 9, 8, 9, 11, 6, 7, 8];5;83;False
10;80;10;6;True;2000;4;0.05;0;0;0;0;0;201.4012007713318;2.3466663360595703;103834.32880304118;96865.88955459603;4780.986424523496;2187.5;[218.75, 218.75, 218.75, 218.75, 218.75, 218.75, 218.75, 218.75, 218.75, 218.75];0.0;[6, 7, 10, 8, 11, 8, 6, 8, 9, 9];5;82;False
10;90;10;1;True;2000;4;0.05;0;0;0;0;0;250.41371297836304;2.4897549152374268;116278.42975865288;108518.6326239972;5216.046859372328;2543.7999999999997;[258.08, 231.08, 258.08, 258.08, 258.08, 258.08, 258.08, 248.08, 258.08, 258.08];26.99999999999997;[11, 8, 10, 8, 11, 8, 7, 9, 9, 10];4;91;False
10;90;10;2;True;2000;4;0.05;0;0;0;0;0;250.05425548553467;3.7074408531188965;115686.05937980344;107417.24022120965;5886.575960943609;2382.2000000000003;[246.92, 246.92, 246.92, 232.92, 246.92, 246.92, 235.92, 234.92, 196.92, 246.92];50.0;[11, 9, 7, 11, 8, 12, 9, 7, 9, 10];5;93;False
10;90;10;3;True;2000;4;0.05;0;0;0;0;0;281.46486377716064;3.379279613494873;114047.88825495473;105496.333181883;5793.139396019153;2758.41;[270.41, 283.0, 256.0, 283.0, 283.0, 272.0, 283.0, 269.0, 276.0, 283.0];27.0;[8, 9, 11, 10, 12, 9, 9, 10, 9, 8];4;95;False
10;90;10;4;True;2000;4;0.05;0;0;0;0;0;297.68467831611633;2.937788248062134;117036.81070039627;108273.04277295108;5833.372055516481;2930.4100000000008;[259.68, 303.97, 303.97, 303.97, 287.97, 268.97, 303.97, 303.97, 289.97, 303.97];44.29000000000002;[9, 13, 11, 7, 8, 10, 7, 10, 9, 9];6;93;False
10;90;10;5;True;2000;4;0.05;0;0;0;0;0;245.1838173866272;2.253146171569824;113740.23321006157;105677.89602085149;5564.364923152908;2498.0;[250.0, 250.0, 248.0, 250.0, 250.0, 250.0, 250.0, 250.0, 250.0, 250.0];2.0;[8, 11, 10, 12, 7, 11, 8, 8, 6, 10];6;91;False
10;90;10;6;True;2000;4;0.05;0;0;0;0;0;273.0036838054657;4.909886360168457;124171.93005813859;116070.14890131034;5491.258890609514;2610.56;[261.07, 223.93, 252.07, 274.07, 241.07, 274.07, 262.07, 274.07, 274.07, 274.07];50.139999999999986;[7, 9, 7, 9, 8, 11, 9, 10, 12, 12];5;94;False
10;100;10;1;True;2000;4;0.05;0;0;0;0;0;373.4104731082916;4.561436176300049;136357.49761433827;127205.85018330987;6068.8436602644215;3082.7799999999997;[317.81, 252.49, 294.81, 305.81, 356.81, 302.81, 281.81, 356.81, 294.81, 318.81];104.32;[14, 6, 11, 11, 15, 10, 10, 11, 8, 11];9;107;False
10;100;10;2;True;2000;4;0.05;0;0;0;0;0;350.6279628276825;3.5978074073791504;131343.9607439155;121737.4770977386;6741.469903850677;2865.02;[233.76, 330.2, 252.93, 291.2, 292.2, 299.2, 262.93, 304.2, 330.2, 268.2];96.44;[12, 10, 7, 11, 9, 13, 10, 11, 12, 9];6;104;False
10;100;10;3;True;2000;4;0.05;0;0;0;0;0;302.4574074745178;3.624528169631958;127065.57779898714;118322.0172142283;6074.939003968532;2668.6;[214.87, 226.29, 280.43, 280.43, 280.43, 264.43, 280.43, 280.43, 280.43, 280.43];65.56;[7, 10, 13, 8, 13, 10, 10, 11, 10, 11];6;103;False
10;100;10;4;True;2000;4;0.05;0;0;0;0;0;275.73208594322205;3.3432438373565674;128978.4928242579;120084.04416549882;6405.008082545475;2489.399999999999;[252.64, 252.64, 222.64, 252.64, 252.64, 252.64, 245.64, 252.64, 252.64, 252.64];30.0;[12, 10, 8, 8, 10, 15, 8, 10, 11, 9];7;101;False
10;100;10;5;True;2000;4;0.05;0;0;0;0;0;300.4910261631012;3.9005467891693115;129554.8658755682;120315.28824613785;6440.99376977207;2798.6;[280.96, 280.96, 280.96, 280.96, 280.96, 280.96, 280.96, 269.96, 280.96, 280.96];11.0;[8, 14, 10, 12, 10, 6, 11, 8, 14, 11];8;104;False
10;100;10;6;True;2000;4;0.05;0;0;0;0;0;294.4221980571747;5.065753698348999;138539.58333401015;129716.32847539229;6102.975530923453;2720.2999999999997;[269.83, 274.83, 274.83, 274.83, 274.83, 274.83, 274.83, 274.83, 270.83, 255.83];18.99999999999997;[6, 7, 11, 11, 11, 10, 12, 12, 11, 13];7;104;False
20;40;20;1;True;2000;2;0.05;0;0;0;0;0;75.39508414268494;1.982046127319336;46921.5580058668;42487.60145656619;2462.3615900704604;1971.5600000000006;[108.7, 64.48, 96.7, 108.7, 108.7, 99.7, 71.48, 108.7, 108.7, 71.7, 108.7, 100.7, 108.7, 93.7, 98.7, 108.7, 78.7, 108.7, 108.7, 108.7];44.22;[3, 1, 2, 3, 4, 2, 2, 3, 4, 1, 2, 4, 1, 2, 2, 2, 2, 3];3;43;False
20;40;20;2;True;2000;2;0.05;0;0;0;0;0;66.5113115310669;2.5245532989501953;44124.11222984534;39583.728386429044;2649.8479727848708;1890.6000000000008;[100.38, 100.38, 100.38, 100.38, 100.38, 100.38, 100.38, 100.38, 100.38, 100.38, 75.38, 100.38, 96.38, 100.38, 100.38, 81.38, 52.38, 100.38, 100.38, 79.38];47.99999999999999;[2, 4, 1, 3, 2, 4, 2, 1, 1, 2, 3, 3, 2, 1, 2, 1, 1, 3, 2, 1];3;41;False
20;40;20;3;True;2000;2;0.05;0;0;0;0;0;57.758846282958984;1.4603807926177979;40739.873412266505;36975.96763230113;2273.426170633595;1490.5200000000004;[79.63, 79.63, 79.63, 79.63, 79.63, 59.63, 79.63, 79.63, 79.63, 79.63, 29.55, 75.63, 79.63, 79.63, 79.63, 79.63, 69.63, 79.63, 61.63, 79.63];50.08;[1, 2, 2, 4, 4, 1, 2, 2, 1, 1, 1, 2, 2, 2, 1, 2, 1, 2, 4, 3];3;40;True
20;40;20;4;True;2000;2;0.05;0;0;0;0;0;78.45276975631714;2.2560317516326904;44777.033689081094;40317.82345042347;2383.2689378118907;2075.88;[54.89, 116.27, 99.27, 116.27, 116.27, 116.27, 116.27, 101.27, 89.89, 116.27, 51.89, 105.27, 61.89, 116.27, 116.27, 116.27, 116.27, 116.27, 116.27, 116.27];64.38;[3, 4, 2, 1, 3, 1, 1, 1, 1, 2, 1, 1, 2, 5, 2, 3, 4, 1, 2, 2];4;42;False
20;40;20;5;True;2000;2;0.05;0;0;0;0;0;75.26469659805298;1.5783390998840332;41803.72542380827;37256.447663330226;2461.27322650121;2086.0;[109.0, 114.0, 114.0, 107.0, 67.0, 114.0, 114.0, 83.0, 114.0, 114.0, 114.0, 74.0, 91.0, 114.0, 114.0, 114.0, 105.0, 101.0, 114.0, 95.0];47.0;[1, 3, 4, 2, 2, 3, 3, 1, 3, 3, 1, 1, 2, 2, 3, 2, 1, 2, 2];3;41;False
20;40;20;6;True;2000;2;0.05;0;0;0;0;0;62.616456747055054;1.8211710453033447;44444.65357529003;40402.98755020935;2304.0877834732123;1737.64;[89.24, 89.24, 89.24, 89.24, 89.24, 89.24, 89.24, 89.24, 89.24, 83.24, 52.08, 89.24, 89.24, 89.24, 89.24, 89.24, 89.24, 85.24, 89.24, 89.24];37.16;[3, 2, 1, 3, 4, 3, 2, 3, 2, 1, 3, 2, 3, 2, 3, 2, 2];3;41;False
20;50;20;1;True;2000;2;0.05;0;0;0;0;0;79.39185380935669;3.254542589187622;55391.43027037164;50440.56985582804;3013.4435577133154;1937.3999999999999;[101.02, 73.02, 101.02, 101.02, 101.02, 101.02, 99.02, 101.02, 101.02, 89.02, 81.02, 101.02, 101.02, 101.02, 84.02, 101.02, 97.02, 101.02, 101.02, 101.02];28.0;[5, 1, 3, 4, 3, 2, 2, 4, 4, 2, 1, 3, 5, 1, 1, 2, 1, 3, 3, 3];4;53;False
20;50;20;2;True;2000;2;0.05;0;0;0;0;0;75.93942618370056;2.516704797744751;54913.310317658994;49808.363637778515;3172.1670404656384;1932.8;[99.74, 99.74, 99.74, 99.74, 99.74, 99.74, 97.74, 99.74, 99.74, 99.74, 99.74, 99.74, 99.74, 99.74, 99.74, 99.74, 55.74, 99.74, 99.74, 83.74];43.99999999999999;[2, 4, 1, 2, 3, 4, 3, 2, 2, 2, 4, 3, 2, 2, 3, 1, 1, 4, 4, 1];3;50;True
20;50;20;3;True;2000;2;0.05;0;0;0;0;0;57.99302530288696;2.023265838623047;51386.07794056362;46986.76713725206;2893.4911938822015;1505.7999999999997;[76.04, 76.04, 76.04, 76.04, 76.04, 65.04, 76.04, 76.04, 76.04, 76.04, 72.04, 76.04, 76.04, 76.04, 76.04, 76.04, 76.04, 76.04, 76.04, 76.04];11.0;[2, 3, 2, 5, 3, 2, 2, 1, 2, 3, 2, 1, 2, 2, 3, 3, 2, 3, 4, 3];4;50;True
20;50;20;4;True;2000;2;0.05;0;0;0;0;0;76.18598365783691;2.708038806915283;54336.78544406752;49718.92772710714;2767.0337536623506;1850.7999999999995;[82.54, 94.54, 90.54, 94.54, 94.54, 94.54, 94.54, 94.54, 94.54, 94.54, 74.54, 94.54, 90.54, 94.54, 94.54, 94.54, 94.54, 94.54, 94.54, 94.54];20.0;[2, 4, 1, 4, 2, 1, 3, 2, 4, 3, 2, 2, 4, 3, 2, 3, 4, 2, 2];3;50;True
20;50;20;5;True;2000;2;0.05;0;0;0;0;0;80.13276720046997;2.402184009552002;53053.69786497792;47926.13859947397;3145.502267216496;1982.1199999999992;[105.36, 105.36, 78.74, 105.36, 60.74, 105.36, 105.36, 85.73, 105.36, 105.36, 105.36, 91.78, 88.73, 105.36, 105.36, 105.36, 105.36, 105.36, 105.36, 101.36];44.62;[2, 4, 5, 2, 2, 1, 4, 1, 3, 4, 3, 1, 1, 3, 2, 3, 2, 2, 4, 2];4;51;False
20;50;20;6;True;2000;2;0.05;0;0;0;0;0;81.24372982978821;2.77008318901062;55583.205888506054;50704.00765957595;2767.5058212007625;2111.600000000001;[107.43, 107.43, 107.43, 107.43, 107.43, 107.43, 106.43, 107.43, 107.43, 96.43, 107.43, 107.43, 107.43, 107.43, 107.43, 107.43, 107.43, 82.43, 107.43, 107.43];25.0;[2, 2, 5, 4, 2, 6, 2, 3, 4, 1, 3, 1, 3, 3, 1, 2, 2, 1, 3];5;50;True
20;60;20;1;True;2000;2;0.05;0;0;0;0;0;93.7811336517334;3.9846551418304443;66307.17698882348;60614.129420315294;3522.2565784409526;2170.7999999999997;[111.99, 69.99, 103.99, 111.99, 111.99, 111.99, 111.99, 111.99, 111.99, 111.99, 92.99, 111.99, 111.99, 111.99, 111.99, 111.99, 111.99, 111.99, 111.99, 111.99];42.0;[4, 1, 3, 4, 5, 4, 1, 5, 4, 2, 2, 4, 4, 2, 2, 2, 1, 3, 4, 3];4;60;True
20;60;20;2;True;2000;2;0.05;0;0;0;0;0;134.00197577476501;3.3817386627197266;68997.0739478612;62407.016173248;3843.048989265685;2747.0500000000006;[120.53, 158.15, 160.15, 160.15, 140.53, 160.15, 160.15, 116.53, 88.53, 160.15, 102.53, 160.15, 145.15, 160.15, 160.15, 77.53, 55.54, 160.15, 140.53, 160.15];104.61000000000001;[2, 3, 1, 2, 3, 3, 4, 2, 1, 3, 7, 6, 3, 3, 3, 1, 2, 5, 4, 4];6;62;False
20;60;20;3;True;2000;2;0.05;0;0;0;0;0;94.73401618003845;3.207932710647583;65088.4901288253;59409.57551037494;3572.333624939404;2106.5800000000004;[112.2, 112.2, 112.2, 112.2, 112.2, 77.45, 112.2, 112.2, 112.2, 112.2, 60.16, 89.57, 112.2, 112.2, 95.2, 112.2, 112.2, 112.2, 101.2, 112.2];52.040000000000006;[4, 4, 4, 5, 4, 2, 2, 2, 3, 5, 3, 3, 2, 2, 2, 3, 1, 4, 3, 4];4;62;False
20;60;20;4;True;2000;2;0.05;0;0;0;0;0;97.40531587600708;3.2353925704956055;68918.59541269543;63016.064933125774;3560.3602974542155;2342.11;[95.62, 118.71, 118.71, 118.71, 118.71, 118.71, 118.71, 118.71, 118.71, 118.71, 109.71, 118.71, 118.71, 118.71, 118.71, 118.71, 118.71, 118.71, 118.71, 118.71];23.08999999999999;[3, 4, 4, 4, 1, 1, 3, 3, 3, 4, 2, 1, 1, 5, 3, 4, 5, 4, 4, 2];4;61;False
20;60;20;5;True;2000;2;0.05;0;0;0;0;0;118.7873523235321;3.261996269226074;66471.67580970976;60155.949173634086;3800.49074778522;2515.2000000000003;[131.21, 148.21, 148.21, 122.21, 79.21, 143.21, 145.21, 94.21, 147.21, 120.21, 148.21, 89.21, 95.21, 148.21, 142.21, 148.21, 93.21, 117.21, 147.21, 107.21];69.00000000000001;[2, 4, 6, 4, 2, 2, 4, 1, 2, 3, 5, 2, 2, 2, 3, 5, 4, 2, 4, 3];5;62;False
20;60;20;6;True;2000;2;0.05;0;0;0;0;0;94.61085939407349;2.8953444957733154;69251.94457736054;63782.34755951514;3221.7838289705537;2247.7999999999997;[116.29, 116.29, 116.29, 116.29, 116.29, 116.29, 116.29, 116.29, 116.29, 116.29, 90.29, 116.29, 116.29, 116.29, 105.29, 82.29, 116.29, 109.29, 116.29, 116.29];34.0;[2, 2, 3, 4, 5, 6, 3, 3, 4, 2, 1, 1, 2, 4, 3, 3, 3, 3, 2, 4];5;60;True
20;70;20;1;True;2000;2;0.05;0;0;0;0;0;109.33502531051636;6.5833117961883545;81888.2913997355;75344.81971498481;4153.139034413886;2390.4;[119.52, 119.52, 119.52, 119.52, 119.52, 119.52, 119.52, 119.52, 119.52, 119.52, 119.52, 119.52, 119.52, 119.52, 119.52, 119.52, 119.52, 119.52, 119.52, 119.52];0.0;[5, 3, 3, 5, 5, 3, 2, 6, 4, 3, 3, 2, 4, 2, 1, 2, 6, 3, 5, 5];5;72;False
20;70;20;2;True;2000;2;0.05;0;0;0;0;0;94.33334374427795;4.771432399749756;77238.31432415007;71049.87717370645;4245.280833459581;1943.1800000000005;[98.66, 98.66, 98.66, 98.66, 98.66, 98.66, 98.66, 98.66, 98.66, 98.66, 98.66, 98.66, 98.66, 98.66, 98.66, 98.66, 68.64, 98.66, 98.66, 98.66];30.019999999999996;[2, 6, 2, 6, 4, 4, 5, 1, 3, 3, 6, 6, 3, 1, 3, 2, 3, 3, 6, 2];5;71;False
20;70;20;3;True;2000;2;0.05;0;0;0;0;0;122.72437524795532;5.675817012786865;78655.09318399725;71908.2349490186;4288.295177597863;2458.5500000000006;[133.19, 133.19, 133.19, 133.19, 133.19, 113.19, 133.19, 133.19, 133.19, 133.19, 53.94, 132.19, 133.19, 124.19, 120.19, 133.19, 112.19, 118.19, 86.19, 133.19];79.25;[5, 6, 4, 4, 4, 3, 4, 4, 1, 2, 3, 3, 2, 3, 3, 5, 3, 5, 5, 6];5;75;False
20;70;20;4;True;2000;2;0.05;0;0;0;0;0;100.53335881233215;7.421471118927002;81812.95591725636;75246.30826553116;4504.901055044597;2061.76;[104.48, 104.48, 104.48, 104.48, 104.48, 104.48, 104.48, 102.48, 104.48, 104.48, 78.64, 104.48, 104.48, 104.48, 104.48, 104.48, 104.48, 104.48, 104.48, 104.48];25.840000000000003;[4, 6, 5, 4, 1, 2, 3, 2, 4, 4, 2, 2, 1, 6, 3, 3, 4, 4, 6, 6];5;72;False
20;70;20;5;True;2000;2;0.05;0;0;0;0;0;98.73528409004211;4.748663902282715;77218.22129746251;70710.84788178375;4358.356774565908;2148.999999999999;[108.85, 108.85, 108.85, 108.85, 108.85, 108.85, 108.85, 94.85, 108.85, 108.85, 108.85, 108.85, 108.85, 108.85, 108.85, 108.85, 108.85, 108.85, 108.85, 94.85];14.0;[3, 3, 6, 3, 2, 3, 4, 2, 4, 4, 4, 3, 4, 4, 5, 5, 1, 5, 3, 3];5;71;False
20;70;20;6;True;2000;2;0.05;0;0;0;0;0;100.22207832336426;5.268467664718628;82764.31653329759;76431.25606130871;4180.817615587156;2152.2000000000007;[108.66, 108.66, 108.66, 108.66, 108.66, 108.66, 108.66, 108.66, 108.66, 108.66, 108.66, 108.66, 108.66, 108.66, 102.66, 93.66, 108.66, 108.66, 108.66, 108.66];15.0;[5, 2, 5, 3, 5, 7, 4, 3, 3, 2, 4, 1, 4, 2, 4, 4, 5, 3, 2, 3];6;71;False
20;80;20;1;True;2000;2;0.05;0;0;0;0;0;132.00053668022156;6.645159006118774;90672.29983911388;83532.19758604662;4569.412953875264;2570.6;[129.48, 129.48, 127.48, 129.48, 129.48, 129.48, 129.48, 129.48, 129.48, 125.48, 129.48, 129.48, 129.48, 129.48, 127.48, 129.48, 118.48, 129.48, 129.48, 129.48];10.999999999999986;[8, 3, 4, 6, 5, 3, 3, 7, 4, 2, 2, 4, 5, 1, 2, 4, 3, 4, 5, 5];7;80;True
20;80;20;2;True;2000;2;0.05;0;0;0;0;0;113.17714309692383;6.000393867492676;89937.14287315139;82773.65722425956;5037.352708842152;2126.079999999999;[108.57, 108.57, 108.57, 108.57, 108.57, 108.57, 108.57, 108.57, 108.57, 108.57, 108.57, 108.57, 108.57, 108.57, 108.57, 108.57, 80.25, 108.57, 108.57, 91.57];28.319999999999993;[4, 7, 2, 5, 4, 2, 4, 3, 4, 4, 3, 7, 5, 2, 4, 4, 3, 6, 5, 3];5;81;False
20;80;20;3;True;2000;2;0.05;0;0;0;0;0;109.93358778953552;5.1717000007629395;86550.53642321705;79620.5966382505;4823.357584417617;2106.4999999999995;[107.34, 107.34, 107.34, 107.34, 107.34, 107.34, 107.34, 107.34, 107.34, 107.34, 67.04, 107.34, 107.34, 107.34, 107.34, 107.34, 107.34, 107.34, 107.34, 107.34];40.3;[3, 5, 5, 3, 4, 4, 3, 4, 2, 6, 3, 3, 4, 4, 3, 5, 4, 5, 6, 4];4;80;True
20;80;20;4;True;2000;2;0.05;0;0;0;0;0;140.085275888443;7.235004186630249;96718.07009034071;88642.73868095444;5329.3873960358;2746.000000000001;[140.15, 140.15, 140.15, 140.15, 140.15, 140.15, 140.15, 140.15, 140.15, 140.15, 83.15, 140.15, 140.15, 140.15, 140.15, 140.15, 140.15, 140.15, 140.15, 140.15];57.0;[5, 4, 5, 3, 6, 4, 3, 3, 4, 4, 2, 2, 2, 4, 3, 6, 6, 5, 5, 7];5;83;False
20;80;20;5;True;2000;2;0.05;0;0;0;0;0;138.9823341369629;6.567866325378418;93439.36010356239;85978.40818912139;5049.6363122720495;2411.24;[130.0, 130.0, 130.0, 121.0, 94.0, 130.0, 130.0, 94.0, 130.0, 125.0, 130.0, 102.0, 80.24, 130.0, 130.0, 130.0, 127.0, 125.0, 130.0, 113.0];49.760000000000005;[4, 7, 5, 3, 3, 3, 4, 2, 5, 6, 8, 3, 3, 2, 4, 3, 4, 5, 5, 4];6;83;False
20;80;20;6;True;2000;2;0.05;0;0;0;0;0;122.1811408996582;7.021556377410889;96470.04824913263;89403.65091394047;4793.993430563361;2272.4;[124.61, 124.61, 124.61, 124.61, 124.61, 124.61, 104.61, 124.61, 124.61, 82.41, 89.41, 113.61, 124.61, 109.61, 107.61, 88.41, 124.61, 81.41, 124.61, 124.61];43.2;[4, 4, 5, 5, 6, 8, 5, 5, 4, 2, 3, 1, 4, 2, 5, 3, 5, 3, 4, 4];7;82;False
20;90;20;1;True;2000;2;0.05;0;0;0;0;0;138.3270320892334;8.80240797996521;105490.85917722741;97670.52761052879;5218.452342270661;2601.8;[130.59, 120.59, 130.59, 130.59, 130.59, 130.59, 130.59, 130.59, 130.59, 130.59, 130.59, 130.59, 130.59, 130.59, 130.59, 130.59, 130.59, 130.59, 130.59, 130.59];10.0;[8, 3, 6, 6, 3, 6, 2, 7, 5, 4, 3, 5, 5, 4, 2, 4, 2, 4, 6, 6];6;91;False
20;90;20;2;True;2000;2;0.05;0;0;0;0;0;200.38855290412903;9.446638584136963;112206.53317476662;103334.0751213391;5938.179959965304;2934.35;[152.27, 165.27, 183.27, 183.27, 145.27, 183.27, 130.27, 115.27, 104.27, 166.27, 106.27, 180.27, 96.27, 151.27, 183.27, 122.27, 75.22, 139.27, 183.27, 168.27];108.05000000000001;[5, 6, 2, 6, 5, 7, 5, 5, 4, 6, 4, 6, 4, 5, 5, 3, 4, 5, 7, 4];5;98;False
20;90;20;3;True;2000;2;0.05;0;0;0;0;0;127.57974529266357;7.458002328872681;100668.89526344785;92957.46159064725;5453.338451364672;2258.0700000000006;[115.64, 115.64, 115.64, 115.64, 115.64, 96.64, 115.64, 115.64, 115.64, 115.64, 115.64, 115.64, 115.64, 115.64, 115.64, 115.64, 115.64, 115.64, 79.91, 115.64];35.730000000000004;[4, 5, 6, 6, 4, 3, 4, 6, 3, 4, 6, 3, 3, 3, 4, 6, 4, 6, 6, 5];3;91;False
20;90;20;4;True;2000;2;0.05;0;0;0;0;0;183.98800349235535;9.425293207168579;108636.23541586302;99669.738925404;5714.1565801000315;3252.269999999999;[127.28, 176.35, 156.35, 176.35, 162.35, 151.35, 151.28, 147.28, 176.35, 176.35, 101.83, 176.35, 169.35, 176.35, 176.35, 160.35, 176.35, 176.35, 176.35, 161.35];74.52;[5, 5, 4, 6, 2, 3, 5, 6, 4, 5, 3, 5, 3, 6, 3, 6, 5, 5, 10, 3];8;94;False
20;90;20;5;True;2000;2;0.05;0;0;0;0;0;144.11591172218323;6.374574661254883;100936.96258825305;93099.79352520652;5305.779288072032;2531.4400000000005;[130.8, 130.8, 130.8, 130.8, 121.8, 130.8, 130.8, 88.15, 130.8, 128.8, 130.8, 99.89, 130.8, 130.8, 130.8, 130.8, 130.8, 130.8, 130.8, 130.8];42.650000000000006;[3, 6, 7, 3, 3, 5, 6, 2, 4, 5, 4, 4, 3, 3, 5, 7, 5, 6, 6, 3];5;90;True
20;90;20;6;True;2000;2;0.05;0;0;0;0;0;111.21765875816345;6.449291944503784;105577.3109348662;98395.6118273979;5133.876373711093;2047.7999999999995;[103.04, 103.04, 103.04, 103.04, 103.04, 103.04, 103.04, 103.04, 103.04, 103.04, 103.04, 103.04, 103.04, 103.04, 101.04, 102.04, 103.04, 93.04, 103.04, 103.04];10.0;[4, 4, 5, 5, 8, 6, 5, 4, 4, 2, 4, 1, 3, 3, 5, 5, 7, 3, 4, 8];7;90;True
20;100;20;1;True;2000;2;0.05;0;0;0;0;0;168.8686490058899;7.881757020950317;117124.94906455018;108506.09547801064;5758.06920762884;2860.749999999999;[144.31, 144.31, 144.31, 144.31, 144.31, 140.31, 144.31, 144.31, 144.31, 127.86, 144.31, 144.31, 144.31, 144.31, 139.31, 144.31, 144.31, 144.31, 144.31, 144.31];16.450000000000003;[8, 4, 5, 6, 7, 5, 4, 8, 9, 5, 3, 4, 5, 3, 2, 5, 2, 5, 5, 6];7;101;False
20;100;20;2;True;2000;2;0.05;0;0;0;0;0;152.9021201133728;9.00598669052124;119349.08570419803;110327.7768232281;6617.2393445783055;2404.0;[124.2, 124.2, 124.2, 124.2, 124.2, 124.2, 92.2, 124.2, 124.2, 124.2, 124.2, 124.2, 124.2, 124.2, 124.2, 124.2, 96.2, 124.2, 124.2, 104.2];32.0;[5, 7, 3, 5, 4, 7, 6, 4, 4, 3, 4, 7, 7, 4, 5, 5, 6, 6, 7, 3];4;102;False
20;100;20;3;True;2000;2;0.05;0;0;0;0;0;147.4160189628601;9.573264360427856;119363.02247935047;110917.70239029374;6154.880496068513;2290.4900000000007;[117.41, 117.41, 117.41, 117.41, 117.41, 84.85, 117.41, 117.41, 117.41, 117.41, 117.41, 117.41, 117.41, 117.41, 117.41, 117.41, 117.41, 117.41, 92.26, 117.41];32.56;[4, 6, 5, 7, 6, 4, 6, 4, 6, 4, 6, 5, 3, 7, 2, 6, 4, 5, 7, 7];5;104;False
20;100;20;4;True;2000;2;0.05;0;0;0;0;0;176.8512556552887;8.922851800918579;117991.94939551892;108785.04921400845;6193.203043856876;3013.6000000000013;[135.86, 154.76, 132.86, 154.76, 154.76, 154.76, 154.76, 141.86, 154.76, 154.76, 134.86, 154.76, 154.76, 154.76, 154.76, 146.76, 154.76, 154.76, 154.76, 154.76];21.899999999999977;[6, 7, 6, 7, 3, 4, 5, 7, 4, 3, 1, 4, 3, 5, 5, 4, 6, 6, 9, 5];8;100;True
20;100;20;5;True;2000;2;0.05;0;0;0;0;0;174.81914949417114;8.007611274719238;117665.78471281443;108722.87315759432;6019.531559368797;2923.399999999999;[149.97, 149.97, 149.97, 149.97, 131.97, 149.97, 149.97, 131.97, 149.97, 149.97, 149.97, 116.97, 149.97, 149.97, 149.97, 149.97, 149.97, 149.97, 149.97, 142.97];33.0;[5, 6, 7, 5, 4, 3, 7, 4, 4, 5, 7, 5, 2, 6, 4, 8, 5, 7, 4, 3];6;101;False
20;100;20;6;True;2000;2;0.05;0;0;0;0;0;135.47052669525146;6.787546396255493;118886.09151672201;110783.74771187574;5883.353160367635;2218.9999999999995;[111.05, 111.05, 111.05, 111.05, 111.05, 111.05, 111.05, 111.05, 111.05, 111.05, 111.05, 111.05, 111.05, 111.05, 111.05, 109.05, 111.05, 111.05, 111.05, 111.05];2.0;[4, 3, 8, 5, 5, 9, 7, 6, 7, 2, 5, 2, 5, 3, 6, 4, 6, 4, 3, 6];7;100;True
20;60;20;1;True;2000;3;0.05;0;0;0;0;0;86.5428397655487;4.343442916870117;68743.44805811686;63042.12336163025;3746.19440619674;1955.1199999999997;[99.78, 76.54, 99.78, 99.78, 99.78, 99.78, 99.78, 99.78, 99.78, 99.78, 99.78, 99.78, 99.78, 99.78, 82.54, 99.78, 99.78, 99.78, 99.78, 99.78];23.239999999999995;[6, 2, 3, 4, 2, 3, 2, 5, 5, 3, 1, 2, 4, 1, 1, 5, 2, 3, 4, 4];5;62;False
20;60;20;2;True;2000;3;0.05;0;0;0;0;0;103.6248733997345;6.241098165512085;70737.4712610689;64517.757695474036;4062.8821655394695;2156.7999999999997;[100.09, 120.09, 120.09, 120.09, 92.09, 120.09, 120.09, 109.09, 96.09, 120.09, 71.09, 120.09, 94.09, 120.09, 120.09, 120.09, 74.09, 120.09, 120.09, 79.09];49.0;[2, 4, 1, 4, 2, 5, 5, 2, 1, 4, 4, 5, 4, 3, 3, 2, 2, 5, 5, 1];4;64;False
20;60;20;3;True;2000;3;0.05;0;0;0;0;0;78.19498610496521;2.600104808807373;63125.3151881622;57927.10776151484;3533.3547118714687;1664.9400000000003;[88.97, 88.97, 88.97, 88.97, 88.97, 47.15, 88.97, 88.97, 88.97, 88.97, 40.33, 68.97, 88.97, 85.97, 87.97, 88.97, 88.97, 88.97, 88.97, 88.97];48.64;[3, 4, 3, 4, 3, 3, 4, 3, 3, 3, 2, 3, 2, 3, 2, 4, 1, 5, 4, 3];4;62;False
20;60;20;4;True;2000;3;0.05;0;0;0;0;0;103.92787051200867;2.536409854888916;67947.5639242327;61962.22035744517;3472.1743248707844;2513.1999999999994;[98.06, 129.06, 128.06, 129.06, 129.06, 127.06, 124.06, 129.06, 113.06, 129.06, 128.06, 124.06, 122.06, 129.06, 129.06, 129.06, 129.06, 129.06, 129.06, 129.06];31.0;[2, 4, 4, 3, 2, 2, 2, 3, 3, 2, 3, 2, 2, 5, 3, 4, 3, 4, 4, 3];3;60;True
20;60;20;5;True;2000;3;0.05;0;0;0;0;0;83.01849508285522;4.597592353820801;67466.22809290046;61899.14902070446;3726.0373824316057;1841.0300000000004;[95.17, 95.17, 95.17, 95.17, 85.17, 95.17, 95.17, 90.17, 95.17, 95.17, 95.17, 67.8, 86.17, 95.17, 95.17, 95.17, 84.17, 95.17, 95.17, 95.17];27.370000000000005;[2, 4, 4, 4, 3, 2, 3, 1, 3, 4, 4, 2, 3, 3, 4, 4, 2, 2, 5, 3];4;62;False
20;60;20;6;True;2000;3;0.05;0;0;0;0;0;70.77077865600586;2.3089938163757324;68214.90586271971;63299.079734074745;3268.313096406322;1647.5999999999997;[82.83, 82.83, 82.83, 82.83, 82.83, 82.83, 82.83, 82.83, 82.83, 82.83, 80.83, 82.83, 82.83, 82.83, 82.83, 79.83, 82.83, 78.83, 82.83, 82.83];4.0;[4, 3, 3, 3, 4, 4, 5, 2, 3, 2, 1, 1, 4, 2, 3, 3, 4, 2, 3, 4];4;60;True
20;70;20;1;True;2000;3;0.05;0;0;0;0;0;117.69443082809448;7.55624794960022;82869.78127039243;76190.96323032185;4237.725784198778;2441.0;[129.24, 110.24, 111.24, 129.24, 129.24, 126.24, 128.24, 129.24, 129.24, 116.24, 88.44, 129.24, 129.24, 129.24, 114.24, 129.24, 95.24, 129.24, 129.24, 129.24];40.80000000000001;[6, 3, 2, 3, 3, 4, 2, 7, 4, 3, 2, 3, 6, 2, 2, 4, 2, 4, 6, 4];5;72;False
20;70;20;2;True;2000;3;0.05;0;0;0;0;0;103.83661580085754;4.874364137649536;81686.89472594141;75234.0129772443;4250.540661199221;2202.4;[113.47, 113.47, 113.47, 113.47, 113.47, 113.47, 113.47, 102.47, 113.47, 113.47, 103.47, 113.47, 113.47, 113.47, 113.47, 113.47, 79.47, 113.47, 113.47, 101.47];34.0;[4, 5, 1, 4, 3, 5, 4, 2, 4, 5, 4, 5, 4, 3, 5, 4, 3, 2, 3, 2];4;72;False
20;70;20;3;True;2000;3;0.05;0;0;0;0;0;92.27133321762085;8.151551485061646;77063.36090731701;70865.66382267069;4314.014881360344;1883.6600000000003;[96.92, 96.92, 96.92, 96.92, 96.92, 57.18, 96.92, 96.92, 96.92, 96.92, 81.92, 96.92, 96.92, 96.92, 96.92, 96.92, 96.92, 96.92, 96.92, 96.92];39.74;[5, 5, 3, 6, 3, 3, 3, 4, 2, 3, 4, 2, 3, 2, 4, 4, 3, 5, 4, 5];4;73;False
20;70;20;4;True;2000;3;0.05;0;0;0;0;0;128.2371428012848;5.455970048904419;83604.95016139335;76678.82418072122;4455.554557007855;2470.6099999999997;[92.08, 138.7, 126.7, 138.7, 110.08, 138.7, 101.08, 106.08, 106.08, 138.7, 70.41, 135.7, 119.7, 138.7, 138.7, 133.7, 138.7, 138.7, 137.7, 121.7];68.28999999999999;[3, 5, 4, 6, 2, 3, 3, 3, 2, 2, 3, 2, 1, 7, 4, 3, 6, 6, 4, 3];6;72;False
20;70;20;5;True;2000;3;0.05;0;0;0;0;0;148.17670559883118;5.06102180480957;82287.03583714589;75217.82939291048;4457.054714563702;2612.1899999999996;[101.79, 148.79, 159.79, 159.79, 81.18, 125.79, 152.79, 97.79, 162.79, 106.79, 162.79, 108.79, 106.79, 162.79, 138.79, 162.79, 92.79, 120.79, 140.79, 117.79];81.60999999999999;[2, 4, 4, 4, 2, 4, 5, 1, 4, 4, 5, 3, 3, 4, 6, 6, 3, 2, 5, 3];5;74;False
20;70;20;6;True;2000;3;0.05;0;0;0;0;0;119.52172708511353;7.537882089614868;88286.45029884753;81678.97166562504;4215.839491665396;2391.5599999999995;[125.08, 125.08, 125.08, 125.08, 125.08, 125.08, 112.08, 125.08, 125.08, 122.08, 123.08, 125.08, 125.08, 111.08, 120.08, 52.04, 125.08, 125.08, 125.08, 125.08];73.03999999999999;[5, 3, 4, 5, 6, 7, 3, 3, 5, 4, 1, 1, 3, 2, 4, 3, 5, 3, 2, 4];6;73;False
20;80;20;1;True;2000;3;0.05;0;0;0;0;0;111.94140481948853;6.508225679397583;94876.61715431997;87998.46241551069;4722.037590497443;2156.1999999999994;[107.81, 107.81, 107.81, 107.81, 107.81, 107.81, 107.81, 107.81, 107.81, 107.81, 107.81, 107.81, 107.81, 107.81, 107.81, 107.81, 107.81, 107.81, 107.81, 107.81];0.0;[7, 4, 5, 6, 5, 5, 3, 4, 5, 4, 3, 4, 3, 3, 2, 4, 2, 5, 4, 4];5;82;False
20;80;20;2;True;2000;3;0.05;0;0;0;0;0;150.19929218292236;7.216504335403442;92639.69316124285;85013.8514971653;5009.099701574781;2616.75;[126.74, 147.74, 147.74, 147.74, 147.74, 147.74, 112.74, 128.74, 147.74, 147.74, 106.74, 147.74, 93.74, 147.74, 147.74, 106.74, 69.69, 147.74, 147.74, 98.74];78.05000000000001;[4, 7, 2, 4, 4, 4, 5, 3, 4, 4, 3, 3, 6, 5, 3, 3, 3, 6, 5, 3];5;81;False
20;80;20;3;True;2000;3;0.05;0;0;0;0;0;122.10534048080444;5.652782917022705;88191.9618419856;80901.75947322189;4911.036626899693;2379.0899999999992;[123.61, 123.61, 123.61, 123.61, 123.61, 90.5, 123.61, 123.61, 123.61, 123.61, 97.61, 123.61, 123.61, 123.61, 123.61, 123.61, 106.61, 123.61, 106.61, 123.61];33.11;[4, 6, 3, 5, 5, 4, 4, 4, 3, 5, 4, 3, 3, 5, 3, 3, 4, 5, 5, 3];3;81;False
20;80;20;4;True;2000;3;0.05;0;0;0;0;0;106.50938630104065;5.58552885055542;92435.4524949512;85331.30171213596;5110.633733433663;1993.6000000000008;[99.68, 99.68, 99.68, 99.68, 99.68, 99.68, 99.68, 99.68, 99.68, 99.68, 99.68, 99.68, 99.68, 99.68, 99.68, 99.68, 99.68, 99.68, 99.68, 99.68];0.0;[2, 4, 5, 6, 2, 3, 4, 4, 3, 2, 4, 3, 2, 6, 4, 5, 6, 6, 4, 5];4;80;True
20;80;20;5;True;2000;3;0.05;0;0;0;0;0;215.68426132202148;6.574293375015259;95831.65077995286;87561.71690404527;4992.2096353668685;3277.8000000000006;[152.44, 170.44, 164.44, 168.44, 113.44, 145.44, 223.44, 128.44, 178.44, 145.44, 223.44, 175.44, 141.44, 190.44, 172.44, 192.44, 143.44, 149.44, 173.44, 125.44];110.0;[2, 5, 5, 5, 4, 3, 7, 2, 4, 5, 7, 4, 4, 5, 4, 5, 2, 5, 4, 3];5;85;False
20;80;20;6;True;2000;3;0.05;0;0;0;0;0;109.84032893180847;7.341828346252441;97605.17569129035;91004.84410301436;4629.117177931664;1971.2100000000003;[101.97, 101.97, 101.97, 101.97, 101.97, 101.97, 101.97, 101.97, 101.97, 101.97, 101.97, 101.97, 101.97, 101.97, 81.97, 53.78, 101.97, 101.97, 101.97, 101.97];48.19;[5, 4, 4, 6, 7, 9, 4, 3, 4, 3, 2, 2, 4, 3, 3, 3, 5, 4, 3, 3];7;81;False
20;90;20;1;True;2000;3;0.05;0;0;0;0;0;134.18144464492798;12.603003025054932;109349.02396257965;101579.10514920509;5393.880262418271;2376.0;[119.25, 111.25, 119.25, 119.25, 119.25, 119.25, 119.25, 119.25, 119.25, 119.25, 119.25, 119.25, 119.25, 119.25, 118.25, 119.25, 119.25, 119.25, 119.25, 119.25];8.0;[6, 3, 4, 5, 5, 5, 3, 8, 5, 4, 3, 5, 5, 4, 2, 4, 3, 4, 9, 6];7;93;False
20;90;20;2;True;2000;3;0.05;0;0;0;0;0;193.85337138175964;7.840690612792969;110855.5988585855;101729.63105110874;5980.778405108719;3145.2000000000003;[162.4, 164.4, 184.4, 167.4, 128.4, 184.4, 184.4, 141.4, 160.4, 184.4, 80.58, 184.4, 139.4, 184.4, 184.4, 182.4, 82.41, 156.4, 184.4, 104.41];103.82000000000001;[3, 8, 5, 4, 4, 6, 6, 4, 2, 4, 3, 7, 5, 5, 4, 6, 5, 5, 6, 3];6;95;False
20;90;20;3;True;2000;3;0.05;0;0;0;0;0;151.2690007686615;7.942128419876099;104502.01424761994;96312.1824914755;5649.517707144088;2540.34;[138.55, 138.55, 138.55, 138.55, 138.55, 88.92, 109.55, 138.55, 138.55, 138.55, 88.52, 110.55, 138.55, 112.55, 105.55, 138.55, 138.55, 138.55, 123.55, 138.55];50.030000000000015;[4, 5, 5, 7, 6, 5, 4, 5, 3, 6, 4, 4, 4, 4, 3, 6, 2, 6, 4, 6];5;93;False
20;90;20;4;True;2000;3;0.05;0;0;0;0;0;143.906231880188;7.938731908798218;106687.9459084893;98584.63745292427;5746.532020756484;2356.6999999999994;[89.35, 126.35, 109.35, 126.35, 125.35, 111.35, 123.35, 126.35, 107.35, 126.35, 86.05, 126.35, 108.35, 126.35, 126.35, 126.35, 126.35, 126.35, 126.35, 106.35];40.3;[5, 7, 3, 7, 2, 3, 4, 5, 2, 3, 3, 4, 2, 7, 4, 8, 8, 6, 6, 4];6;93;False
20;90;20;5;True;2000;3;0.05;0;0;0;0;0;190.69375276565552;12.39083480834961;111799.80265626396;103099.96102410059;5582.063543571733;3117.7199999999993;[103.46, 177.93, 171.93, 174.93, 121.46, 172.93, 176.93, 86.46, 177.93, 152.93, 177.93, 113.46, 149.93, 177.93, 139.93, 177.93, 157.93, 149.93, 177.93, 177.93];91.47000000000001;[3, 4, 6, 4, 4, 4, 7, 2, 5, 4, 6, 4, 5, 4, 6, 7, 4, 4, 6, 5];5;94;False
20;90;20;6;True;2000;3;0.05;0;0;0;0;0;141.10813879966736;6.996729135513306;108574.74307050587;100921.99362132174;5210.459261197821;2442.3000000000006;[129.28, 129.28, 129.28, 129.28, 129.28, 129.28, 129.28, 129.28, 129.28, 92.28, 87.28, 129.28, 129.28, 129.28, 117.28, 76.98, 129.28, 129.28, 129.28, 129.28];52.3;[5, 4, 6, 4, 7, 7, 6, 4, 3, 5, 1, 1, 7, 4, 4, 4, 4, 5, 5, 5];6;91;False
20;100;20;1;True;2000;3;0.05;0;0;0;0;0;145.6670925617218;9.110207080841064;116994.0195685734;108799.13711800335;5740.175552855191;2454.8000000000006;[124.69, 100.69, 124.69, 124.69, 124.69, 124.69, 124.69, 124.69, 124.69, 112.69, 121.69, 124.69, 124.69, 124.69, 124.69, 124.69, 124.69, 124.69, 124.69, 124.69];24.0;[9, 5, 6, 4, 9, 6, 4, 6, 5, 4, 3, 5, 5, 2, 4, 4, 3, 4, 5, 7];7;100;True
20;100;20;2;True;2000;3;0.05;0;0;0;0;0;146.73007488250732;8.7153480052948;118288.81919832746;109474.12357170905;6455.827629373331;2358.7999999999997;[118.79, 118.79, 118.79, 118.79, 118.79, 118.79, 118.79, 118.79, 117.79, 118.79, 114.79, 118.79, 106.79, 118.79, 118.79, 118.79, 118.79, 118.79, 118.79, 118.79];12.0;[4, 9, 3, 5, 9, 5, 4, 4, 4, 6, 6, 6, 6, 4, 4, 3, 5, 6, 3, 4];6;100;True
20;100;20;3;True;2000;3;0.05;0;0;0;0;0;167.97749090194702;12.238044023513794;121942.6933434655;113249.53516609111;6209.100902342149;2484.13;[133.92, 133.92, 133.92, 133.92, 133.92, 84.17, 133.92, 127.92, 133.92, 133.92, 94.35, 80.97, 133.92, 133.92, 133.92, 119.92, 133.92, 101.92, 133.92, 133.92];52.94999999999999;[5, 4, 6, 6, 6, 4, 3, 7, 6, 6, 5, 6, 5, 6, 3, 7, 4, 5, 5, 5];4;104;False
20;100;20;4;True;2000;3;0.05;0;0;0;0;0;144.28974032402039;8.76424503326416;119335.80468903268;110740.25219329902;6177.907648822957;2417.6900000000005;[112.46, 123.46, 123.46, 123.46, 123.46, 123.46, 123.46, 123.46, 123.46, 123.46, 84.95, 123.46, 123.46, 123.46, 123.46, 123.46, 123.46, 123.46, 123.46, 121.46];38.50999999999999;[5, 6, 4, 6, 3, 4, 5, 6, 4, 5, 3, 3, 4, 5, 4, 6, 6, 5, 9, 7];6;100;True
20;100;20;5;True;2000;3;0.05;0;0;0;0;0;162.00097560882568;9.250242471694946;119667.97682507956;111037.29097382296;5993.980001130826;2636.799999999999;[133.64, 133.64, 133.64, 133.64, 133.64, 128.64, 133.64, 133.64, 133.64, 133.64, 133.64, 124.64, 118.64, 133.64, 133.64, 133.64, 133.64, 133.64, 133.64, 126.64];14.999999999999986;[3, 7, 7, 5, 4, 6, 7, 3, 6, 4, 6, 5, 3, 6, 6, 5, 7, 4, 5, 3];4;102;False
20;100;20;6;True;2000;3;0.05;0;0;0;0;0;157.4584710597992;7.875394344329834;121027.1332176265;112502.07312848738;5891.04744729058;2634.0;[135.75, 135.75, 135.75, 135.75, 135.75, 135.75, 135.75, 135.75, 135.75, 110.75, 109.75, 135.75, 135.75, 135.75, 135.75, 105.75, 135.75, 135.75, 135.75, 135.75];30.0;[7, 4, 6, 3, 5, 6, 9, 5, 7, 4, 1, 2, 6, 4, 6, 6, 5, 4, 4, 7];8;101;False
20;80;20;1;True;2000;4;0.05;0;0;0;0;0;161.39840412139893;9.991992473602295;96295.67260834767;88816.4278049324;4784.514310818193;2694.68;[163.02, 92.02, 76.3, 163.02, 160.02, 121.02, 120.02, 163.02, 162.02, 107.02, 137.02, 163.02, 142.02, 124.02, 106.02, 146.02, 100.02, 144.02, 163.02, 142.02];86.72000000000001;[8, 3, 3, 5, 5, 4, 3, 8, 4, 3, 3, 6, 5, 2, 2, 4, 2, 4, 5, 4];6;83;False
20;80;20;2;True;2000;4;0.05;0;0;0;0;0;139.29640293121338;5.776217937469482;90157.95113354453;82545.3406651103;4928.8587883757355;2683.79;[137.5, 137.5, 137.5, 137.5, 137.5, 137.5, 137.5, 127.5, 137.5, 137.5, 137.5, 137.5, 136.5, 137.5, 137.5, 120.5, 99.29, 137.5, 137.5, 137.5];38.209999999999994;[4, 7, 4, 6, 4, 5, 4, 4, 3, 4, 2, 6, 3, 4, 2, 3, 3, 5, 4, 4];5;81;False
20;80;20;3;True;2000;4;0.05;0;0;0;0;0;105.56468176841736;9.075963735580444;89185.42914947215;82323.52132122254;4911.736752679921;1950.2100000000007;[99.15, 99.15, 99.15, 99.15, 99.15, 99.15, 99.15, 99.15, 99.15, 99.15, 66.36, 99.15, 99.15, 99.15, 99.15, 99.15, 99.15, 99.15, 99.15, 99.15];32.790000000000006;[4, 6, 4, 5, 5, 4, 3, 4, 3, 3, 4, 5, 3, 4, 3, 5, 2, 6, 3, 6];4;82;False
20;80;20;4;True;2000;4;0.05;0;0;0;0;0;146.2795741558075;8.063750267028809;95252.01523651647;87410.34923145958;5169.202243577157;2672.39;[117.02, 145.02, 101.35, 145.02, 142.02, 103.35, 145.02, 122.02, 141.02, 145.02, 112.35, 144.02, 136.02, 145.02, 145.02, 137.02, 138.02, 145.02, 128.02, 135.02];43.670000000000016;[3, 7, 3, 5, 2, 3, 4, 4, 3, 4, 4, 3, 2, 8, 4, 5, 4, 4, 5, 4];6;81;False
20;80;20;5;True;2000;4;0.05;0;0;0;0;0;176.3911714553833;7.665268898010254;90574.23710745071;82565.6215960286;4812.65079682187;3195.9599999999996;[135.92, 151.92, 155.16, 168.16, 123.92, 162.16, 186.16, 109.36, 186.16, 159.16, 186.16, 120.92, 120.92, 180.16, 149.92, 186.16, 186.16, 155.16, 186.16, 186.16];76.8;[2, 5, 6, 5, 4, 2, 6, 3, 3, 5, 5, 3, 4, 3, 4, 4, 4, 4, 5, 4];4;81;False
20;80;20;6;True;2000;4;0.05;0;0;0;0;0;113.43753218650818;13.573517322540283;100265.24321307831;93473.71800383925;4796.60289036132;1994.9600000000005;[105.63, 105.63, 105.63, 105.63, 105.63, 105.63, 87.63, 105.63, 105.63, 68.04, 79.63, 105.63, 105.63, 100.63, 105.63, 105.58, 105.63, 74.63, 105.63, 105.63];37.58999999999999;[5, 4, 6, 3, 7, 6, 6, 3, 4, 2, 1, 2, 4, 3, 5, 4, 6, 3, 2, 6];6;82;False
20;90;20;1;True;2000;4;0.05;0;0;0;0;0;129.33834958076477;7.918477296829224;106902.80555552148;99389.25330616736;5235.833605596543;2277.8000000000006;[116.89, 94.89, 92.89, 116.89, 116.89, 116.89, 107.89, 116.89, 116.89, 116.89, 111.89, 116.89, 116.89, 116.89, 116.89, 116.89, 116.89, 116.89, 116.89, 116.89];24.0;[7, 3, 5, 5, 7, 4, 3, 6, 5, 3, 3, 6, 4, 3, 2, 5, 3, 5, 6, 6];5;91;False
20;90;20;2;True;2000;4;0.05;0;0;0;0;0;183.05495882034302;14.09641981124878;110541.9168856659;101769.90553531873;5878.087919272594;2893.840000000001;[132.01, 150.01, 169.01, 169.01, 126.01, 169.01, 69.65, 124.01, 111.01, 169.01, 103.01, 165.01, 169.01, 169.01, 161.01, 127.01, 145.01, 169.01, 155.01, 142.01];99.35999999999999;[4, 7, 3, 5, 4, 5, 3, 4, 3, 5, 4, 7, 6, 4, 5, 3, 5, 5, 6, 4];4;92;False
20;90;20;3;True;2000;4;0.05;0;0;0;0;0;222.7343626022339;10.498938083648682;109199.69809917631;100567.36243615745;5731.783427235122;2900.5200000000004;[162.14, 209.14, 126.78, 168.14, 155.78, 74.88, 120.78, 165.14, 164.14, 135.78, 98.93, 120.78, 209.14, 148.78, 99.93, 151.78, 123.78, 135.78, 119.78, 209.14];134.26;[5, 8, 3, 7, 5, 4, 3, 5, 5, 4, 4, 5, 5, 4, 4, 5, 4, 4, 6, 6];5;96;False
20;90;20;4;True;2000;4;0.05;0;0;0;0;0;172.219420671463;12.182804107666016;111012.21419831397;102196.61065929713;5947.493505319697;2868.1400000000003;[116.37, 155.0, 155.0, 144.0, 155.0, 134.1, 122.37, 140.0, 105.15, 155.0, 107.15, 155.0, 154.0, 155.0, 155.0, 147.0, 155.0, 155.0, 155.0, 148.0];49.849999999999994;[3, 6, 4, 7, 3, 3, 3, 5, 3, 3, 4, 3, 5, 7, 6, 5, 8, 5, 6, 6];5;95;False
20;90;20;5;True;2000;4;0.05;0;0;0;0;0;134.47284650802612;9.556090831756592;107458.04972242803;99692.71954263494;5456.978328777892;2308.3499999999995;[120.81, 120.81, 120.81, 120.81, 97.24, 120.81, 120.81, 99.24, 120.81, 108.81, 120.81, 85.1, 119.81, 120.81, 120.81, 120.81, 120.81, 106.81, 120.81, 120.81];35.71000000000001;[5, 6, 7, 5, 4, 5, 3, 2, 3, 5, 5, 3, 4, 4, 6, 6, 5, 3, 7, 4];5;92;False
20;90;20;6;True;2000;4;0.05;0;0;0;0;0;132.98715448379517;16.429577112197876;113616.1257909088;106134.87139390102;5251.793957554882;2229.5200000000004;[118.91, 118.91, 118.91, 118.91, 115.91, 118.91, 118.91, 118.91, 118.91, 91.91, 107.91, 118.91, 118.91, 109.91, 118.91, 56.64, 118.91, 84.5, 116.91, 118.91];62.269999999999996;[7, 5, 6, 5, 8, 7, 4, 4, 4, 4, 2, 2, 4, 3, 6, 4, 6, 3, 3, 5];6;92;False
20;100;20;1;True;2000;4;0.05;0;0;0;0;0;211.59253120422363;20.286112070083618;129233.20973812504;120124.35511887234;6106.277424977449;3002.6000000000013;[173.38, 103.38, 119.38, 173.38, 173.38, 137.38, 137.38, 173.38, 134.38, 118.38, 101.38, 173.38, 164.38, 164.38, 144.38, 173.38, 117.38, 173.38, 173.38, 173.38];72.0;[7, 4, 5, 8, 7, 6, 5, 8, 3, 5, 4, 6, 6, 4, 3, 4, 3, 5, 7, 6];5;106;False
20;100;20;2;True;2000;4;0.05;0;0;0;0;0;145.68542075157166;10.555459022521973;118264.11807885324;109523.34067703507;6505.33770850261;2235.399999999999;[114.57, 114.57, 114.57, 114.57, 114.57, 114.57, 114.57, 114.57, 114.57, 114.57, 98.57, 114.57, 114.57, 114.57, 114.57, 114.57, 80.57, 114.57, 114.57, 108.57];34.0;[6, 6, 3, 5, 6, 8, 6, 4, 4, 5, 4, 7, 7, 4, 6, 3, 4, 3, 4, 5];5;100;True
20;100;20;3;True;2000;4;0.05;0;0;0;0;0;161.50789856910706;11.694693803787231;121932.93454332552;113278.22938355371;6195.5021787764;2459.1600000000008;[135.38, 135.38, 135.38, 135.38, 135.38, 72.65, 135.38, 135.38, 135.38, 135.38, 74.61, 89.91, 135.38, 135.38, 106.38, 121.38, 135.38, 135.38, 98.91, 135.38];62.72999999999999;[5, 6, 6, 6, 6, 4, 4, 5, 5, 8, 4, 5, 4, 5, 5, 5, 4, 5, 6, 4];4;102;False
20;100;20;4;True;2000;4;0.05;0;0;0;0;0;153.08100199699402;14.715234994888306;124028.70319234312;115282.45827525045;6269.726980160341;2476.4300000000007;[120.17, 125.17, 110.17, 125.17, 125.17, 125.17, 120.17, 125.17, 125.17, 125.17, 123.2, 125.17, 125.17, 125.17, 125.17, 125.17, 125.17, 125.17, 125.17, 125.17];15.0;[4, 8, 6, 7, 2, 6, 5, 5, 4, 4, 4, 4, 5, 7, 4, 6, 6, 5, 6, 3];6;101;False
20;100;20;5;True;2000;4;0.05;0;0;0;0;0;289.86592507362366;9.80708646774292;117751.99265040067;107943.18898837721;6102.371555823709;3706.420000000002;[150.04, 167.76, 183.76, 159.04, 214.76, 196.76, 192.76, 205.76, 222.76, 166.76, 232.76, 52.71, 199.76, 175.76, 160.76, 184.76, 167.76, 171.76, 234.76, 265.47];212.76000000000002;[3, 5, 6, 4, 7, 5, 6, 6, 4, 8, 6, 3, 4, 3, 6, 4, 4, 2, 10, 7];8;103;False
20;100;20;6;True;2000;4;0.05;0;0;0;0;0;139.759379863739;7.577749252319336;121229.01568398392;113075.03653564527;5812.222361098809;2341.77;[119.77, 119.77, 119.77, 119.77, 119.77, 119.77, 119.77, 119.77, 119.77, 105.77, 110.77, 119.77, 119.77, 119.77, 119.77, 97.14, 119.77, 111.77, 119.77, 119.77];22.629999999999995;[6, 5, 5, 4, 7, 5, 8, 4, 6, 4, 2, 3, 6, 5, 4, 6, 5, 3, 5, 8];6;101;False
30;60;30;1;True;2000;2;0.05;0;0;0;0;0;66.32899141311646;4.779298782348633;64473.9627903143;59025.96188210129;3512.320614991408;1935.7100000000005;[69.71, 50.71, 49.71, 69.71, 69.71, 58.71, 69.71, 69.71, 67.71, 60.71, 53.71, 69.71, 69.71, 69.71, 69.71, 69.71, 48.71, 69.71, 69.71, 69.71, 69.71, 24.12, 69.71, 69.71, 69.71, 69.71, 57.71, 69.71, 69.71, 69.71];45.58999999999999;[3, 1, 1, 1, 4, 1, 3, 3, 1, 2, 3, 3, 3, 2, 1, 4, 2, 2, 6, 1, 3, 1, 2, 2, 2, 1, 2];5;60;True
30;60;30;2;True;2000;2;0.05;0;0;0;0;0;70.21118307113647;7.750385046005249;66109.4386005317;60026.680522852526;3832.701806103807;2250.0000000000005;[77.2, 77.2, 77.2, 77.2, 77.2, 77.2, 77.2, 65.2, 77.2, 77.2, 77.2, 77.2, 77.2, 77.2, 77.2, 77.2, 45.2, 77.2, 77.2, 77.2, 77.2, 77.2, 77.2, 77.2, 77.2, 77.2, 77.2, 77.2, 75.2, 57.2];32.0;[2, 2, 1, 3, 1, 2, 4, 1, 1, 2, 3, 2, 4, 1, 2, 1, 2, 3, 2, 2, 2, 2, 3, 2, 4, 2, 1, 2, 1, 2];3;62;False
30;60;30;3;True;2000;2;0.05;0;0;0;0;0;60.170297384262085;4.0055389404296875;59947.1336686892;54703.32627704069;3501.933319442012;1741.7600000000011;[61.69, 61.69, 61.69, 61.69, 61.69, 56.69, 49.69, 61.69, 61.69, 61.69, 29.72, 61.69, 61.69, 61.69, 56.69, 61.69, 61.69, 61.69, 55.69, 61.69, 61.69, 61.69, 61.69, 44.69, 61.69, 61.69, 61.69, 29.72, 61.69, 61.69];31.97;[2, 2, 2, 2, 3, 1, 2, 2, 1, 2, 1, 2, 1, 3, 2, 2, 2, 2, 2, 1, 2, 3, 3, 1, 3, 2, 3, 2, 1, 3];2;60;True
30;60;30;4;True;2000;2;0.05;0;0;0;0;0;73.25407910346985;5.822239875793457;65762.13490676155;60351.738267815075;3374.077057750163;2036.2600000000007;[58.87, 73.42, 47.91, 73.42, 73.42, 73.42, 73.42, 73.42, 68.42, 73.42, 21.78, 73.42, 54.87, 73.42, 73.42, 73.42, 73.42, 73.42, 73.42, 73.42, 73.42, 26.33, 73.42, 73.42, 73.42, 73.42, 73.42, 73.42, 69.42, 73.42];51.64;[3, 2, 1, 3, 2, 2, 1, 1, 1, 2, 2, 1, 2, 2, 4, 1, 2, 3, 2, 2, 2, 1, 1, 4, 2, 1, 4, 2, 4];3;60;True
30;60;30;5;True;2000;2;0.05;0;0;0;0;0;74.59440541267395;5.746553897857666;65026.97991818621;59119.53630647521;3805.025966974607;2102.4600000000005;[76.91, 76.91, 76.91, 76.91, 59.91, 76.91, 76.91, 64.91, 76.91, 76.91, 76.91, 3.0, 75.91, 76.91, 76.91, 76.91, 76.91, 62.91, 76.91, 76.91, 76.91, 76.91, 76.91, 75.91, 27.37, 76.91, 43.52, 73.91, 76.91, 76.91];73.91;[1, 3, 3, 2, 2, 2, 2, 1, 2, 3, 3, 2, 3, 4, 3, 1, 1, 3, 2, 4, 2, 2, 1, 1, 3, 1, 3, 3];3;63;False
30;60;30;6;True;2000;2;0.05;0;0;0;0;0;68.36030864715576;4.853585243225098;67864.75185848464;62458.72137324887;3222.152194875688;2184.01;[77.97, 77.97, 77.97, 77.97, 77.97, 77.97, 77.97, 77.97, 77.97, 35.97, 72.97, 77.97, 77.97, 77.97, 77.97, 34.97, 77.97, 62.97, 77.97, 77.97, 77.97, 77.97, 77.97, 71.97, 77.97, 77.97, 77.97, 77.97, 33.88, 77.97];44.089999999999996;[3, 2, 1, 3, 2, 3, 1, 2, 2, 1, 1, 3, 2, 2, 1, 1, 3, 1, 4, 2, 3, 2, 4, 2, 1, 3, 4, 1, 1];3;61;False
30;70;30;1;True;2000;2;0.05;0;0;0;0;0;90.66411972045898;6.131450653076172;75775.21501062928;69117.88215765996;4116.8537624103865;2540.47;[90.02, 66.51, 76.48, 90.02, 90.02, 76.48, 86.02, 90.02, 88.02, 90.02, 45.74, 90.02, 90.02, 90.02, 90.02, 90.02, 82.02, 90.02, 90.02, 90.02, 90.02, 41.76, 90.02, 90.02, 90.02, 90.02, 87.02, 90.02, 90.02, 90.02];48.26;[4, 2, 1, 2, 3, 1, 2, 4, 2, 1, 1, 3, 3, 2, 2, 2, 3, 3, 3, 3, 2, 1, 4, 2, 2, 3, 1, 2, 4, 2];3;70;True
30;70;30;2;True;2000;2;0.05;0;0;0;0;0;112.971107006073;5.49401330947876;75801.77469058475;68620.66571310408;4186.568557903953;2994.6199999999994;[119.64, 119.64, 119.64, 119.64, 102.64, 119.64, 92.64, 58.52, 84.64, 119.64, 84.64, 119.64, 83.64, 119.64, 119.64, 76.91, 48.35, 119.64, 107.64, 56.05, 119.64, 103.64, 88.64, 119.64, 119.64, 92.64, 92.64, 119.64, 64.52, 81.91];71.28999999999999;[2, 3, 1, 3, 2, 3, 3, 2, 1, 2, 3, 3, 1, 2, 4, 1, 2, 3, 4, 2, 4, 2, 4, 5, 4, 1, 1, 2, 1, 1];4;72;False
30;70;30;3;True;2000;2;0.05;0;0;0;0;0;149.81764769554138;7.977867841720581;75363.77624190242;67771.56626892772;4216.25540523969;3376.009999999999;[114.14, 115.14, 143.14, 146.14, 159.14, 96.14, 55.39, 131.14, 111.14, 159.14, 35.32, 74.39, 159.14, 109.14, 56.39, 120.14, 81.39, 159.14, 56.39, 159.14, 117.14, 159.14, 159.14, 86.39, 116.14, 123.14, 155.14, 35.02, 71.39, 112.14];124.11999999999998;[2, 1, 2, 2, 6, 2, 3, 2, 1, 4, 1, 3, 2, 4, 3, 3, 1, 3, 4, 1, 2, 4, 2, 1, 2, 2, 3, 1, 1, 4];5;72;False
30;70;30;4;True;2000;2;0.05;0;0;0;0;0;92.11146593093872;10.185346126556396;79740.82347680995;73005.48163056117;4309.11017406555;2426.1800000000007;[62.17, 85.17, 85.17, 79.17, 85.17, 85.17, 85.17, 85.17, 85.17, 85.17, 64.17, 85.17, 71.17, 85.17, 85.17, 85.17, 85.17, 85.17, 85.17, 74.17, 85.17, 31.25, 85.17, 85.17, 85.17, 85.17, 85.17, 85.17, 85.17, 85.17];53.92;[3, 2, 2, 1, 1, 1, 2, 4, 2, 3, 2, 4, 2, 6, 3, 2, 3, 4, 2, 2, 2, 2, 2, 2, 1, 1, 1, 1, 5, 3];5;71;False
30;70;30;5;True;2000;2;0.05;0;0;0;0;0;79.40076327323914;7.912838935852051;73378.34988132553;67024.47095641072;4209.431287357744;2144.56;[76.75, 76.75, 76.75, 76.75, 44.56, 76.75, 76.75, 64.75, 76.75, 76.75, 76.75, 3.0, 66.75, 76.75, 76.75, 76.75, 76.75, 76.75, 76.75, 76.75, 76.75, 76.75, 76.75, 76.75, 56.75, 76.75, 72.75, 70.75, 76.75, 76.75];73.75;[2, 2, 3, 2, 3, 1, 4, 1, 2, 2, 3, 3, 3, 4, 2, 1, 1, 4, 2, 3, 1, 3, 2, 1, 3, 2, 1, 3, 6];5;70;True
30;70;30;6;True;2000;2;0.05;0;0;0;0;0;76.47431230545044;6.89320969581604;81910.24700164153;75697.87682610335;4196.732264822709;2015.7199999999987;[71.87, 71.87, 71.87, 71.87, 71.87, 71.87, 71.87, 71.87, 71.87, 44.87, 53.87, 71.87, 71.87, 71.87, 71.87, 39.87, 71.87, 71.87, 71.87, 71.87, 71.87, 71.87, 71.87, 57.87, 71.87, 71.87, 71.87, 71.87, 33.49, 60.87];38.38;[4, 3, 2, 3, 2, 3, 3, 3, 2, 3, 2, 3, 3, 1, 1, 1, 5, 1, 2, 4, 2, 2, 4, 2, 2, 3, 3, 1, 1];4;71;False
30;80;30;1;True;2000;2;0.05;0;0;0;0;0;132.61862778663635;8.87963080406189;89706.41372163077;81774.98062509747;4565.7737497847165;3365.539999999999;[126.91, 82.91, 90.91, 126.91, 126.91, 101.91, 98.91, 126.91, 104.91, 91.91, 76.91, 126.91, 126.91, 126.91, 111.91, 126.91, 76.91, 126.91, 126.91, 126.91, 126.91, 69.15, 126.91, 126.91, 126.91, 105.91, 80.91, 117.91, 123.91, 126.91];57.75999999999999;[3, 2, 1, 3, 5, 2, 3, 6, 2, 1, 1, 4, 3, 3, 3, 3, 4, 4, 4, 3, 2, 1, 2, 3, 4, 3, 1, 2, 2, 1];5;81;False
30;80;30;2;True;2000;2;0.05;0;0;0;0;0;80.34369397163391;9.445770025253296;86159.0041011059;79109.75301168188;4930.539686323187;2118.610000000001;[73.19, 73.19, 73.19, 73.19, 73.19, 73.19, 73.19, 73.19, 73.19, 73.19, 73.19, 73.19, 73.19, 73.19, 73.19, 73.19, 46.19, 73.19, 73.19, 40.1, 73.19, 73.19, 73.19, 73.19, 73.19, 73.19, 73.19, 73.19, 63.19, 66.19];33.089999999999996;[2, 3, 1, 5, 2, 2, 3, 3, 1, 3, 4, 3, 2, 1, 2, 2, 2, 3, 3, 2, 2, 3, 4, 4, 5, 2, 3, 4, 2, 2];4;80;True
30;80;30;3;True;2000;2;0.05;0;0;0;0;0;98.27000284194946;9.42100715637207;83469.58944493478;76179.82673882565;4827.354559189752;2462.32;[87.45, 87.45, 87.45, 87.45, 87.45, 87.45, 75.45, 87.45, 87.45, 87.45, 40.38, 87.45, 87.45, 87.45, 74.45, 87.45, 66.45, 87.45, 64.45, 87.45, 87.45, 87.45, 87.45, 87.45, 87.45, 87.45, 87.45, 51.34, 78.45, 87.45];47.07;[3, 3, 2, 2, 3, 2, 2, 2, 1, 3, 1, 2, 2, 5, 3, 4, 2, 4, 4, 1, 4, 3, 3, 2, 4, 4, 4, 2, 1, 2];4;80;True
30;80;30;4;True;2000;2;0.05;0;0;0;0;0;87.79440236091614;13.326923608779907;90443.65172721575;82972.61894404478;5119.9822357373005;2351.1099999999997;[80.09, 80.09, 80.09, 80.09, 80.09, 80.09, 80.09, 80.09, 80.09, 80.09, 64.26, 80.09, 80.09, 80.09, 80.09, 80.09, 80.09, 80.09, 80.09, 80.09, 80.09, 44.33, 80.09, 80.09, 80.09, 80.09, 80.09, 80.09, 80.09, 80.09];35.760000000000005;[4, 2, 2, 3, 3, 1, 1, 2, 2, 2, 2, 1, 2, 5, 5, 4, 6, 5, 3, 4, 2, 2, 2, 3, 1, 2, 2, 1, 4, 3];5;81;False
30;80;30;5;True;2000;2;0.05;0;0;0;0;0;84.23069715499878;7.911038160324097;85078.59852807944;78041.01676352386;4780.638552736448;2256.84;[76.5, 76.5, 76.5, 76.5, 70.5, 76.5, 76.5, 76.5, 76.5, 76.5, 76.5, 63.34, 74.5, 76.5, 76.5, 76.5, 76.5, 76.5, 76.5, 76.5, 76.5, 76.5, 76.5, 72.5, 73.5, 76.5, 66.5, 76.5, 76.5, 76.5];13.159999999999997;[1, 3, 2, 2, 2, 3, 3, 1, 2, 4, 3, 2, 1, 3, 4, 3, 2, 1, 4, 2, 4, 1, 4, 3, 2, 5, 2, 1, 4, 6];5;80;True
30;80;30;6;True;2000;2;0.05;0;0;0;0;0;88.13846230506897;10.055899143218994;91292.8150166786;84416.60624472918;4590.094536657223;2286.25;[81.0, 81.0, 81.0, 81.0, 78.0, 81.0, 81.0, 81.0, 81.0, 69.0, 74.0, 72.0, 81.0, 81.0, 81.0, 40.0, 81.0, 81.0, 81.0, 81.0, 81.0, 81.0, 81.0, 62.0, 81.0, 81.0, 81.0, 81.0, 39.25, 70.0];41.75;[4, 4, 2, 5, 3, 4, 2, 2, 3, 2, 1, 3, 2, 2, 2, 2, 4, 2, 4, 2, 3, 2, 5, 2, 4, 3, 3, 1, 1, 1];4;80;True
30;90;30;1;True;2000;2;0.05;0;0;0;0;0;97.43789625167847;22.01539182662964;100797.40248368637;93229.15455990173;5177.9439398584445;2390.4000000000005;[81.18, 73.18, 81.18, 81.18, 81.18, 81.18, 81.18, 81.18, 81.18, 81.18, 81.18, 81.18, 81.18, 81.18, 81.18, 81.18, 64.18, 81.18, 81.18, 81.18, 81.18, 73.18, 81.18, 81.18, 81.18, 81.18, 69.18, 81.18, 81.18, 81.18];17.0;[5, 2, 3, 3, 3, 3, 4, 5, 3, 2, 3, 3, 3, 3, 3, 3, 1, 5, 4, 3, 4, 1, 4, 2, 4, 3, 1, 3, 3, 2];4;91;False
30;90;30;2;True;2000;2;0.05;0;0;0;0;0;85.40864872932434;12.604167938232422;100876.72921066737;93124.07561463547;5718.879721641431;2033.6599999999987;[69.32, 69.32, 69.32, 69.32, 69.32, 69.32, 69.32, 57.32, 69.32, 69.32, 69.32, 69.32, 69.32, 69.32, 69.32, 69.32, 42.38, 69.32, 69.32, 69.32, 69.32, 69.32, 69.32, 69.32, 69.32, 69.32, 69.32, 69.32, 69.32, 62.32];26.93999999999999;[3, 3, 1, 3, 3, 5, 3, 1, 1, 3, 6, 3, 4, 1, 3, 2, 4, 5, 4, 2, 3, 4, 4, 4, 5, 2, 2, 3, 2, 2];5;91;False
30;90;30;3;True;2000;2;0.05;0;0;0;0;0;105.84942483901978;11.783056259155273;94823.69441207673;87042.70430768213;5475.939317954679;2305.12;[82.23, 82.23, 82.23, 82.23, 82.23, 61.23, 75.23, 82.23, 82.23, 82.23, 41.23, 82.23, 82.23, 82.23, 75.23, 82.23, 76.23, 82.23, 47.23, 82.23, 82.23, 82.23, 82.23, 82.23, 82.23, 82.23, 82.23, 37.45, 82.23, 82.23];44.78;[1, 4, 2, 3, 4, 1, 4, 3, 3, 2, 1, 3, 2, 4, 3, 5, 2, 2, 3, 1, 4, 4, 5, 4, 3, 3, 5, 3, 2, 4];4;90;True
30;90;30;4;True;2000;2;0.05;0;0;0;0;0;158.129474401474;20.229085683822632;104736.93991492761;95482.51855712399;5661.684998197124;3592.749999999999;[78.96, 140.85, 91.96, 109.85, 140.85, 126.85, 140.85, 130.85, 107.85, 140.85, 74.96, 130.85, 84.96, 140.85, 140.85, 139.85, 140.85, 140.85, 116.85, 136.85, 140.85, 59.44, 139.85, 123.85, 138.85, 99.85, 140.85, 102.85, 92.96, 95.96];81.41;[3, 4, 2, 3, 2, 3, 3, 2, 2, 3, 2, 6, 3, 7, 6, 3, 4, 4, 4, 3, 2, 2, 2, 5, 2, 1, 2, 1, 2, 4];6;92;False
30;90;30;5;True;2000;2;0.05;0;0;0;0;0;188.94198751449585;16.796220541000366;105848.6224624696;96647.83947041749;5532.676528744141;3668.029999999999;[131.99, 135.99, 161.99, 127.99, 55.64, 143.99, 164.99, 83.48, 98.48, 106.48, 155.99, 3.0, 108.48, 139.99, 124.99, 164.99, 105.48, 92.48, 148.99, 144.99, 135.99, 171.99, 164.99, 104.48, 57.25, 152.99, 73.48, 72.48, 161.99, 171.99];168.99;[4, 3, 4, 4, 2, 2, 4, 1, 2, 3, 6, 5, 2, 5, 5, 2, 2, 4, 2, 3, 4, 3, 2, 2, 4, 3, 1, 6, 6];5;96;False
30;90;30;6;True;2000;2;0.05;0;0;0;0;0;79.57257223129272;12.692542314529419;102825.68086546994;95718.97576692815;5172.295539405191;1934.3;[65.51, 65.51, 65.51, 65.51, 65.51, 65.51, 65.51, 65.51, 65.51, 62.51, 65.51, 65.51, 65.51, 65.51, 65.51, 51.51, 65.51, 65.51, 65.51, 65.51, 65.51, 65.51, 65.51, 65.51, 65.51, 65.51, 65.51, 65.51, 51.51, 65.51];14.000000000000007;[5, 3, 4, 3, 4, 5, 2, 3, 4, 3, 2, 5, 3, 2, 2, 2, 5, 1, 3, 3, 2, 2, 4, 3, 4, 4, 4, 1, 1, 1];4;90;True
30;100;30;1;True;2000;2;0.05;0;0;0;0;0;125.1782693862915;16.47589635848999;112263.11748438956;103674.40969452109;5695.727850341979;2893.12;[98.89, 63.31, 94.89, 98.89, 98.89, 98.89, 98.89, 98.89, 98.89, 83.89, 84.89, 98.89, 98.89, 98.89, 98.89, 98.89, 98.89, 98.89, 98.89, 98.89, 98.89, 93.89, 98.89, 98.89, 98.89, 98.89, 98.89, 98.89, 98.89, 98.89];35.58;[6, 2, 2, 5, 4, 3, 3, 3, 3, 2, 2, 4, 5, 3, 3, 3, 5, 4, 4, 3, 6, 1, 4, 3, 4, 3, 1, 4, 3, 2];5;100;True
30;100;30;2;True;2000;2;0.05;0;0;0;0;0;108.36947584152222;17.060693979263306;112467.32439998377;103423.76167148819;6511.507509015819;2532.0700000000015;[86.4, 86.4, 86.4, 86.4, 86.4, 86.4, 86.4, 86.4, 86.4, 86.4, 80.4, 86.4, 86.4, 86.4, 86.4, 86.4, 55.47, 86.4, 86.4, 67.4, 86.4, 86.4, 86.4, 86.4, 86.4, 86.4, 86.4, 86.4, 86.4, 82.4];30.930000000000007;[4, 5, 3, 5, 3, 2, 5, 2, 3, 3, 6, 3, 4, 2, 3, 3, 1, 1, 3, 3, 4, 3, 4, 5, 6, 3, 2, 5, 2, 3];5;101;False
30;100;30;3;True;2000;2;0.05;0;0;0;0;0;123.54994177818298;11.09648871421814;109051.5343195832;100382.34714748531;5932.7504186293945;2736.480000000001;[97.69, 97.69, 97.69, 97.69, 97.69, 97.69, 72.69, 97.69, 97.69, 97.69, 38.36, 97.69, 97.69, 97.69, 97.69, 97.69, 85.69, 97.69, 67.69, 97.69, 97.69, 97.69, 97.69, 84.69, 97.69, 97.69, 97.69, 42.8, 97.69, 97.69];59.33;[5, 3, 4, 2, 5, 1, 5, 2, 3, 4, 2, 3, 3, 4, 4, 4, 3, 3, 4, 3, 3, 3, 4, 2, 5, 3, 4, 3, 1, 5];4;100;True
30;100;30;4;True;2000;2;0.05;0;0;0;0;0;171.93874621391296;18.556621074676514;117405.3736965537;107364.00261048129;6270.089256153869;3771.3299999999995;[108.04, 145.04, 103.04, 110.04, 133.04, 109.04, 145.04, 130.04, 105.04, 145.04, 60.17, 140.04, 99.04, 145.04, 145.04, 127.04, 142.04, 136.04, 130.04, 132.04, 145.04, 98.04, 131.04, 145.04, 116.04, 124.04, 133.04, 109.04, 145.04, 135.04];84.86999999999999;[3, 3, 4, 3, 1, 3, 1, 2, 2, 4, 3, 3, 2, 7, 6, 3, 5, 5, 2, 5, 3, 4, 3, 6, 2, 2, 4, 2, 5, 4];6;102;False
30;100;30;5;True;2000;2;0.05;0;0;0;0;0;226.78285384178162;18.632797241210938;119076.09431788596;108817.6330839939;6462.457747717234;3795.8999999999983;[115.1, 137.1, 143.1, 155.1, 94.1, 193.1, 135.1, 108.1, 122.1, 127.1, 158.1, 3.0, 113.1, 119.1, 118.1, 160.1, 110.1, 116.1, 153.1, 137.1, 134.1, 137.1, 154.1, 97.1, 78.1, 193.1, 87.1, 75.1, 158.1, 164.1];190.1;[3, 3, 5, 3, 2, 4, 4, 1, 2, 3, 4, 7, 3, 6, 5, 3, 3, 4, 1, 5, 4, 3, 2, 3, 7, 2, 3, 4, 6];6;105;False
30;100;30;6;True;2000;2;0.05;0;0;0;0;0;116.28745222091675;15.419436693191528;118437.915180483;110059.63344635839;5764.192883101553;2613.9999999999986;[91.6, 79.6, 91.6, 91.6, 91.6, 91.6, 91.6, 91.6, 91.6, 70.6, 91.6, 88.6, 91.6, 91.6, 91.6, 51.6, 91.6, 91.6, 91.6, 91.6, 91.6, 91.6, 91.6, 76.6, 91.6, 91.6, 91.6, 91.6, 55.6, 84.6];39.99999999999999;[6, 5, 3, 5, 4, 5, 5, 3, 4, 3, 3, 4, 3, 3, 3, 3, 4, 1, 5, 3, 3, 3, 4, 1, 4, 4, 4, 2, 2];5;102;False
30;90;30;1;True;2000;3;0.05;0;0;0;0;0;118.9938063621521;16.586196660995483;106197.11213511592;98223.33260042002;5272.9015493843535;2700.7400000000007;[96.71, 45.48, 95.71, 96.71, 96.71, 77.71, 89.71, 96.71, 96.71, 96.71, 96.71, 96.71, 96.71, 96.71, 96.71, 96.71, 40.38, 83.71, 96.71, 96.71, 96.71, 59.71, 96.71, 96.71, 96.71, 96.71, 96.71, 96.71, 80.71, 96.71];56.32999999999999;[6, 1, 4, 3, 3, 3, 3, 5, 3, 2, 3, 4, 4, 3, 3, 2, 1, 4, 4, 3, 4, 2, 3, 2, 4, 2, 2, 5, 3, 2];5;93;False
30;90;30;2;True;2000;3;0.05;0;0;0;0;0;111.99845957756042;13.20218801498413;105386.81315002449;97054.99247632366;5794.180864550312;2537.5000000000014;[91.65, 91.65, 91.65, 91.65, 91.65, 91.65, 80.65, 50.65, 84.65, 91.65, 72.65, 91.65, 91.65, 91.65, 91.65, 88.65, 48.65, 91.65, 91.65, 52.65, 91.65, 91.65, 91.65, 91.65, 91.65, 91.65, 91.65, 91.65, 81.65, 52.65];43.00000000000001;[3, 3, 2, 4, 3, 3, 4, 2, 2, 3, 4, 4, 3, 2, 3, 2, 3, 2, 4, 2, 3, 4, 4, 4, 6, 3, 3, 2, 2, 2];4;91;False
30;90;30;3;True;2000;3;0.05;0;0;0;0;0;141.85478019714355;17.192611932754517;96952.84687492756;88308.72311780354;5682.78504994472;2961.470000000002;[119.13, 123.13, 123.13, 115.13, 123.13, 85.13, 38.41, 96.13, 123.13, 123.13, 34.42, 96.13, 123.13, 123.13, 72.13, 112.13, 76.13, 123.13, 46.13, 123.13, 98.13, 123.13, 123.13, 72.13, 98.13, 91.13, 123.13, 41.13, 69.13, 123.13];88.71;[3, 2, 3, 3, 3, 1, 3, 3, 2, 4, 2, 3, 2, 4, 4, 5, 2, 4, 4, 2, 2, 5, 5, 3, 3, 3, 5, 2, 2, 4];4;93;False
30;90;30;4;True;2000;3;0.05;0;0;0;0;0;108.74573230743408;19.396607160568237;105027.1370510073;96702.36183845843;5681.490204458853;2643.2999999999993;[66.22, 91.22, 91.22, 91.22, 91.22, 91.22, 91.22, 91.22, 91.22, 91.22, 69.22, 91.22, 57.92, 91.22, 91.22, 91.22, 91.22, 91.22, 91.22, 91.22, 91.22, 88.22, 91.22, 91.22, 91.22, 91.22, 91.22, 85.22, 87.22, 91.22];33.3;[2, 4, 3, 3, 1, 2, 1, 2, 1, 3, 3, 6, 3, 3, 4, 4, 6, 5, 4, 4, 3, 3, 2, 3, 2, 2, 5, 1, 2, 4];5;91;False
30;90;30;5;True;2000;3;0.05;0;0;0;0;0;92.72335696220398;17.931485891342163;100597.30774790759;93239.62666205814;5296.312842116276;2061.4399999999987;[72.36, 72.36, 72.36, 72.36, 72.36, 72.36, 72.36, 72.36, 72.36, 72.36, 72.36, 3.0, 72.36, 72.36, 72.36, 72.36, 68.36, 66.36, 72.36, 72.36, 72.36, 72.36, 72.36, 72.36, 72.36, 72.36, 44.36, 70.36, 72.36, 72.36];69.36;[3, 3, 4, 3, 3, 3, 3, 1, 2, 4, 3, 4, 4, 5, 2, 2, 3, 3, 2, 5, 4, 3, 3, 1, 4, 3, 1, 4, 6];5;91;False
30;90;30;6;True;2000;3;0.05;0;0;0;0;0;91.02231192588806;16.01404070854187;101807.29367631058;94438.4710983696;5229.496385790536;2139.3099999999986;[75.11, 75.11, 75.11, 75.11, 75.11, 75.11, 75.11, 75.11, 75.11, 46.56, 75.11, 75.11, 75.11, 75.11, 75.11, 48.56, 75.11, 75.11, 75.11, 75.11, 75.11, 75.11, 75.11, 52.11, 75.11, 75.11, 75.11, 75.11, 39.22, 75.11];35.89;[4, 4, 4, 6, 5, 4, 3, 3, 3, 2, 3, 3, 3, 2, 3, 2, 1, 2, 5, 5, 2, 3, 2, 2, 3, 4, 4, 1, 1, 2];5;91;False
30;100;30;1;True;2000;3;0.05;0;0;0;0;0;123.18568730354309;19.353088855743408;118766.73552549364;110314.92170616714;5737.968677744916;2713.7800000000016;[94.01, 75.31, 74.31, 94.01, 94.01, 94.01, 94.01, 94.01, 94.01, 83.01, 94.01, 94.01, 94.01, 94.01, 94.01, 94.01, 64.59, 94.01, 94.01, 94.01, 94.01, 66.31, 94.01, 94.01, 94.01, 94.01, 94.01, 94.01, 94.01, 94.01];29.42;[7, 2, 3, 2, 4, 4, 4, 5, 3, 2, 3, 5, 2, 3, 4, 3, 2, 4, 4, 5, 5, 2, 3, 4, 4, 3, 1, 3, 3, 3];6;102;False
30;100;30;2;True;2000;3;0.05;0;0;0;0;0;113.93423366546631;16.93664002418518;114911.75892883033;105893.1760352687;6538.738250381465;2479.9600000000005;[87.53, 87.53, 87.53, 87.53, 87.53, 87.53, 87.53, 87.53, 87.53, 87.53, 77.53, 87.53, 68.53, 87.53, 87.53, 87.53, 36.41, 87.53, 87.53, 65.53, 87.53, 87.53, 84.53, 87.53, 87.53, 87.53, 82.53, 87.53, 84.53, 54.71];51.120000000000005;[3, 4, 1, 6, 2, 3, 3, 1, 2, 3, 4, 3, 3, 2, 4, 4, 4, 3, 5, 4, 4, 5, 3, 5, 7, 2, 2, 5, 2, 2];6;101;False
30;100;30;3;True;2000;3;0.05;0;0;0;0;0;123.17527985572815;13.467000007629395;111094.90306151134;102389.88129487392;6002.813327818158;2702.3100000000004;[97.07, 97.07, 97.07, 97.07, 97.07, 87.07, 63.07, 97.07, 97.07, 97.07, 40.28, 97.07, 97.07, 97.07, 72.07, 97.07, 97.07, 97.07, 60.07, 97.07, 97.07, 97.07, 97.07, 85.07, 97.07, 97.07, 97.07, 62.07, 97.07, 97.07];56.78999999999999;[3, 4, 4, 3, 5, 1, 4, 3, 1, 4, 2, 3, 3, 4, 5, 3, 3, 3, 5, 2, 3, 4, 5, 1, 5, 3, 5, 3, 3, 3];4;100;True
30;100;30;4;True;2000;3;0.05;0;0;0;0;0;129.47305464744568;14.253657579421997;115939.5522282049;106952.97549364092;6243.272268267157;2743.3199999999997;[73.43, 97.43, 75.43, 96.43, 97.43, 76.43, 97.43, 97.43, 97.43, 97.43, 56.88, 97.43, 97.43, 97.43, 97.43, 97.43, 97.43, 97.43, 97.43, 97.43, 97.43, 49.4, 97.43, 97.43, 92.43, 79.43, 97.43, 97.43, 97.43, 97.43];48.03000000000001;[2, 4, 4, 2, 3, 2, 3, 2, 2, 3, 3, 5, 4, 5, 5, 5, 4, 7, 3, 4, 3, 3, 3, 4, 2, 2, 4, 2, 3, 3];5;101;False
30;100;30;5;True;2000;3;0.05;0;0;0;0;0;134.19799828529358;22.305790901184082;116030.55484688011;107140.32386899476;6027.171494959288;2862.979999999998;[105.87, 105.87, 105.87, 81.87, 83.87, 105.87, 105.87, 82.87, 105.87, 92.87, 105.87, 37.75, 79.87, 100.87, 105.87, 105.87, 95.87, 105.87, 105.87, 93.87, 105.87, 105.87, 105.87, 84.87, 70.87, 105.87, 58.87, 98.87, 105.87, 105.87];68.12;[2, 4, 4, 3, 4, 2, 5, 1, 2, 4, 3, 3, 2, 4, 5, 4, 1, 3, 6, 2, 4, 2, 5, 4, 2, 4, 3, 2, 5, 7];6;102;False
30;100;30;6;True;2000;3;0.05;0;0;0;0;0;114.26716613769531;17.78678822517395;122199.70296370369;113966.09462983177;5822.33719965471;2411.2700000000004;[84.93, 84.93, 84.93, 84.93, 82.93, 84.93, 84.93, 84.93, 84.93, 56.93, 84.93, 76.93, 84.93, 84.93, 84.93, 38.93, 84.93, 84.93, 84.93, 84.93, 84.93, 84.93, 84.93, 81.93, 84.93, 84.93, 84.93, 84.93, 35.3, 84.93];49.63000000000001;[4, 3, 2, 4, 3, 6, 3, 5, 4, 3, 4, 3, 3, 3, 3, 2, 6, 2, 4, 4, 3, 3, 4, 3, 5, 4, 5, 1, 1, 2];5;102;False
40;80;40;1;True;2000;2;0.05;0;0;0;0;0;81.58848786354065;11.246582508087158;88898.40540695032;81898.20413777203;4589.729269598799;2410.64;[65.25, 65.25, 53.25, 65.25, 65.25, 65.25, 65.25, 65.25, 65.25, 54.25, 60.25, 44.25, 65.25, 65.25, 65.25, 65.25, 53.25, 65.25, 65.25, 65.25, 65.25, 15.12, 65.25, 65.25, 65.25, 59.25, 65.25, 65.25, 65.25, 65.25, 65.25, 24.48, 65.25, 65.25, 65.25, 65.25, 65.25, 34.79, 54.25, 65.25];50.13;[3, 3, 1, 1, 3, 2, 3, 2, 2, 1, 1, 2, 4, 3, 3, 2, 4, 2, 1, 2, 1, 2, 1, 2, 1, 1, 2, 3, 2, 3, 1, 1, 2, 2, 4, 3, 1, 2, 1];3;80;True
40;80;40;2;True;2000;2;0.05;0;0;0;0;0;89.34598278999329;15.949503660202026;88069.1030116848;80761.67643811517;4987.472012112242;2319.940000000002;[54.13, 67.13, 67.13, 67.13, 67.13, 67.13, 67.13, 26.82, 37.13, 67.13, 35.13, 67.13, 56.13, 67.13, 67.13, 61.13, 21.69, 47.13, 67.13, 24.69, 67.13, 66.13, 62.13, 67.13, 67.13, 67.13, 58.13, 67.13, 51.13, 44.13, 67.13, 43.13, 67.13, 67.13, 67.13, 67.13, 67.13, 67.13, 20.06, 67.13];47.06999999999999;[2, 2, 1, 4, 1, 2, 3, 1, 1, 1, 2, 3, 2, 1, 3, 1, 2, 2, 3, 1, 1, 2, 3, 3, 3, 2, 1, 3, 1, 2, 6, 1, 3, 1, 3, 3, 3, 2, 2];5;83;False
40;80;40;3;True;2000;2;0.05;0;0;0;0;0;90.38106560707092;13.777440786361694;81858.36208809476;74415.05291152994;4802.353327324974;2640.85;[74.32, 74.32, 74.32, 74.32, 74.32, 32.57, 27.32, 74.32, 74.32, 74.32, 27.28, 73.32, 74.32, 74.32, 50.32, 74.32, 68.32, 74.32, 54.32, 74.32, 43.32, 74.32, 74.32, 74.32, 74.32, 28.32, 74.32, 25.16, 74.32, 74.32, 55.32, 74.32, 74.32, 74.32, 74.32, 74.32, 74.32, 74.32, 74.32, 74.32];49.16;[3, 1, 2, 2, 3, 2, 2, 1, 2, 2, 1, 1, 3, 4, 2, 2, 2, 2, 3, 5, 1, 3, 3, 1, 2, 2, 1, 2, 2, 1, 2, 1, 1, 4, 3, 3, 2, 1];4;80;True
40;80;40;4;True;2000;2;0.05;0;0;0;0;0;88.85621237754822;15.245170593261719;89962.70239459557;81572.68732474321;5256.943074691843;3132.8999999999983;[80.47, 81.47, 53.28, 81.47, 81.47, 81.47, 81.47, 81.47, 69.47, 81.47, 68.47, 81.47, 70.47, 81.47, 81.47, 81.47, 81.47, 81.47, 81.47, 81.47, 81.47, 34.95, 81.47, 81.47, 81.47, 81.47, 81.47, 81.47, 81.47, 81.47, 81.47, 81.47, 81.47, 81.47, 81.47, 81.47, 81.47, 67.28, 81.47, 81.47];46.519999999999996;[2, 2, 1, 1, 1, 1, 1, 3, 3, 2, 1, 2, 1, 4, 1, 5, 3, 2, 5, 1, 2, 2, 1, 1, 1, 3, 1, 3, 2, 3, 1, 4, 2, 4, 2, 1, 2, 3, 2];4;82;False
40;80;40;5;True;2000;2;0.05;0;0;0;0;0;107.242342710495;13.124736070632935;84574.7011886957;76585.11094590602;4799.874794730587;3189.609999999998;[79.97, 94.97, 94.97, 94.97, 45.97, 94.97, 94.97, 37.28, 94.97, 91.97, 94.97, 23.91, 83.97, 73.97, 94.97, 94.97, 48.97, 32.68, 94.97, 94.97, 94.97, 94.97, 88.97, 62.97, 23.82, 94.97, 45.97, 53.97, 94.97, 94.97, 94.97, 94.97, 94.97, 94.97, 68.97, 94.97, 51.97, 94.97, 94.97, 89.97];71.15;[2, 3, 3, 2, 2, 1, 2, 1, 1, 2, 3, 3, 2, 4, 2, 1, 1, 3, 1, 1, 2, 1, 2, 1, 2, 1, 1, 3, 5, 2, 1, 3, 2, 1, 3, 1, 4, 3, 2];4;80;True
40;80;40;6;True;2000;2;0.05;0;0;0;0;0;115.68348741531372;11.464604616165161;90641.38008702462;82521.74221568622;4622.3084406806665;3497.239999999998;[73.2, 69.2, 109.2, 109.2, 75.2, 109.2, 109.2, 109.2, 109.2, 39.48, 29.75, 64.2, 109.2, 109.2, 57.2, 23.99, 98.2, 64.2, 75.2, 109.2, 108.2, 109.2, 86.2, 46.87, 109.2, 109.2, 109.2, 56.2, 44.87, 36.48, 109.2, 109.2, 95.2, 109.2, 109.2, 109.2, 109.2, 64.2, 105.2, 109.2];85.21000000000001;[3, 2, 3, 4, 2, 4, 1, 2, 2, 1, 2, 1, 2, 3, 5, 1, 3, 2, 2, 2, 1, 3, 1, 3, 1, 1, 1, 2, 2, 3, 2, 3, 3, 2, 2, 1, 2];4;80;True
40;90;40;1;True;2000;2;0.05;0;0;0;0;0;109.23123693466187;17.791418075561523;100575.0227495792;92269.15249656895;5095.6952357533055;3210.3499999999985;[87.66, 87.66, 87.66, 87.66, 87.66, 39.16, 87.66, 87.66, 87.66, 56.66, 72.66, 84.66, 87.66, 87.66, 85.66, 87.66, 86.66, 87.66, 87.66, 87.66, 87.66, 20.81, 87.66, 87.66, 87.66, 63.66, 87.66, 87.66, 83.66, 87.66, 87.66, 28.46, 87.66, 87.66, 87.66, 87.66, 87.66, 46.16, 87.66, 87.66];66.85;[4, 3, 2, 1, 2, 1, 1, 3, 1, 1, 1, 2, 2, 4, 2, 3, 4, 3, 4, 2, 2, 1, 3, 2, 2, 1, 1, 3, 2, 3, 2, 1, 2, 3, 3, 4, 3, 1, 2, 3];3;90;True
40;90;40;2;True;2000;2;0.05;0;0;0;0;0;97.6388463973999;17.411513328552246;99674.6508967666;91288.63035367949;5708.8178806940405;2677.2399999999993;[71.7, 71.7, 71.7, 71.7, 71.7, 71.7, 71.7, 40.7, 71.7, 71.7, 71.7, 71.7, 59.7, 71.7, 71.7, 53.7, 51.7, 71.7, 71.7, 33.7, 71.7, 71.7, 71.7, 71.7, 71.7, 71.7, 71.7, 71.7, 67.7, 49.7, 71.7, 71.7, 71.7, 71.7, 71.7, 71.7, 71.7, 71.7, 25.94, 71.7];45.760000000000005;[2, 3, 1, 3, 1, 3, 4, 3, 2, 2, 3, 3, 3, 2, 1, 4, 1, 4, 1, 4, 2, 3, 4, 2, 2, 2, 2, 1, 1, 4, 1, 2, 2, 3, 4, 3, 2, 1, 1];3;92;False
40;90;40;3;True;2000;2;0.05;0;0;0;0;0;102.18713307380676;12.67626428604126;94155.64468167833;85786.32395881914;5512.735003979562;2856.749999999998;[81.85, 81.85, 77.85, 81.85, 81.85, 35.85, 29.82, 76.85, 81.85, 81.85, 38.85, 81.85, 81.85, 81.85, 56.85, 81.85, 45.85, 81.85, 25.67, 81.85, 81.85, 81.85, 81.85, 50.85, 70.85, 50.85, 81.85, 22.81, 76.85, 81.85, 68.85, 81.85, 81.85, 81.85, 81.85, 81.85, 81.85, 81.85, 81.85, 81.85];59.03999999999999;[2, 2, 2, 2, 2, 1, 1, 1, 2, 2, 1, 3, 4, 5, 3, 2, 4, 2, 2, 4, 2, 3, 4, 2, 2, 1, 2, 2, 2, 4, 2, 2, 2, 1, 1, 3, 2, 3, 2, 2];4;91;False
40;90;40;4;True;2000;2;0.05;0;0;0;0;0;86.58110737800598;17.947917222976685;98379.8011417084;90100.13963996842;5635.084722642418;2644.4100000000003;[57.14, 68.14, 68.14, 68.14, 68.14, 68.14, 68.14, 68.14, 68.14, 68.14, 45.17, 68.14, 60.14, 68.14, 68.14, 68.14, 68.14, 68.14, 68.14, 68.14, 68.14, 28.92, 68.14, 68.14, 68.14, 68.14, 68.14, 68.14, 68.14, 68.14, 68.14, 68.14, 68.14, 68.14, 68.14, 68.14, 68.14, 68.14, 68.14, 68.14];39.22;[3, 3, 2, 1, 2, 4, 1, 2, 1, 2, 2, 2, 2, 2, 4, 1, 4, 3, 3, 2, 2, 2, 2, 3, 2, 1, 2, 2, 3, 4, 1, 1, 2, 2, 4, 4, 1, 1, 3, 2];3;90;True
40;90;40;5;True;2000;2;0.05;0;0;0;0;0;81.85704064369202;18.19792413711548;95821.49262488236;88042.57853682336;5371.788016395085;2407.04;[64.02, 64.02, 64.02, 64.02, 41.17, 64.02, 64.02, 40.17, 64.02, 64.02, 64.02, 25.69, 64.02, 64.02, 64.02, 64.02, 61.02, 61.02, 64.02, 64.02, 64.02, 64.02, 64.02, 64.02, 25.69, 64.02, 60.02, 54.32, 64.02, 64.02, 64.02, 64.02, 64.02, 64.02, 64.02, 64.02, 53.32, 64.02, 64.02, 64.02];38.33;[2, 3, 4, 2, 2, 1, 3, 1, 2, 2, 1, 3, 3, 5, 3, 1, 2, 3, 1, 2, 1, 1, 3, 1, 2, 1, 1, 3, 5, 4, 3, 2, 2, 4, 1, 4, 4, 2];4;90;True
40;90;40;6;True;2000;2;0.05;0;0;0;0;0;133.87387418746948;17.31032681465149;105405.8693603676;96695.55556164391;5345.169411684589;3365.149999999998;[67.12, 62.12, 109.12, 110.12, 96.12, 110.12, 110.12, 110.12, 105.12, 55.12, 34.08, 54.12, 110.12, 110.12, 41.29, 27.97, 110.12, 72.12, 73.12, 98.12, 106.12, 85.12, 71.12, 48.12, 110.12, 110.12, 110.12, 47.12, 39.29, 35.32, 76.12, 110.12, 94.12, 110.12, 110.12, 88.12, 110.12, 50.12, 95.12, 92.12];82.15;[3, 1, 4, 4, 3, 4, 1, 4, 4, 1, 1, 3, 2, 2, 1, 5, 4, 1, 2, 2, 1, 2, 2, 4, 4, 2, 2, 3, 2, 4, 3, 3, 3, 2, 1, 2];4;92;False
40;100;40;1;True;2000;2;0.05;0;0;0;0;0;94.37561345100403;27.582508087158203;110984.30404314605;102541.02292494185;5706.242908551435;2737.1800000000007;[71.09, 71.09, 71.09, 71.09, 71.09, 63.09, 71.09, 71.09, 71.09, 58.09, 71.09, 71.09, 71.09, 71.09, 71.09, 71.09, 71.09, 71.09, 71.09, 71.09, 71.09, 30.92, 71.09, 71.09, 71.09, 71.09, 71.09, 71.09, 71.09, 71.09, 71.09, 37.84, 71.09, 71.09, 71.09, 71.09, 71.09, 59.09, 71.09, 71.09];40.17;[5, 3, 1, 2, 5, 1, 3, 3, 2, 1, 1, 3, 2, 2, 2, 4, 3, 3, 2, 2, 4, 1, 2, 1, 3, 2, 3, 4, 3, 3, 1, 3, 3, 3, 4, 3, 2, 1, 4];4;100;True
40;100;40;2;True;2000;2;0.05;0;0;0;0;0;166.38969659805298;20.21607494354248;113770.05049256154;103096.85109760851;6527.511080721936;4145.700000000001;[54.46, 107.46, 117.46, 106.46, 105.46, 137.46, 116.46, 59.46, 95.46, 132.46, 82.46, 133.46, 103.46, 137.46, 97.46, 72.46, 34.79, 137.46, 136.46, 74.46, 137.46, 122.46, 85.46, 137.46, 137.46, 114.46, 85.46, 84.46, 71.46, 43.46, 137.46, 82.46, 137.46, 90.46, 137.46, 130.46, 124.46, 99.46, 40.43, 103.46];102.67000000000002;[2, 2, 1, 5, 1, 2, 4, 3, 2, 2, 2, 4, 3, 2, 2, 1, 3, 3, 1, 1, 1, 4, 3, 4, 4, 2, 2, 3, 1, 4, 1, 4, 3, 5, 3, 4, 3, 2, 2];4;101;False
40;100;40;3;True;2000;2;0.05;0;0;0;0;0;123.83617496490479;19.41726016998291;113813.05977303567;104441.1709850568;6175.780894288005;3196.2300000000014;[93.53, 93.53, 93.53, 93.53, 93.53, 36.39, 36.39, 70.74, 93.53, 93.53, 36.39, 93.53, 93.53, 93.53, 64.74, 93.53, 64.74, 88.53, 42.74, 93.53, 93.53, 93.53, 93.53, 52.74, 93.53, 29.18, 93.53, 24.86, 68.74, 93.53, 56.74, 93.53, 93.53, 93.53, 93.53, 91.53, 93.53, 93.53, 93.53, 93.53];68.67;[3, 2, 3, 2, 4, 1, 3, 3, 1, 4, 2, 3, 4, 4, 2, 3, 4, 2, 2, 4, 2, 2, 5, 1, 2, 1, 1, 2, 1, 4, 2, 1, 3, 1, 3, 4, 3, 3, 3, 3];4;103;False
40;100;40;4;True;2000;2;0.05;0;0;0;0;0;99.35638856887817;22.15640616416931;112408.54416245209;103307.47323358996;6214.403209147456;2886.4900000000016;[60.03, 75.03, 68.03, 75.03, 75.03, 75.03, 75.03, 75.03, 74.03, 75.03, 66.03, 75.03, 55.03, 75.03, 75.03, 75.03, 75.03, 75.03, 75.03, 75.03, 75.03, 29.32, 75.03, 75.03, 75.03, 75.03, 75.03, 58.03, 75.03, 75.03, 75.03, 75.03, 75.03, 75.03, 75.03, 75.03, 75.03, 75.03, 75.03, 75.03];45.71;[2, 2, 2, 1, 3, 1, 1, 3, 1, 4, 3, 2, 2, 2, 3, 2, 8, 3, 3, 3, 1, 2, 4, 3, 2, 1, 3, 1, 7, 1, 3, 2, 5, 2, 2, 3, 1, 1, 2, 3];7;100;True
40;100;40;5;True;2000;2;0.05;0;0;0;0;0;98.5712718963623;29.375229120254517;109347.80718764567;100539.73589960183;6062.844473878521;2745.25;[73.43, 73.43, 73.43, 73.43, 45.43, 73.43, 73.43, 62.43, 73.43, 73.43, 73.43, 36.51, 73.43, 73.43, 73.43, 73.43, 58.43, 47.43, 73.43, 73.43, 73.43, 73.43, 73.43, 64.43, 26.4, 73.43, 73.43, 67.43, 73.43, 73.43, 73.43, 73.43, 73.43, 73.43, 73.43, 73.43, 60.43, 73.43, 73.43, 73.43];47.03000000000001;[2, 3, 3, 1, 3, 2, 4, 1, 1, 3, 3, 2, 3, 2, 4, 3, 2, 1, 3, 2, 3, 2, 1, 6, 1, 3, 2, 1, 3, 3, 3, 1, 2, 2, 3, 4, 2, 4, 4, 2];5;100;True
40;100;40;6;True;2000;2;0.05;0;0;0;0;0;129.36838102340698;21.500575304031372;113420.7597137123;103985.43832564913;5778.300503080021;3656.9999999999977;[77.22, 86.22, 107.22, 107.22, 107.22, 107.22, 107.22, 107.22, 107.22, 49.36, 29.25, 70.36, 107.22, 107.22, 68.36, 22.29, 107.22, 107.22, 85.22, 107.22, 107.22, 81.22, 74.22, 68.36, 107.22, 107.22, 107.22, 45.48, 51.36, 69.36, 107.22, 107.22, 107.22, 107.22, 107.22, 107.22, 107.22, 107.22, 107.22, 98.22];84.93;[4, 2, 4, 3, 3, 6, 1, 3, 2, 2, 3, 2, 1, 4, 1, 3, 1, 4, 1, 1, 4, 2, 2, 2, 2, 3, 2, 1, 1, 2, 2, 3, 4, 3, 5, 2, 2, 3, 4];5;100;True
50;100;50;1;True;2000;2;0.05;0;0;0;0;0;98.87372303009033;35.62610149383545;112124.46965668355;103146.8859112277;5741.843440863672;3235.839999999996;[70.24, 70.24, 70.24, 70.24, 70.24, 70.24, 70.24, 70.24, 70.24, 70.24, 26.72, 70.24, 70.24, 70.24, 70.24, 70.24, 38.24, 70.24, 70.24, 70.24, 70.24, 14.03, 70.24, 70.24, 70.24, 53.24, 70.24, 70.24, 70.24, 70.24, 70.24, 61.24, 70.24, 70.24, 70.24, 70.24, 70.24, 40.24, 63.24, 70.24, 70.24, 70.24, 58.24, 70.24, 31.81, 41.24, 68.24, 70.24, 70.24, 70.24];56.209999999999994;[4, 3, 2, 2, 2, 2, 3, 2, 2, 1, 1, 2, 1, 3, 2, 1, 2, 3, 3, 3, 1, 1, 2, 2, 4, 1, 1, 3, 3, 1, 1, 2, 2, 1, 2, 2, 1, 2, 4, 2, 3, 3, 1, 1, 1, 2, 3, 2, 3];3;101;False
50;100;50;2;True;2000;2;0.05;0;0;0;0;0;118.07785415649414;37.06451392173767;111008.18425479515;100790.80236221981;6453.811622338623;3763.409999999997;[61.93, 89.93, 89.93, 89.93, 50.93, 89.93, 57.93, 36.75, 39.93, 89.93, 43.93, 89.93, 48.93, 89.93, 64.93, 63.93, 21.55, 85.93, 89.93, 39.93, 89.93, 89.93, 86.93, 89.93, 89.93, 89.93, 75.93, 89.93, 54.93, 47.93, 89.93, 71.93, 89.93, 89.93, 89.93, 89.93, 89.93, 76.93, 29.4, 86.93, 89.93, 50.93, 84.93, 89.93, 89.93, 77.93, 66.93, 89.93, 86.93, 89.93];68.38000000000001;[2, 2, 1, 4, 1, 2, 4, 1, 2, 1, 1, 3, 2, 1, 3, 1, 3, 2, 1, 2, 4, 3, 3, 2, 3, 1, 3, 1, 1, 1, 2, 4, 1, 1, 5, 2, 2, 1, 2, 1, 1, 2, 2, 2, 2, 3, 3, 2, 2];4;101;False
50;100;50;3;True;2000;2;0.05;0;0;0;0;0;133.75531649589539;33.80231308937073;108591.64003863261;98708.74485644097;5998.194034656567;3884.4899999999975;[101.33, 101.33, 101.33, 101.33, 101.33, 29.49, 41.33, 83.33, 101.33, 89.33, 23.71, 65.33, 101.33, 101.33, 42.33, 90.33, 27.45, 80.33, 25.52, 101.33, 82.33, 101.33, 101.33, 83.33, 86.33, 61.33, 101.33, 18.31, 37.33, 101.33, 34.33, 101.33, 101.33, 101.33, 101.33, 101.33, 101.33, 96.33, 101.33, 99.33, 56.33, 101.33, 73.33, 34.33, 65.33, 50.33, 74.33, 101.33, 74.33, 29.49];83.02;[3, 2, 2, 1, 3, 1, 2, 4, 1, 2, 4, 4, 2, 2, 2, 2, 2, 2, 1, 4, 3, 1, 1, 2, 1, 1, 3, 1, 2, 1, 2, 1, 4, 3, 3, 2, 1, 3, 3, 4, 1, 2, 3, 2, 1, 1, 2];3;100;True
50;100;50;4;True;2000;2;0.05;0;0;0;0;0;92.80351042747498;41.73613405227661;110436.35564752355;101511.20649087326;6222.850089835969;2702.1;[41.91, 59.66, 47.51, 59.66, 59.66, 59.66, 59.66, 59.66, 37.43, 59.66, 19.62, 59.66, 26.9, 59.66, 59.66, 59.66, 59.66, 59.66, 59.66, 59.66, 59.66, 18.24, 48.66, 59.66, 55.66, 59.66, 59.66, 18.24, 59.66, 59.66, 59.66, 59.66, 59.66, 59.66, 59.66, 59.66, 59.66, 41.91, 59.66, 59.66, 59.66, 35.43, 59.66, 59.66, 59.66, 59.66, 59.66, 47.51, 55.66, 59.66];41.42;[2, 2, 1, 1, 1, 4, 2, 3, 2, 5, 2, 1, 5, 1, 4, 3, 2, 1, 1, 1, 1, 2, 2, 3, 3, 3, 4, 2, 3, 2, 3, 3, 1, 2, 3, 2, 1, 2, 1, 2, 5, 3, 1, 1, 2];4;101;False
50;100;50;5;True;2000;2;0.05;0;0;0;0;0;83.74774122238159;33.41887807846069;108101.88771589848;99471.72983757369;6038.988655234552;2591.260000000001;[56.92, 56.92, 56.92, 56.92, 31.58, 56.92, 56.92, 52.92, 56.92, 56.92, 56.92, 3.0, 56.92, 56.92, 50.92, 56.92, 42.92, 43.92, 56.92, 56.92, 56.92, 56.92, 56.92, 56.92, 17.19, 56.92, 56.92, 36.1, 56.92, 56.92, 56.92, 56.92, 56.92, 56.92, 56.92, 56.92, 25.19, 56.92, 56.92, 56.92, 53.92, 56.92, 56.92, 55.92, 56.92, 14.72, 56.92, 56.92, 56.92, 56.92];53.92;[1, 3, 1, 3, 1, 1, 1, 3, 2, 4, 1, 2, 3, 2, 1, 1, 3, 1, 2, 1, 1, 4, 2, 2, 2, 2, 5, 3, 3, 2, 2, 2, 2, 4, 2, 3, 1, 2, 2, 2, 3, 1, 4, 3, 4, 1];4;101;False
50;100;50;6;True;2000;2;0.05;0;0;0;0;0;154.92984652519226;40.47938919067383;118395.55869216035;108169.35548749259;5953.348964308662;4272.879999999998;[94.97, 74.97, 118.68, 118.68, 118.68, 113.68, 68.97, 115.68, 113.68, 33.0, 46.97, 39.97, 118.68, 105.68, 49.97, 17.17, 113.68, 118.68, 70.97, 118.68, 97.68, 62.97, 107.68, 33.0, 118.68, 98.68, 105.68, 62.97, 40.97, 44.97, 74.97, 118.68, 83.97, 106.68, 118.68, 97.68, 99.68, 40.97, 118.68, 118.68, 118.68, 22.17, 36.0, 108.68, 101.68, 94.97, 25.32, 28.34, 94.97, 118.68];101.51;[1, 1, 3, 3, 2, 3, 5, 1, 2, 1, 1, 3, 4, 2, 2, 1, 3, 1, 3, 1, 1, 3, 2, 1, 4, 1, 2, 1, 1, 1, 2, 4, 3, 4, 2, 1, 2, 2, 2, 3, 4, 2, 1, 2, 4, 1, 2, 3];4;104;False
10;20;10;1;True;2000;2;0.1;0;0;0;0;0;59.375362396240234;0.3247969150543213;26302.9396584441;23653.750374432482;1426.8495453970245;1222.3000000000004;[124.93, 97.93, 124.93, 124.93, 124.93, 124.93, 124.93, 124.93, 124.93, 124.93];27.0;[3, 2, 3, 5, 3, 2, 1, 1, 3];4;23;False
10;20;10;2;True;2000;2;0.1;0;0;0;0;0;72.28247427940369;0.22217798233032227;23921.221150516365;21211.673038289893;1259.782940423171;1449.7700000000002;[110.38, 157.71, 116.71, 157.71, 157.71, 157.71, 157.71, 133.71, 142.71, 157.71];47.33000000000001;[1, 3, 5, 2, 2, 4, 2, 1, 2];4;22;False
10;20;10;3;True;2000;2;0.1;0;0;0;0;0;114.56993389129639;0.40582966804504395;31106.155518737567;27848.703509121526;1620.9530829674322;1636.5199999999995;[100.41, 125.39, 170.39, 129.39, 200.64, 91.99, 233.64, 165.39, 185.64, 233.64];141.64999999999998;[1, 2, 4, 1, 5, 2, 4, 1, 2, 6];5;28;False
10;20;10;4;True;2000;2;0.1;0;0;0;0;0;47.20707058906555;0.21831679344177246;21171.308850618225;19184.590438928786;994.7982503192336;991.9000000000002;[82.09, 101.09, 101.09, 101.09, 101.09, 101.09, 101.09, 101.09, 101.09, 101.09];19.0;[2, 3, 2, 1, 1, 3, 1, 2, 2, 4];3;21;False
10;20;10;5;True;2000;2;0.1;0;0;0;0;0;75.71923565864563;0.2681279182434082;22718.304106931766;20206.499523430924;1175.6396700860669;1336.1999999999998;[95.12, 154.12, 105.12, 161.12, 116.12, 161.12, 130.12, 154.12, 98.12, 161.12];66.0;[2, 2, 3, 4, 1, 2, 2, 1, 3, 2];3;22;False
10;20;10;6;True;2000;2;0.1;0;0;0;0;0;62.74318861961365;0.24291515350341797;24782.009896836335;22389.50947550995;1148.0122658887294;1244.4900000000002;[134.58, 77.27, 132.58, 134.58, 92.58, 134.58, 134.58, 134.58, 134.58, 134.58];57.31000000000002;[2, 1, 2, 3, 1, 2, 3, 2, 2, 4];3;22;False
10;30;10;1;True;2000;2;0.1;0;0;0;0;0;101.6127564907074;0.39548301696777344;36385.3998020507;32530.19584540509;2154.002418301448;1701.1599999999999;[187.12, 134.08, 158.12, 154.12, 187.12, 167.12, 187.12, 152.12, 187.12, 187.12];53.03999999999999;[6, 3, 3, 1, 7, 4, 3, 2, 2, 2];6;33;False
10;30;10;2;True;2000;2;0.1;0;0;0;0;0;66.87686061859131;0.2793896198272705;32302.914428173804;29138.42562161106;1966.7749333733839;1197.75;[123.84, 123.84, 123.84, 123.84, 123.84, 123.84, 123.84, 83.19, 123.84, 123.84];40.650000000000006;[4, 3, 4, 3, 2, 3, 3, 3, 2, 3];2;30;True
10;30;10;3;True;2000;2;0.1;0;0;0;0;0;87.07416868209839;0.7278571128845215;37707.24302797385;34033.02360910258;2173.598711446156;1500.5999999999997;[150.06, 150.06, 150.06, 150.06, 150.06, 150.06, 150.06, 150.06, 150.06, 150.06];0.0;[3, 3, 3, 2, 4, 5, 4, 3, 4, 4];3;35;False
10;30;10;4;True;2000;2;0.1;0;0;0;0;0;66.22649335861206;0.3711659908294678;33749.45082905567;30905.270912580083;1565.531992909033;1278.6000000000001;[126.96, 127.96, 127.96, 127.96, 127.96, 127.96, 127.96, 127.96, 127.96, 127.96];1.0;[2, 3, 2, 3, 2, 5, 3, 2, 4, 4];3;30;True
10;30;10;5;True;2000;2;0.1;0;0;0;0;0;98.93015265464783;0.6677172183990479;36084.12453114478;32521.961361626374;1976.554411149336;1585.5999999999997;[178.06, 178.06, 178.06, 178.06, 126.06, 178.06, 172.06, 146.06, 135.06, 116.06];62.0;[3, 4, 5, 3, 2, 3, 3, 3, 3, 5];3;34;False
10;30;10;6;True;2000;2;0.1;0;0;0;0;0;75.13324785232544;0.5200638771057129;34481.3823429818;31449.539252917686;1667.8148305936115;1363.9999999999998;[140.8, 126.8, 140.8, 140.8, 140.8, 139.8, 111.8, 140.8, 140.8, 140.8];29.000000000000014;[4, 2, 3, 4, 5, 1, 2, 4, 3, 4];4;32;False
10;40;10;1;True;2000;2;0.1;0;0;0;0;0;120.30914378166199;0.9863779544830322;50140.18276410139;45607.53695627842;2625.7310881352378;1906.9000000000003;[194.19, 194.19, 190.19, 163.19, 194.19, 194.19, 194.19, 194.19, 194.19, 194.19];31.0;[4, 6, 5, 1, 7, 4, 4, 4, 5, 5];6;45;False
10;40;10;2;True;2000;2;0.1;0;0;0;0;0;138.4394781589508;0.6345431804656982;47043.79117124124;42584.0796569535;2736.8993094695848;1722.8200000000006;[128.18, 226.11, 161.18, 173.11, 180.11, 226.11, 135.18, 77.62, 189.11, 226.11];148.49;[3, 5, 1, 7, 5, 6, 4, 3, 4, 5];6;43;False
10;40;10;3;True;2000;2;0.1;0;0;0;0;0;104.17994618415833;0.783616304397583;45409.87540417104;41414.771917981125;2368.261223162141;1626.8;[168.78, 141.78, 168.78, 144.78, 168.78, 168.78, 168.78, 158.78, 168.78, 168.78];27.0;[3, 4, 4, 2, 8, 4, 6, 4, 3, 4];6;42;False
10;40;10;4;True;2000;2;0.1;0;0;0;0;0;100.04045510292053;0.6769640445709229;45982.32076420059;41961.436244893055;2408.3570671721536;1612.5299999999997;[131.77, 168.64, 151.64, 168.64, 150.64, 168.64, 168.64, 168.64, 166.64, 168.64];36.869999999999976;[4, 5, 2, 4, 2, 6, 6, 4, 3, 6];4;42;False
10;40;10;5;True;2000;2;0.1;0;0;0;0;0;138.4412989616394;1.178344964981079;51311.69030130676;46546.93286211667;2790.3296181193655;1974.4000000000003;[221.44, 221.44, 175.44, 221.44, 198.44, 176.44, 221.44, 145.44, 204.44, 188.44];76.0;[4, 5, 5, 5, 4, 2, 7, 4, 4, 6];5;46;False
10;40;10;6;True;2000;2;0.1;0;0;0;0;0;103.06281685829163;0.9004931449890137;48960.41969969459;44896.58132221842;2431.1137895326856;1632.7;[167.77, 127.77, 162.77, 167.77, 167.77, 167.77, 167.77, 167.77, 167.77, 167.77];40.000000000000014;[3, 3, 5, 5, 6, 5, 2, 5, 3, 6];4;43;False
10;50;10;1;True;2000;2;0.1;0;0;0;0;0;146.92997193336487;1.3792169094085693;67767.3682893404;62381.11434786161;3421.965760282066;1964.2800000000002;[203.24, 203.24, 164.68, 182.68, 203.24, 203.24, 203.24, 194.24, 203.24, 203.24];38.56;[7, 8, 6, 2, 9, 6, 5, 4, 6, 6];7;59;False
10;50;10;2;True;2000;2;0.1;0;0;0;0;0;213.54158926010132;1.1009807586669922;63379.09101437388;57563.3049056059;3444.2502756572585;2371.5700000000006;[210.86, 247.86, 209.86, 244.86, 214.86, 248.86, 316.86, 158.83, 316.86, 201.86];158.03;[4, 5, 3, 9, 7, 7, 5, 3, 8, 4];6;55;False
10;50;10;3;True;2000;2;0.1;0;0;0;0;0;325.04730772972107;0.8871126174926758;68655.75846024115;62499.59299644304;3356.689669192671;2799.4599999999996;[152.18, 433.12, 211.06, 221.06, 235.06, 176.84, 484.12, 179.84, 222.06, 484.12];331.94;[3, 8, 8, 2, 8, 5, 10, 4, 5, 7];8;60;False
10;50;10;4;True;2000;2;0.1;0;0;0;0;0;148.57381439208984;1.1573419570922852;63214.19235472093;58017.16993495262;3157.3745159964014;2039.5999999999997;[217.06, 217.06, 217.06, 201.06, 217.06, 164.06, 193.06, 217.06, 179.06, 217.06];53.0;[6, 7, 4, 3, 6, 6, 4, 7, 6, 6];4;55;False
10;50;10;5;True;2000;2;0.1;0;0;0;0;0;213.085839509964;0.933748722076416;61031.4203002462;55471.24601789033;3303.896354380708;2256.3;[315.93, 207.93, 196.93, 315.93, 236.93, 244.93, 196.93, 144.93, 183.93, 211.93];171.0;[7, 6, 6, 6, 5, 6, 6, 4, 5, 5];3;56;False
10;50;10;6;True;2000;2;0.1;0;0;0;0;0;112.31091952323914;1.3239171504974365;63537.47260231503;58966.91606414232;3006.1063469983565;1564.5000000000002;[156.45, 156.45, 156.45, 156.45, 156.45, 156.45, 156.45, 156.45, 156.45, 156.45];0.0;[4, 3, 7, 7, 6, 7, 3, 7, 4, 6];4;54;False
10;60;10;1;True;2000;2;0.1;0;0;0;0;0;234.16438055038452;1.6409108638763428;76901.55340212365;70649.56875934814;3842.852150162032;2409.1;[313.21, 211.21, 225.21, 202.21, 298.21, 234.21, 208.21, 243.21, 224.21, 249.21];110.99999999999997;[9, 7, 6, 3, 9, 6, 5, 7, 8, 7];6;67;False
10;60;10;2;True;2000;2;0.1;0;0;0;0;0;177.50165367126465;1.7326078414916992;72247.64538130183;65853.71787968933;4153.7117883636665;2240.2000000000003;[238.52, 238.52, 194.52, 238.52, 193.52, 238.52, 238.52, 204.52, 238.52, 216.52];45.0;[6, 8, 4, 9, 9, 6, 7, 5, 5, 5];5;64;False
10;60;10;3;True;2000;2;0.1;0;0;0;0;0;171.72453618049622;2.025594711303711;70999.66621898445;65347.93553638554;3577.9932918418726;2073.7200000000003;[146.41, 225.9, 203.97, 225.9, 225.9, 194.97, 225.9, 174.97, 225.9, 223.9];79.49000000000001;[3, 7, 6, 6, 9, 7, 7, 7, 5, 6];6;63;False
10;60;10;4;True;2000;2;0.1;0;0;0;0;0;145.54886412620544;1.163543939590454;70805.37626747588;65234.090686057745;3595.0623373230906;1976.2000000000003;[196.92, 198.92, 198.92, 198.92, 187.92, 198.92, 198.92, 198.92, 198.92, 198.92];11.0;[6, 8, 5, 4, 4, 7, 6, 8, 6, 7];4;61;False
10;60;10;5;True;2000;2;0.1;0;0;0;0;0;128.2388575077057;1.6121656894683838;69859.72045806098;64252.46929842528;3976.322084711202;1630.9000000000003;[163.19, 163.19, 163.19, 163.19, 163.19, 163.19, 163.19, 162.19, 163.19, 163.19];1.0;[7, 8, 7, 8, 5, 8, 5, 4, 6, 5];4;63;False
10;60;10;6;True;2000;2;0.1;0;0;0;0;0;171.89067578315735;1.351067066192627;78027.34000315978;72214.07207823893;3623.0219730440185;2190.2;[201.22, 198.22, 227.22, 227.22, 227.22, 200.22, 227.22, 227.22, 227.22, 227.22];29.0;[4, 4, 7, 5, 10, 6, 5, 7, 6, 10];6;64;False
10;70;10;1;True;2000;2;0.1;0;0;0;0;0;263.7255039215088;2.05411434173584;90166.18920008522;82909.52847593535;4578.299344940853;2678.4;[316.34, 222.34, 250.34, 288.34, 319.34, 272.34, 244.34, 297.34, 248.34, 219.34];99.99999999999997;[11, 5, 10, 4, 12, 7, 7, 6, 6, 8];8;76;False
10;70;10;2;True;2000;2;0.1;0;0;0;0;0;199.8672513961792;1.6893866062164307;84008.97082313456;77351.04369704952;4470.457543096159;2187.48;[243.91, 243.91, 225.91, 243.91, 171.91, 243.91, 214.91, 156.29, 243.91, 198.91];87.62;[8, 7, 4, 9, 9, 11, 9, 5, 7, 4];7;73;False
10;70;10;3;True;2000;2;0.1;0;0;0;0;0;189.88230991363525;2.342503547668457;84639.01952374043;78228.80336398221;4225.5497775643;2184.7000000000003;[189.67, 221.67, 221.67, 221.67, 221.67, 221.67, 221.67, 221.67, 221.67, 221.67];32.0;[5, 8, 9, 7, 8, 7, 8, 8, 7, 8];4;75;False
10;70;10;4;True;2000;2;0.1;0;0;0;0;0;392.11148953437805;2.6837568283081055;105808.88646108382;97543.2258644647;5346.846614468631;2918.78;[250.71, 458.71, 221.38, 216.38, 286.38, 275.71, 265.71, 458.71, 228.38, 256.71];242.32999999999998;[6, 12, 7, 9, 4, 9, 5, 14, 11, 9];10;86;False
10;70;10;5;True;2000;2;0.1;0;0;0;0;0;179.17506790161133;1.6213467121124268;84713.12590048595;77997.20820034128;4564.045380225743;2151.9;[215.19, 215.19, 215.19, 215.19, 215.19, 215.19, 215.19, 215.19, 215.19, 215.19];0.0;[7, 10, 8, 6, 4, 8, 9, 7, 7, 7];6;73;False
10;70;10;6;True;2000;2;0.1;0;0;0;0;0;179.56307721138;1.9145970344543457;90955.10507858553;84511.62302222142;4352.81848467082;2090.7;[211.07, 211.07, 211.07, 211.07, 211.07, 211.07, 211.07, 211.07, 211.07, 191.07];20.0;[5, 6, 10, 9, 9, 9, 5, 8, 6, 8];5;75;False
10;80;10;1;True;2000;2;0.1;0;0;0;0;0;215.2222764492035;1.989595651626587;99314.56211929787;92142.44774301113;4828.054597734577;2344.1000000000004;[236.03, 236.03, 236.03, 219.83, 236.03, 236.03, 236.03, 236.03, 236.03, 236.03];16.19999999999999;[11, 7, 8, 5, 12, 9, 7, 6, 11, 8];7;84;False
10;80;10;2;True;2000;2;0.1;0;0;0;0;0;470.099826335907;3.4299094676971436;119719.72620950249;110145.99601332068;5981.051130879916;3592.6799999999994;[317.47, 399.45, 325.45, 432.84, 450.02, 290.47, 234.47, 200.47, 459.02, 483.02];282.54999999999995;[8, 8, 5, 17, 10, 12, 10, 8, 11, 11];12;100;False
10;80;10;3;True;2000;2;0.1;0;0;0;0;0;253.970778465271;2.303940534591675;97835.27539553873;90260.8451528657;5011.99654545438;2562.4300000000003;[197.23, 248.23, 281.47, 283.47, 272.16, 230.23, 199.23, 283.47, 283.47, 283.47];86.24000000000004;[4, 9, 7, 4, 9, 10, 10, 12, 10, 10];8;85;False
10;80;10;4;True;2000;2;0.1;0;0;0;0;0;281.7063784599304;2.5064010620117188;103099.84967486146;94907.31225975932;5525.741956239048;2666.7999999999997;[188.58, 282.58, 313.58, 199.58, 287.58, 260.58, 313.58, 313.58, 223.58, 283.58];124.99999999999997;[10, 9, 8, 8, 7, 10, 11, 10, 5, 8];6;86;False
10;80;10;5;True;2000;2;0.1;0;0;0;0;0;245.3187108039856;2.330538511276245;101443.74209297728;93544.29553419171;5310.698175140635;2588.7000000000003;[266.17, 266.17, 248.17, 266.17, 256.17, 266.17, 266.17, 221.17, 266.17, 266.17];45.00000000000003;[7, 12, 8, 8, 10, 9, 10, 8, 7, 6];6;85;False
10;80;10;6;True;2000;2;0.1;0;0;0;0;0;211.02001190185547;2.247520685195923;104447.97263644428;97187.85855098352;4977.4721737874415;2282.600000000001;[228.86, 227.86, 228.86, 228.86, 228.86, 228.86, 223.86, 228.86, 228.86, 228.86];5.0;[5, 6, 9, 9, 12, 11, 6, 10, 8, 8];7;84;False
10;90;10;1;True;2000;2;0.1;0;0;0;0;0;260.8181791305542;3.592928171157837;119881.84670590213;111526.49626720906;5763.23508477024;2592.1;[259.31, 259.31, 259.31, 258.31, 259.31, 259.31, 259.31, 259.31, 259.31, 259.31];1.0;[12, 10, 11, 5, 13, 9, 8, 10, 11, 9];8;98;False
10;90;10;2;True;2000;2;0.1;0;0;0;0;0;253.44902849197388;2.5610382556915283;108520.99135078571;100272.96126310855;5725.951201143137;2522.0499999999997;[196.92, 268.57, 224.57, 225.57, 268.57, 268.57, 263.57, 268.57, 268.57, 268.57];71.65;[8, 9, 4, 10, 9, 10, 13, 9, 8, 11];9;91;False
10;90;10;3;True;2000;2;0.1;0;0;0;0;0;262.6307303905487;2.694239616394043;108906.71131726191;100928.45864211487;5539.501473935826;2438.7200000000003;[260.42, 242.42, 260.42, 182.94, 260.42, 244.42, 206.42, 260.42, 260.42, 260.42];77.48000000000002;[7, 9, 9, 8, 9, 11, 6, 14, 9, 10];8;92;False
10;90;10;4;True;2000;2;0.1;0;0;0;0;0;250.52208495140076;2.6490533351898193;116425.86816438206;107725.9608716976;6186.53306584757;2513.4;[251.34, 251.34, 251.34, 251.34, 251.34, 251.34, 251.34, 251.34, 251.34, 251.34];0.0;[13, 9, 12, 8, 6, 11, 12, 8, 8, 10];7;97;False
10;90;10;5;True;2000;2;0.1;0;0;0;0;0;743.7768423557281;3.106323719024658;131685.51002791483;121018.040983638;6419.33398661701;4248.099999999999;[559.41, 320.41, 673.41, 352.41, 583.41, 410.41, 310.41, 267.41, 493.41, 277.41];405.99999999999994;[8, 11, 16, 12, 12, 11, 11, 8, 10, 8];8;107;False
10;90;10;6;True;2000;2;0.1;0;0;0;0;0;280.01906061172485;3.2465054988861084;120452.02515298127;112173.20544157764;5436.2826309822185;2842.4999999999995;[285.35, 274.35, 285.35, 285.35, 285.35, 285.35, 285.35, 285.35, 285.35, 285.35];11.0;[8, 6, 12, 12, 12, 11, 6, 10, 8, 10];6;95;False
10;100;10;1;True;2000;2;0.1;0;0;0;0;0;276.5643801689148;3.4801435470581055;125651.18778290444;117092.36687821982;5936.117801531368;2622.7;[262.27, 262.27, 262.27, 262.27, 262.27, 262.27, 262.27, 262.27, 262.27, 262.27];0.0;[10, 10, 10, 7, 14, 10, 8, 9, 14, 11];7;103;False
10;100;10;2;True;2000;2;0.1;0;0;0;0;0;294.3324258327484;3.143650770187378;130248.87570615335;120686.21234556654;6920.387726911006;2642.28;[271.96, 273.96, 273.96, 273.96, 263.96, 273.96, 273.96, 221.3, 241.3, 273.96];52.65999999999997;[9, 9, 5, 14, 10, 15, 13, 8, 9, 13];10;105;False
10;100;10;3;True;2000;2;0.1;0;0;0;0;0;320.41149282455444;3.6519556045532227;125712.37237261023;117086.14531230913;5882.664143916343;2743.5499999999993;[218.63, 249.96, 283.62, 279.62, 298.62, 298.62, 260.62, 256.62, 298.62, 298.62];79.99000000000001;[7, 13, 11, 13, 12, 8, 10, 6, 11, 12];7;103;False
10;100;10;4;True;2000;2;0.1;0;0;0;0;0;289.83320784568787;3.705810785293579;130268.17938871522;121071.09525928946;6529.902567728631;2667.2000000000003;[270.32, 270.32, 270.32, 270.32, 270.32, 270.32, 270.32, 270.32, 257.32, 247.32];23.0;[9, 11, 9, 10, 9, 14, 11, 13, 9, 10];5;105;False
10;100;10;5;True;2000;2;0.1;0;0;0;0;0;264.64735770225525;3.446296215057373;125704.72959951533;117130.72756240133;6223.751903073224;2350.2999999999997;[238.83, 238.83, 238.83, 238.83, 238.83, 238.83, 238.83, 200.83, 238.83, 238.83];38.0;[9, 13, 13, 11, 12, 11, 10, 8, 10, 7];6;104;False
10;100;10;6;True;2000;2;0.1;0;0;0;0;0;372.4555561542511;4.240938663482666;139882.95876610957;130222.70829323314;6475.369041955326;3184.92;[307.48, 226.6, 344.48, 344.48, 327.48, 325.48, 321.48, 344.48, 307.48, 335.48];117.88000000000002;[8, 8, 13, 10, 11, 15, 11, 11, 12, 11];7;110;False
10;30;10;1;True;2000;3;0.1;0;0;0;0;0;135.43825316429138;0.7839751243591309;38680.46696360056;34683.771211987965;2050.1460483144533;1946.54;[173.28, 188.28, 128.15, 233.28, 214.28, 154.15, 158.28, 249.28, 249.28, 198.28];121.13;[4, 4, 3, 2, 5, 3, 2, 3, 5, 3];3;34;False
10;30;10;2;True;2000;3;0.1;0;0;0;0;0;89.9027030467987;0.5024909973144531;36739.354686418286;33050.52434752733;2198.608094843992;1490.18;[150.15, 157.15, 157.15, 157.15, 157.15, 157.15, 157.15, 82.83, 157.15, 157.15];74.32000000000001;[2, 4, 2, 6, 3, 3, 4, 3, 3, 4];4;34;False
10;30;10;3;True;2000;3;0.1;0;0;0;0;0;162.8092200756073;0.8007316589355469;39352.47681227483;35394.56152834132;2215.8952270867003;1742.03;[97.3, 141.04, 133.3, 164.04, 195.1, 81.63, 163.04, 168.04, 299.27, 299.27];217.64;[1, 3, 4, 2, 4, 3, 6, 3, 5, 5];5;36;False
10;30;10;4;True;2000;3;0.1;0;0;0;0;0;72.98984408378601;0.6854608058929443;37985.47016125203;34969.909291320095;1718.8632878419842;1296.7;[133.65, 133.65, 133.65, 133.65, 133.65, 133.65, 133.65, 133.65, 93.85, 133.65];39.80000000000001;[3, 4, 2, 2, 2, 6, 3, 4, 3, 4];4;33;False
10;30;10;5;True;2000;3;0.1;0;0;0;0;0;91.37216353416443;0.6006126403808594;36412.90515736797;33042.721442326954;1909.9020425388028;1460.3000000000004;[164.43, 164.43, 164.43, 164.43, 151.43, 155.43, 164.43, 112.43, 109.43, 109.43];55.0;[2, 4, 5, 2, 3, 1, 5, 2, 4, 5];4;33;False
10;30;10;6;True;2000;3;0.1;0;0;0;0;0;94.64546632766724;1.121260166168213;41606.957429432674;38040.6748751719;1882.0434130513786;1684.2300000000002;[170.4, 150.63, 170.4, 170.4, 170.4, 170.4, 170.4, 170.4, 170.4, 170.4];19.77000000000001;[3, 2, 3, 4, 6, 2, 3, 5, 3, 5];4;36;False
10;40;10;1;True;2000;3;0.1;0;0;0;0;0;120.29232501983643;1.3217642307281494;53007.60788369879;48456.68661506163;2644.5454255163168;1906.3999999999996;[192.64, 192.64, 192.64, 192.64, 192.64, 192.64, 192.64, 192.64, 192.64, 172.64];20.0;[7, 5, 5, 3, 6, 2, 5, 4, 4, 5];5;46;False
10;40;10;2;True;2000;3;0.1;0;0;0;0;0;120.6628770828247;0.632148265838623;46224.4616242352;41842.25417585709;2648.506846985128;1733.7300000000002;[169.18, 198.18, 173.18, 198.18, 198.18, 198.18, 198.18, 83.11, 119.18, 198.18];115.07000000000001;[3, 3, 1, 7, 4, 6, 6, 3, 3, 5];6;41;False
10;40;10;3;True;2000;3;0.1;0;0;0;0;0;108.16237950325012;0.5035219192504883;43603.08875484948;39658.703543284624;2283.7956232077395;1660.5900000000001;[103.45, 151.46, 181.46, 181.46, 181.46, 135.46, 181.46, 181.46, 181.46, 181.46];78.01;[2, 3, 5, 3, 5, 7, 3, 4, 3, 5];5;40;True
10;40;10;4;True;2000;3;0.1;0;0;0;0;0;131.22636556625366;1.2705292701721191;51716.69071847771;47208.45739669842;2646.7461751559713;1861.49;[169.29, 211.83, 164.74, 211.83, 176.83, 159.74, 211.83, 167.74, 175.83, 211.83];52.09;[4, 6, 2, 4, 2, 6, 5, 3, 4, 9];7;45;False
10;40;10;5;True;2000;3;0.1;0;0;0;0;0;135.2549693584442;0.7907285690307617;48990.95689039249;44392.38323246416;2820.970651090732;1777.64;[188.02, 218.02, 197.02, 218.02, 157.02, 160.02, 205.02, 113.46, 134.02, 187.02];104.56000000000002;[2, 8, 5, 4, 3, 2, 7, 4, 3, 7];6;45;False
10;40;10;6;True;2000;3;0.1;0;0;0;0;0;91.24815821647644;1.0587871074676514;50695.42741383167;46730.045535151614;2512.8068849945107;1452.6;[145.26, 145.26, 145.26, 145.26, 145.26, 145.26, 145.26, 145.26, 145.26, 145.26];0.0;[3, 3, 5, 4, 6, 4, 3, 6, 3, 6];3;43;False
10;50;10;1;True;2000;3;0.1;0;0;0;0;0;118.126638174057;1.155477523803711;59155.89028429353;54483.42313352763;2969.900283174594;1702.6000000000001;[173.66, 173.66, 150.66, 162.66, 173.66, 173.66, 173.66, 173.66, 173.66, 173.66];23.0;[5, 4, 4, 3, 10, 5, 4, 4, 7, 5];7;51;False
10;50;10;2;True;2000;3;0.1;0;0;0;0;0;165.42720198631287;1.4917805194854736;62126.26134498944;56801.71331918042;3297.614814332697;2026.9299999999998;[208.03, 242.03, 135.66, 213.03, 159.03, 242.03, 235.03, 177.03, 173.03, 242.03];106.37;[5, 6, 3, 8, 6, 7, 6, 4, 4, 6];5;55;False
10;50;10;3;True;2000;3;0.1;0;0;0;0;0;145.15964889526367;1.313302993774414;61526.67275684532;56501.898348400144;3003.719615726843;2021.1;[176.01, 212.01, 201.01, 212.01, 212.01, 165.01, 212.01, 207.01, 212.01, 212.01];47.0;[4, 5, 6, 3, 6, 6, 6, 3, 6, 8];5;53;False
10;50;10;4;True;2000;3;0.1;0;0;0;0;0;179.63507676124573;1.9523305892944336;69816.52354339494;64333.068536181;3344.815373205601;2138.6;[252.46, 252.46, 182.46, 188.46, 212.46, 165.46, 252.46, 252.46, 140.46, 239.46];112.0;[7, 8, 6, 5, 5, 5, 6, 7, 4, 6];4;59;False
10;50;10;5;True;2000;3;0.1;0;0;0;0;0;115.7733244895935;1.1281671524047852;59911.733272663056;55047.38998083891;3236.23714829978;1628.1000000000001;[164.71, 164.71, 146.71, 164.71, 164.71, 164.71, 164.71, 164.71, 163.71, 164.71];18.0;[3, 5, 6, 5, 5, 7, 7, 6, 3, 6];4;53;False
10;50;10;6;True;2000;3;0.1;0;0;0;0;0;115.19539618492126;0.9468562602996826;59664.28235796323;55226.25749901189;2815.1346126216185;1622.9000000000003;[164.69, 164.69, 164.69, 164.69, 164.69, 164.69, 147.69, 164.69, 164.69, 157.69];17.0;[7, 4, 5, 4, 5, 5, 4, 6, 5, 6];3;51;False
10;60;10;1;True;2000;3;0.1;0;0;0;0;0;147.4702296257019;1.0442919731140137;72814.20717531681;67306.29378173656;3570.792505932295;1937.1000000000001;[193.71, 193.71, 193.71, 193.71, 193.71, 193.71, 193.71, 193.71, 193.71, 193.71];0.0;[6, 6, 4, 4, 8, 8, 5, 6, 8, 6];4;61;False
10;60;10;2;True;2000;3;0.1;0;0;0;0;0;145.0966944694519;1.3299181461334229;70697.56652532145;65138.708434257365;3807.3503497721945;1751.4999999999998;[186.06, 186.06, 163.06, 186.06, 168.06, 186.06, 185.06, 130.96, 174.06, 186.06];55.099999999999994;[5, 7, 6, 9, 6, 6, 6, 5, 5, 6];4;61;False
10;60;10;3;True;2000;3;0.1;0;0;0;0;0;203.8950378894806;1.8913261890411377;75620.8671780832;69608.61075877384;3703.158429583659;2309.1000000000004;[183.03, 164.03, 212.38, 241.38, 257.38, 229.38, 265.38, 225.38, 265.38, 265.38];101.35;[4, 7, 6, 6, 8, 5, 10, 8, 5, 6];6;65;False
10;60;10;4;True;2000;3;0.1;0;0;0;0;0;146.8189799785614;1.768874168395996;78515.81129345317;72848.66069914062;3818.760777398718;1848.4000000000003;[185.94, 185.94, 185.94, 185.94, 185.94, 174.94, 185.94, 185.94, 185.94, 185.94];11.0;[8, 6, 6, 5, 6, 8, 5, 9, 5, 7];4;65;False
10;60;10;5;True;2000;3;0.1;0;0;0;0;0;174.85968160629272;2.679851770401001;79697.44600615869;73082.3311124718;4540.650613269399;2074.5;[214.03, 202.03, 214.03, 214.03, 214.03, 214.03, 214.03, 172.23, 213.03, 203.03];41.80000000000001;[6, 7, 7, 8, 7, 6, 10, 8, 6, 6];4;71;False
10;60;10;6;True;2000;3;0.1;0;0;0;0;0;148.89083671569824;1.6966485977172852;78199.7658923478;72833.72966072774;3521.797423457193;1844.2199999999998;[193.08, 144.5, 193.08, 193.08, 193.08, 193.08, 193.08, 193.08, 186.08, 162.08];48.58000000000001;[5, 4, 5, 5, 8, 8, 6, 8, 6, 8];4;63;False
10;70;10;1;True;2000;3;0.1;0;0;0;0;0;362.1628067493439;2.9522836208343506;100791.54437664995;92904.25663686456;4975.244128571574;2911.9999999999995;[305.6, 236.6, 420.6, 244.6, 432.6, 262.6, 257.6, 249.6, 260.6, 241.6];196.00000000000003;[13, 6, 11, 4, 16, 5, 5, 6, 10, 7];12;83;False
10;70;10;2;True;2000;3;0.1;0;0;0;0;0;166.8388798236847;2.0609538555145264;83969.3479621455;77797.92263649828;4199.292659445949;1972.1100000000004;[201.16, 201.16, 201.16, 201.16, 201.16, 201.16, 201.16, 201.16, 161.67, 201.16];39.49000000000001;[6, 9, 3, 11, 9, 8, 9, 7, 4, 6];8;72;False
10;70;10;3;True;2000;3;0.1;0;0;0;0;0;206.30491375923157;2.5226526260375977;87132.5982420048;80613.42370393677;4222.451612629598;2296.72;[229.56, 189.56, 245.56, 245.56, 245.56, 177.68, 245.56, 226.56, 245.56, 245.56];67.88;[4, 7, 7, 7, 9, 9, 10, 8, 9, 5];6;75;False
10;70;10;4;True;2000;3;0.1;0;0;0;0;0;184.41741824150085;2.6002206802368164;92229.01317705301;85439.71620237017;4685.09752569567;2104.19;[215.58, 215.58, 209.58, 215.58, 215.58, 215.58, 215.58, 215.58, 169.97, 215.58];45.610000000000014;[6, 10, 6, 8, 6, 12, 6, 7, 5, 9];7;75;False
10;70;10;5;True;2000;3;0.1;0;0;0;0;0;185.01149702072144;1.7495033740997314;85267.7436078561;78450.40469278133;4733.526830879181;2083.7999999999997;[218.58, 218.58, 218.58, 218.58, 168.58, 218.58, 218.58, 170.58, 218.58, 214.58];50.0;[5, 9, 9, 8, 5, 6, 10, 7, 7, 7];5;73;False
10;70;10;6;True;2000;3;0.1;0;0;0;0;0;160.6415092945099;1.9774091243743896;92339.35741639868;86063.4294416135;4372.379566166848;1903.4999999999995;[190.35, 190.35, 190.35, 190.35, 190.35, 190.35, 190.35, 190.35, 190.35, 190.35];0.0;[5, 6, 8, 8, 10, 7, 7, 7, 8, 8];5;74;False
10;80;10;1;True;2000;3;0.1;0;0;0;0;0;343.0145173072815;2.2807812690734863;107110.27453712974;99054.42705568233;5031.753984702065;3024.12;[262.94, 251.94, 262.94, 389.18, 385.18, 262.94, 282.94, 278.94, 257.94, 389.18];137.24;[10, 5, 9, 7, 9, 8, 9, 6, 10, 13];8;86;False
10;80;10;2;True;2000;3;0.1;0;0;0;0;0;214.9661304950714;3.284858226776123;105703.26805103247;98070.954903493;5360.827863135713;2271.5;[227.45, 227.45, 227.45, 227.45, 227.45, 227.45, 224.45, 227.45, 227.45, 227.45];3.0;[8, 9, 8, 9, 10, 10, 9, 9, 7, 10];3;89;False
10;80;10;3;True;2000;3;0.1;0;0;0;0;0;199.40458917617798;2.318883180618286;94069.3658488889;87041.7230245079;4873.98389349913;2153.6899999999996;[204.38, 216.59, 216.59, 216.59, 216.59, 216.59, 216.59, 216.59, 216.59, 216.59];12.210000000000008;[6, 8, 8, 6, 10, 10, 10, 9, 7, 8];4;82;False
10;80;10;4;True;2000;3;0.1;0;0;0;0;0;242.40382504463196;2.8255488872528076;107331.74097917104;99138.39581630794;5679.165217920335;2514.2;[250.52, 260.52, 233.52, 260.52, 260.52, 260.52, 260.52, 260.52, 206.52, 260.52];53.99999999999997;[9, 10, 8, 8, 7, 8, 10, 9, 7, 11];4;87;False
10;80;10;5;True;2000;3;0.1;0;0;0;0;0;224.72709774971008;3.396822690963745;102698.010557534;94966.27448147269;5337.25014125491;2394.4999999999995;[241.35, 241.35, 241.35, 241.35, 241.35, 241.35, 241.35, 222.35, 241.35, 241.35];19.0;[7, 10, 10, 9, 7, 9, 9, 7, 12, 6];6;86;False
10;80;10;6;True;2000;3;0.1;0;0;0;0;0;244.25025010108948;2.716453790664673;111453.21671028694;103462.44347941875;5365.4969688168285;2625.2999999999997;[250.93, 267.93, 252.93, 267.93, 267.93, 267.93, 267.93, 245.93, 267.93, 267.93];22.0;[7, 6, 10, 9, 10, 9, 10, 7, 6, 12];6;86;False
10;90;10;1;True;2000;3;0.1;0;0;0;0;0;235.28348898887634;4.391179323196411;122293.29382334457;114544.04618601943;5451.548987056851;2297.7000000000003;[229.77, 229.77, 229.77, 229.77, 229.77, 229.77, 229.77, 229.77, 229.77, 229.77];0.0;[13, 8, 10, 9, 13, 6, 6, 9, 10, 12];7;96;False
10;90;10;2;True;2000;3;0.1;0;0;0;0;0;315.44797945022583;2.915022373199463;120019.93186263241;111154.11348955003;6088.785343637932;2777.0;[226.5, 245.5, 262.5, 311.5, 311.5, 311.5, 271.5, 270.5, 254.5, 311.5];85.0;[7, 10, 8, 10, 11, 11, 10, 11, 8, 11];4;97;False
10;90;10;3;True;2000;3;0.1;0;0;0;0;0;278.5045599937439;3.525360345840454;115221.87412151374;106834.88162710243;5746.911596361948;2640.1;[274.71, 267.71, 274.71, 274.71, 259.71, 235.71, 274.71, 228.71, 274.71, 274.71];45.99999999999997;[7, 7, 10, 8, 13, 10, 10, 10, 9, 11];6;95;False
10;90;10;4;True;2000;3;0.1;0;0;0;0;0;331.5492081642151;4.555107593536377;126442.16458491783;117106.29348450982;6475.9804718900195;2859.9;[252.17, 337.17, 337.17, 249.17, 272.17, 249.17, 326.17, 337.17, 224.37, 275.17];112.80000000000001;[12, 12, 13, 6, 9, 12, 8, 9, 8, 10];7;99;False
10;90;10;5;True;2000;3;0.1;0;0;0;0;0;362.0231533050537;4.705335378646851;124667.902458724;115559.34803327844;6005.578241651449;3102.9799999999996;[356.77, 342.77, 254.41, 356.77, 298.77, 260.77, 328.77, 303.77, 341.77, 258.41];102.35999999999999;[11, 10, 11, 12, 6, 12, 8, 8, 12, 10];6;100;False
10;90;10;6;True;2000;3;0.1;0;0;0;0;0;223.1694016456604;3.0696804523468018;118186.03268834623;110430.05897937539;5531.393944338202;2224.6;[222.46, 222.46, 222.46, 222.46, 222.46, 222.46, 222.46, 222.46, 222.46, 222.46];0.0;[6, 9, 9, 6, 11, 14, 8, 8, 12, 11];8;94;False
10;100;10;1;True;2000;3;0.1;0;0;0;0;0;372.18821477890015;4.09862494468689;132711.3317166961;123465.63945385728;6230.920773147133;3014.7999999999997;[322.68, 238.68, 312.68, 279.68, 357.68, 294.68, 291.68, 357.68, 262.68, 296.68];119.0;[15, 8, 11, 6, 13, 10, 8, 11, 11, 12];9;105;False
10;100;10;2;True;2000;3;0.1;0;0;0;0;0;467.4260082244873;4.611738920211792;140829.01507734502;130400.16314089208;7054.815773095401;3373.9999999999995;[354.1, 443.6, 287.1, 360.1, 281.1, 341.6, 443.6, 257.1, 281.1, 324.6];186.5;[11, 12, 6, 15, 12, 12, 15, 9, 10, 11];9;113;False
10;100;10;3;True;2000;3;0.1;0;0;0;0;0;342.42715287208557;3.0806901454925537;128852.10284512564;120021.78888991181;6013.793974977328;2816.5499999999997;[264.95, 234.95, 269.95, 325.95, 292.95, 212.0, 325.95, 266.95, 296.95, 325.95];113.94999999999999;[11, 8, 10, 9, 12, 8, 12, 12, 8, 13];5;103;False
10;100;10;4;True;2000;3;0.1;0;0;0;0;0;320.66647839546204;4.853644609451294;140044.325986254;130098.46670213195;7092.938254677578;2852.9;[287.09, 287.09, 287.09, 287.09, 287.09, 287.09, 287.09, 287.09, 287.09, 269.09];18.0;[15, 15, 11, 10, 7, 12, 13, 11, 10, 7];8;111;False
10;100;10;5;True;2000;3;0.1;0;0;0;0;0;363.3462450504303;3.553563117980957;129996.42031296394;120467.93063740454;6501.286557811327;3027.1999999999994;[341.12, 295.12, 248.12, 341.12, 341.12, 293.12, 341.12, 248.12, 324.12, 254.12];93.0;[6, 17, 10, 12, 8, 10, 11, 12, 11, 10];11;107;False
10;100;10;6;True;2000;3;0.1;0;0;0;0;0;235.10017371177673;3.2579081058502197;131922.34651545505;123845.1112621768;5927.803409799073;2149.4;[214.94, 214.94, 214.94, 214.94, 214.94, 214.94, 214.94, 214.94, 214.94, 214.94];0.0;[7, 9, 10, 8, 15, 10, 10, 10, 10, 13];8;102;False
10;40;10;1;True;2000;4;0.1;0;0;0;0;0;116.25228571891785;1.1843349933624268;49193.1121712745;44947.002551802936;2525.362384927471;1720.7400000000002;[189.11, 179.11, 133.93, 152.11, 174.11, 189.11, 138.93, 186.11, 189.11, 189.11];55.18000000000001;[5, 4, 4, 2, 7, 4, 3, 4, 5, 4];5;42;False
10;40;10;2;True;2000;4;0.1;0;0;0;0;0;101.51027131080627;0.771465539932251;44480.569053269006;40197.053732399625;2655.0536388862533;1628.5000000000002;[167.45, 167.45, 167.45, 167.45, 121.45, 167.45, 167.45, 167.45, 167.45, 167.45];45.999999999999986;[4, 5, 2, 6, 3, 5, 5, 3, 3, 5];4;41;False
10;40;10;3;True;2000;4;0.1;0;0;0;0;0;151.84676671028137;1.1435551643371582;52644.925856748305;47902.32184805839;2823.855355567215;1918.7200000000003;[183.57, 120.79, 210.63, 133.79, 229.63, 124.79, 243.63, 200.63, 227.63, 243.63];122.83999999999999;[3, 4, 4, 3, 6, 4, 6, 4, 4, 8];5;46;False
10;40;10;4;True;2000;4;0.1;0;0;0;0;0;123.96038794517517;1.3536021709442139;50248.49864208951;45978.61814704319;2525.4421203426737;1744.39;[119.36, 202.67, 158.67, 150.67, 151.67, 202.67, 202.67, 188.67, 164.67, 202.67];83.30999999999999;[3, 8, 3, 2, 3, 7, 5, 3, 5, 4];6;43;False
10;40;10;5;True;2000;4;0.1;0;0;0;0;0;119.81823778152466;0.7869729995727539;43801.26784616243;39398.74733499443;2484.8060937995706;1917.7;[200.27, 200.27, 200.27, 197.27, 200.27, 200.27, 200.27, 200.27, 118.27, 200.27];82.00000000000001;[2, 7, 5, 3, 3, 4, 5, 3, 4, 5];5;41;False
10;40;10;6;True;2000;4;0.1;0;0;0;0;0;124.70833110809326;1.630573034286499;55461.41765394152;50918.26505680112;2681.451886727105;1861.7000000000003;[185.67, 178.67, 175.67, 195.67, 195.67, 190.67, 195.67, 195.67, 195.67, 152.67];43.0;[4, 5, 4, 3, 5, 5, 4, 5, 4, 6];3;45;False
10;50;10;1;True;2000;4;0.1;0;0;0;0;0;153.4314341545105;1.2413537502288818;62583.75063510821;57475.50011750633;2884.767070405951;2223.49;[229.57, 166.36, 220.57, 229.57, 229.57, 229.57, 229.57, 229.57, 229.57, 229.57];63.20999999999998;[8, 5, 4, 6, 6, 5, 5, 4, 5, 4];4;52;False
10;50;10;2;True;2000;4;0.1;0;0;0;0;0;141.76882243156433;1.264375925064087;62197.96053664741;57038.92960926263;3274.749756533199;1884.32;[204.51, 204.51, 204.51, 204.51, 204.51, 204.51, 182.51, 114.73, 155.51, 204.51];89.77999999999999;[6, 6, 3, 8, 7, 6, 5, 4, 3, 4];5;52;False
10;50;10;3;True;2000;4;0.1;0;0;0;0;0;124.67738127708435;1.931990146636963;59995.71117240557;55170.875840487;3053.5500859143517;1771.3000000000004;[176.93, 179.93, 179.93, 179.93, 179.93, 168.93, 165.93, 179.93, 179.93, 179.93];14.0;[2, 5, 7, 4, 7, 7, 4, 6, 4, 6];5;52;False
10;50;10;4;True;2000;4;0.1;0;0;0;0;0;135.47376418113708;1.1140847206115723;59455.47776205849;54645.25417847246;2918.836431582979;1891.3600000000001;[172.12, 197.12, 197.12, 192.12, 197.12, 197.12, 197.12, 197.12, 147.28, 197.12];49.84;[5, 7, 7, 4, 3, 7, 4, 6, 3, 6];4;52;False
10;50;10;5;True;2000;4;0.1;0;0;0;0;0;140.81563425064087;1.7673258781433105;62556.36363759494;57273.806742299035;3322.363076126927;1960.15;[205.47, 198.47, 203.47, 205.47, 119.92, 205.47, 205.47, 205.47, 205.47, 205.47];85.55;[3, 6, 6, 6, 4, 5, 6, 5, 6, 7];4;54;False
10;50;10;6;True;2000;4;0.1;0;0;0;0;0;118.35942244529724;1.92649507522583;65208.450784920664;60468.91945902098;3110.1561140656604;1629.4000000000003;[164.44, 164.44, 164.44, 164.44, 164.44, 164.44, 164.44, 164.44, 164.44, 149.44];15.0;[5, 3, 5, 7, 7, 4, 5, 5, 6, 7];4;54;False
10;60;10;1;True;2000;4;0.1;0;0;0;0;0;305.5921437740326;2.7684929370880127;85729.9195591219;78814.58483357533;4103.38705970187;2811.9100000000003;[231.63, 232.63, 300.63, 237.63, 355.94, 245.63, 261.63, 266.63, 272.02, 407.54];175.91000000000003;[6, 5, 7, 8, 12, 7, 6, 6, 4, 9];8;70;False
10;60;10;2;True;2000;4;0.1;0;0;0;0;0;155.33887648582458;1.7941515445709229;76193.65554670706;70316.13335806825;3909.512964990905;1968.0500000000002;[203.24, 203.24, 203.24, 203.24, 167.89, 203.24, 203.24, 203.24, 174.24, 203.24];35.35000000000002;[4, 8, 3, 9, 9, 8, 7, 5, 5, 6];6;64;False
10;60;10;3;True;2000;4;0.1;0;0;0;0;0;182.88430070877075;3.836817502975464;80765.0814306574;74340.00763695737;4195.619452266636;2229.4200000000005;[206.11, 228.11, 233.11, 233.11, 233.11, 192.43, 233.11, 214.11, 223.11, 233.11];40.68000000000001;[5, 9, 7, 8, 7, 7, 10, 6, 6, 6];5;71;False
10;60;10;4;True;2000;4;0.1;0;0;0;0;0;163.93075299263;1.3961639404296875;72914.69452665451;67319.2115876525;3499.337226223765;2096.1200000000003;[168.68, 223.16, 223.16, 223.16, 192.16, 201.16, 223.16, 223.16, 195.16, 223.16];54.47999999999999;[6, 8, 6, 6, 4, 7, 6, 6, 5, 7];4;61;False
10;60;10;5;True;2000;4;0.1;0;0;0;0;0;150.92952394485474;1.7981102466583252;73907.18359983618;68175.7236778821;3900.3030676060757;1831.2000000000003;[191.42, 156.42, 178.42, 191.42, 191.42, 191.42, 191.42, 191.42, 156.42, 191.42];35.0;[5, 7, 7, 5, 7, 10, 7, 6, 4, 7];6;65;False
10;60;10;6;True;2000;4;0.1;0;0;0;0;0;130.3308243751526;2.034062385559082;77555.06087739217;72313.53960698289;3555.3936114209673;1686.1000000000004;[168.61, 168.61, 168.61, 168.61, 168.61, 168.61, 168.61, 168.61, 168.61, 168.61];0.0;[5, 4, 7, 6, 9, 5, 6, 7, 5, 8];5;62;False
10;70;10;1;True;2000;4;0.1;0;0;0;0;0;171.43303060531616;2.8945255279541016;88632.5275353394;82327.44297870203;4317.56741305433;1987.5000000000005;[200.65, 200.65, 200.65, 200.65, 200.65, 200.65, 200.65, 200.65, 181.65, 200.65];19.0;[8, 5, 9, 8, 9, 7, 7, 5, 5, 9];4;72;False
10;70;10;2;True;2000;4;0.1;0;0;0;0;0;7537.51918554306;2.0934197902679443;38777.19061400903;36582.564613514274;1404.39996966287;790.1999999999999;[79.02, 79.02, 79.02, 79.02, 79.02, 79.02, 79.02, 79.02, 79.02, 79.02];0.0;[2, 3, 4, 4, 4, 4, 3, 1, 2];3;27;False
10;70;10;3;True;2000;4;0.1;0;0;0;0;0;223.37588357925415;2.6636407375335693;93318.4288277089;86175.8385221835;4504.378349447994;2638.23;[170.97, 250.94, 273.41, 232.94, 297.41, 219.92, 310.41, 261.41, 310.41, 310.41];139.44000000000003;[6, 10, 7, 4, 8, 6, 9, 9, 9, 9];6;77;False
10;70;10;4;True;2000;4;0.1;0;0;0;0;0;187.19879388809204;2.7237157821655273;93624.42844815999;86701.46970790124;4616.355002941285;2306.5999999999995;[258.53, 258.53, 215.3, 258.53, 258.53, 208.3, 217.53, 198.3, 174.52, 258.53];84.00999999999996;[8, 9, 8, 8, 8, 6, 5, 6, 6, 12];7;76;False
10;70;10;5;True;2000;4;0.1;0;0;0;0;0;157.75084400177002;2.290532112121582;83040.15835567216;76325.93804727348;4526.677210829713;2187.5;[218.75, 218.75, 218.75, 218.75, 218.75, 218.75, 218.75, 218.75, 218.75, 218.75];0.0;[5, 10, 7, 7, 6, 6, 9, 9, 6, 8];5;73;False
10;70;10;6;True;2000;4;0.1;0;0;0;0;0;158.51553201675415;2.174046039581299;91937.13127896971;85347.05624347263;4464.448468943897;2125.6;[216.56, 216.56, 216.56, 216.56, 216.56, 210.56, 207.56, 216.56, 216.56, 191.56];25.0;[9, 6, 9, 9, 9, 6, 6, 7, 7, 6];3;74;False
10;80;10;1;True;2000;4;0.1;0;0;0;0;0;191.35457134246826;3.6699650287628174;104611.85887984383;97069.91656781554;5183.675587568893;2358.2999999999997;[235.83, 235.83, 235.83, 235.83, 235.83, 235.83, 235.83, 235.83, 235.83, 235.83];0.0;[10, 7, 9, 7, 9, 9, 7, 7, 11, 10];4;86;False
10;80;10;2;True;2000;4;0.1;0;0;0;0;0;192.9110083580017;3.585981845855713;102773.26212189258;95047.43906230714;5414.722974703442;2311.1400000000003;[235.28, 235.28, 235.28, 235.28, 235.28, 235.28, 229.28, 199.62, 235.28, 235.28];35.66;[9, 10, 4, 12, 10, 8, 10, 9, 7, 8];8;87;False
10;80;10;3;True;2000;4;0.1;0;0;0;0;0;232.47882199287415;3.010017156600952;99844.60513495628;92178.74864900908;5015.462147733627;2650.37;[183.18, 260.91, 254.91, 279.91, 282.91, 294.91, 285.91, 222.91, 289.91, 294.91];111.73000000000002;[6, 9, 9, 6, 12, 10, 10, 7, 6, 11];6;86;False
10;80;10;4;True;2000;4;0.1;0;0;0;0;0;236.39309358596802;4.416378021240234;111147.04164179973;102673.17642558197;5959.615632505427;2514.24;[240.81, 281.81, 262.81, 281.81, 239.81, 227.28, 281.81, 239.81, 184.48, 273.81];97.33000000000001;[9, 11, 10, 11, 5, 10, 11, 8, 7, 8];6;90;False
10;80;10;5;True;2000;4;0.1;0;0;0;0;0;172.26403260231018;3.124084949493408;96584.52593418228;89464.95318268638;5091.6780974562025;2027.8999999999999;[205.79, 205.79, 205.79, 205.79, 205.79, 205.79, 205.79, 175.79, 205.79, 205.79];30.0;[9, 10, 6, 10, 9, 5, 10, 6, 9, 8];5;82;False
10;80;10;6;True;2000;4;0.1;0;0;0;0;0;197.17249131202698;2.6762843132019043;105476.68151833756;98202.35911759999;4958.949203825449;2315.399999999999;[219.14, 219.14, 247.14, 247.14, 208.14, 247.14, 247.14, 238.14, 247.14, 195.14];52.0;[5, 6, 8, 8, 10, 11, 11, 6, 10, 9];6;84;False
10;90;10;1;True;2000;4;0.1;0;0;0;0;0;229.30025815963745;4.016005277633667;118179.9917726646;110318.0070449393;5297.984512081712;2564.0000000000005;[256.9, 255.9, 256.9, 256.9, 256.9, 256.9, 252.9, 256.9, 256.9, 256.9];3.9999999999999716;[12, 7, 11, 9, 12, 8, 5, 8, 13, 9];8;94;False
10;90;10;2;True;2000;4;0.1;0;0;0;0;0;366.4101345539093;4.436534643173218;125512.41191786726;116019.5823281464;6460.394919687499;3032.4;[303.04, 415.04, 234.04, 379.04, 264.04, 306.04, 415.04, 255.04, 202.04, 259.04];213.00000000000003;[10, 12, 5, 14, 13, 12, 11, 11, 9, 7];9;104;False
10;90;10;3;True;2000;4;0.1;0;0;0;0;0;212.8361692428589;4.566710948944092;114979.55110157498;107060.24064759971;5590.19286265687;2329.1500000000005;[200.05, 239.9, 228.9, 239.9, 239.9, 220.9, 239.9, 239.9, 239.9, 239.9];39.849999999999994;[6, 10, 7, 5, 11, 11, 9, 11, 9, 15];10;94;False
10;90;10;4;True;2000;4;0.1;0;0;0;0;0;263.56457567214966;3.6527180671691895;122708.85951828677;113732.68162042866;6070.70439543211;2905.5;[301.25, 301.25, 266.25, 301.25, 263.25, 301.25, 301.25, 267.25, 301.25, 301.25];38.0;[11, 13, 7, 8, 7, 10, 11, 10, 9, 11];6;97;False
10;90;10;5;True;2000;4;0.1;0;0;0;0;0;216.87859964370728;3.972872734069824;114721.01752548851;106586.20837478152;5691.8268497271665;2443.0;[246.8, 246.8, 225.8, 246.8, 246.8, 246.8, 246.8, 246.8, 246.8, 242.8];21.0;[8, 11, 8, 11, 10, 9, 10, 13, 7, 7];6;94;False
10;90;10;6;True;2000;4;0.1;0;0;0;0;0;221.1965775489807;5.851714611053467;124191.58217676645;116243.17022219516;5552.473746052485;2395.9;[243.69, 221.69, 243.69, 243.69, 243.69, 243.69, 243.69, 243.69, 243.69, 224.69];22.0;[6, 7, 10, 8, 11, 12, 9, 10, 12, 12];6;97;False
10;100;10;1;True;2000;4;0.1;0;0;0;0;0;234.47672033309937;5.177462816238403;134022.56084817098;125368.84586485336;6230.43262342501;2423.2999999999997;[242.33, 242.33, 242.33, 242.33, 242.33, 242.33, 242.33, 242.33, 242.33, 242.33];0.0;[10, 8, 14, 7, 14, 11, 11, 10, 12, 10];7;107;False
10;100;10;2;True;2000;4;0.1;0;0;0;0;0;381.2016975879669;5.9969542026519775;140363.7504398128;129910.11676392985;7185.97558947316;3267.6800000000003;[408.92, 313.24, 263.2, 408.92, 213.2, 357.92, 262.2, 298.24, 408.92, 332.92];195.72000000000003;[12, 11, 10, 17, 11, 9, 12, 10, 9, 11];8;112;False
10;100;10;3;True;2000;4;0.1;0;0;0;0;0;266.06606364250183;4.7862708568573;129115.53693887917;120215.43343028249;6184.303567303141;2715.79;[224.5, 276.81, 276.81, 276.81, 276.81, 276.81, 276.81, 276.81, 276.81, 276.81];52.31;[8, 13, 10, 9, 13, 9, 9, 10, 10, 14];6;105;False
10;100;10;4;True;2000;4;0.1;0;0;0;0;0;370.82188963890076;6.668508768081665;139885.76515841737;129318.21738548203;7186.927119342429;3380.6600000000003;[329.57, 386.57, 343.57, 337.57, 316.57, 336.57, 386.57, 313.57, 276.53, 353.57];110.04000000000002;[12, 13, 7, 10, 10, 16, 10, 12, 11, 11];9;112;False
10;100;10;5;True;2000;4;0.1;0;0;0;0;0;229.40955758094788;3.4374349117279053;124230.84708712254;115517.50783739996;6264.5063540470455;2448.8000000000006;[244.88, 244.88, 244.88, 244.88, 244.88, 244.88, 244.88, 244.88, 244.88, 244.88];0.0;[11, 13, 12, 11, 7, 10, 9, 9, 9, 10];6;101;False
10;100;10;6;True;2000;4;0.1;0;0;0;0;0;224.46354150772095;4.008315086364746;133379.1050332142;125127.93954541904;5885.611136062588;2365.6;[236.56, 236.56, 236.56, 236.56, 236.56, 236.56, 236.56, 236.56, 236.56, 236.56];0.0;[7, 10, 10, 8, 10, 13, 11, 9, 12, 12];6;102;False
20;40;20;1;True;2000;2;0.1;0;0;0;0;0;72.09900450706482;1.718026876449585;44401.46125206296;39763.12069116761;2491.384167996217;2146.92;[132.23, 65.89, 95.23, 132.23, 132.23, 88.23, 119.23, 132.23, 112.23, 90.23, 62.87, 98.23, 132.23, 87.23, 85.23, 123.23, 70.25, 123.23, 132.23, 132.23];69.35999999999999;[4, 1, 1, 3, 2, 1, 3, 6, 3, 1, 1, 1, 3, 1, 1, 1, 4, 3, 3];5;43;False
20;40;20;2;True;2000;2;0.1;0;0;0;0;0;81.17848491668701;2.067702054977417;46933.00275423576;41813.01915178183;2894.53757861459;2225.4;[107.72, 101.72, 137.72, 137.72, 94.72, 137.72, 102.72, 97.72, 102.72, 137.72, 75.72, 137.72, 109.72, 128.72, 137.72, 86.72, 54.72, 127.72, 137.72, 70.72];83.0;[2, 3, 1, 4, 2, 2, 2, 1, 1, 4, 3, 4, 1, 2, 4, 2, 1, 1, 3, 2];3;45;False
20;40;20;3;True;2000;2;0.1;0;0;0;0;0;91.81216835975647;1.8193552494049072;44118.19735924434;39215.82331221753;2449.905660382965;2452.460000000001;[170.11, 119.11, 141.11, 147.11, 133.11, 106.11, 96.61, 116.11, 136.11, 134.11, 30.37, 128.11, 170.11, 145.11, 110.11, 108.11, 77.61, 105.11, 108.11, 170.11];139.74;[4, 2, 2, 4, 2, 1, 2, 2, 1, 1, 1, 2, 2, 2, 2, 2, 2, 2, 4, 4];3;44;False
20;40;20;4;True;2000;2;0.1;0;0;0;0;0;95.92562365531921;2.1296727657318115;45852.68027648835;40950.07525001059;2363.1058197829016;2539.489999999999;[77.62, 179.39, 104.1, 103.1, 121.1, 138.39, 104.1, 129.39, 92.1, 118.1, 81.17, 118.1, 95.1, 150.39, 179.39, 135.39, 166.39, 174.39, 139.39, 132.39];101.76999999999998;[3, 4, 1, 1, 3, 1, 1, 1, 1, 1, 2, 1, 2, 4, 4, 3, 4, 1, 2, 3];3;43;False
20;40;20;5;True;2000;2;0.1;0;0;0;0;0;57.54732894897461;1.7551825046539307;39821.69138370746;35460.2907002802;2398.0961779577774;1963.4000000000005;[104.42, 104.42, 104.42, 104.42, 70.42, 104.42, 104.42, 81.42, 104.42, 104.42, 104.42, 68.42, 93.42, 104.42, 104.42, 104.42, 85.42, 104.42, 104.42, 102.42];36.0;[4, 3, 4, 2, 2, 3, 1, 2, 3, 3, 1, 1, 2, 2, 2, 1, 1, 2, 2];3;41;False
20;40;20;6;True;2000;2;0.1;0;0;0;0;0;51.29367685317993;1.515517234802246;42698.921942597764;38595.26893404758;2315.8107973201895;1787.8000000000006;[91.94, 91.94, 91.94, 91.94, 91.94, 91.94, 91.94, 91.94, 91.94, 91.94, 63.94, 91.94, 91.94, 91.94, 91.94, 91.94, 85.94, 74.94, 91.94, 91.94];28.0;[2, 2, 1, 2, 2, 3, 2, 3, 2, 3, 3, 3, 3, 3, 3, 1, 1, 2];2;41;False
20;50;20;1;True;2000;2;0.1;0;0;0;0;0;83.02061128616333;3.476560592651367;57551.32517286374;52241.51569996821;3048.7220053763344;2261.059999999999;[129.06, 81.37, 92.37, 129.06, 129.06, 111.06, 102.06, 129.06, 116.06, 87.37, 81.37, 129.06, 129.06, 120.06, 83.37, 129.06, 95.37, 129.06, 129.06, 129.06];47.69;[4, 1, 2, 5, 4, 3, 1, 3, 4, 1, 1, 4, 4, 2, 1, 2, 1, 2, 6, 3];5;54;False
20;50;20;2;True;2000;2;0.1;0;0;0;0;0;57.15892481803894;2.76102352142334;54310.8744729749;49360.02055858551;3250.6228824475393;1700.2;[88.01, 88.01, 88.01, 88.01, 88.01, 88.01, 70.01, 88.01, 88.01, 88.01, 88.01, 88.01, 88.01, 88.01, 88.01, 88.01, 52.01, 88.01, 88.01, 82.01];36.00000000000001;[2, 5, 1, 4, 2, 5, 3, 1, 1, 2, 3, 4, 2, 2, 3, 1, 1, 4, 4, 1];4;51;False
20;50;20;3;True;2000;2;0.1;0;0;0;0;0;64.01034045219421;3.944868326187134;55082.03210927315;50067.11299388203;3039.745406672079;1975.2000000000005;[99.41, 99.41, 99.41, 99.41, 99.41, 99.41, 99.41, 99.41, 99.41, 99.41, 86.41, 99.41, 99.41, 99.41, 99.41, 99.41, 99.41, 99.41, 99.41, 99.41];13.0;[2, 3, 2, 5, 3, 3, 2, 3, 2, 3, 3, 3, 2, 2, 2, 2, 2, 3, 4, 3];3;54;False
20;50;20;4;True;2000;2;0.1;0;0;0;0;0;73.10867309570312;3.934133529663086;55482.641933239946;50675.64904495014;2793.6280637356745;2013.3000000000006;[79.98, 106.13, 90.13, 106.13, 106.13, 106.13, 89.13, 106.13, 106.13, 106.13, 61.98, 106.13, 100.13, 106.13, 106.13, 106.13, 106.13, 106.13, 106.13, 106.13];44.15;[2, 5, 1, 3, 1, 2, 1, 3, 2, 4, 2, 2, 2, 5, 2, 4, 4, 2, 3, 2];4;52;False
20;50;20;5;True;2000;2;0.1;0;0;0;0;0;99.59244084358215;2.753469467163086;55233.64976483205;49496.272506883404;3119.4278936027144;2618.0;[129.2, 162.58, 82.64, 119.2, 79.64, 152.58, 162.58, 111.64, 162.58, 115.2, 162.58, 79.64, 100.64, 162.58, 118.2, 162.58, 129.2, 132.58, 154.58, 137.58];82.94000000000001;[6, 4, 2, 2, 2, 4, 1, 4, 3, 5, 1, 2, 3, 2, 2, 2, 2, 4, 2];5;53;False
20;50;20;6;True;2000;2;0.1;0;0;0;0;0;106.90897059440613;3.310338020324707;59873.977969566986;54366.73224962901;3054.0359823485787;2453.2799999999997;[128.06, 157.06, 153.06, 165.06, 91.06, 163.06, 99.06, 127.06, 145.06, 82.06, 100.06, 113.06, 171.65, 103.06, 93.06, 56.96, 134.06, 82.06, 117.06, 171.65];114.69;[3, 2, 3, 3, 3, 5, 3, 2, 4, 3, 3, 1, 5, 2, 2, 4, 1, 1, 4];4;54;False
20;60;20;1;True;2000;2;0.1;0;0;0;0;0;120.8151204586029;4.164716720581055;67790.39075491967;61480.63793029186;3668.89996799976;2640.91;[155.79, 90.82, 118.49, 175.79, 160.79, 113.49, 102.82, 176.79, 147.49, 106.82, 90.82, 158.79, 145.49, 106.82, 95.82, 138.49, 110.82, 136.49, 156.79, 151.49];85.97;[4, 1, 4, 4, 4, 4, 1, 6, 4, 2, 2, 5, 3, 1, 1, 3, 1, 4, 5, 4];5;63;False
20;60;20;2;True;2000;2;0.1;0;0;0;0;0;81.87204432487488;4.150272607803345;67124.14448259209;61082.58671515384;3890.041183897201;2151.55;[108.72, 113.72, 113.72, 113.72, 113.72, 113.72, 113.72, 101.72, 113.72, 113.72, 113.72, 113.72, 113.72, 113.72, 113.72, 87.72, 70.87, 113.72, 113.72, 76.72];42.849999999999994;[3, 6, 2, 5, 2, 2, 4, 2, 3, 2, 3, 4, 4, 2, 2, 3, 3, 5, 4, 1];5;62;False
20;60;20;3;True;2000;2;0.1;0;0;0;0;0;89.77509212493896;5.575789213180542;65632.63441976323;59395.06258414267;3843.49510974661;2393.9999999999995;[126.07, 126.07, 126.07, 126.07, 126.07, 107.07, 117.07, 126.07, 126.07, 126.07, 81.67, 112.07, 126.07, 120.07, 121.07, 119.07, 126.07, 121.07, 108.07, 126.07];44.39999999999999;[3, 4, 3, 6, 4, 2, 2, 3, 2, 5, 3, 3, 2, 3, 3, 2, 2, 4, 5, 3];4;64;False
20;60;20;4;True;2000;2;0.1;0;0;0;0;0;101.38251233100891;4.626411199569702;70364.24295580007;63942.0882729754;3913.3156113619357;2508.7700000000004;[82.8, 136.92, 99.36, 136.92, 132.92, 136.92, 136.92, 136.92, 127.92, 136.92, 66.53, 101.36, 117.92, 136.92, 136.92, 136.92, 136.92, 136.92, 136.92, 136.92];70.38999999999999;[4, 3, 3, 4, 1, 3, 3, 3, 3, 5, 2, 2, 1, 5, 4, 4, 5, 5, 4, 2];4;66;False
20;60;20;5;True;2000;2;0.1;0;0;0;0;0;85.61078643798828;3.260798931121826;63283.075774345816;57345.76847144593;3725.985093976969;2211.399999999999;[121.87, 121.87, 121.87, 121.87, 77.87, 121.87, 121.87, 91.87, 121.87, 113.87, 121.87, 86.87, 93.87, 121.87, 121.87, 121.87, 93.87, 86.87, 121.87, 103.87];44.0;[2, 4, 5, 5, 2, 2, 3, 1, 2, 3, 5, 2, 2, 3, 3, 4, 5, 1, 4, 3];4;61;False
20;60;20;6;True;2000;2;0.1;0;0;0;0;0;88.9069893360138;3.0322744846343994;68876.97288539507;63079.702492545;3357.9251239644045;2439.3999999999996;[130.57, 130.57, 130.57, 130.57, 109.57, 130.57, 130.57, 130.57, 130.57, 99.57, 94.57, 130.57, 130.57, 101.57, 126.57, 94.57, 127.57, 118.57, 130.57, 130.57];36.0;[2, 2, 3, 5, 4, 6, 4, 4, 4, 2, 1, 1, 4, 2, 4, 3, 3, 2, 2, 3];5;61;False
20;70;20;1;True;2000;2;0.1;0;0;0;0;0;109.94711208343506;7.449202299118042;84350.3693834349;77489.71795338187;4410.1130802534835;2450.480000000001;[133.44, 126.44, 103.44, 133.44, 133.44, 133.44, 95.44, 133.44, 133.44, 118.44, 84.12, 133.44, 133.44, 116.44, 116.44, 133.44, 88.44, 133.44, 133.44, 133.44];49.31999999999999;[5, 4, 3, 6, 3, 3, 1, 8, 5, 4, 3, 4, 4, 2, 1, 3, 3, 3, 6, 5];7;76;False
20;70;20;2;True;2000;2;0.1;0;0;0;0;0;171.1414496898651;5.4987952709198;82846.56219393268;75438.02727931587;4524.087508137265;2884.439999999999;[122.95, 219.95, 166.95, 109.95, 156.95, 172.95, 154.95, 115.95, 105.95, 160.95, 107.95, 219.95, 91.95, 148.95, 175.95, 94.95, 92.39, 148.95, 181.95, 133.95];127.99999999999999;[1, 9, 1, 6, 4, 3, 4, 2, 2, 3, 7, 8, 3, 3, 4, 2, 3, 3, 5, 3];8;76;False
20;70;20;3;True;2000;2;0.1;0;0;0;0;0;108.08793568611145;4.275226831436157;74096.62941788862;67426.34999305985;4205.78948306666;2464.4500000000003;[136.96, 136.96, 136.96, 136.96, 136.96, 100.96, 119.96, 136.96, 136.96, 136.96, 63.21, 103.96, 136.96, 127.96, 107.96, 136.96, 110.96, 136.96, 85.96, 136.96];73.75;[4, 6, 2, 5, 4, 2, 3, 4, 2, 4, 3, 3, 3, 2, 3, 4, 3, 5, 5, 5];4;72;False
20;70;20;4;True;2000;2;0.1;0;0;0;0;0;151.9725022315979;5.876760482788086;82421.78158938937;74807.84383515478;4616.57808011734;2997.4100000000008;[100.09, 195.28, 118.28, 173.28, 140.28, 148.28, 158.28, 116.28, 148.28, 139.28, 131.28, 139.28, 113.28, 174.28, 161.28, 151.28, 144.28, 195.28, 195.28, 154.28];95.19;[4, 7, 2, 5, 2, 1, 2, 5, 4, 3, 2, 2, 1, 6, 2, 3, 4, 5, 8, 6];7;74;False
20;70;20;5;True;2000;2;0.1;0;0;0;0;0;95.76879739761353;4.123321294784546;74785.35381816495;68197.4030088274;4292.404563271426;2295.54;[120.05, 120.05, 120.05, 120.05, 82.05, 120.05, 120.05, 75.59, 120.05, 120.05, 120.05, 120.05, 114.05, 120.05, 115.05, 120.05, 120.05, 108.05, 120.05, 120.05];44.459999999999994;[3, 4, 6, 3, 2, 2, 5, 3, 4, 3, 3, 3, 1, 3, 5, 6, 4, 2, 4, 4];5;70;True
20;70;20;6;True;2000;2;0.1;0;0;0;0;0;166.21700644493103;5.524580478668213;90421.43913932354;82612.6706773231;4836.387259229817;2972.4000000000005;[214.42, 171.42, 161.42, 160.42, 145.42, 161.42, 118.42, 214.42, 214.42, 118.42, 95.42, 150.42, 151.42, 124.42, 118.42, 107.42, 159.42, 90.42, 137.42, 157.42];123.99999999999999;[7, 4, 4, 3, 6, 7, 2, 7, 5, 2, 2, 1, 4, 2, 4, 3, 5, 4, 3, 3];6;78;False
20;80;20;1;True;2000;2;0.1;0;0;0;0;0;109.19112086296082;7.264174222946167;92620.97686902292;85517.42231360913;4741.3549473742205;2362.2000000000007;[119.26, 113.26, 119.26, 119.26, 119.26, 119.26, 116.26, 119.26, 119.26, 119.26, 119.26, 119.26, 119.26, 119.26, 119.26, 119.26, 105.26, 119.26, 119.26, 119.26];14.0;[7, 3, 5, 7, 4, 5, 2, 6, 5, 2, 2, 5, 6, 1, 2, 3, 2, 4, 6, 5];6;82;False
20;80;20;2;True;2000;2;0.1;0;0;0;0;0;176.93635630607605;7.313558578491211;100004.58440247554;91392.45761880012;5757.618435159985;2854.46;[145.76, 184.76, 180.76, 134.76, 111.76, 171.76, 131.76, 121.76, 147.76, 148.76, 104.76, 191.76, 106.76, 163.76, 191.76, 89.76, 73.02, 174.76, 191.76, 86.76];118.74;[4, 6, 4, 5, 7, 5, 3, 3, 4, 3, 6, 8, 3, 4, 5, 2, 3, 6, 7, 2];6;90;False
20;80;20;3;True;2000;2;0.1;0;0;0;0;0;101.54062080383301;9.111534118652344;92760.61139672005;85300.79807269906;5301.869194117559;2157.890000000001;[109.69, 109.69, 109.69, 109.69, 109.69, 73.78, 109.69, 109.69, 109.69, 109.69, 109.69, 109.69, 109.69, 109.69, 109.69, 109.69, 109.69, 109.69, 109.69, 109.69];35.91;[3, 4, 4, 5, 5, 3, 4, 5, 4, 4, 6, 6, 5, 4, 3, 6, 3, 5, 5, 3];3;87;False
20;80;20;4;True;2000;2;0.1;0;0;0;0;0;124.8951678276062;7.1225221157073975;93518.03281139636;85530.0636311353;5254.678092537632;2733.3700000000013;[106.86, 144.86, 114.86, 144.86, 144.86, 144.86, 144.86, 112.86, 144.86, 144.86, 85.03, 140.86, 144.86, 144.86, 144.86, 144.86, 144.86, 144.86, 144.86, 144.86];59.83000000000001;[4, 4, 4, 6, 2, 4, 4, 5, 5, 5, 2, 3, 2, 5, 4, 5, 4, 4, 5, 6];4;83;False
20;80;20;5;True;2000;2;0.1;0;0;0;0;0;129.0119662284851;6.056957006454468;92801.63894657113;84834.20643559593;5198.7776555158325;2768.74;[145.75, 145.75, 145.75, 136.75, 117.75, 145.75, 145.75, 100.62, 145.75, 145.75, 145.75, 99.62, 131.75, 145.75, 144.75, 145.75, 145.75, 142.75, 145.75, 145.75];46.129999999999995;[3, 6, 7, 4, 3, 4, 4, 3, 4, 6, 5, 3, 2, 2, 4, 7, 5, 4, 5, 4];5;85;False
20;80;20;6;True;2000;2;0.1;0;0;0;0;0;165.34573221206665;4.8437817096710205;96890.70776924532;88783.68257354587;4952.457465562308;3154.6000000000004;[165.63, 163.63, 199.54, 175.63, 163.63, 168.63, 149.0, 167.63, 166.63, 146.0, 85.56, 153.0, 178.63, 177.63, 100.56, 109.0, 187.63, 87.56, 204.54, 204.54];118.97999999999999;[4, 3, 6, 4, 8, 7, 5, 4, 4, 1, 3, 2, 3, 2, 4, 5, 5, 3, 5, 6];7;84;False
20;90;20;1;True;2000;2;0.1;0;0;0;0;0;128.7385003566742;8.460501432418823;103675.33085027097;95790.55453334562;5203.897708055393;2680.7999999999997;[134.04, 134.04, 134.04, 134.04, 134.04, 134.04, 134.04, 134.04, 134.04, 134.04, 134.04, 134.04, 134.04, 134.04, 134.04, 134.04, 134.04, 134.04, 134.04, 134.04];0.0;[6, 3, 5, 6, 7, 6, 4, 8, 5, 5, 3, 3, 6, 3, 2, 6, 2, 3, 5, 4];6;92;False
20;90;20;2;True;2000;2;0.1;0;0;0;0;0;111.16925859451294;7.7214131355285645;101800.48151843656;93857.76424476955;5776.572136427906;2166.2000000000003;[111.01, 111.01, 111.01, 111.01, 111.01, 111.01, 111.01, 111.01, 111.01, 111.01, 105.01, 111.01, 111.01, 111.01, 108.01, 88.01, 89.01, 111.01, 111.01, 111.01];23.0;[2, 6, 4, 4, 5, 4, 4, 3, 3, 5, 6, 7, 6, 4, 6, 2, 5, 7, 5, 3];5;91;False
20;90;20;3;True;2000;2;0.1;0;0;0;0;0;119.84827089309692;6.872678518295288;98278.55524374405;90426.84817673187;5495.30849007275;2356.3200000000006;[121.92, 121.92, 121.92, 121.92, 121.92, 75.03, 121.92, 121.92, 121.92, 121.92, 96.73, 111.92, 121.92, 121.92, 121.92, 121.92, 121.92, 121.92, 121.92, 121.92];46.89;[4, 7, 4, 5, 5, 3, 4, 5, 3, 8, 4, 4, 3, 5, 4, 3, 4, 5, 7, 3];5;90;True
20;90;20;4;True;2000;2;0.1;0;0;0;0;0;122.56740021705627;10.565401315689087;110381.26780688968;102061.94476987618;5939.644412508607;2379.620000000001;[119.94, 119.94, 117.94, 119.94, 119.94, 119.94, 119.94, 119.94, 119.94, 119.94, 102.76, 119.94, 119.94, 119.94, 119.94, 119.94, 119.94, 119.94, 119.94, 119.94];17.179999999999993;[4, 8, 5, 4, 2, 4, 4, 4, 4, 4, 3, 7, 6, 7, 4, 6, 5, 4, 6, 5];6;96;False
20;90;20;5;True;2000;2;0.1;0;0;0;0;0;155.39863538742065;7.384728193283081;104631.86570866514;96003.16683452926;5515.7397064235865;3112.8900000000003;[162.82, 162.82, 162.82, 141.82, 162.82, 162.82, 162.82, 162.82, 162.82, 139.82, 162.82, 115.31, 162.82, 162.82, 155.82, 162.82, 149.82, 162.82, 162.82, 130.82];47.50999999999999;[3, 7, 7, 3, 3, 5, 5, 3, 4, 5, 4, 4, 3, 4, 5, 9, 5, 5, 5, 4];6;93;False
20;90;20;6;True;2000;2;0.1;0;0;0;0;0;112.13621759414673;10.269278049468994;108701.07976281022;101121.76564371398;5337.381573460006;2242.000000000001;[114.15, 114.15, 114.15, 114.15, 114.15, 114.15, 114.15, 114.15, 114.15, 96.15, 107.15, 114.15, 114.15, 114.15, 113.15, 99.15, 114.15, 114.15, 114.15, 114.15];18.0;[5, 5, 6, 6, 5, 8, 5, 4, 6, 3, 4, 1, 4, 3, 6, 5, 6, 3, 4, 5];7;94;False
20;100;20;1;True;2000;2;0.1;0;0;0;0;0;206.83119177818298;10.288973569869995;123695.04486668647;114138.76065126143;5967.804006986833;3588.4399999999987;[196.35, 144.83, 170.35, 196.35, 196.35, 176.35, 151.83, 196.35, 196.35, 131.85, 135.85, 184.35, 196.35, 192.35, 159.83, 196.35, 177.35, 196.35, 196.35, 196.35];64.5;[6, 4, 5, 7, 7, 7, 5, 8, 6, 4, 3, 4, 7, 4, 2, 6, 3, 6, 7, 6];6;107;False
20;100;20;2;True;2000;2;0.1;0;0;0;0;0;118.98510646820068;8.89251971244812;116170.85908888014;107560.00724124756;6490.495840502304;2120.4;[108.77, 108.77, 108.77, 108.77, 108.77, 108.77, 108.77, 108.77, 108.77, 108.77, 108.77, 108.77, 108.77, 108.77, 108.77, 108.77, 87.77, 96.77, 108.77, 86.77];22.0;[3, 7, 3, 6, 4, 6, 6, 4, 4, 6, 6, 7, 6, 4, 5, 5, 4, 7, 5, 3];4;101;False
20;100;20;3;True;2000;2;0.1;0;0;0;0;0;169.4609296321869;9.152090072631836;123313.92684253007;114031.10919839834;6285.521951313611;2997.2900000000004;[159.09, 159.09, 155.09, 159.09, 159.09, 95.89, 159.09, 159.09, 159.09, 159.09, 130.32, 159.09, 159.09, 154.09, 133.32, 159.09, 143.09, 150.09, 126.32, 159.09];63.2;[5, 6, 3, 6, 7, 5, 5, 9, 3, 4, 5, 5, 7, 4, 6, 5, 3, 5, 8, 6];6;107;False
20;100;20;4;True;2000;2;0.1;0;0;0;0;0;148.42740774154663;10.631468772888184;118356.2432299408;109278.9249409527;6416.714406477492;2660.5200000000004;[110.66, 134.94, 120.94, 134.94, 134.94, 134.94, 134.94, 134.94, 134.94, 134.94, 134.94, 134.94, 134.94, 134.94, 134.94, 134.94, 134.94, 134.94, 134.94, 134.94];24.28;[4, 7, 7, 7, 2, 6, 7, 5, 4, 4, 3, 4, 4, 5, 5, 6, 5, 5, 6, 7];5;103;False
20;100;20;5;True;2000;2;0.1;0;0;0;0;0;375.3269512653351;7.432354927062988;126899.69435618764;116583.82163776616;6415.741837773181;3900.099999999999;[159.1, 232.1, 161.1, 209.1, 114.4, 230.1, 196.1, 119.1, 201.1, 131.1, 380.1, 104.9, 129.1, 353.1, 168.1, 380.1, 150.1, 118.1, 187.1, 176.1];275.20000000000005;[3, 8, 9, 3, 4, 6, 8, 3, 4, 4, 6, 4, 3, 5, 5, 11, 5, 6, 8, 5];8;110;False
20;100;20;6;True;2000;2;0.1;0;0;0;0;0;197.2044620513916;8.316226959228516;123039.58430646283;113523.50439127265;6069.1024591609075;3446.9999999999986;[198.6, 172.6, 198.6, 196.6, 152.6, 175.6, 176.6, 188.6, 196.6, 197.6, 162.6, 165.6, 198.6, 140.6, 140.6, 158.6, 162.6, 154.6, 145.6, 163.6];58.0;[6, 4, 5, 5, 7, 7, 5, 5, 9, 2, 5, 2, 5, 4, 7, 5, 8, 3, 4, 5];7;103;False
20;60;20;1;True;2000;3;0.1;0;0;0;0;0;87.93620014190674;7.449871301651001;72185.48111810401;65958.8508184504;3938.885965184676;2287.8200000000006;[122.39, 104.39, 110.39, 122.39, 122.39, 122.39, 122.39, 122.39, 122.39, 102.39, 81.41, 122.39, 122.39, 117.39, 88.39, 122.39, 92.39, 122.39, 122.39, 122.39];40.980000000000004;[5, 2, 3, 5, 2, 4, 2, 6, 4, 3, 1, 3, 3, 2, 6, 2, 4, 5, 4];5;66;False
20;60;20;2;True;2000;3;0.1;0;0;0;0;0;165.01793265342712;6.549932479858398;78013.42375468822;70771.87682129868;4435.498533765526;2806.08;[121.01, 216.01, 230.01, 157.01, 125.01, 163.01, 132.01, 112.01, 102.01, 171.01, 121.01, 230.01, 106.01, 140.01, 148.01, 129.01, 67.89, 137.01, 128.01, 70.01];162.12;[3, 9, 3, 5, 3, 4, 2, 2, 1, 4, 5, 7, 4, 2, 2, 3, 3, 4, 3, 1];8;70;False
20;60;20;3;True;2000;3;0.1;0;0;0;0;0;82.7389395236969;3.183832883834839;62201.861241460014;56226.42945438047;3802.8227097015856;2172.5499999999997;[113.78, 113.78, 113.78, 113.78, 113.78, 85.18, 113.78, 113.78, 113.78, 113.78, 45.33, 113.78, 113.78, 113.78, 108.78, 113.78, 113.78, 113.78, 112.78, 113.78];68.45;[3, 5, 2, 4, 3, 3, 3, 2, 2, 3, 3, 3, 2, 4, 1, 5, 2, 5, 4, 4];4;63;False
20;60;20;4;True;2000;3;0.1;0;0;0;0;0;76.01502537727356;5.57291579246521;69930.1882631914;64249.202094877124;3692.0182942659453;1989.039999999999;[76.76, 101.12, 101.12, 101.12, 101.12, 101.12, 97.12, 101.12, 101.12, 101.12, 97.12, 100.12, 101.12, 101.12, 101.12, 101.12, 101.12, 101.12, 101.12, 101.12];24.36;[3, 5, 4, 3, 2, 2, 2, 4, 3, 1, 2, 2, 3, 4, 3, 3, 4, 6, 5, 2];5;63;False
20;60;20;5;True;2000;3;0.1;0;0;0;0;0;70.62769222259521;2.798996686935425;61490.21619105434;55889.82728796768;3654.593921774079;1945.76;[100.75, 100.75, 100.75, 100.75, 69.51, 100.75, 100.75, 91.75, 100.75, 100.75, 100.75, 80.75, 91.75, 100.75, 100.75, 100.75, 100.75, 100.75, 100.75, 100.75];31.239999999999995;[2, 3, 4, 4, 3, 2, 4, 2, 2, 5, 4, 1, 2, 3, 5, 4, 2, 2, 4, 3];4;61;False
20;60;20;6;True;2000;3;0.1;0;0;0;0;0;71.3736937046051;7.9447550773620605;71960.97726082722;66765.35377497309;3365.177653308578;1830.4500000000007;[96.13, 96.13, 96.13, 96.13, 96.13, 96.13, 96.13, 96.13, 96.13, 78.13, 84.13, 96.13, 96.13, 96.13, 96.13, 60.98, 96.13, 69.13, 96.13, 96.13];35.15;[3, 2, 3, 3, 4, 5, 3, 4, 6, 3, 1, 1, 4, 4, 4, 2, 4, 2, 2, 3];5;63;False
20;70;20;1;True;2000;3;0.1;0;0;0;0;0;126.06138730049133;8.294481992721558;85030.07676640069;77746.65155312362;4460.670821522348;2822.849999999999;[155.37, 106.37, 155.37, 155.37, 155.37, 155.37, 155.37, 155.37, 153.37, 130.37, 114.37, 155.37, 155.37, 155.37, 149.37, 144.37, 54.82, 117.37, 147.37, 151.37];100.55000000000001;[5, 2, 3, 3, 4, 5, 3, 6, 6, 3, 3, 4, 6, 3, 2, 2, 2, 3, 5, 4];4;74;False
20;70;20;2;True;2000;3;0.1;0;0;0;0;0;104.88862442970276;5.050968408584595;78533.58890044292;71992.66445552101;4229.12780894391;2311.7499999999995;[125.47, 129.47, 129.47, 129.47, 118.47, 129.47, 129.47, 113.47, 107.47, 129.47, 82.47, 129.47, 94.47, 129.47, 129.47, 81.47, 71.82, 129.47, 129.47, 92.47];57.650000000000006;[3, 3, 2, 5, 3, 7, 6, 3, 3, 4, 4, 5, 3, 4, 2, 2, 3, 4, 4, 2];5;72;False
20;70;20;3;True;2000;3;0.1;0;0;0;0;0;88.18421792984009;9.404303073883057;78580.94081129611;72333.31687807148;4311.264015071233;1936.4100000000005;[101.21, 101.21, 101.21, 101.21, 101.21, 50.46, 101.21, 101.21, 101.21, 101.21, 74.17, 101.21, 101.21, 101.21, 101.21, 101.21, 101.21, 101.21, 91.21, 101.21];50.74999999999999;[4, 5, 2, 7, 3, 3, 3, 4, 2, 4, 3, 3, 3, 4, 3, 3, 4, 5, 4, 5];5;74;False
20;70;20;4;True;2000;3;0.1;0;0;0;0;0;131.7576186656952;7.736099004745483;85852.8081055856;78536.65769576617;4509.693042633217;2806.5499999999997;[98.93, 168.93, 109.93, 133.93, 153.93, 159.93, 97.88, 117.93, 125.93, 168.93, 110.93, 168.93, 129.93, 168.93, 168.93, 133.93, 135.93, 168.93, 143.93, 139.93];71.05000000000001;[4, 6, 3, 3, 2, 3, 2, 4, 2, 4, 2, 6, 2, 6, 4, 3, 5, 4, 5, 4];4;74;False
20;70;20;5;True;2000;3;0.1;0;0;0;0;0;143.47609519958496;6.957363843917847;84090.2605168461;76637.67680389938;4604.112333147991;2848.4199999999996;[132.79, 152.79, 180.79, 152.79, 107.79, 149.79, 180.79, 78.1, 166.79, 131.79, 180.79, 118.79, 91.1, 180.79, 128.79, 162.79, 112.79, 130.79, 163.79, 143.79];102.69;[1, 5, 9, 4, 2, 3, 6, 2, 5, 3, 5, 2, 3, 4, 5, 5, 4, 2, 4, 3];8;77;False
20;70;20;6;True;2000;3;0.1;0;0;0;0;0;142.59731364250183;6.260481119155884;89927.8556612659;82698.37950469372;4438.010719409573;2791.5;[128.24, 157.11, 143.11, 180.11, 105.24, 122.24, 124.24, 183.11, 173.11, 122.24, 87.24, 118.24, 183.11, 149.11, 115.24, 125.24, 153.11, 102.24, 136.11, 183.11];95.87000000000002;[2, 3, 4, 6, 4, 6, 3, 5, 4, 5, 1, 1, 5, 2, 4, 3, 6, 3, 2, 6];5;75;False
20;80;20;1;True;2000;3;0.1;0;0;0;0;0;149.3643388748169;6.884414196014404;93760.35533938064;86291.2813759413;4736.712372670934;2732.299999999999;[177.12, 99.12, 101.12, 177.12, 177.12, 130.12, 143.12, 135.12, 155.12, 119.12, 58.02, 105.12, 177.12, 127.12, 81.12, 167.12, 122.12, 141.12, 162.12, 177.12];119.1;[9, 3, 4, 5, 5, 5, 3, 5, 4, 3, 2, 4, 7, 2, 2, 3, 2, 5, 5, 5];7;83;False
20;80;20;2;True;2000;3;0.1;0;0;0;0;0;121.20517206192017;8.666269063949585;94848.68965334915;87398.83234020529;5006.448907500063;2443.3999999999987;[113.62, 131.62, 131.62, 131.62, 131.62, 131.62, 116.62, 104.62, 131.62, 131.62, 90.62, 131.62, 110.62, 131.62, 131.62, 131.62, 113.62, 131.62, 131.62, 82.62];49.0;[3, 8, 3, 3, 4, 5, 6, 3, 2, 4, 3, 6, 5, 2, 6, 3, 3, 6, 4, 3];6;82;False
20;80;20;3;True;2000;3;0.1;0;0;0;0;0;176.05800795555115;7.544037818908691;92904.414913896;85027.96086156876;5026.64424064028;2849.8000000000006;[151.59, 152.59, 129.59, 209.59, 135.59, 76.59, 129.59, 209.59, 173.59, 152.59, 94.59, 125.59, 167.59, 140.59, 92.59, 143.59, 135.59, 159.59, 108.59, 160.59];133.0;[3, 4, 4, 8, 5, 4, 4, 4, 3, 6, 5, 3, 3, 3, 3, 3, 3, 5, 6, 5];5;84;False
20;80;20;4;True;2000;3;0.1;0;0;0;0;0;88.76020050048828;6.624075174331665;90928.49471684427;83957.31205704181;5071.141518283886;1899.9999999999993;[95.05, 95.05, 95.05, 95.05, 95.05, 94.05, 95.05, 95.05, 95.05, 95.05, 95.05, 95.05, 95.05, 95.05, 95.05, 95.05, 95.05, 95.05, 95.05, 95.05];1.0;[3, 6, 4, 6, 3, 3, 2, 5, 2, 3, 4, 3, 2, 7, 4, 6, 5, 3, 4, 5];5;80;True
20;80;20;5;True;2000;3;0.1;0;0;0;0;0;95.43525075912476;9.107447862625122;92849.26128728586;85806.11268441682;5009.455737941485;2033.6000000000008;[102.38, 102.38, 102.38, 102.38, 88.38, 102.38, 102.38, 102.38, 102.38, 102.38, 102.38, 102.38, 102.38, 102.38, 102.38, 102.38, 102.38, 102.38, 102.38, 102.38];14.0;[2, 6, 7, 4, 4, 4, 3, 3, 2, 7, 8, 2, 3, 3, 4, 5, 4, 3, 5, 4];6;83;False
20;80;20;6;True;2000;3;0.1;0;0;0;0;0;118.19137763977051;5.439175844192505;95601.49658771683;88201.67801480753;4801.647119640706;2598.1400000000003;[139.46, 139.46, 139.46, 139.46, 128.46, 139.46, 139.46, 139.46, 139.46, 115.46, 86.4, 139.46, 139.46, 130.46, 119.46, 94.46, 139.46, 110.46, 139.46, 139.46];53.06;[5, 4, 6, 4, 5, 6, 7, 4, 5, 3, 1, 1, 5, 2, 3, 5, 4, 3, 4, 5];6;82;False
20;90;20;1;True;2000;3;0.1;0;0;0;0;0;141.88407707214355;9.855921983718872;109012.11667891401;100955.93272383887;5377.452991693706;2678.8;[149.09, 94.09, 113.09, 149.09, 140.09, 129.09, 135.09, 149.09, 149.09, 107.09, 102.09, 149.09, 149.09, 149.09, 117.09, 149.09, 101.09, 149.09, 149.09, 149.09];55.0;[7, 4, 4, 7, 5, 5, 2, 7, 6, 3, 3, 5, 5, 4, 2, 6, 2, 4, 7, 5];5;93;False
20;90;20;2;True;2000;3;0.1;0;0;0;0;0;254.79664301872253;11.407653570175171;120254.292858616;110479.57691000719;6544.314895615054;3230.3599999999988;[129.85, 173.85, 186.85, 147.85, 163.85, 270.97, 122.85, 125.85, 146.85, 160.85, 97.85, 270.97, 99.85, 143.85, 202.85, 140.85, 98.85, 172.85, 188.85, 183.97];173.12000000000003;[3, 6, 4, 4, 4, 5, 4, 4, 3, 4, 5, 10, 5, 4, 8, 5, 5, 8, 6, 6];7;103;False
20;90;20;3;True;2000;3;0.1;0;0;0;0;0;155.40047764778137;7.716367483139038;101842.25193720503;93394.96280063617;5534.098746186603;2913.1299999999997;[163.43, 170.43, 132.43, 163.43, 168.43, 69.96, 146.43, 161.43, 170.43, 170.43, 103.43, 128.43, 164.43, 170.43, 127.43, 166.43, 113.43, 170.43, 81.43, 170.43];100.47000000000001;[4, 6, 3, 6, 6, 4, 6, 5, 4, 5, 5, 4, 3, 4, 4, 6, 4, 5, 5, 3];3;92;False
20;90;20;4;True;2000;3;0.1;0;0;0;0;0;154.53718042373657;8.352811098098755;109411.77066545418;100582.38214191115;5815.037468979232;3014.350000000001;[110.25, 163.9, 127.9, 163.9, 137.9, 163.9, 150.9, 134.9, 129.9, 163.9, 138.9, 163.9, 162.9, 163.9, 163.9, 163.9, 154.9, 163.9, 163.9, 126.9];53.650000000000006;[4, 7, 5, 4, 3, 5, 6, 3, 3, 4, 4, 4, 4, 5, 4, 5, 6, 6, 5, 7];4;94;False
20;90;20;5;True;2000;3;0.1;0;0;0;0;0;127.09478402137756;7.258083820343018;105863.5870017678;97718.04605254788;5608.791403526734;2536.7999999999997;[131.29, 131.29, 131.29, 131.29, 115.29, 131.29, 131.29, 107.29, 131.29, 131.29, 131.29, 113.29, 131.29, 131.29, 131.29, 131.29, 131.29, 108.29, 131.29, 123.29];23.999999999999986;[4, 6, 8, 3, 5, 5, 5, 2, 4, 5, 4, 4, 6, 4, 4, 7, 4, 3, 7, 4];6;94;False
20;90;20;6;True;2000;3;0.1;0;0;0;0;0;173.7091817855835;6.803066968917847;112921.11038941228;104639.41432002468;5388.521667506914;2893.22;[180.75, 155.75, 180.75, 180.75, 144.27, 170.75, 180.75, 179.75, 166.75, 95.54, 103.27, 156.75, 142.27, 103.27, 116.27, 87.54, 148.75, 103.27, 139.27, 156.75];93.21;[7, 4, 6, 6, 7, 7, 7, 3, 4, 2, 3, 1, 4, 3, 6, 4, 4, 5, 4, 8];7;95;False
20;100;20;1;True;2000;3;0.1;0;0;0;0;0;139.30883383750916;9.224093914031982;119966.92231822619;111580.40819088115;5832.031694391;2554.41;[128.04, 124.04, 128.04, 128.04, 128.04, 128.04, 127.04, 128.04, 128.04, 128.04, 127.65, 128.04, 128.04, 128.04, 127.04, 128.04, 128.04, 128.04, 128.04, 128.04];3.999999999999986;[8, 5, 5, 6, 5, 5, 4, 8, 5, 4, 3, 6, 5, 3, 2, 5, 3, 6, 8, 6];6;102;False
20;100;20;2;True;2000;3;0.1;0;0;0;0;0;175.23261404037476;11.383357763290405;123725.96008771686;114023.24427806036;6783.99044198396;2918.6899999999996;[152.83, 165.83, 165.83, 133.83, 150.83, 165.83, 146.83, 137.83, 127.83, 165.83, 118.83, 165.83, 132.83, 165.83, 165.83, 153.83, 81.92, 165.83, 151.83, 102.83];83.91000000000001;[3, 11, 3, 5, 4, 8, 6, 5, 4, 4, 6, 8, 7, 4, 6, 4, 4, 5, 4, 4];8;105;False
20;100;20;3;True;2000;3;0.1;0;0;0;0;0;150.31560397148132;16.305134296417236;123565.58162465409;114777.79399038773;6225.376520134116;2562.4200000000005;[136.3, 136.3, 136.3, 136.3, 136.3, 70.85, 136.3, 136.3, 136.3, 136.3, 110.3, 100.17, 136.3, 136.3, 126.3, 136.3, 136.3, 136.3, 110.3, 136.3];65.45000000000002;[5, 8, 7, 4, 6, 5, 4, 5, 5, 6, 4, 7, 4, 4, 5, 6, 4, 6, 5, 6];4;106;False
20;100;20;4;True;2000;3;0.1;0;0;0;0;0;148.07718920707703;12.09433913230896;119405.34288848296;110402.23817620697;6345.085032694525;2657.9299999999994;[103.25, 138.72, 138.72, 138.72, 138.72, 138.72, 138.72, 107.72, 125.72, 138.72, 127.72, 138.72, 118.72, 138.72, 138.72, 138.72, 138.72, 138.72, 138.72, 132.72];35.47;[6, 8, 4, 7, 3, 4, 3, 3, 6, 7, 3, 4, 5, 6, 5, 5, 6, 7, 6, 6];5;104;False
20;100;20;5;True;2000;3;0.1;0;0;0;0;0;133.34419751167297;6.770592927932739;115170.36441945194;106724.21714462618;5950.324855953837;2495.9;[128.93, 128.93, 128.93, 128.93, 110.93, 128.93, 128.93, 99.93, 128.93, 128.93, 128.93, 93.23, 128.93, 128.93, 128.93, 128.93, 128.93, 128.93, 128.93, 128.93];35.7;[2, 6, 8, 4, 4, 5, 5, 3, 6, 6, 5, 4, 5, 5, 6, 5, 7, 3, 7, 4];6;100;True
20;100;20;6;True;2000;3;0.1;0;0;0;0;0;137.04407787322998;9.73393702507019;122950.0429826386;114579.99387931573;5834.980523669819;2534.999999999999;[128.35, 128.35, 128.35, 128.35, 128.35, 128.35, 128.35, 128.35, 128.35, 128.35, 105.35, 128.35, 128.35, 128.35, 128.35, 119.35, 128.35, 128.35, 128.35, 128.35];23.0;[6, 5, 5, 4, 8, 4, 7, 5, 4, 5, 2, 3, 6, 5, 5, 6, 4, 5, 4, 9];7;102;False
20;80;20;1;True;2000;4;0.1;0;0;0;0;0;121.35307955741882;7.2928619384765625;92990.10549012574;85793.42547214389;4667.682021166296;2529.000000000001;[135.65, 84.65, 131.65, 135.65, 133.65, 134.65, 122.65, 135.65, 135.65, 123.65, 87.65, 135.65, 135.65, 133.65, 118.65, 135.65, 108.65, 135.65, 135.65, 128.65];51.0;[7, 3, 4, 5, 3, 4, 3, 9, 4, 4, 3, 5, 5, 3, 1, 6, 2, 4, 3, 5];8;83;False
20;80;20;2;True;2000;4;0.1;0;0;0;0;0;104.03582072257996;15.023776054382324;94366.49858825558;87187.9441675218;5021.7938144103255;2156.800000000001;[110.89, 110.89, 110.89, 110.89, 110.89, 110.89, 105.89, 101.89, 110.89, 110.89, 99.89, 110.89, 110.89, 110.89, 110.89, 85.89, 99.89, 110.89, 110.89, 110.89];25.0;[4, 6, 2, 5, 4, 3, 2, 2, 2, 5, 4, 7, 6, 4, 5, 2, 4, 6, 6, 4];5;83;False
20;80;20;3;True;2000;4;0.1;0;0;0;0;0;116.53134274482727;11.96907377243042;91347.09067986466;83654.46288262423;5236.14384291236;2456.4500000000003;[128.68, 128.68, 128.68, 128.68, 128.68, 64.53, 128.68, 128.68, 128.68, 128.68, 128.68, 128.68, 128.68, 128.68, 95.68, 117.68, 128.68, 128.68, 119.68, 128.68];64.15;[4, 5, 5, 4, 5, 3, 4, 4, 4, 4, 5, 5, 3, 5, 3, 6, 3, 5, 3, 5];3;85;False
20;80;20;4;True;2000;4;0.1;0;0;0;0;0;110.8186764717102;8.742040395736694;94415.78187928713;86675.54477393196;5237.497423063139;2502.7100000000005;[94.1, 128.19, 123.19, 128.19, 128.19, 128.19, 123.19, 111.19, 128.19, 128.19, 128.19, 128.19, 128.19, 128.19, 128.19, 128.19, 128.19, 128.19, 128.19, 128.19];34.09;[5, 7, 3, 2, 3, 4, 3, 3, 3, 3, 4, 4, 1, 6, 4, 7, 5, 6, 5, 4];6;82;False
20;80;20;5;True;2000;4;0.1;0;0;0;0;0;113.14204096794128;13.861515998840332;94566.6710128416;87147.95661503132;5055.13152015304;2363.62;[124.52, 124.52, 124.52, 124.52, 72.98, 124.52, 124.52, 95.52, 124.52, 124.52, 124.52, 78.28, 124.52, 124.52, 124.52, 124.52, 124.52, 124.52, 124.52, 124.52];51.53999999999999;[3, 8, 6, 3, 3, 3, 5, 1, 3, 6, 6, 3, 4, 4, 4, 4, 5, 3, 6, 4];7;84;False
20;80;20;6;True;2000;4;0.1;0;0;0;0;0;163.91320657730103;14.310221195220947;105973.12322765379;97687.12672840756;5234.761612173348;3051.1399999999994;[130.24, 165.24, 178.24, 184.24, 184.24, 173.24, 135.24, 184.24, 169.24, 107.24, 92.89, 154.24, 184.24, 138.24, 138.24, 88.93, 175.24, 114.24, 169.24, 184.24];95.31;[5, 4, 6, 3, 6, 7, 5, 6, 6, 3, 1, 1, 6, 3, 5, 3, 6, 4, 4, 4];6;88;False
20;90;20;1;True;2000;4;0.1;0;0;0;0;0;134.88739466667175;12.079360008239746;106347.25399190382;98259.42655261021;5401.50985389957;2686.3999999999987;[138.37, 113.37, 138.37, 138.37, 138.37, 138.37, 138.37, 138.37, 138.37, 138.37, 115.37, 138.37, 138.37, 124.37, 138.37, 138.37, 119.37, 138.37, 138.37, 138.37];25.0;[7, 4, 5, 5, 8, 4, 5, 7, 6, 5, 3, 4, 5, 3, 1, 4, 2, 4, 5, 6];7;93;False
20;90;20;2;True;2000;4;0.1;0;0;0;0;0;212.0085427761078;13.707849740982056;114454.37820992665;104904.98864064162;6313.104570393459;3236.3199999999983;[134.47, 186.47, 192.47, 225.47, 144.47, 167.47, 117.47, 175.47, 224.47, 170.47, 94.39, 225.47, 120.47, 182.47, 174.47, 158.47, 122.47, 141.47, 148.47, 129.47];131.07999999999998;[5, 7, 2, 5, 6, 6, 6, 4, 4, 4, 4, 9, 6, 4, 5, 4, 5, 6, 4, 2];7;98;False
20;90;20;3;True;2000;4;0.1;0;0;0;0;0;172.49832582473755;7.371017217636108;101486.84550334394;92872.75572112552;5572.635343175935;3041.540000000001;[165.44, 160.44, 118.85, 180.44, 177.44, 64.82, 145.44, 153.44, 180.44, 165.44, 59.39, 144.44, 180.44, 180.44, 142.44, 143.44, 180.44, 180.44, 137.44, 180.44];121.05;[5, 5, 5, 5, 4, 3, 4, 6, 5, 6, 4, 5, 5, 4, 2, 7, 4, 6, 4, 5];5;94;False
20;90;20;4;True;2000;4;0.1;0;0;0;0;0;132.78136348724365;12.041447877883911;107751.25630026122;99267.13008800174;5864.889797105136;2619.290000000001;[134.51, 135.51, 135.51, 135.51, 123.51, 135.51, 119.51, 111.6, 113.51, 135.51, 119.51, 135.51, 135.51, 135.51, 135.51, 135.51, 135.51, 135.51, 135.51, 135.51];23.909999999999997;[4, 7, 4, 6, 2, 4, 6, 3, 4, 5, 3, 3, 3, 7, 4, 5, 8, 6, 4, 5];6;93;False
20;90;20;5;True;2000;4;0.1;0;0;0;0;0;128.30479788780212;16.96143341064453;111961.10491749003;103877.57388422327;5663.869349859493;2419.6000000000004;[122.68, 124.68, 124.68, 124.68, 99.68, 124.68, 124.68, 99.68, 124.68, 124.68, 124.68, 118.68, 108.68, 124.68, 124.68, 124.68, 124.68, 124.68, 124.68, 124.68];25.0;[4, 6, 6, 3, 4, 5, 6, 3, 4, 5, 7, 4, 4, 7, 4, 5, 4, 5, 7, 3];4;96;False
20;90;20;6;True;2000;4;0.1;0;0;0;0;0;165.7631413936615;13.769782066345215;113733.48347311655;105365.78930306762;5514.917188068881;2852.8000000000006;[139.69, 172.69, 172.69, 172.69, 172.69, 172.69, 116.69, 172.69, 172.69, 114.69, 158.69, 144.69, 139.69, 106.69, 92.69, 74.69, 172.69, 87.69, 127.69, 167.69];98.0;[6, 5, 6, 6, 7, 6, 7, 5, 5, 3, 2, 1, 4, 3, 4, 5, 6, 4, 3, 8];7;96;False
20;100;20;1;True;2000;4;0.1;0;0;0;0;0;152.25165605545044;11.560048818588257;122607.4041336941;113805.5598695499;5948.144050925129;2853.8000000000006;[145.19, 142.19, 117.19, 145.19, 145.19, 145.19, 145.19, 145.19, 145.19, 136.19, 145.19, 145.19, 145.19, 135.19, 145.19, 145.19, 145.19, 145.19, 145.19, 145.19];28.0;[8, 4, 5, 5, 9, 7, 5, 6, 7, 4, 4, 5, 5, 3, 2, 5, 3, 5, 6, 5];7;103;False
20;100;20;2;True;2000;4;0.1;0;0;0;0;0;183.71541118621826;15.320452690124512;126652.56008858352;116705.73317396139;6881.041369286405;3065.7899999999995;[142.33, 169.33, 169.33, 169.33, 160.33, 169.33, 75.52, 166.33, 148.33, 169.33, 169.33, 169.33, 115.33, 169.33, 169.33, 169.33, 103.33, 169.33, 165.33, 126.33];93.81000000000002;[6, 9, 3, 6, 5, 9, 4, 3, 3, 5, 6, 6, 6, 5, 7, 3, 5, 4, 5, 5];6;105;False
20;100;20;3;True;2000;4;0.1;0;0;0;0;0;151.880624294281;10.518118858337402;118407.9581448859;109567.65143995812;6179.16793910836;2661.17;[140.76, 127.76, 140.76, 140.76, 140.76, 63.29, 140.76, 140.76, 140.76, 140.76, 126.76, 140.76, 140.76, 140.76, 127.76, 140.76, 140.76, 140.76, 104.2, 140.76];77.47;[5, 6, 6, 7, 4, 4, 4, 6, 3, 7, 5, 5, 5, 6, 4, 4, 3, 6, 8, 5];5;103;False
20;100;20;4;True;2000;4;0.1;0;0;0;0;0;146.7171630859375;21.679661750793457;124097.6198707528;115057.49253210753;6340.2181201157055;2699.92;[106.84, 140.84, 140.84, 140.84, 140.84, 140.84, 140.84, 140.84, 133.84, 140.84, 99.96, 140.84, 140.84, 140.84, 140.84, 140.84, 140.84, 140.84, 140.84, 105.84];40.88000000000001;[6, 9, 5, 7, 3, 4, 7, 6, 3, 4, 3, 4, 3, 7, 5, 5, 6, 5, 6, 6];6;104;False
20;100;20;5;True;2000;4;0.1;0;0;0;0;0;199.87121725082397;13.491780281066895;124950.94486463242;115866.8631697116;6259.73115017784;2824.36;[99.11, 161.11, 136.11, 148.11, 111.11, 189.11, 189.11, 109.11, 154.11, 127.11, 157.11, 105.11, 84.13, 189.11, 154.11, 189.11, 92.25, 137.11, 189.11, 103.11];104.98000000000002;[2, 7, 6, 4, 3, 7, 7, 2, 4, 7, 6, 5, 6, 7, 7, 7, 3, 5, 7, 3];5;105;False
20;100;20;6;True;2000;4;0.1;0;0;0;0;0;125.85947322845459;16.70064401626587;124927.29311868711;116696.26727762584;5996.908021833951;2234.2000000000003;[114.91, 114.91, 114.91, 114.91, 114.91, 114.91, 114.91, 114.91, 114.91, 114.91, 114.91, 114.91, 114.91, 114.91, 114.91, 79.91, 114.91, 85.91, 114.91, 114.91];35.0;[7, 4, 6, 4, 5, 10, 9, 3, 6, 5, 2, 2, 6, 4, 5, 5, 6, 4, 4, 5];8;102;False
30;60;30;1;True;2000;2;0.1;0;0;0;0;0;73.75999617576599;5.026115655899048;63866.189574824166;57870.658387886804;3505.054422158323;2490.58;[94.57, 67.57, 58.57, 94.57, 94.57, 61.57, 74.57, 94.57, 76.57, 81.57, 60.57, 94.57, 94.57, 94.57, 88.57, 94.57, 56.57, 94.57, 94.57, 94.57, 94.57, 22.05, 84.57, 94.57, 94.57, 94.57, 65.57, 94.57, 84.57, 94.57];72.52;[4, 1, 1, 2, 4, 1, 2, 3, 1, 2, 1, 1, 3, 3, 2, 2, 3, 3, 2, 3, 1, 4, 1, 2, 2, 1, 3, 1, 2];3;61;False
30;60;30;2;True;2000;2;0.1;0;0;0;0;0;64.10268068313599;5.595476150512695;63501.568304282846;57663.69127975771;3787.0374617926755;2050.700000000001;[75.19, 75.19, 75.19, 75.19, 75.19, 75.19, 66.19, 49.19, 75.19, 75.19, 62.19, 75.19, 63.19, 75.19, 74.19, 75.19, 41.19, 75.19, 75.19, 33.19, 75.19, 75.19, 75.19, 75.19, 75.19, 75.19, 75.19, 75.19, 57.19, 25.19];50.0;[2, 2, 1, 4, 2, 3, 2, 2, 1, 1, 2, 3, 2, 1, 2, 1, 1, 2, 2, 2, 3, 3, 3, 3, 3, 2, 2, 3, 1];3;61;False
30;60;30;3;True;2000;2;0.1;0;0;0;0;0;45.322574853897095;5.313959836959839;58065.14723968074;52951.31778284153;3503.712413984169;1610.0;[56.0, 56.0, 56.0, 56.0, 56.0, 56.0, 35.0, 56.0, 56.0, 56.0, 35.0, 56.0, 56.0, 56.0, 56.0, 56.0, 56.0, 56.0, 56.0, 56.0, 56.0, 56.0, 56.0, 56.0, 56.0, 56.0, 56.0, 28.0, 56.0, 56.0];28.0;[1, 2, 2, 2, 2, 2, 3, 2, 1, 2, 1, 2, 1, 4, 2, 2, 1, 2, 4, 1, 1, 2, 2, 2, 2, 2, 3, 1, 2, 4];3;60;True
30;60;30;4;True;2000;2;0.1;0;0;0;0;0;105.45277214050293;13.409391164779663;70650.53939356237;63847.77386068637;3584.533090045012;3218.3300000000013;[77.54, 134.8, 81.54, 107.8, 134.8, 122.8, 134.8, 95.8, 82.54, 115.8, 62.54, 115.8, 67.54, 115.8, 134.8, 125.8, 127.8, 134.8, 122.8, 81.54, 134.8, 33.03, 124.8, 95.8, 132.8, 101.8, 134.8, 105.8, 87.13, 90.13];101.77000000000001;[2, 3, 1, 1, 2, 2, 1, 1, 2, 1, 2, 1, 2, 2, 5, 2, 3, 4, 3, 2, 2, 2, 1, 4, 1, 1, 6, 1, 2, 3];5;65;False
30;60;30;5;True;2000;2;0.1;0;0;0;0;0;97.31862473487854;6.437395334243774;65210.58210128922;58501.20612229108;3790.201188186863;2919.2700000000004;[83.43, 126.63, 112.63, 100.63, 50.43, 130.63, 90.63, 69.43, 107.63, 83.43, 99.63, 3.0, 91.63, 98.63, 78.43, 130.63, 90.63, 71.43, 130.63, 120.63, 115.63, 130.63, 130.63, 78.43, 58.43, 111.63, 81.43, 80.43, 130.63, 130.63];127.63;[1, 3, 3, 2, 2, 3, 1, 1, 1, 2, 2, 4, 2, 3, 4, 1, 1, 2, 2, 3, 2, 3, 2, 1, 2, 2, 1, 3, 5];4;64;False
30;60;30;6;True;2000;2;0.1;0;0;0;0;0;69.85903692245483;5.477285861968994;66232.29137106199;60578.34404884718;3244.7960569455663;2409.0999999999995;[91.97, 91.97, 91.97, 91.97, 85.97, 91.97, 91.97, 91.97, 91.97, 30.97, 81.97, 81.97, 91.97, 91.97, 89.97, 34.97, 91.97, 60.97, 72.97, 91.97, 91.97, 91.97, 89.97, 42.97, 91.97, 91.97, 91.97, 62.97, 30.97, 78.97];61.0;[3, 2, 2, 2, 2, 3, 2, 3, 2, 1, 1, 3, 3, 2, 1, 1, 4, 1, 3, 2, 3, 1, 4, 1, 2, 2, 3, 1];3;60;True
30;70;30;1;True;2000;2;0.1;0;0;0;0;0;114.77023768424988;7.522378206253052;79911.24463523497;72289.00786768086;4416.401094894165;3205.8900000000017;[134.67, 55.91, 72.78, 134.67, 134.67, 108.78, 92.78, 134.67, 98.78, 71.78, 63.91, 134.67, 130.78, 125.78, 117.78, 122.78, 69.78, 67.78, 113.78, 120.78, 134.67, 41.78, 119.78, 120.78, 130.78, 120.78, 87.78, 113.78, 93.78, 134.67];92.88999999999999;[4, 1, 1, 4, 2, 1, 3, 3, 2, 1, 1, 3, 2, 2, 4, 3, 3, 4, 3, 4, 3, 1, 3, 2, 3, 2, 1, 2, 2, 3];3;73;False
30;70;30;2;True;2000;2;0.1;0;0;0;0;0;131.56299090385437;7.560267925262451;78875.35768025671;70871.22283493524;4450.806467660123;3553.200000000001;[144.69, 141.69, 164.69, 166.69, 125.69, 166.69, 115.69, 37.99, 96.69, 157.69, 85.69, 163.69, 56.79, 141.69, 100.69, 96.69, 56.79, 139.69, 120.69, 68.69, 145.69, 126.69, 108.69, 166.69, 147.69, 157.69, 92.69, 116.69, 67.69, 73.69];128.7;[2, 3, 1, 6, 2, 4, 4, 1, 2, 2, 3, 3, 1, 3, 2, 3, 3, 2, 2, 3, 2, 3, 4, 4, 2, 2, 4, 1, 1];5;75;False
30;70;30;3;True;2000;2;0.1;0;0;0;0;0;67.97309565544128;6.88948392868042;69738.34504922673;63515.53125466309;4014.095422657605;2208.7200000000007;[79.46, 79.46, 79.46, 79.46, 79.46, 49.46, 35.42, 79.46, 79.46, 79.46, 32.42, 79.46, 79.46, 79.46, 71.46, 79.46, 79.46, 79.46, 47.46, 79.46, 79.46, 79.46, 79.46, 79.46, 79.46, 79.46, 79.46, 65.46, 79.46, 79.46];47.03999999999999;[3, 2, 2, 3, 4, 2, 3, 3, 1, 3, 3, 1, 3, 3, 3, 1, 2, 3, 1, 3, 3, 2, 1, 3, 2, 3, 2, 1, 4];3;70;True
30;70;30;4;True;2000;2;0.1;0;0;0;0;0;80.7395429611206;9.42438006401062;78558.3780408943;71676.62876924608;4278.772744664603;2602.8600000000006;[86.67, 89.67, 81.67, 89.67, 89.67, 89.67, 89.67, 89.67, 89.67, 89.67, 30.28, 89.67, 89.67, 89.67, 89.67, 89.67, 89.67, 89.67, 89.67, 89.67, 89.67, 72.82, 89.67, 89.67, 89.67, 89.67, 89.67, 89.67, 89.67, 89.67];59.39;[3, 2, 1, 4, 1, 1, 3, 2, 2, 2, 2, 2, 4, 4, 4, 3, 4, 2, 2, 2, 2, 1, 3, 1, 1, 3, 1, 5, 4];4;71;False
30;70;30;5;True;2000;2;0.1;0;0;0;0;0;90.43042612075806;7.849925756454468;74863.72741451023;67675.70873273181;4365.148517947187;2822.7700000000013;[101.15, 107.15, 107.15, 107.15, 46.57, 107.15, 107.15, 66.15, 92.15, 103.15, 107.15, 3.0, 89.15, 107.15, 107.15, 107.15, 90.15, 95.15, 107.15, 107.15, 104.15, 107.15, 107.15, 107.15, 63.15, 107.15, 76.15, 71.15, 107.15, 107.15];104.15;[3, 2, 3, 3, 2, 1, 2, 1, 2, 3, 2, 4, 2, 3, 2, 1, 1, 4, 2, 3, 2, 3, 3, 1, 4, 2, 1, 3, 6];5;71;False
30;70;30;6;True;2000;2;0.1;0;0;0;0;0;98.2193386554718;7.379549026489258;80585.6910383094;73595.90535290889;4124.713766786581;2865.09;[110.86, 84.86, 117.86, 117.86, 95.86, 117.86, 117.86, 117.86, 117.86, 40.86, 48.86, 76.86, 117.86, 112.86, 117.86, 40.86, 117.86, 91.86, 85.86, 117.86, 110.86, 113.86, 75.86, 58.86, 117.86, 117.86, 117.86, 78.86, 34.15, 70.86];83.71000000000001;[4, 2, 2, 3, 3, 4, 2, 4, 2, 2, 1, 3, 3, 2, 1, 1, 5, 2, 2, 4, 2, 4, 2, 2, 4, 4, 1];4;71;False
30;80;30;1;True;2000;2;0.1;0;0;0;0;0;96.3848488330841;10.756497144699097;87323.2633453496;79946.75606708991;4574.5889048559275;2802.0;[101.02, 75.02, 90.02, 101.02, 101.02, 99.02, 98.02, 101.02, 101.02, 85.02, 62.02, 101.02, 101.02, 101.02, 101.02, 101.02, 69.02, 101.02, 101.02, 101.02, 101.02, 47.42, 101.02, 101.02, 101.02, 97.02, 82.02, 82.02, 97.02, 101.02];53.599999999999994;[4, 1, 2, 2, 5, 3, 6, 2, 2, 2, 4, 3, 2, 4, 3, 4, 5, 3, 3, 2, 1, 3, 1, 4, 2, 2, 2, 2, 2];5;81;False
30;80;30;2;True;2000;2;0.1;0;0;0;0;0;106.20697474479675;8.697121858596802;88016.15452741693;79799.26435336306;5042.740944098911;3174.0800000000013;[116.67, 116.67, 116.67, 116.67, 97.67, 116.67, 116.67, 60.67, 89.67, 116.67, 103.67, 116.67, 80.67, 116.67, 116.67, 116.67, 55.66, 116.67, 116.67, 54.66, 116.67, 116.67, 102.67, 116.67, 116.67, 112.67, 116.67, 109.67, 106.67, 99.67];62.010000000000005;[2, 4, 1, 4, 3, 3, 4, 2, 2, 1, 2, 4, 5, 1, 3, 4, 3, 1, 4, 2, 2, 3, 3, 5, 4, 2, 3, 2, 1, 2];4;82;False
30;80;30;3;True;2000;2;0.1;0;0;0;0;0;130.61633443832397;9.30055570602417;86322.83339649158;78030.42144285009;4923.216320945035;3369.1300000000006;[146.52, 121.82, 109.82, 134.82, 140.52, 120.82, 54.06, 101.82, 113.82, 146.52, 37.45, 125.82, 146.52, 111.82, 100.82, 115.82, 84.4, 138.82, 73.4, 146.52, 89.4, 120.82, 146.52, 88.4, 98.82, 90.4, 146.52, 72.4, 97.4, 146.52];109.07000000000001;[3, 3, 3, 2, 3, 2, 4, 2, 1, 5, 1, 2, 2, 5, 3, 2, 1, 3, 3, 2, 3, 4, 3, 1, 3, 3, 5, 2, 2, 4];4;82;False
30;80;30;4;True;2000;2;0.1;0;0;0;0;0;141.06707334518433;13.058979034423828;96853.6379575861;88189.68637854619;5374.296451713301;3289.6899999999987;[89.49, 143.49, 93.49, 104.49, 143.49, 93.49, 128.49, 115.49, 98.49, 143.49, 55.53, 100.49, 63.91, 135.49, 143.49, 115.49, 138.49, 143.49, 113.49, 108.49, 143.49, 47.02, 131.49, 126.49, 109.49, 80.49, 99.49, 90.49, 88.49, 100.49];96.47;[3, 4, 3, 2, 3, 1, 3, 1, 1, 5, 2, 3, 2, 6, 6, 2, 5, 6, 3, 2, 3, 2, 3, 3, 2, 1, 3, 1, 2, 4];5;87;False
30;80;30;5;True;2000;2;0.1;0;0;0;0;0;81.0909173488617;10.255430936813354;87477.89352801128;80231.76971771648;5009.269188798549;2236.7299999999996;[81.29, 81.29, 81.29, 81.29, 52.29, 81.29, 81.29, 81.29, 81.29, 81.29, 81.29, 3.0, 81.29, 81.29, 81.29, 81.29, 81.29, 69.29, 81.29, 81.29, 81.29, 81.29, 81.29, 81.29, 38.61, 81.29, 53.29, 69.29, 81.29, 81.29];78.29;[3, 2, 3, 3, 2, 2, 2, 1, 2, 4, 4, 4, 2, 4, 3, 2, 3, 5, 2, 3, 2, 3, 2, 2, 4, 2, 2, 5, 5];4;83;False
30;80;30;6;True;2000;2;0.1;0;0;0;0;0;90.85090231895447;11.040755033493042;91684.18145867498;84745.11496250132;4607.412402114951;2331.6199999999994;[87.83, 72.83, 87.83, 87.83, 87.83, 87.83, 87.83, 87.83, 87.83, 46.83, 56.83, 58.83, 87.83, 87.83, 87.83, 43.83, 87.83, 87.83, 67.83, 87.83, 87.83, 87.83, 87.83, 52.83, 87.83, 87.83, 87.83, 80.83, 37.55, 56.83];50.28;[3, 2, 3, 4, 4, 5, 2, 4, 2, 2, 1, 5, 3, 2, 2, 1, 4, 1, 3, 3, 4, 2, 5, 2, 4, 2, 3, 1, 1, 1];4;81;False
30;90;30;1;True;2000;2;0.1;0;0;0;0;0;91.18406867980957;13.377195119857788;102066.15451288247;94437.38817628361;5113.731823657797;2514.900000000002;[85.13, 75.13, 85.13, 85.13, 85.13, 84.13, 85.13, 85.13, 85.13, 85.13, 85.13, 85.13, 85.13, 85.13, 85.13, 85.13, 68.13, 85.13, 85.13, 85.13, 85.13, 74.13, 85.13, 85.13, 85.13, 85.13, 85.13, 85.13, 85.13, 85.13];17.0;[6, 1, 2, 2, 2, 3, 3, 4, 3, 2, 3, 3, 6, 4, 3, 3, 2, 3, 4, 4, 5, 1, 4, 3, 4, 3, 2, 2, 2, 3];5;92;False
30;90;30;2;True;2000;2;0.1;0;0;0;0;0;80.39328050613403;12.341273307800293;97674.90428174808;89718.31091648825;5699.874837181049;2256.580000000001;[77.71, 77.71, 77.71, 77.71, 77.71, 77.71, 77.71, 50.81, 77.71, 77.71, 77.71, 77.71, 77.71, 77.71, 77.71, 77.71, 43.89, 77.71, 77.71, 75.71, 77.71, 77.71, 77.71, 77.71, 77.71, 77.71, 77.71, 77.71, 77.71, 65.71];33.81999999999999;[2, 5, 1, 5, 2, 3, 5, 2, 2, 2, 4, 2, 4, 1, 3, 3, 4, 4, 4, 2, 3, 4, 4, 5, 5, 1, 2, 4, 1, 2];4;91;False
30;90;30;3;True;2000;2;0.1;0;0;0;0;0;88.35512590408325;12.42417860031128;94383.94103520505;86598.79474238608;5546.4719255130885;2238.679999999999;[77.83, 77.83, 77.83, 77.83, 77.83, 68.83, 72.83, 77.83, 77.83, 77.83, 36.72, 77.83, 77.83, 77.83, 77.83, 77.83, 77.83, 77.83, 77.83, 77.83, 77.83, 77.83, 77.83, 77.83, 77.83, 77.83, 77.83, 36.72, 77.83, 77.83];41.11;[3, 4, 3, 2, 4, 3, 3, 1, 2, 3, 2, 2, 3, 6, 3, 5, 2, 3, 3, 1, 4, 5, 4, 3, 2, 2, 4, 3, 2, 4];5;91;False
30;90;30;4;True;2000;2;0.1;0;0;0;0;0;123.74670672416687;11.930248737335205;103704.89255890928;94599.55569489088;5720.5484092623265;3384.890000000001;[89.52, 120.21, 89.52, 108.52, 120.21, 120.21, 120.21, 120.21, 120.21, 120.21, 70.96, 120.21, 82.52, 120.21, 120.21, 120.21, 120.21, 120.21, 120.21, 120.21, 120.21, 117.57, 120.21, 120.21, 120.21, 105.52, 120.21, 100.52, 99.52, 116.52];49.25;[2, 4, 3, 4, 2, 4, 2, 1, 3, 2, 3, 4, 3, 3, 4, 3, 4, 4, 3, 2, 4, 3, 2, 6, 3, 1, 6, 1, 3, 4];5;93;False
30;90;30;5;True;2000;2;0.1;0;0;0;0;0;109.13011145591736;14.568376064300537;97780.37661251923;89543.49600363337;5431.196843709363;2805.72;[102.86, 102.86, 102.86, 102.86, 58.86, 102.86, 102.86, 102.86, 102.86, 79.86, 102.86, 3.0, 80.86, 102.86, 94.86, 102.86, 102.86, 101.86, 102.86, 102.86, 102.86, 102.86, 102.86, 102.86, 51.64, 102.86, 74.86, 99.86, 102.86, 102.86];99.86;[2, 3, 4, 2, 3, 1, 5, 2, 2, 2, 4, 6, 3, 5, 4, 3, 3, 6, 1, 3, 2, 2, 3, 2, 3, 3, 1, 5, 6];5;91;False
30;90;30;6;True;2000;2;0.1;0;0;0;0;0;86.16018772125244;12.418236255645752;103611.22128761142;96263.2409924978;5284.9288759725305;2063.040000000001;[72.19, 72.19, 72.19, 72.19, 72.19, 72.19, 72.19, 72.19, 72.19, 72.19, 67.19, 64.19, 72.19, 72.19, 72.19, 50.19, 72.19, 72.19, 72.19, 72.19, 72.19, 72.19, 72.19, 55.19, 72.19, 72.19, 72.19, 72.19, 34.53, 59.19];37.66;[5, 3, 3, 5, 4, 4, 5, 2, 3, 3, 2, 6, 3, 2, 2, 3, 4, 2, 3, 4, 3, 2, 5, 2, 2, 3, 4, 1, 1, 1];5;92;False
30;100;30;1;True;2000;2;0.1;0;0;0;0;0;179.49770331382751;16.427035570144653;119264.31298668512;109449.84088177916;6093.687824299242;3720.800000000003;[164.26, 85.26, 90.26, 164.26, 164.26, 87.26, 102.26, 150.26, 137.26, 101.26, 84.26, 143.26, 148.26, 118.26, 125.26, 133.26, 99.26, 112.26, 139.26, 164.26, 132.26, 82.26, 146.26, 115.26, 137.26, 133.26, 109.26, 106.26, 112.26, 132.26];81.99999999999999;[7, 1, 2, 6, 5, 3, 2, 6, 3, 2, 2, 4, 3, 2, 3, 4, 4, 5, 5, 5, 7, 2, 3, 2, 4, 3, 2, 3, 3, 2];6;105;False
30;100;30;2;True;2000;2;0.1;0;0;0;0;0;145.71641182899475;15.85827088356018;113806.2744984277;103748.23960661555;6690.566731629813;3367.4399999999982;[116.35, 134.35, 134.35, 107.35, 120.35, 134.35, 83.35, 72.35, 108.35, 134.35, 115.35, 134.35, 88.35, 117.35, 78.35, 114.35, 86.35, 112.35, 134.35, 52.25, 134.35, 123.35, 123.35, 134.35, 134.35, 134.35, 134.35, 134.35, 74.35, 61.39];82.1;[3, 3, 3, 5, 3, 4, 3, 4, 2, 3, 4, 3, 3, 1, 2, 2, 4, 4, 8, 3, 4, 5, 3, 7, 4, 2, 4, 3, 1, 2];7;102;False
30;100;30;3;True;2000;2;0.1;0;0;0;0;0;106.8844826221466;13.813101768493652;108866.94123542224;100377.44967109713;6007.037616860584;2482.5600000000004;[88.28, 88.28, 88.28, 88.28, 88.28, 76.28, 55.28, 88.28, 88.28, 88.28, 44.36, 88.28, 88.28, 88.28, 75.28, 88.28, 82.28, 88.28, 79.28, 88.28, 88.28, 88.28, 88.28, 88.28, 88.28, 88.28, 88.28, 39.36, 88.28, 88.28];48.92;[6, 3, 3, 2, 5, 1, 4, 3, 2, 5, 2, 4, 3, 4, 3, 4, 3, 4, 6, 1, 3, 3, 4, 3, 5, 3, 5, 3, 2, 2];5;101;False
30;100;30;4;True;2000;2;0.1;0;0;0;0;0;295.38719272613525;15.605365991592407;123133.1602185182;111977.24005840052;6808.244947084928;4347.739999999999;[113.39, 292.39, 99.52, 160.39, 163.39, 106.52, 152.39, 137.39, 107.52, 227.39, 95.52, 179.39, 126.39, 136.39, 292.39, 143.39, 159.39, 141.39, 136.39, 135.39, 162.39, 67.52, 132.39, 144.39, 136.39, 133.39, 142.39, 110.52, 100.52, 111.52];224.87;[2, 7, 4, 6, 3, 3, 2, 3, 2, 4, 5, 5, 2, 3, 9, 3, 4, 4, 3, 3, 2, 3, 3, 6, 3, 3, 5, 2, 2, 4];7;110;False
30;100;30;5;True;2000;2;0.1;0;0;0;0;0;111.50774574279785;26.031166791915894;111884.41308826399;103171.96011618801;6127.027617453026;2585.47;[92.43, 92.43, 92.43, 92.43, 92.43, 92.43, 92.43, 68.43, 87.43, 92.43, 92.43, 3.0, 92.43, 92.43, 92.43, 92.43, 92.43, 92.43, 92.43, 92.43, 92.43, 92.43, 92.43, 92.43, 83.43, 92.43, 60.43, 64.43, 92.43, 92.43];89.43;[3, 4, 3, 2, 2, 2, 4, 2, 2, 3, 5, 7, 3, 6, 5, 1, 4, 4, 3, 2, 3, 4, 4, 2, 4, 3, 1, 7, 7];6;102;False
30;100;30;6;True;2000;2;0.1;0;0;0;0;0;90.79015445709229;15.416321277618408;113750.89873375774;105830.51974044557;5777.537255336746;2142.779999999999;[73.87, 73.87, 73.87, 73.87, 73.87, 73.87, 73.87, 73.87, 73.87, 69.87, 73.87, 73.87, 73.87, 73.87, 73.87, 50.71, 73.87, 60.87, 73.87, 73.87, 73.87, 73.87, 73.87, 63.87, 73.87, 73.87, 73.87, 73.87, 50.71, 73.87];23.160000000000004;[6, 3, 3, 4, 3, 5, 3, 4, 5, 3, 4, 4, 3, 2, 2, 2, 5, 2, 4, 4, 3, 2, 7, 3, 2, 5, 4, 1, 1, 1];6;100;True
30;90;30;1;True;2000;3;0.1;0;0;0;0;0;96.04036498069763;18.064505100250244;102755.88779845394;94744.60574297413;5317.418677370816;2693.8700000000003;[94.55, 41.93, 94.55, 94.55, 94.55, 78.55, 94.55, 94.55, 94.55, 88.55, 83.55, 94.55, 94.55, 94.55, 94.55, 94.55, 60.24, 94.55, 94.55, 94.55, 94.55, 75.85, 94.55, 94.55, 94.55, 94.55, 90.55, 94.55, 94.55, 94.55];52.62;[4, 1, 3, 3, 4, 3, 4, 5, 2, 2, 2, 4, 5, 3, 4, 3, 2, 2, 3, 4, 6, 2, 3, 3, 4, 2, 2, 3, 3, 2];5;93;False
30;90;30;2;True;2000;3;0.1;0;0;0;0;0;99.51796388626099;14.219967126846313;98392.3562655455;90141.84373788029;5706.836216226021;2543.769999999999;[93.83, 93.83, 93.83, 93.83, 93.83, 93.83, 84.83, 42.05, 85.83, 93.83, 89.83, 93.83, 93.83, 93.83, 93.83, 93.83, 26.48, 93.83, 93.83, 69.83, 93.83, 93.83, 93.83, 93.83, 93.83, 93.83, 75.83, 93.83, 47.83, 50.83];67.35;[4, 3, 2, 5, 3, 4, 4, 3, 1, 2, 3, 4, 3, 1, 4, 3, 2, 3, 4, 3, 3, 3, 3, 4, 4, 2, 3, 4, 1, 2];4;90;True
30;90;30;3;True;2000;3;0.1;0;0;0;0;0;92.94823122024536;9.948801755905151;93299.15680273036;85233.76682135036;5524.307192357458;2541.1100000000006;[92.28, 92.28, 72.28, 92.28, 92.28, 44.42, 92.28, 92.28, 92.28, 92.28, 37.14, 92.28, 92.28, 92.28, 92.28, 92.28, 89.28, 92.28, 47.42, 92.28, 92.28, 92.28, 92.28, 92.28, 92.28, 92.28, 92.28, 51.85, 76.28, 92.28];55.14;[1, 3, 3, 3, 5, 2, 4, 3, 1, 3, 1, 3, 3, 5, 3, 4, 3, 3, 4, 1, 3, 3, 5, 2, 3, 3, 5, 3, 2, 3];4;90;True
30;90;30;4;True;2000;3;0.1;0;0;0;0;0;103.75421261787415;18.14676260948181;104539.51279594691;96231.89745836542;5615.267769174133;2692.4199999999983;[66.35, 95.74, 74.74, 95.74, 95.74, 95.74, 95.74, 95.74, 91.74, 95.74, 72.74, 95.74, 65.35, 95.74, 95.74, 95.74, 95.74, 95.74, 95.74, 78.74, 95.74, 87.74, 95.74, 95.74, 95.74, 95.74, 95.74, 71.74, 85.74, 82.74];30.39;[2, 4, 2, 3, 1, 2, 2, 2, 1, 2, 3, 5, 3, 5, 5, 3, 4, 5, 3, 4, 2, 3, 3, 6, 2, 2, 7, 1, 2, 2];6;91;False
30;90;30;5;True;2000;3;0.1;0;0;0;0;0;98.67632913589478;15.333454608917236;99862.41355010009;91875.1061988086;5430.257494110743;2557.0099999999998;[93.82, 93.82, 93.82, 93.82, 64.12, 93.82, 93.82, 93.82, 93.82, 93.82, 93.82, 3.0, 93.82, 93.82, 93.82, 93.82, 93.82, 54.17, 93.82, 93.82, 93.82, 93.82, 93.82, 93.82, 43.8, 93.82, 64.12, 76.12, 93.82, 93.82];90.82;[3, 3, 3, 3, 2, 2, 3, 1, 3, 4, 2, 5, 3, 5, 2, 3, 3, 5, 2, 5, 3, 3, 2, 2, 3, 2, 2, 5, 8];7;92;False
30;90;30;6;True;2000;3;0.1;0;0;0;0;0;83.94212794303894;13.98071002960205;104713.79054886388;97406.0015520917;5169.320655046628;2138.370000000001;[76.67, 76.67, 76.67, 76.67, 76.67, 76.67, 76.67, 76.67, 76.67, 54.67, 76.67, 58.67, 76.67, 76.67, 76.67, 36.09, 76.67, 69.67, 76.67, 76.67, 76.67, 76.67, 76.67, 43.67, 76.67, 76.67, 76.67, 76.67, 35.52, 76.67];41.15;[3, 4, 4, 4, 4, 5, 2, 3, 3, 2, 4, 4, 3, 2, 3, 1, 5, 2, 4, 4, 2, 2, 6, 2, 2, 3, 4, 1, 1, 2];5;91;False
30;100;30;1;True;2000;3;0.1;0;0;0;0;0;113.48006987571716;12.586984634399414;112242.65999285628;103716.63955663584;5709.614802798518;2816.3699999999985;[98.87, 53.47, 63.29, 98.87, 98.87, 98.87, 98.87, 98.87, 98.87, 98.87, 98.87, 98.87, 98.87, 98.87, 98.87, 98.87, 66.69, 98.87, 98.87, 98.87, 98.87, 62.3, 98.87, 98.87, 98.87, 98.87, 98.87, 98.87, 98.87, 98.87];45.400000000000006;[5, 2, 2, 4, 4, 3, 4, 3, 3, 3, 3, 4, 4, 5, 4, 4, 1, 4, 4, 3, 2, 2, 2, 4, 4, 4, 3, 4, 4, 3];4;101;False
30;100;30;2;True;2000;3;0.1;0;0;0;0;0;148.54655385017395;20.976628303527832;117441.21712318876;107093.56336407746;6758.553385991968;3589.030000000001;[124.82, 140.82, 140.82, 140.82, 131.82, 140.82, 123.82, 75.82, 120.82, 140.82, 93.82, 140.82, 104.82, 140.82, 140.82, 76.82, 55.25, 134.82, 117.82, 75.82, 140.82, 140.82, 98.82, 140.82, 140.82, 140.82, 91.82, 136.82, 86.82, 107.82];85.57;[2, 5, 1, 4, 2, 4, 3, 3, 2, 5, 4, 4, 4, 2, 4, 1, 3, 3, 4, 4, 2, 5, 7, 6, 4, 4, 3, 3, 2, 3];6;103;False
30;100;30;3;True;2000;3;0.1;0;0;0;0;0;115.41122221946716;11.450005292892456;110342.21356898635;101673.85692012892;5976.8810703843;2691.4799999999987;[97.87, 97.87, 97.87, 97.87, 97.87, 86.87, 36.85, 97.87, 97.87, 97.87, 35.61, 97.87, 97.87, 95.87, 90.87, 97.87, 57.87, 97.87, 97.87, 97.87, 97.87, 97.87, 97.87, 97.87, 97.87, 97.87, 97.87, 36.53, 97.87, 97.87];62.260000000000005;[4, 4, 3, 3, 5, 1, 4, 2, 2, 3, 2, 3, 3, 4, 5, 4, 3, 3, 6, 2, 3, 4, 5, 2, 4, 3, 4, 2, 3, 4];5;100;True
30;100;30;4;True;2000;3;0.1;0;0;0;0;0;104.10624361038208;19.823598861694336;117989.07982437573;109080.30855115407;6348.057008223592;2560.7399999999993;[78.54, 88.54, 78.54, 88.54, 88.54, 88.54, 88.54, 88.54, 88.54, 88.54, 73.54, 88.54, 88.54, 88.54, 88.54, 88.54, 88.54, 88.54, 88.54, 79.54, 88.54, 42.08, 88.54, 88.54, 88.54, 88.54, 88.54, 83.54, 88.54, 88.54];46.46000000000001;[2, 4, 4, 2, 2, 2, 3, 5, 2, 4, 4, 4, 2, 4, 4, 4, 4, 4, 3, 4, 3, 3, 4, 7, 2, 2, 4, 2, 6, 2];5;102;False
30;100;30;5;True;2000;3;0.1;0;0;0;0;0;103.71862721443176;15.901787042617798;111900.25181869666;103361.97072927604;6057.96278560795;2480.269999999999;[87.33, 87.33, 87.33, 87.33, 55.51, 87.33, 87.33, 79.33, 87.33, 87.33, 87.33, 37.52, 78.33, 87.33, 73.33, 87.33, 80.33, 87.33, 87.33, 87.33, 87.33, 87.33, 87.33, 87.33, 70.33, 87.33, 84.33, 87.33, 87.33, 87.33];49.809999999999995;[1, 3, 4, 3, 3, 3, 3, 1, 2, 6, 6, 3, 2, 5, 5, 3, 2, 3, 5, 2, 3, 3, 3, 4, 2, 5, 3, 1, 5, 8];7;102;False
30;100;30;6;True;2000;3;0.1;0;0;0;0;0;139.53635025024414;14.337951898574829;117171.1902830998;108137.77501866201;5956.153806153585;3077.32;[111.98, 65.98, 124.98, 124.98, 85.98, 113.98, 124.98, 124.98, 124.98, 49.98, 58.98, 124.98, 124.98, 95.98, 124.98, 43.98, 124.98, 82.98, 124.98, 124.98, 89.98, 124.98, 99.98, 64.98, 124.98, 112.98, 120.98, 89.98, 38.9, 124.98];86.08000000000001;[5, 5, 6, 4, 5, 4, 3, 4, 5, 2, 3, 5, 3, 2, 3, 2, 3, 3, 5, 5, 2, 3, 4, 2, 3, 5, 4, 1, 1, 1];5;103;False
40;80;40;1;True;2000;2;0.1;0;0;0;0;0;79.2261745929718;18.689685821533203;88691.41994746083;81145.88462458197;4746.102047523334;2799.2499999999995;[75.79, 68.79, 75.79, 75.79, 75.79, 66.79, 75.79, 75.79, 63.79, 57.79, 49.79, 65.79, 75.79, 75.79, 75.79, 75.79, 65.79, 75.79, 75.79, 75.79, 75.79, 20.68, 75.79, 75.79, 75.79, 73.79, 75.79, 75.79, 75.79, 75.79, 75.79, 29.55, 75.79, 75.79, 75.79, 75.79, 75.79, 39.79, 74.79, 75.79];55.11000000000001;[5, 2, 2, 1, 3, 1, 2, 3, 1, 1, 1, 2, 2, 3, 4, 2, 3, 2, 4, 1, 1, 3, 1, 1, 2, 1, 2, 3, 2, 1, 3, 2, 2, 5, 3, 2, 2, 1];4;82;False
40;80;40;2;True;2000;2;0.1;0;0;0;0;0;252.62654280662537;14.337081670761108;90154.73541869044;81435.59930375677;5013.4392622962805;3705.5200000000027;[75.65, 100.65, 111.65, 129.65, 55.65, 155.65, 82.65, 25.72, 77.65, 181.65, 36.65, 122.65, 79.65, 98.65, 77.65, 43.65, 36.65, 106.65, 84.65, 27.72, 131.65, 84.65, 73.65, 286.65, 106.65, 99.65, 86.65, 83.65, 49.65, 39.65, 145.65, 52.65, 117.65, 68.65, 95.65, 133.65, 112.65, 124.65, 23.03, 77.65];263.62;[3, 3, 2, 4, 3, 1, 2, 1, 2, 3, 1, 1, 1, 2, 2, 3, 2, 1, 3, 2, 5, 2, 3, 1, 2, 2, 1, 4, 2, 5, 1, 2, 5, 3, 3, 1];4;84;False
40;80;40;3;True;2000;2;0.1;0;0;0;0;0;88.87085151672363;12.789950847625732;81502.20811464146;73698.47648266515;4918.301736882454;2885.5600000000013;[85.94, 85.94, 85.94, 85.94, 85.94, 33.54, 29.4, 73.94, 85.94, 85.94, 29.4, 70.94, 85.94, 84.94, 45.94, 85.94, 62.94, 85.94, 46.94, 85.94, 44.94, 85.94, 85.94, 85.94, 85.94, 63.94, 85.94, 28.16, 48.94, 85.94, 23.16, 85.94, 85.94, 85.94, 85.94, 69.94, 85.94, 85.94, 85.94, 65.94];62.78;[2, 3, 2, 1, 3, 1, 2, 1, 2, 3, 2, 4, 3, 2, 3, 2, 3, 3, 4, 1, 2, 3, 2, 1, 2, 2, 1, 1, 2, 1, 3, 1, 1, 4, 3, 3, 1, 1];3;81;False
40;80;40;4;True;2000;2;0.1;0;0;0;0;0;85.0459794998169;17.42096781730652;89132.57584804954;80628.01314698375;5366.449111056227;3138.279999999999;[62.73, 83.56, 80.56, 83.56, 83.56, 83.56, 83.56, 83.56, 46.7, 83.56, 62.73, 83.56, 38.1, 83.56, 83.56, 83.56, 83.56, 83.56, 83.56, 83.56, 83.56, 21.42, 83.56, 83.56, 83.56, 77.56, 83.56, 83.56, 81.56, 83.56, 83.56, 83.56, 83.56, 83.56, 83.56, 83.56, 83.56, 76.56, 83.56, 83.56];62.14;[3, 3, 1, 1, 2, 1, 2, 4, 3, 2, 2, 4, 4, 1, 5, 3, 2, 1, 1, 1, 2, 2, 1, 1, 3, 1, 2, 4, 2, 1, 3, 3, 3, 1, 1, 2, 3, 2];4;83;False
40;80;40;5;True;2000;2;0.1;0;0;0;0;0;80.36323404312134;18.31686782836914;84355.0255314558;76513.9200209546;4976.368472034595;2864.900000000001;[68.92, 81.92, 81.92, 81.92, 38.7, 81.92, 81.92, 37.7, 81.92, 79.92, 81.92, 34.27, 58.92, 81.92, 81.92, 81.92, 44.83, 56.92, 81.92, 81.92, 81.92, 81.92, 80.92, 54.92, 24.29, 81.92, 51.92, 49.83, 81.92, 81.92, 81.92, 81.92, 81.92, 81.92, 81.92, 81.92, 52.92, 81.92, 81.92, 81.92];57.63;[1, 3, 3, 2, 1, 1, 2, 2, 1, 3, 2, 2, 3, 4, 2, 1, 1, 4, 2, 2, 2, 2, 1, 3, 1, 3, 4, 2, 1, 2, 3, 2, 2, 2, 4, 3, 2];3;81;False
40;80;40;6;True;2000;2;0.1;0;0;0;0;0;60.68681478500366;14.919764757156372;89968.31056514959;83096.5032129197;4639.997562818809;2231.799999999999;[60.06, 60.06, 60.06, 60.06, 60.06, 60.06, 60.06, 60.06, 60.06, 35.06, 27.61, 60.06, 60.06, 60.06, 47.06, 22.73, 60.06, 60.06, 60.06, 60.06, 60.06, 60.06, 60.06, 44.06, 60.06, 60.06, 60.06, 60.06, 41.15, 41.15, 60.06, 60.06, 60.06, 60.06, 60.06, 60.06, 60.06, 51.06, 60.06, 60.06];37.33;[3, 3, 3, 3, 3, 3, 1, 3, 2, 1, 3, 1, 1, 2, 3, 1, 3, 1, 1, 2, 3, 1, 2, 2, 4, 2, 1, 2, 2, 3, 2, 3, 2, 2, 4, 1, 2];3;81;False
40;90;40;1;True;2000;2;0.1;0;0;0;0;0;97.83801913261414;20.144678831100464;100143.8823088287;91936.42819541701;5266.577957410557;2940.8599999999983;[83.72, 83.72, 49.0, 83.72, 83.72, 57.0, 75.72, 83.72, 83.72, 64.0, 66.0, 83.72, 83.72, 83.72, 81.72, 83.72, 59.0, 78.72, 83.72, 83.72, 78.72, 20.84, 83.72, 83.72, 83.72, 58.0, 69.0, 83.72, 78.72, 83.72, 83.72, 27.14, 74.72, 83.72, 83.72, 83.72, 83.72, 37.0, 40.0, 83.72];62.879999999999995;[5, 3, 1, 1, 2, 1, 2, 3, 2, 2, 1, 3, 2, 5, 1, 3, 2, 3, 3, 1, 1, 1, 2, 1, 1, 1, 3, 1, 4, 3, 1, 2, 4, 3, 7, 5, 1, 2, 3];6;92;False
40;90;40;2;True;2000;2;0.1;0;0;0;0;0;154.36686253547668;17.1669442653656;103545.39658551627;94118.57586477774;5980.778607877755;3445.880000000003;[77.76, 93.76, 113.76, 95.76, 72.76, 143.76, 60.76, 59.76, 46.76, 88.76, 56.76, 93.76, 61.76, 115.76, 62.76, 70.76, 32.76, 82.76, 129.76, 32.76, 119.76, 120.76, 89.76, 143.76, 143.76, 85.76, 65.76, 59.76, 47.76, 59.76, 89.76, 74.76, 91.76, 66.76, 95.76, 143.76, 125.76, 128.76, 24.24, 74.76];119.52;[3, 2, 1, 3, 1, 4, 4, 2, 1, 1, 2, 2, 2, 1, 2, 2, 4, 2, 4, 2, 3, 2, 3, 4, 5, 3, 1, 2, 1, 2, 2, 1, 3, 2, 3, 6, 4, 2, 1];5;95;False
40;90;40;3;True;2000;2;0.1;0;0;0;0;0;421.9645037651062;20.61130666732788;111206.39682551687;100337.85887377859;6498.102284201787;4370.589999999999;[104.43, 99.43, 69.43, 109.43, 100.43, 34.24, 29.87, 78.43, 127.43, 83.43, 24.64, 69.43, 207.43, 82.43, 66.43, 104.43, 56.53, 88.43, 41.63, 429.43, 80.43, 117.43, 109.43, 50.63, 94.43, 294.21, 129.43, 17.88, 334.43, 116.43, 52.63, 109.43, 127.43, 113.43, 98.43, 84.43, 97.43, 119.43, 114.43, 101.43];411.55;[1, 1, 2, 2, 3, 1, 3, 1, 4, 2, 1, 2, 3, 4, 3, 4, 3, 1, 4, 9, 1, 4, 3, 1, 2, 2, 4, 1, 5, 3, 2, 2, 4, 1, 1, 3, 2, 3, 4, 2];8;104;False
40;90;40;4;True;2000;2;0.1;0;0;0;0;0;79.73898530006409;17.56767177581787;97858.65275567924;89540.60141508827;5618.0973812360435;2699.790000000001;[53.8, 70.8, 56.8, 70.8, 70.8, 70.8, 70.8, 70.8, 70.8, 70.8, 41.24, 70.8, 38.51, 70.8, 70.8, 70.8, 70.8, 70.8, 70.8, 70.8, 70.8, 32.44, 70.8, 70.8, 70.8, 70.8, 70.8, 69.8, 70.8, 70.8, 70.8, 70.8, 70.8, 70.8, 70.8, 70.8, 70.8, 70.8, 70.8, 70.8];38.36;[3, 4, 1, 2, 1, 3, 2, 2, 1, 4, 1, 2, 2, 1, 3, 1, 6, 2, 2, 3, 1, 2, 2, 3, 1, 1, 4, 2, 3, 3, 2, 2, 3, 1, 5, 3, 1, 1, 2, 2];5;90;True
40;90;40;5;True;2000;2;0.1;0;0;0;0;0;89.53079390525818;22.638864994049072;97670.56373856023;89315.9041829997;5435.923830930939;2918.879999999998;[67.74, 82.74, 82.74, 82.74, 48.12, 82.74, 82.74, 41.66, 82.74, 82.74, 82.74, 29.35, 63.74, 61.74, 82.74, 82.74, 50.12, 63.74, 82.74, 82.74, 82.74, 82.74, 82.74, 53.74, 26.35, 82.74, 72.74, 58.74, 82.74, 82.74, 82.74, 82.74, 82.74, 82.74, 82.74, 82.74, 47.12, 82.74, 82.74, 82.74];56.38999999999999;[2, 3, 3, 3, 1, 2, 3, 2, 1, 2, 4, 2, 2, 5, 2, 1, 2, 3, 1, 1, 1, 1, 4, 2, 4, 2, 1, 4, 5, 3, 1, 3, 2, 2, 3, 1, 4, 2, 2];4;92;False
40;90;40;6;True;2000;2;0.1;0;0;0;0;0;85.10452079772949;16.50725293159485;102621.17538768119;94497.9793100686;5328.933175144167;2794.2499999999986;[76.81, 71.81, 76.81, 76.81, 76.81, 76.81, 76.81, 76.81, 76.81, 40.81, 41.81, 74.81, 76.81, 76.81, 59.81, 24.66, 76.81, 58.81, 76.81, 76.81, 76.81, 76.81, 75.81, 44.81, 76.81, 76.81, 76.81, 57.81, 47.81, 63.81, 76.81, 76.81, 76.81, 76.81, 76.81, 76.81, 76.81, 57.81, 76.81, 76.81];52.150000000000006;[3, 2, 3, 5, 2, 3, 1, 2, 2, 2, 1, 4, 2, 2, 3, 1, 3, 1, 4, 1, 1, 2, 3, 1, 3, 2, 3, 2, 1, 2, 2, 2, 2, 4, 4, 3, 2, 2, 2, 3];4;93;False
40;100;40;1;True;2000;2;0.1;0;0;0;0;0;126.32676196098328;25.505382776260376;115160.85977963878;105430.67681521618;6106.143118948237;3623.930000000001;[103.86, 103.86, 49.86, 103.86, 103.86, 64.86, 93.86, 103.86, 102.86, 54.86, 76.86, 81.86, 103.86, 103.86, 103.86, 103.86, 72.86, 89.86, 103.86, 96.86, 103.86, 34.64, 103.86, 103.86, 103.86, 101.86, 57.86, 103.86, 89.86, 103.86, 103.86, 55.86, 103.86, 103.86, 94.86, 103.86, 103.86, 41.61, 77.86, 103.86];69.22;[4, 3, 1, 2, 5, 2, 3, 3, 1, 1, 2, 3, 5, 3, 2, 4, 3, 4, 2, 2, 2, 2, 2, 2, 2, 2, 1, 2, 3, 3, 5, 1, 2, 3, 3, 5, 4, 1, 2, 3];4;105;False
40;100;40;2;True;2000;2;0.1;0;0;0;0;0;90.65817952156067;20.12035083770752;109528.44333041555;100615.04848101464;6441.101892757683;2472.2000000000007;[52.78, 65.78, 65.78, 65.78, 65.78, 65.78, 56.78, 65.78, 65.78, 65.78, 65.78, 65.78, 46.78, 65.78, 65.78, 65.78, 40.78, 65.78, 65.78, 33.78, 65.78, 65.78, 65.78, 65.78, 65.78, 65.78, 65.78, 65.78, 43.78, 65.78, 65.78, 65.78, 65.78, 65.78, 65.78, 65.78, 65.78, 65.78, 26.78, 65.78];39.0;[2, 2, 1, 4, 1, 4, 3, 2, 1, 2, 2, 6, 5, 1, 1, 2, 2, 2, 1, 3, 3, 3, 3, 4, 6, 2, 2, 2, 2, 2, 4, 2, 3, 3, 3, 4, 2, 2, 1, 1];5;101;False
40;100;40;3;True;2000;2;0.1;0;0;0;0;0;113.95015907287598;23.67708420753479;111303.72951973685;101735.3571176443;6071.844787505144;3496.339999999999;[97.68, 97.68, 97.68, 97.68, 97.68, 49.91, 36.46, 83.68, 97.68, 93.68, 64.68, 97.68, 97.68, 97.68, 63.68, 97.68, 72.68, 97.68, 55.68, 97.68, 97.68, 97.68, 97.68, 97.68, 93.68, 30.17, 97.68, 23.32, 93.68, 97.68, 97.68, 97.68, 97.68, 97.68, 97.68, 97.68, 97.68, 97.68, 97.68, 97.68];74.36000000000001;[2, 2, 3, 2, 3, 1, 4, 1, 1, 2, 3, 3, 4, 4, 2, 3, 4, 2, 4, 4, 2, 3, 3, 2, 3, 3, 2, 2, 5, 2, 2, 2, 2, 1, 4, 3, 3, 2, 3];4;103;False
40;100;40;4;True;2000;2;0.1;0;0;0;0;0;117.07545065879822;25.600135326385498;110630.78436966558;100567.19592823074;6293.398024305504;3770.0699999999983;[66.81, 103.81, 65.68, 86.81, 103.81, 99.81, 103.81, 103.81, 83.81, 103.81, 66.81, 103.81, 62.19, 103.81, 103.81, 103.81, 100.81, 103.81, 103.81, 93.81, 103.81, 36.85, 86.81, 91.81, 103.81, 100.81, 103.81, 64.19, 103.81, 87.81, 103.81, 103.81, 103.81, 103.81, 103.81, 103.81, 83.81, 103.81, 103.81, 103.81];66.96000000000001;[3, 5, 2, 2, 1, 1, 1, 5, 1, 3, 2, 3, 2, 1, 3, 3, 6, 3, 4, 3, 1, 2, 3, 2, 2, 1, 5, 1, 6, 2, 3, 4, 4, 4, 2, 1, 2, 2];5;101;False
40;100;40;5;True;2000;2;0.1;0;0;0;0;0;104.85947751998901;21.287734508514404;107355.46550368458;98129.39783265888;6049.444908960549;3176.499999999997;[90.24, 90.24, 90.24, 90.24, 47.24, 90.24, 90.24, 55.24, 90.24, 90.24, 90.24, 34.8, 59.24, 90.24, 90.24, 90.24, 57.24, 55.24, 90.24, 90.24, 90.24, 90.24, 90.24, 54.24, 28.58, 90.24, 50.24, 63.24, 90.24, 90.24, 90.24, 90.24, 90.24, 90.24, 90.24, 90.24, 54.24, 90.24, 90.24, 90.24];61.66;[3, 3, 4, 2, 2, 2, 3, 1, 2, 4, 1, 5, 3, 5, 2, 3, 1, 3, 2, 3, 1, 2, 1, 4, 1, 1, 3, 6, 2, 4, 3, 3, 2, 4, 2, 4, 2, 2];5;101;False
40;100;40;6;True;2000;2;0.1;0;0;0;0;0;105.6002893447876;16.123416900634766;111989.7640419728;102877.84853966591;5774.674296978673;3337.1299999999974;[85.99, 86.99, 94.99, 94.99, 94.99, 94.99, 94.99, 94.99, 94.99, 38.48, 41.05, 68.99, 94.99, 94.99, 67.99, 23.88, 94.99, 94.99, 81.99, 94.99, 94.99, 86.99, 73.99, 58.99, 94.99, 94.99, 94.99, 58.02, 50.02, 44.02, 94.99, 94.99, 94.99, 94.99, 94.99, 94.99, 94.99, 94.99, 94.99, 94.99];71.11;[4, 2, 4, 3, 4, 5, 1, 3, 2, 1, 2, 1, 1, 3, 1, 4, 1, 3, 1, 2, 5, 2, 1, 2, 2, 3, 3, 1, 2, 2, 2, 3, 4, 4, 5, 4, 2, 2, 3];4;100;True
50;100;50;1;True;2000;2;0.1;0;0;0;0;0;211.8425953388214;40.12005043029785;117879.88919403582;106800.86042255991;6205.603390661598;4873.579999999995;[188.41, 102.35, 65.49, 132.41, 116.41, 78.49, 87.49, 188.41, 100.35, 102.35, 22.1, 111.35, 100.35, 95.35, 87.49, 85.49, 55.49, 116.41, 109.35, 116.41, 100.35, 16.02, 124.41, 94.35, 108.35, 55.49, 58.49, 112.41, 124.41, 121.41, 125.41, 54.49, 101.35, 108.35, 94.35, 119.41, 116.41, 34.31, 48.49, 111.35, 69.49, 119.41, 65.49, 137.41, 31.19, 46.31, 72.49, 118.41, 188.41, 133.41];172.39;[3, 2, 1, 2, 3, 2, 2, 5, 1, 2, 1, 1, 1, 2, 2, 1, 3, 4, 3, 3, 2, 1, 3, 2, 2, 1, 1, 3, 3, 3, 1, 3, 2, 2, 4, 1, 2, 3, 1, 3, 3, 3, 1, 1, 2, 3, 4, 3];4;107;False
50;100;50;2;True;2000;2;0.1;0;0;0;0;0;124.13359236717224;31.513005018234253;112892.64805549844;102655.59231765356;6456.826876078002;3780.290000000003;[90.63, 91.63, 99.63, 81.63, 56.63, 99.63, 51.94, 41.26, 24.46, 96.63, 41.26, 99.63, 59.63, 99.63, 66.63, 59.63, 14.42, 66.63, 73.63, 32.07, 99.63, 99.63, 78.63, 99.63, 99.63, 89.63, 60.63, 99.63, 46.26, 49.94, 99.63, 52.94, 99.63, 78.63, 86.63, 99.63, 99.63, 79.63, 39.23, 61.63, 99.63, 59.63, 98.63, 80.63, 54.94, 65.63, 68.63, 99.63, 85.63, 99.63];85.21;[3, 2, 4, 1, 2, 3, 1, 2, 1, 4, 3, 2, 1, 1, 1, 3, 2, 2, 3, 4, 3, 2, 2, 3, 1, 3, 1, 4, 2, 2, 4, 2, 2, 1, 1, 3, 2, 3, 3, 1, 3, 2, 3, 2, 3];3;103;False
50;100;50;3;True;2000;2;0.1;0;0;0;0;0;134.66804695129395;38.61649203300476;110982.46610827318;100796.32253414839;6161.800395275098;4024.1499999999974;[110.85, 113.85, 113.85, 91.85, 70.85, 26.69, 42.49, 107.85, 113.85, 97.85, 19.58, 71.85, 113.85, 85.85, 41.49, 75.85, 26.69, 72.85, 28.19, 113.85, 78.85, 113.85, 113.85, 46.85, 67.85, 61.85, 113.85, 18.14, 58.85, 109.85, 22.87, 113.85, 113.85, 113.85, 113.85, 77.85, 86.85, 110.85, 109.85, 92.85, 72.85, 89.85, 97.85, 37.16, 74.85, 65.85, 72.85, 98.85, 85.85, 47.85];95.71;[1, 3, 2, 2, 1, 1, 2, 3, 5, 2, 3, 3, 1, 2, 2, 2, 4, 2, 1, 3, 3, 1, 2, 2, 2, 1, 2, 2, 3, 2, 2, 3, 1, 1, 2, 3, 1, 3, 2, 3, 1, 1, 5, 2, 4, 2, 2];4;103;False
50;100;50;4;True;2000;2;0.1;0;0;0;0;0;133.71361637115479;36.08384895324707;112074.75436874547;101142.15446154085;6335.411598858876;4597.260000000003;[64.88, 114.88, 86.88, 89.88, 107.88, 114.88, 96.88, 79.88, 32.97, 112.88, 19.67, 114.88, 42.77, 85.88, 114.88, 114.88, 108.88, 101.88, 105.88, 114.88, 114.88, 14.36, 88.88, 77.88, 57.88, 77.88, 103.88, 17.89, 107.88, 103.88, 114.88, 111.88, 114.88, 114.88, 114.88, 107.88, 88.88, 46.88, 114.88, 114.88, 84.88, 80.88, 114.88, 114.88, 114.88, 114.88, 114.88, 58.88, 75.88, 85.88];100.52;[3, 3, 2, 1, 1, 3, 1, 2, 1, 2, 2, 3, 1, 1, 4, 1, 3, 3, 1, 2, 1, 1, 1, 2, 1, 1, 2, 5, 2, 3, 2, 5, 2, 3, 1, 3, 2, 2, 2, 2, 3, 2, 1, 3, 4, 1, 4, 1];4;102;False
50;100;50;5;True;2000;2;0.1;0;0;0;0;0;98.13961052894592;29.072855710983276;108803.0540576945;99485.79963491956;6138.3786320583595;3178.7100000000023;[75.03, 75.03, 75.03, 75.03, 30.1, 75.03, 70.03, 44.03, 75.03, 64.03, 75.03, 3.0, 42.03, 69.03, 75.03, 75.03, 43.03, 60.03, 75.03, 75.03, 75.03, 75.03, 75.03, 70.03, 16.66, 75.03, 33.1, 34.66, 75.03, 75.03, 75.03, 75.03, 75.03, 75.03, 75.03, 75.03, 23.66, 75.03, 75.03, 75.03, 55.03, 75.03, 75.03, 51.03, 75.03, 15.24, 75.03, 75.03, 75.03, 53.03];72.03;[2, 3, 1, 3, 1, 1, 1, 2, 2, 3, 3, 3, 2, 1, 1, 4, 2, 2, 1, 1, 3, 4, 1, 2, 1, 5, 3, 2, 2, 2, 2, 5, 2, 4, 3, 2, 1, 2, 3, 3, 3, 1, 2, 2, 2, 2];4;103;False
50;100;50;6;True;2000;2;0.1;0;0;0;0;0;115.76320695877075;33.17934489250183;113617.51294144233;104168.41393622133;5762.969842486583;3685.969999999998;[95.16, 95.16, 95.16, 95.16, 95.16, 95.16, 68.16, 95.16, 95.16, 39.16, 29.24, 49.16, 95.16, 95.16, 47.16, 17.14, 95.16, 95.16, 64.16, 95.16, 95.16, 63.16, 82.16, 36.16, 95.16, 95.16, 71.16, 63.16, 34.16, 43.16, 67.16, 95.16, 76.16, 95.16, 95.16, 88.16, 95.16, 38.16, 95.16, 86.16, 95.16, 20.08, 40.16, 95.16, 95.16, 65.16, 21.07, 28.24, 69.16, 95.16];78.02;[1, 1, 3, 3, 2, 2, 5, 3, 2, 1, 3, 5, 2, 2, 5, 1, 3, 2, 2, 1, 1, 1, 2, 2, 4, 2, 2, 2, 2, 2, 4, 1, 1, 2, 2, 2, 3, 3, 2, 2, 1, 3, 1, 1, 2, 2];4;101;False
10;20;10;1;True;2000;2;0.15;0;0;0;0;0;49.719809770584106;0.3283390998840332;25311.70298544897;22522.212542204918;1477.9283638997747;1311.5999999999997;[135.06, 135.06, 135.06, 96.06, 135.06, 135.06, 135.06, 135.06, 135.06, 135.06];39.0;[3, 2, 3, 4, 2, 2, 3, 2, 2];2;23;False
10;20;10;2;True;2000;2;0.15;0;0;0;0;0;70.8755111694336;0.42988109588623047;29378.440531714103;26308.355806327363;1474.6991809065933;1595.4000000000003;[176.44, 160.44, 124.44, 186.44, 171.44, 163.44, 186.44, 91.44, 165.44, 169.44];95.0;[1, 3, 5, 3, 3, 5, 2, 3, 2];4;27;False
10;20;10;3;True;2000;2;0.15;0;0;0;0;0;41.58748722076416;0.2427990436553955;20977.089974903996;18618.142391168614;1278.3766586019979;1080.54;[113.96, 108.96, 113.96, 113.96, 113.96, 89.42, 84.44, 113.96, 113.96, 113.96];29.519999999999996;[2, 1, 3, 1, 3, 2, 3, 2, 2, 3];2;22;False
10;20;10;4;True;2000;2;0.15;0;0;0;0;0;45.7508590221405;0.4061317443847656;25853.959671350687;23339.37932970961;1296.5523586533584;1218.0;[109.6, 124.6, 124.6, 124.6, 124.6, 124.6, 124.6, 124.6, 111.6, 124.6];15.0;[2, 3, 2, 1, 2, 3, 3, 3, 1, 4];3;24;False
10;20;10;5;True;2000;2;0.15;0;0;0;0;0;81.37593340873718;0.5720024108886719;30910.645984747418;27612.75746544088;1706.963874694418;1590.8999999999999;[201.79, 201.79, 146.79, 201.79, 201.79, 170.79, 127.79, 109.79, 135.79, 92.79];108.99999999999999;[2, 4, 6, 3, 2, 3, 2, 3, 3, 2];4;30;False
10;20;10;6;True;2000;2;0.15;0;0;0;0;0;47.4728798866272;0.23910999298095703;25176.78814948219;22635.808205692705;1242.4412157690563;1298.58;[133.35, 117.89, 133.35, 133.35, 133.35, 133.35, 113.89, 133.35, 133.35, 133.35];19.459999999999994;[1, 2, 2, 2, 3, 2, 2, 3, 3, 3];2;23;False
10;30;10;1;True;2000;2;0.15;0;0;0;0;0;96.19618272781372;0.38207149505615234;37986.27030707529;33885.06883308971;2191.044470947825;1910.1999999999998;[200.12, 151.12, 187.12, 217.12, 228.12, 228.12, 155.12, 171.12, 175.12, 197.12];77.0;[3, 3, 3, 5, 5, 4, 3, 4, 2, 3];3;35;False
10;30;10;2;True;2000;2;0.15;0;0;0;0;0;59.55476522445679;0.528756856918335;32389.481907160978;29040.23151075688;1990.3765581990435;1358.8300000000004;[93.34, 140.61, 140.61, 140.61, 140.61, 140.61, 140.61, 140.61, 140.61, 140.61];47.27000000000001;[2, 2, 1, 3, 3, 3, 3, 6, 3, 5];5;31;False
10;30;10;3;True;2000;2;0.15;0;0;0;0;0;59.24476170539856;0.5236263275146484;32869.31984530771;29481.98019968502;2035.5959368565973;1351.7;[135.77, 135.77, 135.77, 135.77, 135.77, 129.77, 135.77, 135.77, 135.77, 135.77];6.0;[2, 2, 3, 3, 4, 4, 4, 3, 3, 4];2;32;False
10;30;10;4;True;2000;2;0.15;0;0;0;0;0;95.15731191635132;0.5899066925048828;40776.782031759765;37041.31932864031;1969.4430090295043;1766.01;[147.77, 175.75, 136.77, 156.04, 182.75, 165.75, 220.47, 139.77, 220.47, 220.47];83.69999999999999;[2, 3, 3, 3, 1, 5, 5, 2, 4, 8];7;36;False
10;30;10;5;True;2000;2;0.15;0;0;0;0;0;96.01446080207825;0.5662178993225098;37954.89778618034;34031.331769885495;2181.896698444545;1741.7;[193.95, 167.95, 170.95, 220.95, 117.0, 220.95, 220.95, 142.0, 137.0, 150.0];103.94999999999999;[3, 4, 5, 5, 1, 3, 5, 3, 4, 3];4;36;False
10;30;10;6;True;2000;2;0.15;0;0;0;0;0;62.8762309551239;0.6314442157745361;36214.35000209591;33133.390684911836;1718.0759784597;1362.8999999999999;[139.09, 111.09, 139.09, 139.09, 139.09, 139.09, 139.09, 139.09, 139.09, 139.09];28.0;[1, 3, 5, 3, 4, 3, 3, 5, 4, 4];4;35;False
10;40;10;1;True;2000;2;0.15;0;0;0;0;0;204.19509863853455;1.0632154941558838;53368.15962930191;48012.649972344996;2967.462620025058;2388.0;[196.2, 176.2, 395.2, 164.2, 304.2, 410.2, 189.2, 170.2, 196.2, 186.2];246.0;[7, 5, 6, 2, 6, 8, 3, 3, 6, 3];6;49;False
10;40;10;2;True;2000;2;0.15;0;0;0;0;0;90.77586579322815;1.219926357269287;50388.60258692721;45870.21163201976;2856.5724121275757;1661.8;[169.48, 169.48, 169.48, 169.48, 169.48, 169.48, 169.48, 136.48, 169.48, 169.48];33.0;[4, 4, 5, 6, 3, 8, 6, 3, 5, 3];5;47;False
10;40;10;3;True;2000;2;0.15;0;0;0;0;0;81.40749478340149;0.6468861103057861;43286.945080504214;39402.99817023652;2288.628018774557;1595.3000000000004;[148.93, 161.93, 161.93, 161.93, 161.93, 150.93, 161.93, 161.93, 161.93, 161.93];13.0;[3, 3, 4, 3, 7, 4, 5, 4, 3, 5];4;41;False
10;40;10;4;True;2000;2;0.15;0;0;0;0;0;108.69280910491943;1.183849811553955;50301.22989987289;45817.12813223933;2587.0859475426423;1896.9899999999998;[146.29, 213.3, 213.3, 184.3, 213.3, 165.29, 213.3, 213.3, 121.31, 213.3];91.99000000000001;[4, 5, 4, 4, 3, 6, 4, 4, 5, 7];4;46;False
10;40;10;5;True;2000;2;0.15;0;0;0;0;0;115.07300734519958;0.8281900882720947;49626.0944434155;44771.862908958195;2849.48193207558;2004.73;[223.51, 196.51, 165.72, 210.51, 186.51, 223.51, 223.51, 174.72, 223.51, 176.72];57.78999999999999;[4, 6, 5, 4, 4, 3, 7, 4, 5, 5];4;47;False
10;40;10;6;True;2000;2;0.15;0;0;0;0;0;104.96531343460083;0.7868199348449707;47836.334113276156;43795.27100681436;2425.5666471426002;1615.4999999999998;[151.55, 97.55, 154.55, 208.55, 208.55, 208.55, 130.55, 208.55, 141.55, 105.55];111.00000000000001;[5, 2, 3, 6, 6, 4, 3, 6, 3, 6];4;44;False
10;50;10;1;True;2000;2;0.15;0;0;0;0;0;130.67025017738342;1.506608009338379;65721.59331263459;60339.62052799377;3239.6093657672377;2142.34;[220.95, 195.95, 220.95, 183.79, 220.95, 220.95, 220.95, 215.95, 220.95, 220.95];37.16;[8, 6, 7, 3, 9, 7, 4, 4, 6, 5];6;59;False
10;50;10;2;True;2000;2;0.15;0;0;0;0;0;124.72072672843933;1.568885087966919;64068.3511487699;58334.03313840207;3658.0683293020516;2076.28;[213.68, 213.68, 213.68, 213.68, 213.68, 213.68, 213.68, 188.92, 177.92, 213.68];35.76000000000002;[5, 6, 3, 7, 5, 7, 8, 4, 4, 8];5;57;False
10;50;10;3;True;2000;2;0.15;0;0;0;0;0;119.01545858383179;1.246021032333374;60033.735903263456;54723.204456877655;3349.524629642;1960.9999999999995;[184.1, 201.1, 201.1, 201.1, 201.1, 168.1, 201.1, 201.1, 201.1, 201.1];33.0;[4, 7, 9, 3, 5, 6, 6, 4, 5, 7];6;56;False
10;50;10;4;True;2000;2;0.15;0;0;0;0;0;108.78160214424133;1.4528744220733643;58872.176249235185;54054.305285449045;2962.159685936106;1855.7000000000003;[165.67, 190.67, 190.67, 190.67, 186.67, 190.67, 190.67, 190.67, 168.67, 190.67];25.0;[5, 7, 5, 4, 4, 6, 6, 6, 5, 6];3;54;False
10;50;10;5;True;2000;2;0.15;0;0;0;0;0;148.02274131774902;1.5152010917663574;65703.97757683833;59927.72347629429;3663.9382454025435;2112.2999999999997;[236.83, 236.83, 209.83, 236.83, 173.83, 236.83, 236.83, 159.83, 193.83, 190.83];77.0;[5, 6, 6, 7, 5, 9, 8, 4, 6, 5];5;61;False
10;50;10;6;True;2000;2;0.15;0;0;0;0;0;187.98349046707153;1.4888031482696533;69743.26876148992;63922.414371585655;3651.1156779430585;2169.78;[143.16, 159.16, 187.16, 321.22, 229.16, 214.16, 199.16, 321.22, 178.16, 217.22];178.06000000000003;[3, 3, 5, 9, 9, 7, 3, 10, 4, 9];7;62;False
10;60;10;1;True;2000;2;0.15;0;0;0;0;0;173.31360387802124;2.323181629180908;80989.18548087886;74238.11413082402;4429.79699582775;2321.2800000000007;[253.61, 249.61, 225.61, 186.79, 253.61, 212.61, 232.61, 253.61, 219.61, 233.61];66.82000000000002;[9, 7, 8, 3, 11, 6, 6, 8, 8, 5];8;71;False
10;60;10;2;True;2000;2;0.15;0;0;0;0;0;142.49273109436035;1.724553108215332;73433.97749921794;67396.76611687684;4032.1647046037847;2005.0000000000002;[214.2, 214.2, 214.2, 214.2, 214.2, 214.2, 181.2, 154.2, 170.2, 214.2];60.0;[5, 8, 7, 9, 5, 7, 7, 6, 6, 6];4;66;False
10;60;10;3;True;2000;2;0.15;0;0;0;0;0;199.63689517974854;2.276716947555542;76679.26416545846;70143.89904665423;4049.4747415735096;2485.9;[192.4, 231.62, 235.18, 189.4, 280.18, 217.4, 302.18, 294.18, 302.18, 241.18];112.78;[5, 7, 4, 5, 10, 6, 8, 8, 7, 9];6;69;False
10;60;10;4;True;2000;2;0.15;0;0;0;0;0;158.46517705917358;1.7160325050354004;76997.12685717238;70689.1354293439;4026.0503630074577;2281.899999999999;[215.39, 239.39, 230.39, 239.39, 239.39, 224.39, 239.39, 239.39, 202.39, 212.39];37.0;[7, 9, 6, 6, 5, 10, 6, 7, 4, 7];6;67;False
10;60;10;5;True;2000;2;0.15;0;0;0;0;0;372.3643879890442;2.0735182762145996;91866.30377765879;83540.14323212943;4727.554327565252;3598.6000000000004;[555.62, 555.62, 413.62, 255.9, 300.9, 521.62, 231.9, 214.9, 193.9, 354.62];361.72;[10, 15, 9, 6, 7, 9, 5, 6, 4, 9];11;80;False
10;60;10;6;True;2000;2;0.15;0;0;0;0;0;143.4954695701599;2.1257259845733643;83767.85310472212;77563.48909444844;4192.371422727056;2012.0;[203.0, 185.0, 203.0, 203.0, 203.0, 203.0, 203.0, 203.0, 203.0, 203.0];18.0;[5, 5, 9, 7, 9, 5, 7, 8, 8, 9];4;72;False
10;70;10;1;True;2000;2;0.15;0;0;0;0;0;167.36528730392456;2.21511173248291;87833.82257454886;80985.77845207455;4569.221659993136;2278.7999999999997;[227.98, 227.98, 227.98, 226.98, 227.98, 227.98, 227.98, 227.98, 227.98, 227.98];1.0;[11, 7, 8, 8, 12, 5, 6, 5, 8, 6];7;76;False
10;70;10;2;True;2000;2;0.15;0;0;0;0;0;196.42644548416138;1.8361539840698242;85887.89030814952;79001.90447664574;4532.236058902196;2353.7799999999997;[223.1, 274.1, 207.1, 274.1, 217.1, 274.1, 204.1, 162.88, 243.1, 274.1];111.22000000000003;[6, 9, 2, 12, 8, 8, 8, 7, 8, 8];10;76;False
10;70;10;3;True;2000;2;0.15;0;0;0;0;0;197.74825739860535;2.6762940883636475;94609.0472107738;87349.831726385;4841.302177849291;2417.93;[189.81, 254.66, 254.66, 254.66, 254.66, 226.75, 218.75, 254.66, 254.66, 254.66];64.85;[5, 10, 8, 9, 8, 7, 10, 10, 7, 10];5;84;False
10;70;10;4;True;2000;2;0.15;0;0;0;0;0;179.2682809829712;1.659461498260498;87841.13085023333;81068.92525269689;4563.322995201369;2208.9;[199.69, 250.69, 198.69, 250.69, 224.69, 190.69, 212.69, 250.69, 179.69, 250.69];71.0;[7, 9, 6, 9, 4, 10, 5, 11, 5, 9];7;75;False
10;70;10;5;True;2000;2;0.15;0;0;0;0;0;184.92253017425537;2.565338134765625;94085.00051097754;86480.88065888682;5165.766612070724;2438.4;[246.84, 246.84, 246.84, 246.84, 246.84, 246.84, 246.84, 216.84, 246.84, 246.84];30.0;[6, 10, 7, 9, 6, 8, 7, 8, 10, 10];4;81;False
10;70;10;6;True;2000;2;0.15;0;0;0;0;0;161.50307440757751;2.3249945640563965;96308.69921916218;89252.35112203682;4947.609819077844;2108.6999999999994;[212.37, 197.37, 212.37, 212.37, 212.37, 212.37, 212.37, 212.37, 212.37, 212.37];15.0;[6, 7, 11, 7, 8, 8, 5, 11, 9, 8];6;80;False
10;80;10;1;True;2000;2;0.15;0;0;0;0;0;253.32287669181824;3.631615161895752;116616.99021718072;107815.25749729926;6064.190038823903;2737.5599999999995;[296.14, 207.86, 296.14, 243.86, 296.14, 265.14, 296.14, 243.86, 296.14, 296.14];88.27999999999997;[14, 7, 11, 4, 12, 9, 8, 10, 12, 10];10;97;False
10;80;10;2;True;2000;2;0.15;0;0;0;0;0;278.47979259490967;2.6724841594696045;107635.47546628668;98955.44245641783;5892.973077700719;2787.100000000001;[239.11, 348.11, 221.11, 282.11, 332.11, 348.11, 294.11, 201.11, 229.11, 292.11];147.0;[8, 11, 4, 13, 11, 12, 12, 8, 5, 8];9;92;False
10;80;10;3;True;2000;2;0.15;0;0;0;0;0;304.99300146102905;2.66530179977417;106725.05603814547;97898.67694041604;5815.609707975259;3010.78;[277.12, 226.12, 265.12, 371.61, 371.61, 371.61, 194.12, 301.74, 260.12, 371.61];177.49;[7, 7, 8, 8, 12, 10, 8, 10, 13, 11];6;94;False
10;80;10;4;True;2000;2;0.15;0;0;0;0;0;188.28754115104675;2.7918009757995605;103005.6668705749;95217.51382979941;5494.16545887876;2293.94;[189.05, 234.21, 234.21, 234.21, 231.21, 234.21, 234.21, 234.21, 234.21, 234.21];45.16;[7, 9, 10, 8, 6, 10, 9, 10, 8, 9];4;86;False
10;80;10;5;True;2000;2;0.15;0;0;0;0;0;254.61074090003967;2.1988019943237305;103673.2885091754;95252.0031605371;5560.994151254402;2860.3;[319.07, 319.07, 273.1, 288.98, 245.29, 230.29, 319.07, 229.29, 317.07, 319.07];89.78;[8, 10, 9, 10, 9, 5, 11, 8, 11, 8];6;89;False
10;80;10;6;True;2000;2;0.15;0;0;0;0;0;180.31247520446777;2.9395229816436768;105502.65041349693;98216.2151508206;5139.050047968309;2147.4;[215.44, 208.44, 215.44, 215.44, 215.44, 215.44, 215.44, 215.44, 215.44, 215.44];7.0;[7, 5, 7, 10, 11, 8, 8, 11, 10, 10];6;87;False
10;90;10;1;True;2000;2;0.15;0;0;0;0;0;275.7044036388397;2.9904818534851074;116590.25014879105;107909.15712851498;5828.425218007115;2852.6299999999997;[320.2, 262.41, 254.41, 240.41, 320.2, 275.2, 320.2, 282.2, 300.2, 277.2];79.78999999999999;[13, 8, 8, 4, 15, 8, 9, 9, 12, 11];11;97;False
10;90;10;2;True;2000;2;0.15;0;0;0;0;0;224.8220455646515;3.5257983207702637;115779.55588475916;107049.47740841939;6308.652619538813;2421.4;[247.54, 247.54, 247.54, 220.54, 247.54, 247.54, 220.54, 247.54, 247.54, 247.54];27.0;[12, 12, 7, 12, 10, 12, 10, 9, 8, 8];5;100;False
10;90;10;3;True;2000;2;0.15;0;0;0;0;0;415.2813940048218;3.866522789001465;128663.69166333249;118905.85744843566;6259.104106228923;3498.7299999999996;[406.91, 267.91, 307.91, 225.54, 275.91, 343.91, 458.91, 458.91, 458.91, 293.91];233.37000000000003;[8, 8, 8, 7, 9, 13, 16, 15, 11, 14];9;109;False
10;90;10;4;True;2000;2;0.15;0;0;0;0;0;264.9769332408905;2.8079402446746826;118358.27009234182;109195.52511840219;6259.029356744936;2903.6800000000003;[298.99, 298.99, 267.38, 292.99, 283.99, 295.99, 298.99, 298.99, 268.38, 298.99];31.610000000000014;[12, 10, 10, 7, 6, 14, 11, 11, 6, 11];8;98;False
10;90;10;5;True;2000;2;0.15;0;0;0;0;0;218.13213658332825;2.817887783050537;110453.77515483953;102311.87950639121;5762.012488270867;2379.8999999999996;[237.99, 237.99, 237.99, 237.99, 237.99, 237.99, 237.99, 237.99, 237.99, 237.99];0.0;[8, 13, 10, 12, 5, 12, 8, 7, 10, 10];8;95;False
10;90;10;6;True;2000;2;0.15;0;0;0;0;0;209.14959168434143;3.3597922325134277;114968.56586337258;107058.6685465121;5609.341979442172;2300.6;[230.06, 230.06, 230.06, 230.06, 230.06, 230.06, 230.06, 230.06, 230.06, 230.06];0.0;[7, 9, 10, 10, 8, 13, 7, 11, 10, 10];6;95;False
10;100;10;1;True;2000;2;0.15;0;0;0;0;0;444.73752069473267;4.717531442642212;142145.6746346227;131934.28553624626;6645.961663086644;3565.43;[314.77, 285.77, 295.77, 464.68, 324.77, 315.77, 338.77, 464.68, 295.77, 464.68];178.91000000000003;[17, 9, 12, 12, 11, 9, 9, 12, 13, 13];8;117;False
10;100;10;2;True;2000;2;0.15;0;0;0;0;0;278.9705271720886;4.196994066238403;131356.17103239516;121300.45648876055;7275.1702500845;2780.4999999999995;[281.95, 281.95, 281.95, 281.95, 281.95, 281.95, 281.95, 249.95, 274.95, 281.95];32.0;[11, 12, 4, 16, 12, 16, 12, 8, 7, 12];12;110;False
10;100;10;3;True;2000;2;0.15;0;0;0;0;0;318.67597579956055;4.862959623336792;138226.93408219606;128412.18357812564;6776.018264876534;3038.7200000000003;[284.19, 316.19, 316.19, 316.19, 316.19, 238.01, 303.19, 316.19, 316.19, 316.19];78.18;[8, 13, 11, 14, 11, 10, 14, 12, 11, 10];6;114;False
10;100;10;4;True;2000;2;0.15;0;0;0;0;0;282.0406904220581;4.249903202056885;134174.50868748582;124629.72423382889;6708.213947590326;2836.6;[286.46, 286.46, 286.46, 286.46, 286.46, 259.46, 286.46, 286.46, 285.46, 286.46];27.0;[11, 9, 9, 9, 12, 11, 10, 15, 11, 13];6;110;False
10;100;10;5;True;2000;2;0.15;0;0;0;0;0;295.7541491985321;4.668274402618408;132069.5709626179;122625.22755233634;6590.177544821845;2854.2;[292.52, 292.52, 292.52, 292.52, 243.52, 292.52, 292.52, 270.52, 292.52, 292.52];48.99999999999997;[8, 14, 12, 12, 9, 11, 11, 10, 10, 12];6;109;False
10;100;10;6;True;2000;2;0.15;0;0;0;0;0;325.72828364372253;3.847433090209961;140139.47383536812;130243.87581456045;6972.68408215711;2922.899999999999;[299.39, 299.39, 299.39, 299.39, 299.39, 299.39, 271.39, 299.39, 270.39, 285.39];29.0;[9, 6, 13, 12, 10, 13, 8, 15, 13, 12];9;111;False
10;30;10;1;True;2000;3;0.15;0;0;0;0;0;93.11000204086304;0.9619903564453125;39255.64657470847;35548.74514483313;2096.4448771058996;1610.43;[166.76, 152.76, 128.59, 166.76, 166.76, 166.76, 161.76, 166.76, 166.76, 166.76];38.16999999999999;[5, 3, 3, 3, 4, 4, 2, 3, 4, 4];3;35;False
10;30;10;2;True;2000;3;0.15;0;0;0;0;0;194.4613800048828;0.9701194763183594;48305.13141211093;43209.36297085446;2744.4260570877486;2351.35;[149.58, 181.71, 336.71, 212.72, 105.83, 336.71, 163.95, 190.72, 336.71, 336.71];230.88;[3, 3, 6, 4, 1, 7, 4, 5, 5, 6];6;44;False
10;30;10;3;True;2000;3;0.15;0;0;0;0;0;193.66293358802795;1.2981061935424805;49592.52643068725;44896.018586335595;2634.0653451770645;2062.45;[110.11, 336.99, 336.99, 142.42, 231.99, 108.84, 195.23, 161.42, 216.23, 222.23];228.15;[2, 6, 8, 2, 5, 3, 5, 3, 5, 5];6;44;False
10;30;10;4;True;2000;3;0.15;0;0;0;0;0;145.77875518798828;0.6667883396148682;42490.666628429266;38464.39750769631;2247.319409316848;1778.8999999999999;[116.79, 262.79, 162.79, 194.79, 146.79, 262.79, 194.79, 160.79, 135.79, 140.79];146.0;[2, 7, 2, 2, 2, 8, 5, 3, 4, 3];6;38;False
10;30;10;5;True;2000;3;0.15;0;0;0;0;0;82.75276350975037;0.97048020362854;37866.97644188359;34241.20817486473;2175.6353759361473;1450.1000000000001;[148.71, 148.71, 148.71, 148.71, 142.71, 148.71, 148.71, 148.71, 117.71, 148.71];31.000000000000014;[1, 4, 4, 4, 2, 2, 4, 5, 4, 6];5;36;False
10;30;10;6;True;2000;3;0.15;0;0;0;0;0;203.90860080718994;0.9978044033050537;48185.066462427705;43938.903182307404;2167.2337500125814;2078.9;[160.55, 75.95, 140.55, 303.55, 361.55, 187.55, 131.55, 361.55, 214.55, 141.55];285.6;[2, 2, 2, 6, 7, 2, 3, 8, 4, 5];6;41;False
10;40;10;1;True;2000;3;0.15;0;0;0;0;0;127.40755033493042;1.150449514389038;52272.7082414763;47756.162017653056;2702.8855440302536;1813.6999999999998;[204.37, 172.37, 149.37, 155.37, 204.37, 170.37, 196.37, 177.37, 188.37, 195.37];55.0;[5, 4, 4, 1, 8, 4, 5, 3, 5, 7];7;46;False
10;40;10;2;True;2000;3;0.15;0;0;0;0;0;95.78836464881897;1.0831916332244873;49264.986151164034;44970.95690626615;2820.528542431399;1473.4999999999998;[149.05, 149.05, 149.05, 149.05, 149.05, 149.05, 142.05, 139.05, 149.05, 149.05];10.0;[6, 4, 1, 6, 4, 6, 5, 4, 3, 4];5;43;False
10;40;10;3;True;2000;3;0.15;0;0;0;0;0;136.07175707817078;1.1702156066894531;51365.16136578344;46503.09523133433;2833.787166289816;2028.3000000000006;[218.13, 177.13, 218.13, 205.13, 218.13, 192.13, 202.13, 170.13, 216.13, 211.13];48.0;[4, 3, 5, 3, 6, 7, 5, 5, 3, 5];4;46;False
10;40;10;4;True;2000;3;0.15;0;0;0;0;0;200.32558155059814;1.297288179397583;61569.76866185994;56339.45096200751;2896.255317242216;2334.0600000000004;[136.77, 314.66, 192.53, 314.66, 250.66, 206.66, 269.66, 296.66, 153.14, 198.66];177.89000000000001;[4, 8, 3, 7, 3, 8, 7, 5, 3, 4];5;52;False
10;40;10;5;True;2000;3;0.15;0;0;0;0;0;163.51208519935608;1.8523445129394531;57391.625180880466;52006.41418141038;3194.0937785180063;2191.14;[231.26, 252.26, 193.26, 209.26, 186.53, 252.26, 218.26, 173.53, 222.26, 252.26];78.72999999999999;[2, 5, 6, 5, 5, 7, 6, 5, 4, 7];5;52;False
10;40;10;6;True;2000;3;0.15;0;0;0;0;0;119.3548092842102;1.02830171585083;50810.168548313675;46439.09743504702;2571.7413528677102;1799.2999999999997;[182.33, 168.33, 177.33, 191.33, 191.33, 191.33, 191.33, 180.33, 184.33, 141.33];50.0;[3, 4, 5, 4, 6, 4, 3, 5, 5, 5];3;44;False
10;50;10;1;True;2000;3;0.15;0;0;0;0;0;215.96935534477234;2.155466318130493;70165.11910417594;64064.51225134623;3771.3824451455416;2329.2;[310.32, 185.32, 253.32, 200.32, 310.32, 219.32, 183.32, 186.32, 260.32, 220.32];127.0;[10, 6, 5, 5, 10, 6, 3, 4, 6, 6];7;61;False
10;50;10;2;True;2000;3;0.15;0;0;0;0;0;158.84972596168518;1.1962471008300781;64786.1378016923;59236.96523328744;3539.287353556258;2009.8799999999999;[185.46, 233.05, 168.46, 228.05, 174.46, 233.05, 233.05, 113.2, 208.05, 233.05];119.85000000000001;[5, 6, 4, 7, 7, 7, 6, 3, 4, 7];4;56;False
10;50;10;3;True;2000;3;0.15;0;0;0;0;0;139.30341839790344;1.7628858089447021;61296.312000812664;56075.04177666508;3236.620292410233;1984.6;[186.76, 199.76, 199.76, 199.76, 199.76, 199.76, 199.76, 199.76, 199.76, 199.76];13.0;[4, 5, 7, 4, 8, 6, 4, 6, 7, 5];4;56;False
10;50;10;4;True;2000;3;0.15;0;0;0;0;0;162.72083497047424;1.5157179832458496;68483.32052321389;63094.31091315309;3294.5498964431613;2094.42;[165.44, 241.44, 241.44, 193.44, 192.44, 241.44, 238.44, 194.44, 144.46, 241.44];96.97999999999999;[6, 9, 7, 4, 3, 8, 5, 5, 4, 7];6;58;False
10;50;10;5;True;2000;3;0.15;0;0;0;0;0;219.91091537475586;1.626323938369751;73819.48991216293;67620.35440980466;3927.609374178129;2271.5;[304.55, 184.55, 304.55, 304.55, 141.55, 210.55, 192.55, 156.55, 304.55, 167.55];163.0;[5, 8, 9, 8, 4, 6, 6, 4, 9, 4];5;63;False
10;50;10;6;True;2000;3;0.15;0;0;0;0;0;213.08393955230713;2.1436779499053955;74169.388676826;68037.84950759177;3822.5487110776658;2309.0099999999998;[200.85, 187.85, 225.85, 254.85, 291.02, 198.85, 291.02, 213.85, 225.85, 219.02];103.16999999999999;[7, 6, 6, 5, 7, 4, 8, 6, 6, 9];5;64;False
10;60;10;1;True;2000;3;0.15;0;0;0;0;0;141.42408514022827;1.8386740684509277;71986.41924264208;66480.99859864391;3660.9811630975023;1844.4000000000003;[184.44, 184.44, 184.44, 184.44, 184.44, 184.44, 184.44, 184.44, 184.44, 184.44];0.0;[7, 4, 8, 4, 9, 5, 5, 5, 9, 6];5;62;False
10;60;10;2;True;2000;3;0.15;0;0;0;0;0;247.81209659576416;2.7146999835968018;84262.41954663009;77462.58978907857;4319.838447690792;2479.99;[204.54, 315.28, 201.54, 260.54, 234.54, 315.28, 217.54, 154.17, 261.28, 315.28];161.10999999999999;[4, 9, 5, 8, 7, 12, 8, 6, 4, 8];8;71;False
10;60;10;3;True;2000;3;0.15;0;0;0;0;0;171.92449641227722;1.8998923301696777;73951.52983227599;68161.8363882554;3786.097666055259;2003.6000000000004;[131.64, 221.63, 208.63, 188.06, 221.63, 172.06, 221.63, 195.06, 221.63, 221.63];89.99000000000001;[4, 8, 4, 5, 8, 5, 7, 8, 7, 9];5;65;False
10;60;10;4;True;2000;3;0.15;0;0;0;0;0;171.8077208995819;2.68113112449646;79805.5226210573;73533.54194987015;4097.842386181337;2174.12;[211.82, 222.82, 222.82, 222.82, 222.82, 196.78, 222.82, 222.82, 205.78, 222.82];26.039999999999992;[7, 7, 7, 5, 6, 6, 8, 9, 6, 5];4;66;False
10;60;10;5;True;2000;3;0.15;0;0;0;0;0;157.93132734298706;1.9059698581695557;74149.94246190219;68131.93488733967;4036.384895018104;1981.6;[200.76, 200.76, 200.76, 200.76, 200.76, 200.76, 200.76, 174.76, 200.76, 200.76];26.0;[5, 9, 6, 9, 6, 8, 6, 6, 4, 6];5;65;False
10;60;10;6;True;2000;3;0.15;0;0;0;0;0;142.66310811042786;2.5159287452697754;80554.33437364706;74942.93047232697;3835.191751301863;1776.1999999999998;[177.62, 177.62, 177.62, 177.62, 177.62, 177.62, 177.62, 177.62, 177.62, 177.62];0.0;[4, 4, 8, 7, 9, 9, 6, 7, 4, 7];5;65;False
10;70;10;1;True;2000;3;0.15;0;0;0;0;0;322.6413230895996;3.6590845584869385;103199.97474463831;95197.15210532416;5325.127214295422;2677.7;[370.77, 265.77, 213.77, 208.77, 370.77, 233.77, 279.77, 217.77, 270.77, 245.77];161.99999999999997;[10, 8, 10, 4, 14, 5, 7, 7, 11, 10];10;86;False
10;70;10;2;True;2000;3;0.15;0;0;0;0;0;173.51889324188232;2.0389280319213867;84243.61155516579;78065.81917496551;4144.818854432075;2033.0;[209.0, 209.0, 202.0, 209.0, 196.0, 209.0, 209.0, 172.0, 209.0, 209.0];37.0;[6, 8, 3, 8, 10, 9, 8, 7, 6, 7];7;72;False
10;70;10;3;True;2000;3;0.15;0;0;0;0;0;208.0740931034088;2.369641065597534;89014.95295411216;82449.30217517438;4288.2358382192615;2277.3799999999997;[189.57, 208.09, 244.09, 244.09, 244.09, 216.09, 244.09, 199.09, 244.09, 244.09];54.52000000000001;[5, 7, 8, 7, 10, 7, 7, 8, 9, 8];5;76;False
10;70;10;4;True;2000;3;0.15;0;0;0;0;0;250.28378033638;3.511500358581543;102994.56814498255;94865.05695762296;5354.1307595739245;2775.3999999999996;[248.24, 290.24, 290.24, 290.24, 288.24, 274.24, 274.24, 283.24, 246.24, 290.24];44.0;[8, 9, 10, 8, 5, 8, 9, 8, 7, 10];5;82;False
10;70;10;5;True;2000;3;0.15;0;0;0;0;0;177.40771079063416;2.0158863067626953;83370.44393915552;76671.8910944572;4643.728198930282;2054.8000000000006;[208.88, 208.88, 208.88, 208.88, 208.88, 208.88, 208.88, 208.88, 174.88, 208.88];34.0;[7, 8, 7, 8, 5, 5, 10, 8, 5, 10];5;73;False
10;70;10;6;True;2000;3;0.15;0;0;0;0;0;226.5917534828186;3.264890432357788;101592.6106408125;94336.83413121675;4777.710467196192;2478.1;[262.91, 244.91, 241.91, 254.91, 238.91, 237.91, 207.91, 262.91, 262.91, 262.91];55.00000000000003;[6, 5, 8, 8, 9, 11, 6, 8, 10, 10];6;81;False
10;80;10;1;True;2000;3;0.15;0;0;0;0;0;288.8985164165497;4.359637498855591;115875.16292587812;107515.33254162094;5485.687596119521;2874.169999999999;[310.39, 244.66, 282.39, 306.39, 298.39, 274.39, 270.39, 306.39, 287.39, 293.39];65.72999999999999;[13, 9, 11, 6, 11, 9, 7, 8, 10, 10];7;94;False
10;80;10;2;True;2000;3;0.15;0;0;0;0;0;196.7333414554596;2.2235279083251953;99553.0060611923;92385.74488308569;5049.687556107982;2117.55;[218.16, 218.16, 179.11, 218.16, 193.16, 218.16, 218.16, 218.16, 218.16, 218.16];39.04999999999998;[9, 10, 6, 9, 5, 9, 10, 8, 7, 9];5;82;False
10;80;10;3;True;2000;3;0.15;0;0;0;0;0;211.20106101036072;2.9003918170928955;100093.90818360247;92779.4394125048;5171.827794596909;2142.6700000000005;[221.41, 221.41, 221.41, 165.98, 221.41, 205.41, 221.41, 221.41, 221.41, 221.41];55.43000000000001;[7, 8, 7, 5, 10, 8, 10, 10, 9, 11];6;85;False
10;80;10;4;True;2000;3;0.15;0;0;0;0;0;318.40036845207214;3.473249673843384;112619.17940482704;104083.83923943593;5866.807173936948;2668.54;[243.99, 312.99, 233.99, 276.99, 271.99, 254.99, 333.99, 214.06, 191.56, 333.99];142.43;[8, 9, 8, 9, 9, 10, 11, 9, 7, 12];5;92;False
10;80;10;5;True;2000;3;0.15;0;0;0;0;0;494.3030061721802;3.4310226440429688;121862.16261875373;112174.35790034902;6152.325904121746;3535.500000000001;[379.05, 229.05, 354.05, 530.05, 272.05, 530.05, 311.05, 380.05, 253.05, 297.05];300.99999999999994;[9, 7, 14, 14, 8, 12, 11, 8, 8, 9];7;100;False
10;80;10;6;True;2000;3;0.15;0;0;0;0;0;241.51066994667053;3.4190099239349365;112907.96054421425;104967.97402002024;5398.313707430998;2541.66;[207.59, 263.56, 263.56, 263.56, 225.59, 263.56, 263.56, 263.56, 263.56, 263.56];55.97;[6, 5, 11, 7, 8, 14, 9, 9, 9, 12];9;90;False
10;90;10;1;True;2000;3;0.15;0;0;0;0;0;340.95254921913147;5.280875205993652;133642.84492767658;124478.79909992807;6217.460726842035;2946.6199999999994;[325.79, 263.01, 231.89, 290.39, 325.79, 293.39, 289.39, 275.39, 325.79, 325.79];93.90000000000003;[14, 7, 10, 6, 15, 10, 9, 10, 14, 11];9;106;False
10;90;10;2;True;2000;3;0.15;0;0;0;0;0;476.3433418273926;3.6370744705200195;131488.1688886198;121549.69367969249;6586.021136883524;3352.42;[242.07, 440.57, 287.57, 404.57, 318.57, 475.57, 266.68, 249.68, 346.57, 320.57];233.5;[9, 11, 9, 10, 13, 14, 10, 8, 10, 12];6;106;False
10;90;10;3;True;2000;3;0.15;0;0;0;0;0;284.8456075191498;5.134107828140259;123166.03066180063;114508.04439497154;5946.624023370858;2711.33;[258.2, 272.57, 272.57, 272.57, 272.57, 272.57, 272.57, 272.57, 272.57, 272.57];14.370000000000005;[8, 11, 11, 9, 10, 13, 11, 9, 8, 12];5;102;False
10;90;10;4;True;2000;3;0.15;0;0;0;0;0;256.35363125801086;4.682745933532715;123851.40308451222;115063.5002152006;6305.530468367416;2482.4;[249.04, 249.04, 249.04, 249.04, 249.04, 242.04, 249.04, 249.04, 248.04, 249.04];7.0;[9, 12, 9, 8, 10, 13, 10, 9, 8, 11];5;99;False
10;90;10;5;True;2000;3;0.15;0;0;0;0;0;567.6641707420349;5.16602349281311;139234.44523298077;128534.54740649027;6719.351549960465;3980.499999999999;[333.45, 293.45, 570.45, 570.45, 342.45, 366.45, 474.45, 299.45, 417.45, 312.45];277.00000000000006;[8, 14, 12, 17, 6, 6, 12, 12, 13, 11];11;111;False
10;90;10;6;True;2000;3;0.15;0;0;0;0;0;238.50845742225647;3.185685396194458;123693.6031311006;115484.62391748506;5877.168381122553;2331.8000000000006;[233.38, 233.38, 233.38, 233.38, 231.38, 233.38, 233.38, 233.38, 233.38, 233.38];2.0;[7, 9, 9, 8, 10, 11, 10, 10, 10, 13];6;97;False
10;100;10;1;True;2000;3;0.15;0;0;0;0;0;344.05193519592285;5.695265769958496;140890.80552727703;131328.54971566304;6572.423731002857;2989.85;[305.0, 298.0, 305.0, 305.0, 305.0, 305.0, 305.0, 305.0, 251.85, 305.0];53.150000000000006;[14, 10, 12, 13, 12, 11, 8, 11, 9, 11];6;111;False
10;100;10;2;True;2000;3;0.15;0;0;0;0;0;445.26332545280457;4.791717529296875;146812.87504645807;136174.0510590364;7317.9984842500635;3320.8000000000006;[408.38, 382.38, 322.38, 361.38, 266.38, 341.38, 295.38, 313.38, 272.38, 357.38];142.0;[12, 14, 8, 14, 12, 13, 10, 12, 6, 14];8;115;False
10;100;10;3;True;2000;3;0.15;0;0;0;0;0;392.81614208221436;4.578907012939453;138485.21214413756;128947.89107135862;6569.230861538048;2968.11;[238.89, 225.15, 311.01, 252.89, 318.59, 295.25, 282.25, 306.74, 368.67, 368.67];143.52;[6, 12, 12, 5, 15, 8, 11, 10, 14, 17];12;110;False
10;100;10;4;True;2000;3;0.15;0;0;0;0;0;248.99904537200928;4.802325010299683;132508.06090844492;123502.25753084171;6753.300545015484;2252.5;[225.55, 225.55, 225.55, 222.55, 225.55, 225.55, 225.55, 225.55, 225.55, 225.55];3.0;[9, 15, 12, 5, 8, 12, 9, 10, 13, 12];10;105;False
10;100;10;5;True;2000;3;0.15;0;0;0;0;0;412.7384948730469;5.643364906311035;142029.48429287437;132100.55496439053;6728.27819675127;3200.7000000000003;[378.57, 276.57, 294.57, 305.57, 308.57, 321.57, 378.57, 276.57, 378.57, 281.57];102.0;[12, 13, 11, 10, 8, 12, 11, 11, 13, 12];5;113;False
10;100;10;6;True;2000;3;0.15;0;0;0;0;0;314.2855017185211;5.596765995025635;141466.00239348167;132159.59667575103;6527.62597987489;2778.7999999999993;[287.78, 239.78, 287.78, 287.78, 263.78, 287.78, 260.78, 287.78, 287.78, 287.78];47.99999999999997;[9, 7, 12, 11, 14, 13, 8, 15, 10, 11];8;110;False
10;40;10;1;True;2000;4;0.15;0;0;0;0;0;116.66868305206299;1.3395113945007324;51663.982280602315;47014.558120715825;2775.3378410992773;1874.1;[190.01, 190.01, 169.01, 190.01, 190.01, 190.01, 190.01, 188.01, 187.01, 190.01];21.0;[5, 6, 5, 5, 6, 4, 3, 3, 2, 7];5;46;False
10;40;10;2;True;2000;4;0.15;0;0;0;0;0;150.2633626461029;4.350895643234253;59509.69985259394;54213.73127497046;3303.4500008162236;1992.5000000000002;[183.69, 223.69, 208.69, 177.69, 191.69, 223.69, 223.69, 151.29, 184.69, 223.69];72.4;[5, 6, 2, 8, 5, 7, 6, 4, 5, 5];6;53;False
10;40;10;3;True;2000;4;0.15;0;0;0;0;0;151.09017872810364;1.910656452178955;56222.540545221986;51178.28476192285;2956.83288131197;2087.45;[212.87, 153.62, 234.87, 131.87, 202.87, 234.87, 211.87, 234.87, 234.87, 234.87];103.0;[4, 4, 8, 2, 5, 6, 4, 4, 5, 7];6;49;False
10;40;10;4;True;2000;4;0.15;0;0;0;0;0;107.75835108757019;1.3365190029144287;50763.181864805854;46520.15189325281;2545.3279366989977;1697.7;[156.97, 176.97, 176.97, 158.97, 176.97, 166.97, 176.97, 176.97, 152.97, 176.97];24.0;[5, 4, 3, 3, 3, 6, 5, 4, 4, 8];5;45;False
10;40;10;5;True;2000;4;0.15;0;0;0;0;0;107.42398023605347;1.4434559345245361;50562.58896286033;46003.64283814579;2925.913641543044;1633.0000000000002;[173.7, 173.7, 173.7, 173.7, 151.7, 162.7, 173.7, 130.7, 173.7, 145.7];43.0;[4, 6, 5, 5, 3, 2, 6, 4, 6, 4];4;45;False
10;40;10;6;True;2000;4;0.15;0;0;0;0;0;111.61667537689209;1.201761245727539;52298.791850265356;48030.21703117858;2466.426767608333;1802.1000000000001;[183.21, 183.21, 183.21, 183.21, 183.21, 183.21, 183.21, 183.21, 183.21, 153.21];30.0;[3, 2, 5, 5, 8, 2, 4, 5, 6, 4];6;44;False
10;50;10;1;True;2000;4;0.15;0;0;0;0;0;310.85068249702454;1.7837347984313965;73496.61707414823;66803.5438643922;3516.58524999537;3176.4900000000002;[212.73, 190.73, 220.5, 224.5, 358.94, 456.09, 214.73, 456.09, 406.09, 436.09];265.36;[6, 7, 5, 2, 8, 8, 5, 8, 7, 7];6;63;False
10;50;10;2;True;2000;4;0.15;0;0;0;0;0;182.62749075889587;2.1185574531555176;68474.31186166119;62732.94770496297;3523.649515224007;2217.7200000000003;[175.13, 241.7, 223.7, 265.7, 176.13, 265.7, 206.13, 182.13, 262.7, 218.7];90.57;[4, 5, 4, 8, 5, 11, 6, 3, 6, 6];8;58;False
10;50;10;3;True;2000;4;0.15;0;0;0;0;0;115.70833921432495;2.04699444770813;63853.6515145689;58971.452908455605;3260.592262358625;1621.6000000000001;[162.16, 162.16, 162.16, 162.16, 162.16, 162.16, 162.16, 162.16, 162.16, 162.16];0.0;[4, 5, 5, 3, 7, 7, 7, 7, 5, 5];4;55;False
10;50;10;4;True;2000;4;0.15;0;0;0;0;0;207.2544891834259;2.24214243888855;69541.05164258857;63868.19838263626;3345.9459962566493;2326.8999999999996;[215.99, 295.99, 261.99, 195.99, 295.99, 145.99, 244.99, 295.99, 138.99, 234.99];157.0;[8, 8, 4, 5, 6, 6, 5, 7, 4, 6];4;59;False
10;50;10;5;True;2000;4;0.15;0;0;0;0;0;137.90792107582092;1.8818011283874512;61630.37403357691;56233.95747884048;3466.065529350732;1930.3600000000001;[200.47, 200.47, 200.47, 200.47, 200.47, 200.47, 200.47, 147.13, 179.47, 200.47];53.34;[5, 6, 6, 5, 6, 6, 6, 5, 4, 7];3;56;False
10;50;10;6;True;2000;4;0.15;0;0;0;0;0;270.58494234085083;2.4057788848876953;73651.70973715189;67457.84022095162;3697.7925506278375;2496.1000000000004;[192.51, 189.51, 252.51, 389.51, 217.51, 223.51, 229.51, 389.51, 219.51, 192.51];200.0;[4, 4, 6, 7, 5, 6, 7, 9, 5, 6];5;59;False
10;60;10;1;True;2000;4;0.15;0;0;0;0;0;216.29078102111816;6.145429611206055;86901.66985055164;80119.52928382685;4366.585822620424;2415.6000000000004;[266.76, 199.76, 209.76, 207.76, 266.76, 237.76, 266.76, 266.76, 226.76, 266.76];67.0;[10, 6, 7, 3, 11, 7, 6, 7, 8, 8];8;73;False
10;60;10;2;True;2000;4;0.15;0;0;0;0;0;164.7802562713623;1.6825957298278809;77019.38462745477;70948.73931632776;4018.435370381755;2052.2000000000003;[212.42, 212.42, 195.42, 212.42, 200.42, 212.42, 212.42, 169.42, 212.42, 212.42];43.0;[6, 8, 4, 8, 7, 8, 6, 7, 5, 6];4;65;False
10;60;10;3;True;2000;4;0.15;0;0;0;0;0;196.18879199028015;3.968003749847412;82132.79887692988;75641.20342796572;4059.658610130658;2431.9399999999996;[246.85, 246.85, 246.85, 246.85, 246.85, 210.29, 246.85, 246.85, 246.85, 246.85];36.56;[5, 7, 10, 6, 9, 8, 7, 5, 7, 7];5;71;False
10;60;10;4;True;2000;4;0.15;0;0;0;0;0;158.8422303199768;2.989150047302246;80400.5572836664;74732.927392667;3700.7772031859204;1966.8999999999996;[175.59, 202.59, 197.59, 202.59, 196.59, 202.59, 202.59, 202.59, 181.59, 202.59];27.0;[6, 6, 5, 4, 4, 8, 6, 8, 5, 14];10;66;False
10;60;10;5;True;2000;4;0.15;0;0;0;0;0;234.90257740020752;2.487061023712158;79919.98578756291;73265.07068269527;4418.297137366825;2236.6000000000004;[303.66, 191.66, 244.66, 275.66, 155.66, 204.66, 303.66, 186.66, 160.66, 209.66];148.00000000000003;[6, 7, 7, 9, 5, 5, 9, 7, 5, 9];4;69;False
10;60;10;6;True;2000;4;0.15;0;0;0;0;0;166.05169916152954;4.200682878494263;84510.08284296367;78520.7838566916;3914.4145861989296;2074.9;[207.49, 207.49, 207.49, 207.49, 207.49, 207.49, 207.49, 207.49, 207.49, 207.49];0.0;[5, 6, 8, 7, 9, 7, 7, 7, 5, 8];4;69;False
10;70;10;1;True;2000;4;0.15;0;0;0;0;0;188.68244457244873;3.2602601051330566;92022.781459116;85358.87511924814;4471.603543843509;2192.2999999999997;[219.33, 218.33, 219.33, 219.33, 219.33, 219.33, 219.33, 219.33, 219.33, 219.33];1.0;[8, 7, 9, 4, 13, 7, 7, 5, 8, 7];9;75;False
10;70;10;2;True;2000;4;0.15;0;0;0;0;0;207.94564008712769;2.652249813079834;88876.93354476121;82100.36189275805;4433.155743447743;2343.3999999999996;[251.24, 251.24, 251.24, 251.24, 251.24, 251.24, 230.24, 180.24, 174.24, 251.24];77.0;[7, 7, 6, 10, 8, 11, 8, 7, 4, 6];7;74;False
10;70;10;3;True;2000;4;0.15;0;0;0;0;0;247.46041870117188;3.9990949630737305;96481.5921016131;89085.59022728536;4723.209246486297;2672.79;[184.45, 287.85, 287.85, 284.9, 276.9, 275.9, 244.12, 255.12, 287.85, 287.85];103.40000000000003;[5, 10, 7, 6, 8, 6, 7, 9, 12, 11];7;81;False
10;70;10;4;True;2000;4;0.15;0;0;0;0;0;229.7377860546112;2.7579150199890137;98078.94389820717;90627.9305446403;5032.484944393812;2418.5;[232.93, 276.93, 209.13, 224.93, 257.93, 233.93, 276.93, 230.93, 216.93, 257.93];67.80000000000001;[6, 10, 7, 8, 6, 10, 10, 6, 6, 8];4;77;False
10;70;10;5;True;2000;4;0.15;0;0;0;0;0;170.15763211250305;4.146677017211914;90189.42088923597;83458.88361697124;4776.089027034691;1954.3999999999996;[195.84, 195.84, 195.84, 195.84, 195.84, 195.84, 195.84, 191.84, 195.84, 195.84];4.0;[7, 8, 7, 8, 8, 9, 6, 6, 9, 8];3;76;False
10;70;10;6;True;2000;4;0.15;0;0;0;0;0;228.04039645195007;4.366283416748047;101168.24484391678;93700.88674090595;5104.341299037292;2363.0;[215.0, 196.0, 236.0, 259.0, 259.0, 232.0, 259.0, 259.0, 259.0, 189.0];70.0;[5, 6, 10, 10, 8, 10, 8, 8, 7, 9];5;81;False
10;80;10;1;True;2000;4;0.15;0;0;0;0;0;266.93193078041077;5.026739597320557;113874.49232449768;105733.12272043801;5345.104057640764;2796.2999999999993;[266.53, 284.53, 270.53, 284.53, 284.53, 284.53, 284.53, 284.53, 283.53, 268.53];18.0;[6, 9, 9, 11, 14, 9, 8, 9, 7, 10];8;92;False
10;80;10;2;True;2000;4;0.15;0;0;0;0;0;234.58718609809875;4.070226669311523;109876.30072958526;101909.93253275636;5665.3313687553755;2301.03;[241.84, 241.84, 241.84, 208.84, 211.84, 241.84, 241.84, 187.47, 241.84, 241.84];54.370000000000005;[9, 9, 8, 10, 7, 10, 10, 8, 9, 9];3;89;False
10;80;10;3;True;2000;4;0.15;0;0;0;0;0;315.9959166049957;5.210137128829956;111085.12652289965;102575.30049604924;5625.000597990034;2884.81;[266.12, 195.47, 253.12, 340.96, 340.96, 292.96, 247.34, 293.96, 312.96, 340.96];145.48999999999998;[6, 11, 10, 7, 11, 8, 7, 11, 10, 10];5;91;False
10;80;10;4;True;2000;4;0.15;0;0;0;0;0;347.6384119987488;7.1040802001953125;122639.85179137964;113618.93148377945;6089.39871586087;2931.51;[213.77, 349.8, 240.77, 351.8, 238.77, 260.8, 360.8, 360.8, 202.4, 351.8];158.4;[8, 11, 10, 11, 8, 9, 10, 14, 7, 10];7;98;False
10;80;10;5;True;2000;4;0.15;0;0;0;0;0;242.33477663993835;2.7397499084472656;100879.55616202475;93000.8378251179;5306.615651231811;2572.1000000000004;[266.01, 266.01, 248.01, 266.01, 266.01, 266.01, 266.01, 224.01, 238.01, 266.01];42.0;[6, 10, 7, 11, 6, 6, 12, 6, 9, 11];6;84;False
10;80;10;6;True;2000;4;0.15;0;0;0;0;0;623.3621377944946;5.107687950134277;139880.3561631359;129647.17251750371;6465.205645289354;3767.94;[521.87, 283.19, 462.19, 381.19, 213.19, 425.19, 251.19, 658.87, 220.19, 350.87];445.68;[11, 6, 13, 11, 10, 12, 9, 17, 6, 11];11;106;False
10;90;10;1;True;2000;4;0.15;0;0;0;0;0;379.0817255973816;5.876225709915161;129600.63712947158;119849.30446368453;6086.523142888562;3664.7999999999997;[386.08, 367.08, 352.08, 378.08, 386.08, 343.08, 340.08, 368.08, 370.08, 374.08];46.0;[17, 7, 6, 9, 14, 11, 11, 11, 10, 8];11;104;False
