num_implements;num_tasks;num_vehicles;seed;full;time_horizon;num_periods;probabilityTA;probabilityTD;probabilityVA;probabilityVD;probabilityIA;probabilityID;t;toptimization;Obj;PenaltyCost;StaticCost;DistanciaTotal;Distancia_list;DesvDistancia;TaskDone_list;DesvTaskDone
10;10;10;1;True;2000;1;0;0;0;0;0;0;78.0760850906372;0.08767008781433105;7808.659487735174;6446.950085575149;587.2355161742828;774.4899999999999;[80.13, 86.13, 45.32, 86.13, 86.13, 86.13, 80.13, 86.13, 86.13, 52.13];40.809999999999995;[2, 3, 1, 2, 2];2
10;10;10;2;True;2000;1;0;0;0;0;0;0;142.19850969314575;0.09264731407165527;8542.680135635423;7051.824844417095;420.51502253149323;1070.31;[51.88, 133.11, 93.11, 114.11, 64.88, 178.11, 124.11, 41.02, 91.87, 178.11];137.09;[1, 3, 1, 3, 1, 1];2
10;10;10;3;True;2000;1;0;0;0;0;0;0;96.70654106140137;0.07048463821411133;8147.598919537998;6693.4620749724545;495.08506090988766;959.0699999999998;[71.33, 74.33, 117.41, 76.33, 117.41, 44.89, 105.14, 117.41, 117.41, 117.41];72.52;[1, 3, 1, 1, 1, 1, 2];2
10;10;10;4;True;2000;1;0;0;0;0;0;0;84.99112224578857;0.09357595443725586;7912.959174050188;6546.56487461998;514.984217161308;851.4399999999999;[54.73, 98.5, 35.11, 98.5, 98.5, 98.5, 98.5, 97.5, 73.1, 98.5];63.39;[2, 1, 3, 1, 1, 2];2
10;10;10;5;True;2000;1;0;0;0;0;0;0;91.32786083221436;0.08102726936340332;6540.563508902194;5247.017322753416;520.1886054092406;773.38;[60.14, 87.14, 58.14, 107.14, 28.12, 106.14, 107.14, 52.14, 81.14, 86.14];79.02;[1, 1, 1, 2, 3, 2];2
10;10;10;6;True;2000;1;0;0;0;0;0;0;62.51838254928589;0.0831460952758789;6832.129979906683;5693.760305139097;446.8024146276326;691.5300000000001;[73.23, 40.46, 73.23, 73.23, 73.23, 73.23, 73.23, 73.23, 73.23, 65.23];32.77;[1, 1, 2, 2, 1, 1, 2];1
10;20;10;1;True;2000;1;0;0;0;0;0;0;146.6445598602295;0.26951146125793457;20806.82116219323;18126.494052944006;1282.7908666414155;1397.52;[143.34, 122.27, 133.61, 143.34, 143.34, 138.26, 143.34, 143.34, 143.34, 143.34];21.070000000000007;[3, 2, 2, 1, 4, 1, 3, 1, 3];3
10;20;10;2;True;2000;1;0;0;0;0;0;0;176.79964447021484;0.2774159908294678;18269.917712234073;15623.445888963646;1159.5841391212011;1486.8899999999999;[129.37, 151.37, 109.57, 177.37, 187.37, 187.37, 141.37, 85.36, 130.37, 187.37];102.01;[1, 3, 2, 2, 3, 2, 2, 1, 4];3
10;20;10;3;True;2000;1;0;0;0;0;0;0;103.08866024017334;0.27368617057800293;16179.531008637072;14068.65661484421;1140.0629192622696;970.84;[91.53, 99.49, 99.49, 99.49, 99.49, 83.39, 99.49, 99.49, 99.49, 99.49];16.099999999999994;[1, 3, 4, 1, 3, 2, 1, 1, 2, 2];3
10;20;10;4;True;2000;1;0;0;0;0;0;0;134.92840576171875;0.2625770568847656;17727.25703691356;15402.447835122182;1030.3702716824591;1294.4099999999999;[116.76, 136.0, 93.89, 136.0, 136.0, 131.76, 136.0, 136.0, 136.0, 136.0];42.11;[1, 4, 3, 1, 2, 2, 2, 2, 3];3
10;20;10;5;True;2000;1;0;0;0;0;0;0;153.2484278678894;0.2697627544403076;16769.52404543842;14360.439158735702;1100.5305240568568;1308.5800000000002;[84.89, 155.59, 109.59, 155.59, 130.59, 155.59, 155.59, 155.59, 107.59, 97.97];70.7;[2, 2, 3, 3, 1, 1, 2, 1, 3, 2];2
10;20;10;6;True;2000;1;0;0;0;0;0;0;168.12682628631592;0.28842902183532715;17637.96114467554;15304.33696718632;1014.9630406248706;1318.6800000000003;[107.94, 73.22, 149.94, 153.94, 127.94, 136.94, 170.94, 170.94, 139.94, 86.94];97.72;[2, 2, 2, 3, 2, 3, 2, 4];2
10;30;10;1;True;2000;1;0;0;0;0;0;0;213.73707103729248;0.5432798862457275;34629.26173893259;31008.17568648031;1813.8817833149017;1807.1999999999996;[185.82, 162.82, 162.82, 180.82, 185.82, 185.82, 185.82, 185.82, 185.82, 185.82];23.0;[4, 3, 2, 5, 3, 4, 3, 3, 3];3
10;30;10;2;True;2000;1;0;0;0;0;0;0;246.5847306251526;0.48351335525512695;29567.175532855454;25814.53373869365;1924.6646307834783;1827.94;[169.53, 208.53, 149.53, 180.53, 205.53, 233.53, 188.53, 124.17, 141.53, 226.53];109.36;[2, 3, 4, 3, 5, 3, 4, 2, 4];3
10;30;10;3;True;2000;1;0;0;0;0;0;0;177.36609649658203;0.49320340156555176;30564.2362067685;27263.13315733952;1822.0645356209861;1479.0200000000002;[131.67, 152.71, 152.71, 152.71, 152.71, 125.67, 152.71, 152.71, 152.71, 152.71];27.040000000000006;[1, 3, 4, 1, 4, 3, 5, 3, 2, 4];4
10;30;10;4;True;2000;1;0;0;0;0;0;0;200.11196517944336;0.5346603393554688;35235.20271737294;31961.15097832275;1591.8178881219953;1682.2;[169.29, 176.74, 114.25, 161.48, 176.74, 176.74, 176.74, 176.74, 176.74, 176.74];62.49000000000001;[2, 4, 4, 1, 1, 5, 5, 2, 3, 3];4
10;30;10;5;True;2000;1;0;0;0;0;0;0;164.19335985183716;0.4628913402557373;29570.351222653233;26448.450058635648;1719.2155226970806;1402.69;[144.4, 131.89, 144.4, 144.4, 144.4, 144.4, 144.4, 123.11, 136.89, 144.4];21.290000000000006;[3, 3, 5, 3, 2, 2, 3, 2, 3, 4];3
10;30;10;6;True;2000;1;0;0;0;0;0;0;182.7394881248474;0.510134220123291;31532.23744095066;28507.38962718472;1543.7273256227923;1481.1599999999999;[140.79, 115.76, 157.79, 157.79, 157.79, 157.79, 157.79, 157.79, 156.79, 121.08];42.02999999999999;[2, 3, 3, 4, 3, 3, 5, 3, 4];3
10;40;10;1;True;2000;1;0;0;0;0;0;0;245.28086757659912;0.7753596305847168;55464.64723977882;51196.77981947997;2398.387719159255;1869.4499999999998;[191.58, 173.58, 191.58, 191.58, 191.58, 191.58, 191.58, 191.58, 163.23, 191.58];28.350000000000023;[6, 4, 4, 2, 7, 3, 4, 3, 4, 3];5
10;40;10;2;True;2000;1;0;0;0;0;0;0;296.1848840713501;0.8319685459136963;56337.843170296794;51735.17783665483;2557.736173615547;2044.92;[179.54, 231.65, 173.97, 226.54, 230.11, 231.65, 227.54, 139.9, 172.37, 231.65];91.75;[2, 3, 2, 5, 4, 5, 6, 4, 3, 6];4
10;40;10;3;True;2000;1;0;0;0;0;0;0;271.9858441352844;0.8350458145141602;55196.179258002885;50981.80947135215;2258.961739237966;1955.4200000000003;[168.64, 186.96, 207.22, 207.22, 207.22, 149.28, 207.22, 207.22, 207.22, 207.22];57.94;[4, 4, 3, 5, 3, 8, 6, 3, 4];5
10;40;10;4;True;2000;1;0;0;0;0;0;0;251.15164947509766;0.7694380283355713;54763.4364246699;50531.548632543774;2279.857777021827;1952.0399999999997;[164.41, 201.31, 189.73, 201.31, 201.31, 201.31, 201.31, 201.31, 188.73, 201.31];36.900000000000006;[5, 7, 1, 3, 2, 6, 4, 3, 4, 5];6
10;40;10;5;True;2000;1;0;0;0;0;0;0;218.011381149292;0.7673978805541992;51579.6059749027;47464.00230421191;2495.7526509299587;1619.8100000000004;[162.9, 162.9, 162.9, 162.9, 153.71, 162.9, 162.9, 162.9, 162.9, 162.9];9.189999999999998;[5, 5, 4, 4, 3, 3, 5, 4, 4, 3];2
10;40;10;6;True;2000;1;0;0;0;0;0;0;259.85338735580444;0.8168942928314209;55047.82156990454;50724.30168879338;2356.2777539886406;1967.2200000000003;[190.72, 170.74, 202.72, 202.72, 202.72, 202.72, 202.72, 202.72, 202.72, 186.72];31.97999999999999;[2, 3, 4, 5, 4, 3, 5, 6, 4, 4];4
10;50;10;1;True;2000;1;0;0;0;0;0;0;285.331778049469;1.1006643772125244;89545.63248449638;84815.4805443918;2822.9112816317356;1907.2700000000002;[192.45, 192.45, 192.45, 192.45, 192.45, 192.45, 192.45, 192.45, 175.22, 192.45];17.22999999999999;[6, 5, 6, 5, 7, 3, 3, 4, 5, 6];4
10;50;10;2;True;2000;1;0;0;0;0;0;0;359.2106876373291;1.2167680263519287;90920.6979959623;85540.76177300316;3130.211125475645;2249.7000000000003;[204.68, 246.68, 246.68, 246.68, 217.68, 246.68, 174.24, 173.02, 246.68, 246.68];73.66;[1, 4, 4, 7, 4, 8, 6, 5, 6, 5];7
10;50;10;3;True;2000;1;0;0;0;0;0;0;310.9937644004822;1.2265021800994873;87080.10498210568;82136.46742665634;2858.5917402966734;2085.07;[195.1, 191.1, 213.71, 213.71, 213.71, 202.9, 213.71, 213.71, 213.71, 213.71];22.610000000000014;[3, 5, 4, 3, 5, 5, 7, 7, 5, 6];4
10;50;10;4;True;2000;1;0;0;0;0;0;0;283.150484085083;1.0715444087982178;84678.09131063466;79916.54514797595;2795.439534704084;1966.1000000000004;[196.61, 196.61, 196.61, 196.61, 196.61, 196.61, 196.61, 196.61, 196.61, 196.61];0.0;[5, 6, 5, 3, 3, 6, 6, 5, 5, 6];3
10;50;10;5;True;2000;1;0;0;0;0;0;0;349.150098323822;1.124351978302002;87920.20838081518;82643.5588535702;3120.2714654872084;2156.35;[222.83, 189.83, 182.81, 247.83, 198.83, 231.83, 247.83, 197.83, 188.9, 247.83];65.02000000000001;[4, 6, 5, 5, 5, 5, 7, 2, 5, 6];5
10;50;10;6;True;2000;1;0;0;0;0;0;0;281.09508514404297;1.1613409519195557;81581.74002846028;76941.82989795305;2768.4480468146553;1871.4999999999995;[191.35, 180.35, 191.35, 191.35, 191.35, 191.35, 191.35, 191.35, 191.35, 160.35];31.0;[3, 3, 3, 6, 6, 7, 5, 7, 5, 5];4
10;60;10;1;True;2000;1;0;0;0;0;0;0;432.6021776199341;1.4060850143432617;154580.8000812209;148621.64911971617;3513.3591827258515;2445.76;[212.24, 258.98, 242.98, 258.98, 258.98, 258.98, 229.44, 258.98, 207.22, 258.98];51.76000000000002;[6, 7, 7, 6, 7, 5, 5, 5, 5, 7];2
10;60;10;2;True;2000;1;0;0;0;0;0;0;386.96681213378906;1.555797815322876;136037.43214201464;129971.04939586812;3731.850020416276;2334.55;[236.82, 236.82, 236.82, 234.82, 236.82, 236.82, 211.17, 230.82, 236.82, 236.82];25.650000000000006;[4, 5, 5, 8, 7, 10, 6, 4, 5, 6];6
10;60;10;3;True;2000;1;0;0;0;0;0;0;435.1273217201233;1.549232006072998;141795.9272702661;135762.32762667743;3420.737089936054;2612.8700000000003;[278.73, 241.15, 278.73, 237.15, 278.73, 239.15, 278.73, 224.04, 277.73, 278.73];54.690000000000026;[3, 5, 4, 6, 8, 5, 8, 8, 7, 6];5
10;60;10;4;True;2000;1;0;0;0;0;0;0;442.5505361557007;1.5286126136779785;146682.4360239258;140643.63328937988;3469.3920084728215;2569.4000000000005;[236.9, 281.72, 208.07, 275.72, 243.55, 228.36, 281.72, 281.72, 249.92, 281.72];73.65000000000003;[6, 6, 5, 5, 6, 6, 7, 8, 5, 6];3
10;60;10;5;True;2000;1;0;0;0;0;0;0;452.62458419799805;1.5785844326019287;149975.3942515941;143683.69277440832;3711.072152993007;2580.64;[276.9, 234.9, 275.9, 252.9, 276.9, 264.83, 275.9, 220.68, 236.9, 264.83];56.21999999999997;[5, 7, 8, 7, 5, 6, 7, 4, 5, 6];4
10;60;10;6;True;2000;1;0;0;0;0;0;0;407.8845248222351;1.4959089756011963;132712.48837012055;127001.1121223474;3316.9707530701007;2394.45;[246.76, 241.76, 251.76, 251.76, 251.76, 251.76, 188.61, 251.76, 251.76, 206.76];63.14999999999998;[4, 5, 6, 9, 8, 4, 5, 7, 7, 5];5
10;70;10;1;True;2000;1;0;0;0;0;0;0;593.3689861297607;1.9485552310943604;252282.5207430119;245092.32713172626;4146.68659140425;3043.5000000000005;[334.15, 283.15, 334.15, 302.15, 334.15, 301.15, 274.15, 301.15, 334.15, 245.15];88.99999999999997;[8, 5, 8, 6, 9, 6, 5, 9, 7, 7];4
10;70;10;2;True;2000;1;0;0;0;0;0;0;619.4077868461609;1.9645419120788574;228408.6741737748;221275.50471807984;4187.259110488259;2945.9400000000005;[345.05, 345.05, 345.05, 345.05, 292.9, 283.9, 258.9, 168.09, 259.9, 302.05];176.96;[5, 7, 4, 12, 7, 9, 7, 6, 6, 7];8
10;70;10;3;True;2000;1;0;0;0;0;0;0;631.9656100273132;1.7890007495880127;213950.54778087843;206981.4042131581;3944.2342019821244;3024.91;[273.84, 331.55, 305.96, 330.55, 294.4, 234.79, 234.79, 331.55, 308.55, 378.93];144.14000000000001;[9, 7, 7, 5, 8, 6, 7, 7, 7, 7];4
10;70;10;4;True;2000;1;0;0;0;0;0;0;555.908191204071;1.976430892944336;233591.37866923367;226193.09845120064;4410.889370972832;2987.38;[324.02, 294.02, 324.02, 244.02, 318.02, 324.02, 324.02, 324.02, 236.65, 274.57];87.36999999999998;[5, 7, 8, 7, 5, 8, 8, 9, 5, 8];4
10;70;10;5;True;2000;1;0;0;0;0;0;0;577.0150752067566;1.9150733947753906;219151.8873079735;211808.27579480072;4388.5234691879405;2955.0999999999995;[275.52, 285.52, 286.52, 285.52, 240.87, 252.43, 332.43, 331.43, 331.43, 333.43];92.56;[5, 8, 9, 9, 6, 6, 6, 6, 8, 7];4
10;70;10;6;True;2000;1;0;0;0;0;0;0;581.7320556640625;2.0376672744750977;250467.81498393475;243601.48830266923;4181.173657864157;2685.1600000000008;[296.61, 293.61, 296.61, 296.61, 295.61, 295.61, 295.61, 243.61, 230.61, 140.67];155.94000000000003;[6, 5, 7, 7, 10, 8, 8, 7, 7, 5];5
10;80;10;1;True;2000;1;0;0;0;0;0;0;679.1608457565308;2.406895399093628;374780.2604549136;367084.39205675584;4543.453315748609;3152.45;[279.08, 315.08, 348.08, 282.08, 348.08, 319.08, 302.08, 348.08, 348.08, 262.73];85.34999999999997;[7, 7, 8, 6, 10, 7, 9, 13, 6, 7];7
10;80;10;2;True;2000;1;0;0;0;0;0;0;700.1901621818542;2.3501224517822266;362471.5746095938;354493.3040701264;4869.8939983556975;3108.37;[339.58, 303.6, 309.4, 338.58, 295.2, 339.58, 339.58, 163.69, 339.58, 339.58];175.89;[5, 8, 6, 12, 8, 8, 11, 6, 8, 8];7
10;80;10;3;True;2000;1;0;0;0;0;0;0;634.1697287559509;2.2712721824645996;333211.32219090883;325311.7321495508;4726.548234478962;3173.0299999999997;[302.21, 330.21, 330.21, 319.21, 330.21, 330.21, 316.21, 324.21, 294.02, 296.33];36.19;[7, 8, 8, 7, 7, 10, 7, 6, 9, 11];5
10;80;10;4;True;2000;1;0;0;0;0;0;0;685.8647274971008;2.3238048553466797;410879.9727712265;402304.7716073131;5201.203340534806;3373.9999999999995;[344.1, 351.1, 351.1, 351.1, 336.1, 351.1, 351.1, 331.1, 351.1, 256.1];95.0;[10, 7, 10, 8, 6, 10, 7, 9, 6, 7];4
10;80;10;5;True;2000;1;0;0;0;0;0;0;617.4338645935059;2.512052536010742;340634.56044500327;332720.4558109367;4937.842904494927;2976.26;[315.0, 317.0, 317.0, 284.0, 262.17, 317.0, 317.0, 265.0, 317.0, 265.09];54.829999999999984;[7, 11, 8, 8, 9, 6, 6, 6, 10, 9];5
10;80;10;6;True;2000;1;0;0;0;0;0;0;694.0312013626099;2.431875228881836;385950.7786627904;377814.3846483072;4749.824229699835;3386.5599999999995;[231.73, 313.58, 341.57, 304.1, 347.88, 369.74, 369.74, 368.74, 369.74, 369.74];138.01000000000002;[5, 6, 8, 10, 7, 11, 9, 8, 9, 7];6
10;90;10;1;True;2000;1;0;0;0;0;0;0;763.8201642036438;2.8487184047698975;563730.7116284223;555099.0051681071;5131.255036258404;3500.4299999999994;[301.97, 367.37, 367.37, 326.37, 367.37, 367.37, 344.37, 367.37, 367.37, 323.5];65.39999999999998;[6, 9, 10, 7, 13, 7, 10, 10, 8, 10];7
10;90;10;2;True;2000;1;0;0;0;0;0;0;756.2442502975464;3.0484559535980225;547632.1593951774;538407.6961468989;5676.7676871729855;3547.7100000000005;[370.09, 334.42, 370.09, 370.09, 370.09, 370.09, 370.09, 273.57, 370.09, 349.09];96.51999999999998;[9, 7, 7, 11, 11, 11, 11, 6, 10, 7];5
10;90;10;3;True;2000;1;0;0;0;0;0;0;866.0737447738647;3.108980894088745;593391.0251739195;584098.6372572293;5247.9395366203735;4044.45;[431.83, 360.95, 421.2, 336.34, 431.83, 431.83, 430.47, 336.34, 431.83, 431.83];95.49000000000001;[7, 7, 6, 10, 10, 12, 7, 8, 11, 12];6
10;90;10;4;True;2000;1;0;0;0;0;0;0;926.0335712432861;3.0633506774902344;650809.627011252;641193.2143388629;5589.06897444922;4027.3500000000004;[389.54, 457.54, 430.54, 361.89, 356.94, 340.74, 457.54, 398.54, 457.54, 376.54];116.80000000000001;[6, 8, 8, 8, 11, 13, 9, 9, 9, 9];7
10;90;10;5;True;2000;1;0;0;0;0;0;0;845.24169921875;2.8229339122772217;569868.1184545433;561277.9561665875;5403.176334794564;3187.01;[380.93, 380.93, 260.9, 371.93, 380.93, 380.93, 274.9, 159.92, 214.71, 380.93];221.01000000000002;[7, 11, 12, 12, 10, 9, 7, 5, 6, 11];7
10;90;10;6;True;2000;1;0;0;0;0;0;0;752.1095013618469;2.8564834594726562;511137.6406630492;502336.2853059859;5312.4964053745625;3488.8699999999994;[320.42, 359.1, 359.1, 318.13, 359.1, 359.1, 359.1, 336.62, 359.1, 359.1];40.97000000000003;[5, 10, 7, 10, 9, 9, 12, 8, 11, 9];7
10;100;10;1;True;2000;1;0;0;0;0;0;0;954.3310799598694;3.441436529159546;898086.1200936497;888037.921619604;5777.701501693512;4270.51;[432.48, 432.48, 432.48, 432.48, 395.19, 432.48, 432.48, 416.48, 431.48, 432.48];37.29000000000002;[13, 12, 11, 7, 11, 11, 8, 9, 9, 9];6
10;100;10;2;True;2000;1;0;0;0;0;0;0;891.4795308113098;3.343827247619629;794379.484664268;783922.499879037;6535.907762671394;3921.080000000001;[413.11, 389.49, 367.34, 413.11, 316.2, 369.39, 413.11, 413.11, 413.11, 413.11];96.91000000000003;[11, 7, 8, 11, 13, 12, 7, 11, 9, 11];6
10;100;10;3;True;2000;1;0;0;0;0;0;0;900.1199893951416;3.622934579849243;812693.9701899089;803039.7960032636;5804.788811526339;3849.37;[382.8, 399.06, 357.58, 348.19, 402.06, 402.06, 351.44, 402.06, 402.06, 402.06];53.870000000000005;[9, 16, 10, 8, 11, 9, 8, 8, 9, 12];8
10;100;10;4;True;2000;1;0;0;0;0;0;0;849.3573188781738;3.4924585819244385;822504.8906859219;812483.7726377626;6232.185264779991;3788.9600000000005;[371.96, 384.8, 384.8, 383.8, 384.8, 384.8, 384.8, 339.6, 384.8, 384.8];45.19999999999999;[12, 9, 8, 9, 8, 10, 10, 14, 12, 8];6
10;100;10;5;True;2000;1;0;0;0;0;0;0;889.8137879371643;3.150362491607666;753581.1661753887;743498.0730074391;6080.255102371065;4002.8399999999997;[391.14, 410.14, 409.14, 411.14, 411.14, 370.51, 366.21, 411.14, 411.14, 411.14];44.93000000000001;[9, 10, 12, 12, 10, 12, 8, 10, 8, 9];4
10;100;10;6;True;2000;1;0;0;0;0;0;0;887.0029759407043;3.7065203189849854;841006.1494554136;831233.0928191217;5839.109153459262;3933.9700000000003;[399.23, 399.23, 345.9, 399.23, 399.23, 399.23, 399.23, 399.23, 395.23, 398.23];53.33000000000004;[7, 5, 10, 12, 11, 11, 12, 11, 9, 12];7
20;20;20;1;True;2000;1;0;0;0;0;0;0;118.96965503692627;0.5833771228790283;17150.48006605148;14455.090261270436;1292.2251803230592;1403.1799999999996;[96.82, 65.97, 33.36, 96.82, 96.82, 54.29, 39.3, 96.82, 68.97, 37.02, 15.27, 86.82, 96.82, 45.29, 58.29, 96.82, 27.22, 96.82, 96.82, 96.82];81.55;[2, 1, 1, 3, 2, 1, 1, 2, 1, 2, 2, 2];2
20;20;20;2;True;2000;1;0;0;0;0;0;0;160.19367265701294;0.6333649158477783;17132.882498841278;14272.325767518325;1209.4334911201167;1651.1699999999996;[44.6, 140.28, 93.28, 129.28, 85.28, 138.28, 41.3, 82.28, 31.05, 140.28, 47.82, 104.28, 63.28, 75.28, 89.28, 45.82, 16.66, 84.28, 140.28, 58.28];123.62;[2, 3, 1, 1, 1, 2, 1, 2, 2, 1, 4];3
20;20;20;3;True;2000;1;0;0;0;0;0;0;147.71811151504517;0.6498627662658691;16665.488502354732;13949.814126886562;1131.6041998342755;1584.07;[111.78, 111.78, 76.47, 95.47, 126.52, 25.55, 37.12, 93.47, 128.34, 120.52, 16.3, 51.54, 128.34, 67.47, 29.01, 79.47, 42.91, 70.47, 43.2, 128.34];112.04;[2, 2, 4, 1, 1, 1, 2, 1, 1, 1, 4];3
20;20;20;4;True;2000;1;0;0;0;0;0;0;146.04144859313965;0.6126265525817871;16672.25259097052;13859.278132294585;937.8317717460013;1875.1700000000005;[29.02, 133.15, 49.11, 80.77, 121.15, 82.77, 60.56, 97.15, 73.0, 102.15, 17.96, 81.77, 59.56, 133.15, 130.15, 108.15, 133.15, 133.15, 133.15, 116.15];115.19;[1, 2, 2, 1, 1, 1, 3, 2, 2, 1, 1, 2, 1];2
20;20;20;5;True;2000;1;0;0;0;0;0;0;112.17469787597656;0.5269935131072998;15701.367255582734;13085.578971998588;1120.3144276962323;1495.4600000000005;[75.21, 93.64, 85.62, 84.62, 34.1, 93.64, 93.64, 61.21, 75.21, 66.21, 93.64, 3.0, 64.21, 92.64, 93.64, 93.64, 70.21, 34.1, 93.64, 93.64];90.64;[1, 2, 1, 2, 2, 1, 2, 1, 1, 1, 2, 3, 1];2
20;20;20;6;True;2000;1;0;0;0;0;0;0;129.56388664245605;0.6193902492523193;17100.220274103016;14621.542907777663;982.6484055864714;1496.0300000000002;[76.84, 87.84, 106.14, 106.14, 77.84, 79.84, 92.14, 106.14, 97.14, 32.53, 36.36, 51.84, 106.14, 99.14, 36.36, 25.88, 90.14, 52.84, 45.9, 88.84];80.26;[1, 1, 1, 3, 2, 3, 1, 2, 2, 2, 1, 1];2
20;30;20;1;True;2000;1;0;0;0;0;0;0;159.63158655166626;1.239783763885498;26560.209988375307;22865.791611401786;1838.451948793959;1856.0000000000007;[114.94, 52.39, 72.94, 114.94, 104.94, 70.94, 96.94, 114.94, 113.94, 69.94, 59.47, 87.94, 114.94, 114.94, 77.94, 114.94, 77.94, 104.94, 65.16, 110.94];62.55;[2, 1, 1, 2, 3, 1, 1, 2, 2, 1, 4, 1, 4, 2, 3];3
20;30;20;2;True;2000;1;0;0;0;0;0;0;210.75277948379517;1.3602042198181152;28324.340159058516;24143.835620458198;1917.1622866189145;2263.380000000001;[107.63, 163.63, 163.63, 145.63, 89.63, 163.63, 118.63, 79.63, 87.63, 150.63, 66.64, 138.63, 88.63, 102.63, 100.63, 76.63, 56.4, 143.63, 128.63, 90.63];107.22999999999999;[2, 3, 2, 3, 1, 3, 1, 1, 1, 3, 2, 1, 1, 1, 2, 2, 1];2
20;30;20;3;True;2000;1;0;0;0;0;0;0;113.89640522003174;1.1667532920837402;22964.554874307432;19801.722106690253;1812.004901875962;1350.8900000000003;[74.88, 74.88, 74.88, 74.88, 74.88, 43.44, 62.87, 74.88, 74.88, 74.88, 37.14, 62.87, 74.88, 71.88, 74.88, 74.88, 46.77, 72.88, 54.48, 74.88];37.739999999999995;[1, 2, 1, 5, 3, 1, 1, 2, 1, 1, 1, 2, 1, 1, 1, 1, 1, 2, 2];4
20;30;20;4;True;2000;1;0;0;0;0;0;0;189.01859855651855;1.0655872821807861;27818.773673704505;24220.729030518873;1537.0881473171312;2060.9300000000003;[41.69, 139.91, 58.9, 79.91, 141.91, 67.89, 83.91, 110.91, 68.89, 117.91, 47.91, 101.91, 83.91, 121.91, 148.91, 136.91, 138.91, 148.91, 144.91, 74.91];107.22;[2, 3, 3, 1, 1, 1, 4, 2, 3, 3, 2, 3, 2];3
20;30;20;5;True;2000;1;0;0;0;0;0;0;153.59150314331055;1.3128931522369385;26013.407113765305;22325.888184151197;1618.860048843764;2068.6300000000006;[117.41, 117.41, 96.41, 117.41, 62.05, 117.41, 117.41, 79.56, 101.41, 83.58, 117.41, 60.71, 88.58, 117.41, 117.41, 117.41, 117.41, 109.41, 117.41, 95.41];56.699999999999996;[4, 2, 1, 2, 1, 2, 2, 4, 2, 2, 2, 1, 2, 3];3
20;30;20;6;True;2000;1;0;0;0;0;0;0;164.6086392402649;1.490100622177124;27827.97246050199;24484.254208694114;1480.7538968869403;1863.0400000000002;[92.47, 115.47, 115.47, 115.47, 107.47, 115.47, 100.47, 115.47, 115.47, 67.47, 59.08, 75.47, 115.47, 87.47, 61.08, 56.89, 115.47, 64.47, 74.47, 92.47];58.58;[1, 2, 1, 1, 4, 2, 1, 3, 3, 1, 2, 1, 2, 2, 2, 2];3
20;40;20;1;True;2000;1;0;0;0;0;0;0;228.7936315536499;2.126539707183838;44850.15984470344;40107.80678749496;2362.4851197738667;2379.8599999999997;[150.0, 75.96, 97.81, 150.0, 125.0, 110.0, 141.0, 118.0, 150.0, 87.1, 72.17, 93.83, 150.0, 120.0, 114.0, 149.0, 90.25, 104.74, 150.0, 131.0];77.83;[3, 1, 2, 3, 1, 3, 3, 4, 2, 1, 1, 5, 1, 1, 1, 2, 3, 3];4
20;40;20;2;True;2000;1;0;0;0;0;0;0;260.13369512557983;2.1549124717712402;44834.42728589805;39821.87074175289;2580.2520771174263;2432.3399999999997;[118.56, 119.56, 164.56, 112.56, 105.73, 177.56, 102.73, 94.73, 83.22, 172.56, 89.73, 144.56, 83.22, 133.56, 98.73, 103.73, 69.36, 170.56, 174.56, 112.56];108.2;[2, 3, 2, 3, 1, 5, 2, 1, 2, 3, 4, 2, 2, 1, 4, 2, 1];4
20;40;20;3;True;2000;1;0;0;0;0;0;0;164.8799180984497;1.8724980354309082;35172.94455182139;30950.112287128628;2282.195493462906;1940.6399999999999;[108.71, 108.71, 108.71, 108.71, 108.37, 69.54, 76.27, 108.71, 108.71, 108.71, 55.05, 86.39, 108.71, 100.37, 100.37, 108.71, 69.54, 107.37, 80.27, 108.71];53.66;[1, 2, 1, 4, 3, 1, 3, 2, 2, 2, 1, 2, 1, 2, 1, 4, 1, 2, 2, 3];3
20;40;20;4;True;2000;1;0;0;0;0;0;0;268.9344606399536;2.332138776779175;46935.76270451811;42030.17069473657;2238.708475489823;2666.8999999999996;[81.56, 167.97, 95.97, 140.97, 114.97, 141.97, 101.97, 124.97, 110.97, 159.97, 76.32, 169.97, 117.97, 137.97, 164.97, 174.97, 145.97, 184.97, 156.97, 95.53];108.65;[2, 4, 1, 1, 2, 1, 1, 1, 1, 1, 4, 1, 1, 2, 4, 3, 5, 3, 2];4
20;40;20;5;True;2000;1;0;0;0;0;0;0;193.4107027053833;2.16280198097229;38904.42938763521;34205.02317217122;2399.9956576721092;2299.4600000000005;[109.41, 132.41, 132.41, 118.41, 74.56, 132.41, 132.41, 92.23, 132.41, 106.41, 132.41, 81.04, 92.23, 132.41, 128.41, 132.41, 108.41, 98.41, 132.41, 98.25];57.849999999999994;[5, 4, 1, 2, 2, 3, 1, 2, 3, 1, 2, 3, 5, 1, 3, 2];4
20;40;20;6;True;2000;1;0;0;0;0;0;0;185.29610776901245;1.7368519306182861;38865.37788400542;34489.81647763019;2291.6316169601105;2083.9999999999995;[112.98, 126.98, 126.98, 126.98, 107.98, 126.98, 110.98, 126.98, 126.98, 69.84, 81.96, 94.98, 126.98, 90.98, 79.84, 68.84, 104.98, 80.84, 89.96, 100.98];58.14;[1, 2, 2, 1, 4, 4, 2, 3, 3, 2, 3, 4, 2, 2, 3, 1, 1];3
20;50;20;1;True;2000;1;0;0;0;0;0;0;236.63518953323364;3.140172004699707;61097.656742705076;55717.07094802793;2821.2596231922194;2559.3199999999997;[142.67, 88.84, 124.51, 142.67, 142.67, 115.51, 104.98, 142.67, 142.67, 119.51, 89.21, 142.67, 142.67, 131.51, 103.06, 142.67, 112.98, 142.51, 142.67, 142.67];53.829999999999984;[6, 1, 1, 3, 3, 1, 2, 3, 4, 4, 1, 3, 4, 1, 2, 1, 3, 3, 4];5
20;50;20;2;True;2000;1;0;0;0;0;0;0;319.1472096443176;3.130748987197876;63861.24018565293;57703.67381027232;3167.3267830028185;2990.159999999999;[128.85, 209.85, 181.85, 174.85, 152.85, 208.85, 136.85, 108.52, 105.58, 175.85, 91.26, 187.85, 117.85, 170.85, 153.85, 115.85, 96.2, 149.85, 199.85, 122.85];118.58999999999999;[1, 6, 1, 4, 5, 4, 3, 1, 1, 1, 3, 4, 2, 3, 3, 1, 3, 3, 1];5
20;50;20;3;True;2000;1;0;0;0;0;0;0;224.51827430725098;3.326063632965088;56631.67981546324;51358.65262679991;2834.971788636511;2438.0299999999997;[132.79, 132.79, 132.79, 132.79, 132.79, 78.86, 97.08, 132.79, 132.79, 132.79, 94.22, 125.48, 132.79, 123.48, 104.74, 132.79, 117.95, 132.79, 102.74, 132.79];53.92999999999999;[4, 3, 1, 4, 3, 1, 3, 2, 3, 6, 1, 1, 2, 1, 2, 2, 1, 3, 3, 4];5
20;50;20;4;True;2000;1;0;0;0;0;0;0;322.21507930755615;3.2344703674316406;67347.94519762382;61603.199986468135;2770.1226098470015;2974.7000000000003;[93.75, 198.57, 132.57, 160.57, 171.57, 129.57, 179.57, 136.57, 118.57, 181.57, 90.75, 143.57, 112.22, 192.57, 148.57, 150.57, 139.57, 204.57, 175.57, 113.86];113.82;[2, 4, 2, 2, 2, 4, 1, 4, 1, 1, 1, 4, 5, 5, 2, 5, 2, 3];4
20;50;20;5;True;2000;1;0;0;0;0;0;0;270.5027012825012;3.1624715328216553;58491.62779437484;52732.02269762491;3035.7043921234686;2723.939999999999;[105.67, 147.64, 169.64, 124.64, 83.12, 131.64, 169.64, 98.82, 167.64, 117.64, 169.64, 101.09, 111.64, 169.64, 144.64, 163.64, 109.64, 113.64, 169.64, 154.64];86.51999999999998;[3, 5, 4, 3, 2, 3, 3, 3, 4, 1, 5, 2, 4, 3, 1, 3, 1];4
20;50;20;6;True;2000;1;0;0;0;0;0;0;295.27962350845337;3.2031326293945312;61410.022637959344;55898.744760368274;2759.93057298529;2751.3800000000006;[140.13, 186.13, 172.13, 181.13, 119.13, 178.13, 163.13, 185.13, 153.13, 94.18, 110.13, 110.13, 186.13, 117.13, 85.87, 91.87, 114.13, 99.38, 116.13, 148.13];100.25999999999999;[2, 2, 4, 6, 6, 6, 1, 2, 2, 2, 3, 1, 5, 1, 2, 3, 1, 1];5
20;60;20;1;True;2000;1;0;0;0;0;0;0;298.79554414749146;4.69337797164917;92568.2251262467;85880.0554002524;3559.9218325963834;3128.22;[172.52, 122.66, 135.65, 172.52, 162.52, 172.52, 139.65, 172.52, 172.52, 125.66, 114.66, 172.52, 172.52, 164.52, 145.52, 172.52, 133.66, 172.52, 172.52, 158.52];57.860000000000014;[5, 1, 5, 6, 3, 5, 1, 5, 4, 2, 1, 1, 5, 1, 4, 1, 2, 5, 3];5
20;60;20;2;True;2000;1;0;0;0;0;0;0;327.07270193099976;4.538807392120361;88155.80503444406;81598.39043107405;3701.1162661272556;2856.3;[116.81, 179.41, 178.41, 140.41, 166.41, 179.41, 118.26, 112.42, 115.81, 178.41, 109.42, 179.41, 103.42, 130.24, 179.41, 149.41, 91.15, 119.26, 146.41, 162.41];88.25999999999999;[2, 6, 2, 4, 3, 5, 2, 1, 3, 4, 6, 2, 3, 3, 4, 1, 5, 1, 3];5
20;60;20;3;True;2000;1;0;0;0;0;0;0;273.97812700271606;4.86683988571167;86795.91224833882;80562.11033184886;3518.39221318158;2715.38;[143.71, 143.71, 143.71, 143.71, 143.71, 94.22, 112.6, 143.71, 143.71, 143.71, 109.54, 143.71, 143.71, 138.71, 127.71, 143.71, 143.71, 138.71, 125.66, 143.71];49.49000000000001;[1, 3, 3, 7, 4, 2, 3, 2, 2, 8, 2, 3, 2, 3, 1, 3, 1, 3, 3, 4];7
20;60;20;4;True;2000;1;0;0;0;0;0;0;366.17888593673706;4.989932537078857;110055.64669586867;103101.17040836303;3446.4964677173834;3507.989999999999;[120.78, 207.6, 126.86, 171.6, 151.16, 189.6, 136.03, 207.6, 157.12, 207.6, 110.08, 184.6, 155.16, 207.6, 207.6, 190.6, 204.6, 207.6, 194.6, 169.6];97.52;[2, 5, 3, 2, 2, 2, 1, 3, 2, 4, 2, 2, 1, 4, 4, 5, 2, 5, 4, 5];4
20;60;20;5;True;2000;1;0;0;0;0;0;0;351.66784715652466;4.124009609222412;88750.92111928745;82104.30898456683;3596.812467142792;3049.7500000000005;[121.77, 182.92, 174.92, 139.92, 105.05, 158.92, 177.92, 112.8, 201.92, 156.92, 194.92, 111.55, 114.8, 144.92, 175.92, 185.92, 131.02, 121.8, 201.92, 133.92];96.86999999999999;[2, 5, 5, 3, 1, 1, 4, 1, 6, 4, 3, 2, 1, 3, 3, 4, 2, 3, 6, 1];5
20;60;20;6;True;2000;1;0;0;0;0;0;0;300.4294581413269;4.422328233718872;91986.3477385581;85809.20839052745;3262.1874809089045;2915.0199999999995;[149.81, 131.81, 167.81, 167.81, 146.81, 167.81, 167.81, 167.81, 167.81, 108.67, 118.77, 116.77, 167.81, 137.81, 134.81, 114.77, 167.81, 113.89, 133.81, 164.81];59.14;[2, 3, 3, 5, 3, 7, 3, 3, 5, 1, 2, 5, 1, 3, 3, 4, 1, 3, 3];6
20;70;20;1;True;2000;1;0;0;0;0;0;0;343.6316771507263;6.336417198181152;136654.7472517162;129291.28146483225;4171.250275233118;3192.19;[170.42, 128.95, 143.58, 170.42, 170.42, 170.42, 155.1, 170.42, 170.42, 146.58, 137.04, 169.1, 170.42, 157.1, 170.42, 170.42, 123.02, 157.1, 170.42, 170.42];47.39999999999999;[4, 3, 3, 7, 2, 5, 3, 6, 4, 2, 1, 3, 6, 1, 3, 4, 2, 1, 5, 5];6
20;70;20;2;True;2000;1;0;0;0;0;0;0;453.3028039932251;5.391188621520996;128015.94585761642;120494.98783776716;4203.047272408526;3317.879999999999;[130.93, 193.97, 216.97, 160.97, 175.97, 191.97, 132.93, 145.87, 124.95, 211.97, 125.95, 246.97, 144.88, 160.97, 193.97, 157.97, 106.8, 133.93, 186.97, 172.97];140.17000000000002;[1, 7, 4, 4, 4, 5, 3, 1, 1, 4, 5, 6, 2, 3, 6, 3, 2, 3, 2, 4];6
20;70;20;3;True;2000;1;0;0;0;0;0;0;415.6737394332886;5.98708438873291;119620.98915041544;112146.64103692814;3998.336753660638;3476.060000000001;[189.42, 223.42, 164.42, 212.42, 213.42, 103.4, 127.48, 200.42, 190.42, 175.42, 124.48, 149.42, 213.42, 164.42, 132.98, 147.42, 150.42, 221.42, 162.42, 209.42];120.01999999999998;[2, 6, 2, 5, 4, 2, 3, 3, 6, 2, 3, 3, 3, 3, 2, 2, 3, 6, 5, 5];4
20;70;20;4;True;2000;1;0;0;0;0;0;0;331.67638540267944;5.566626310348511;122882.43632809809;115442.93294510577;4383.720871327804;3055.78;[117.84, 165.0, 128.5, 138.0, 165.0, 150.0, 165.0, 165.0, 140.0, 165.0, 116.44, 149.0, 159.0, 165.0, 165.0, 165.0, 165.0, 165.0, 165.0, 142.0];48.56;[4, 6, 5, 1, 5, 3, 2, 4, 3, 2, 2, 2, 2, 3, 2, 6, 4, 5, 5, 4];5
20;70;20;5;True;2000;1;0;0;0;0;0;0;361.1740436553955;5.7702038288116455;130895.12623247717;123411.60160596187;4265.794773732779;3217.7599999999998;[143.21, 182.18, 153.83, 175.59, 121.38, 182.18, 182.18, 134.32, 145.21, 163.83, 182.18, 142.21, 131.32, 172.59, 173.59, 182.18, 138.21, 147.21, 182.18, 182.18];60.80000000000001;[2, 6, 6, 3, 2, 4, 5, 3, 2, 3, 4, 2, 2, 3, 4, 3, 4, 2, 5, 5];4
20;70;20;6;True;2000;1;0;0;0;0;0;0;345.56219720840454;6.213622331619263;129775.14613718554;122437.48321467021;4141.605230216426;3196.09;[162.01, 156.01, 177.01, 177.01, 177.01, 177.01, 177.01, 177.01, 177.01, 118.28, 147.01, 149.01, 177.01, 144.01, 136.01, 126.82, 177.01, 131.82, 177.01, 155.01];58.72999999999999;[2, 3, 4, 4, 3, 8, 3, 5, 7, 2, 3, 1, 5, 1, 5, 3, 4, 1, 3, 3];7
20;80;20;1;True;2000;1;0;0;0;0;0;0;389.8521132469177;7.982677936553955;189975.29245502813;181760.46606101075;4636.5655062070855;3578.199999999999;[186.2, 145.37, 176.2, 186.2, 186.2, 186.2, 186.2, 186.2, 186.2, 162.62, 153.34, 186.2, 186.2, 186.2, 186.2, 186.2, 147.67, 186.2, 186.2, 186.2];40.829999999999984;[5, 2, 3, 5, 1, 4, 7, 6, 4, 3, 2, 4, 6, 2, 3, 6, 2, 5, 6, 4];6
20;80;20;2;True;2000;1;0;0;0;0;0;0;486.4887504577637;7.570560455322266;190783.3505569426;182066.52724482614;4941.893421438643;3774.9400000000014;[193.28, 199.28, 233.28, 211.28, 183.28, 235.28, 175.28, 156.28, 146.28, 214.28, 195.28, 226.28, 159.28, 204.28, 196.28, 135.36, 135.54, 212.28, 206.28, 156.28];99.91999999999999;[3, 8, 4, 3, 5, 6, 3, 2, 1, 4, 4, 5, 4, 3, 5, 5, 2, 5, 4, 4];7
20;80;20;3;True;2000;1;0;0;0;0;0;0;394.7707848548889;7.925593137741089;167743.14170331677;159664.16961876163;4774.7338695468225;3304.1599999999994;[181.79, 181.79, 181.79, 181.79, 181.79, 123.05, 165.79, 181.79, 170.79, 177.79, 115.17, 165.79, 181.79, 150.79, 140.24, 161.79, 160.79, 181.79, 136.06, 181.79];66.61999999999999;[4, 7, 3, 6, 4, 3, 2, 4, 5, 3, 3, 6, 4, 3, 5, 3, 3, 5, 2, 5];5
20;80;20;4;True;2000;1;0;0;0;0;0;0;357.7239947319031;6.982288360595703;173937.34372596274;165539.24365749722;5122.37299595731;3275.7400000000007;[139.92, 167.38, 167.38, 167.38, 167.38, 167.38, 163.04, 167.38, 164.04, 167.38, 136.99, 167.38, 161.05, 167.38, 167.38, 167.38, 167.38, 167.38, 167.38, 167.38];30.389999999999986;[4, 5, 4, 2, 5, 4, 4, 2, 4, 4, 2, 3, 5, 7, 3, 5, 3, 3, 7, 4];5
20;80;20;5;True;2000;1;0;0;0;0;0;0;428.2542243003845;8.586633205413818;213908.20218418687;205498.25535273278;4838.956723665241;3571.0400000000004;[159.91, 193.19, 193.19, 193.19, 142.17, 184.19, 193.19, 140.8, 165.91, 193.19, 193.19, 144.99, 163.91, 193.19, 193.19, 193.19, 154.88, 189.19, 193.19, 193.19];52.389999999999986;[2, 6, 5, 5, 4, 3, 3, 2, 2, 5, 6, 3, 1, 3, 4, 5, 6, 2, 8, 5];7
20;80;20;6;True;2000;1;0;0;0;0;0;0;400.53111505508423;8.413770914077759;186474.5509018396;178362.11035941873;4628.1562439576055;3484.3299999999995;[184.62, 184.62, 184.62, 184.62, 184.62, 184.62, 184.62, 184.62, 184.62, 138.78, 183.62, 160.62, 184.62, 184.62, 120.23, 159.62, 184.62, 138.78, 182.62, 184.62];64.39;[5, 2, 4, 7, 5, 6, 4, 4, 4, 2, 5, 4, 4, 5, 4, 5, 2, 3, 5];5
20;90;20;1;True;2000;1;0;0;0;0;0;0;417.47067308425903;8.982476234436035;243416.2520228833;234691.11759643065;5163.007722180602;3562.1999999999985;[174.71, 155.05, 181.97, 181.97, 181.97, 181.97, 167.96, 181.97, 181.97, 166.96, 179.97, 181.97, 181.97, 181.97, 181.97, 181.97, 169.97, 181.97, 181.97, 181.97];26.919999999999987;[6, 3, 6, 6, 4, 6, 3, 8, 4, 3, 3, 4, 6, 1, 2, 5, 2, 6, 6, 6];7
20;90;20;2;True;2000;1;0;0;0;0;0;0;542.6927099227905;8.48252558708191;236618.09165711093;227152.31465575824;5657.587601181073;3808.159999999999;[212.12, 228.12, 216.12, 218.12, 183.12, 241.12, 156.52, 146.2, 152.48, 241.12, 141.24, 224.12, 154.52, 181.12, 199.12, 170.12, 159.52, 213.12, 206.12, 164.12];99.88;[3, 6, 3, 4, 6, 6, 3, 3, 1, 5, 5, 7, 5, 5, 4, 3, 5, 7, 4, 5];6
20;90;20;3;True;2000;1;0;0;0;0;0;0;423.11409521102905;9.056260585784912;222501.3568257806;213617.81684447775;5383.053294622445;3500.499999999998;[181.24, 181.24, 181.24, 155.24, 181.24, 124.94, 168.24, 181.24, 181.24, 181.24, 169.24, 181.24, 181.24, 181.24, 170.24, 181.24, 181.24, 181.24, 175.24, 181.24];56.30000000000001;[3, 5, 2, 6, 5, 4, 4, 5, 5, 7, 5, 4, 4, 4, 3, 6, 3, 5, 4, 6];5
20;90;20;4;True;2000;1;0;0;0;0;0;0;472.05836057662964;9.20642638206482;275362.0239422836;266120.56894310884;5530.918247424699;3710.5899999999997;[158.66, 194.08, 189.08, 194.08, 194.08, 194.08, 172.08, 194.08, 194.08, 194.08, 163.54, 194.08, 156.03, 180.08, 194.08, 194.08, 194.08, 194.08, 194.08, 168.08];38.05000000000001;[3, 6, 2, 6, 2, 3, 5, 7, 4, 4, 3, 3, 5, 6, 3, 6, 4, 5, 7, 6];5
20;90;20;5;True;2000;1;0;0;0;0;0;0;415.76562118530273;8.791395425796509;245199.09385738499;236615.09747228207;5353.204758908629;3230.7399999999993;[166.18, 166.18, 166.18, 166.18, 123.99, 166.18, 166.18, 152.52, 166.18, 166.18, 166.18, 148.83, 160.18, 166.18, 166.18, 166.18, 166.18, 166.18, 166.18, 152.52];42.19000000000001;[5, 6, 6, 4, 5, 2, 6, 2, 5, 5, 7, 3, 3, 5, 5, 4, 4, 4, 8, 1];7
20;90;20;6;True;2000;1;0;0;0;0;0;0;472.5224542617798;10.100165843963623;278345.19764151535;269409.2490964962;5245.346093001467;3690.5699999999997;[194.68, 194.68, 194.68, 194.68, 194.68, 187.92, 159.95, 194.68, 194.68, 170.67, 182.92, 194.68, 194.68, 194.68, 140.32, 194.68, 148.04, 174.67, 189.92, 194.68];54.360000000000014;[5, 4, 4, 7, 5, 7, 5, 4, 6, 3, 4, 2, 5, 3, 5, 5, 5, 2, 4, 5];5
20;100;20;1;True;2000;1;0;0;0;0;0;0;547.3482332229614;10.719504833221436;354303.3014879623;344443.1841120351;5729.742264101435;4130.36;[159.84, 186.12, 215.33, 215.33, 215.33, 215.33, 197.14, 215.33, 215.33, 214.33, 215.33, 215.33, 194.14, 215.33, 215.33, 215.33, 203.33, 195.17, 196.33, 215.33];55.49000000000001;[6, 4, 5, 8, 3, 6, 4, 9, 6, 3, 4, 5, 5, 3, 3, 4, 1, 7, 8, 6];8
20;100;20;2;True;2000;1;0;0;0;0;0;0;564.0975685119629;10.031269073486328;317722.94036724506;307262.42800045933;6568.898121434885;3891.569999999999;[196.47, 214.47, 224.47, 183.47, 210.47, 224.47, 170.27, 159.51, 163.49, 224.47, 188.47, 224.47, 152.55, 224.47, 213.47, 168.49, 164.68, 224.47, 180.47, 178.47];71.91999999999999;[4, 8, 5, 4, 5, 7, 6, 2, 1, 6, 4, 7, 4, 5, 6, 5, 6, 6, 4, 5];7
20;100;20;3;True;2000;1;0;0;0;0;0;0;561.7195844650269;11.578300714492798;351393.672562272;341370.957835087;5866.206291507685;4156.55;[223.84, 200.84, 223.84, 223.84, 223.84, 140.28, 158.34, 223.84, 223.84, 223.84, 179.67, 223.84, 223.84, 186.96, 201.84, 196.7, 223.84, 223.84, 205.84, 223.84];83.56;[5, 4, 5, 7, 6, 4, 4, 3, 4, 5, 3, 7, 5, 6, 3, 5, 3, 8, 6, 7];5
20;100;20;4;True;2000;1;0;0;0;0;0;0;548.5366349220276;11.122358083724976;358352.2482590379;348148.890140157;6175.105492750208;4028.310000000001;[175.03, 207.82, 182.82, 195.82, 212.82, 202.82, 195.82, 212.82, 212.82, 212.82, 192.82, 212.82, 194.82, 188.82, 212.82, 192.82, 212.82, 212.82, 212.82, 183.52];37.78999999999999;[5, 7, 5, 4, 7, 5, 3, 5, 5, 2, 2, 5, 7, 7, 5, 6, 4, 4, 6, 6];5
20;100;20;5;True;2000;1;0;0;0;0;0;0;584.8465046882629;12.497344732284546;447219.99035125005;437453.08395144826;5952.03295447049;3814.89;[183.37, 206.5, 193.5, 206.5, 164.29, 206.5, 206.5, 188.58, 190.96, 193.5, 206.5, 62.9, 196.5, 206.5, 206.5, 206.5, 206.5, 169.79, 206.5, 206.5];143.6;[3, 7, 8, 4, 4, 5, 5, 4, 3, 6, 5, 6, 4, 8, 6, 6, 4, 7, 5];5
20;100;20;6;True;2000;1;0;0;0;0;0;0;503.1883931159973;10.462049722671509;311500.7645281058;302078.72873930476;5772.832616818681;3649.1899999999982;[193.39, 193.39, 193.39, 193.39, 193.39, 169.39, 152.01, 193.39, 193.39, 176.39, 193.39, 171.39, 193.39, 193.39, 167.39, 193.39, 141.16, 180.39, 191.39, 172.39];52.22999999999999;[6, 4, 5, 6, 6, 8, 5, 5, 7, 3, 5, 2, 6, 4, 6, 5, 5, 2, 4, 6];6
30;30;30;1;True;2000;1;0;0;0;0;0;0;152.06333255767822;2.2981505393981934;26335.30447214337;22693.335380989214;1798.6143652893127;1843.2899999999997;[86.77, 19.38, 34.09, 86.77, 86.77, 36.32, 50.45, 86.77, 47.45, 29.48, 12.08, 85.77, 77.77, 86.77, 59.77, 86.77, 35.09, 64.77, 86.77, 86.77, 77.77, 4.1, 75.77, 77.77, 86.77, 63.77, 28.08, 43.48, 84.77, 54.43];82.67;[3, 1, 1, 4, 1, 2, 1, 1, 1, 1, 2, 4, 2, 1, 3, 1, 1];3
30;30;30;2;True;2000;1;0;0;0;0;0;0;216.0636329650879;2.4301979541778564;26829.017160295272;22837.950835454467;1920.7897731438259;2070.37;[77.99, 84.99, 90.99, 57.99, 44.99, 145.99, 56.99, 28.99, 21.99, 77.99, 44.99, 130.99, 51.99, 64.99, 66.99, 35.99, 13.75, 91.99, 145.99, 25.99, 130.99, 75.99, 68.99, 95.99, 112.99, 65.99, 50.99, 50.99, 33.99, 20.9];132.24;[2, 4, 2, 2, 2, 1, 2, 2, 2, 2, 2, 2, 2, 2, 1];3
30;30;30;3;True;2000;1;0;0;0;0;0;0;203.64738607406616;2.622962474822998;27029.33716933577;23213.994185805735;1849.3946750824257;1965.8899999999999;[71.38, 80.38, 78.38, 89.38, 90.38, 18.39, 24.1, 61.38, 77.38, 100.38, 13.36, 51.34, 131.38, 99.38, 40.34, 60.38, 45.34, 49.34, 35.58, 103.38, 31.68, 87.38, 111.38, 28.67, 42.34, 45.34, 131.38, 27.65, 51.34, 87.38];118.02;[1, 1, 2, 1, 1, 3, 2, 2, 2, 1, 1, 1, 1, 3, 1, 5, 2];4
30;30;30;4;True;2000;1;0;0;0;0;0;0;210.37797164916992;2.6441457271575928;29001.678850569897;25228.13185379903;1602.6422129010223;2171.0099999999998;[30.22, 132.6, 31.22, 61.6, 96.6, 132.6, 127.6, 53.42, 30.22, 90.6, 20.66, 74.6, 32.22, 106.6, 80.6, 132.6, 70.6, 74.6, 58.6, 132.6, 114.6, 16.35, 72.6, 55.42, 46.42, 46.42, 78.6, 30.22, 84.6, 55.42];116.25;[1, 3, 2, 2, 1, 1, 1, 1, 2, 2, 3, 2, 1, 2, 3, 2, 1];2
30;30;30;5;True;2000;1;0;0;0;0;0;0;181.40687799453735;2.692166566848755;28492.437988262165;24865.63283803873;1636.6743502534634;1990.1600000000003;[52.08, 99.7, 56.08, 102.51, 16.37, 110.51, 80.6, 32.47, 70.6, 35.4, 82.6, 3.0, 45.23, 78.6, 44.23, 110.51, 41.31, 23.82, 94.48, 66.6, 93.48, 96.9, 110.51, 38.43, 4.0, 110.51, 19.46, 49.15, 110.51, 110.51];107.51;[1, 2, 1, 2, 1, 1, 1, 2, 1, 1, 2, 2, 1, 1, 1, 3, 3, 4];3
30;30;30;6;True;2000;1;0;0;0;0;0;0;180.5054259300232;2.549715995788574;27338.846948734106;23897.398141131955;1515.7642554001204;1925.7700000000004;[77.71, 49.71, 98.71, 89.71, 64.71, 88.71, 112.71, 90.71, 82.71, 21.54, 26.37, 41.71, 112.71, 45.71, 76.71, 14.23, 112.71, 32.71, 62.71, 74.71, 37.71, 83.71, 72.71, 26.84, 105.71, 51.71, 76.71, 34.71, 29.71, 29.04];98.47999999999999;[1, 2, 1, 1, 1, 1, 1, 3, 2, 1, 1, 4, 1, 1, 1, 2, 2, 2, 2];3
30;40;30;1;True;2000;1;0;0;0;0;0;0;196.9093050956726;4.289907932281494;38564.86226069316;33819.669336610685;2330.7936536080997;2414.499999999999;[115.49, 35.95, 52.61, 115.49, 115.49, 58.49, 70.49, 115.49, 71.49, 45.6, 49.59, 102.49, 111.49, 76.49, 79.49, 115.49, 37.3, 54.83, 94.49, 89.49, 94.49, 32.1, 113.49, 65.49, 115.49, 91.49, 51.74, 94.49, 69.49, 78.49];83.38999999999999;[3, 1, 2, 3, 2, 4, 1, 2, 2, 1, 1, 2, 1, 2, 2, 4, 1, 1, 2, 1, 1, 1];3
30;40;30;2;True;2000;1;0;0;0;0;0;0;237.79626989364624;4.950721979141235;42536.411134949456;37343.45203854793;2584.8593623223614;2608.190000000001;[69.17, 137.17, 137.17, 78.17, 68.17, 125.17, 88.17, 53.73, 59.17, 137.17, 51.02, 137.17, 56.17, 110.17, 116.17, 84.17, 28.13, 68.17, 119.17, 42.33, 119.17, 89.17, 71.17, 137.17, 93.17, 85.17, 74.17, 64.17, 55.17, 53.73];109.03999999999999;[1, 4, 1, 1, 1, 1, 1, 2, 1, 3, 1, 1, 2, 1, 3, 3, 2, 1, 5, 1, 2, 2];4
30;40;30;3;True;2000;1;0;0;0;0;0;0;209.13894033432007;3.656546115875244;36428.60315375829;31887.532917532702;2333.1277504084997;2207.97;[79.02, 65.3, 83.02, 97.02, 104.02, 47.3, 32.52, 85.02, 85.02, 97.02, 29.45, 60.3, 119.02, 105.02, 38.3, 75.3, 46.3, 86.02, 37.3, 103.02, 52.3, 84.02, 119.02, 41.3, 87.02, 70.3, 119.02, 25.1, 58.3, 76.3];93.91999999999999;[1, 1, 2, 3, 2, 1, 2, 3, 4, 2, 2, 1, 2, 1, 1, 3, 2, 1, 3, 3];3
30;40;30;4;True;2000;1;0;0;0;0;0;0;212.86442613601685;3.9353930950164795;37528.83151687341;32709.51220705105;2244.488880515488;2574.78;[60.23, 127.23, 53.23, 97.23, 103.23, 101.23, 111.23, 77.23, 57.23, 118.23, 42.39, 91.23, 40.39, 98.23, 122.23, 127.23, 80.23, 96.23, 89.23, 67.23, 127.23, 30.79, 123.23, 76.23, 76.23, 64.23, 113.23, 51.23, 82.23, 69.23];96.44;[1, 4, 1, 2, 2, 2, 1, 1, 3, 2, 4, 3, 1, 1, 3, 1, 1, 2, 3, 1, 1];3
30;40;30;5;True;2000;1;0;0;0;0;0;0;205.49001121520996;3.7669925689697266;34140.80919757837;29085.17991203725;2376.6867278349414;2678.9399999999987;[79.32, 102.13, 71.69, 135.83, 43.78, 135.83, 83.32, 63.48, 92.32, 56.56, 120.13, 3.0, 55.56, 99.32, 89.32, 135.83, 60.51, 43.78, 135.83, 101.13, 88.32, 117.13, 135.83, 66.43, 34.64, 135.83, 45.74, 74.69, 135.83, 135.83];132.83;[1, 1, 1, 1, 2, 1, 1, 1, 2, 2, 2, 3, 2, 1, 3, 1, 2, 1, 1, 1, 2, 1, 3, 4];3
30;40;30;6;True;2000;1;0;0;0;0;0;0;235.11698055267334;4.662286996841431;41802.072218700036;37039.84195564036;2252.2391332586612;2510.0299999999984;[82.37, 76.37, 120.37, 88.37, 84.37, 125.37, 101.37, 100.37, 91.37, 39.18, 48.18, 60.37, 139.37, 71.37, 139.37, 34.18, 127.37, 55.37, 73.37, 139.37, 80.37, 78.37, 79.37, 43.18, 93.37, 91.37, 115.37, 48.18, 32.44, 50.18];106.93;[1, 1, 1, 1, 5, 1, 2, 1, 1, 1, 3, 3, 1, 2, 2, 2, 2, 1, 4, 1, 2, 2];4
30;50;30;1;True;2000;1;0;0;0;0;0;0;222.95628881454468;6.037594556808472;54046.15208409179;48672.2381440711;2770.970887719419;2603.0299999999993;[105.77, 70.85, 60.11, 109.77, 103.77, 64.12, 74.95, 109.77, 78.95, 61.25, 51.59, 98.77, 109.77, 76.95, 92.04, 109.77, 51.59, 95.77, 109.77, 91.04, 94.77, 44.75, 88.04, 109.77, 97.77, 109.77, 70.85, 82.95, 85.95, 92.04];65.02;[3, 1, 1, 2, 3, 2, 5, 1, 1, 4, 1, 2, 1, 3, 3, 2, 3, 1, 2, 2, 1, 3, 2, 1];4
30;50;30;2;True;2000;1;0;0;0;0;0;0;251.84479665756226;7.056379795074463;56011.74420096456;49697.44934875624;3165.6959920262734;3148.500000000002;[97.26, 137.26, 137.26, 137.26, 93.26, 137.26, 67.49, 70.9, 74.88, 137.26, 96.26, 137.26, 73.72, 113.26, 73.98, 87.26, 50.91, 137.26, 124.26, 54.02, 137.26, 103.26, 101.26, 137.26, 137.26, 119.26, 85.26, 137.26, 74.88, 77.26];86.35;[1, 4, 1, 3, 3, 1, 3, 1, 2, 1, 1, 1, 1, 1, 2, 2, 1, 2, 2, 3, 4, 4, 2, 2, 1, 1];3
30;50;30;3;True;2000;1;0;0;0;0;0;0;242.1332311630249;5.982244253158569;49578.87240058219;43797.56974578292;2906.120217880122;2875.0899999999997;[99.27, 105.27, 95.27, 135.2, 113.27, 66.96, 49.07, 97.27, 107.27, 111.27, 41.97, 85.27, 135.2, 104.27, 65.88, 101.27, 80.27, 135.2, 66.96, 117.27, 78.12, 118.27, 107.27, 68.96, 96.27, 87.27, 135.2, 57.66, 78.12, 134.27];93.22999999999999;[2, 1, 1, 3, 1, 1, 2, 2, 1, 3, 1, 2, 2, 1, 2, 3, 1, 5, 2, 2, 1, 5, 1, 1, 4];4
30;50;30;4;True;2000;1;0;0;0;0;0;0;245.94668865203857;6.307590007781982;55538.84042857505;49706.84467655006;2723.136035615789;3108.8799999999997;[84.54, 133.54, 72.03, 104.54, 118.54, 102.54, 133.54, 115.54, 79.54, 133.54, 53.63, 127.54, 63.13, 103.54, 133.54, 133.54, 110.54, 116.54, 112.54, 70.73, 133.54, 50.28, 133.54, 98.54, 109.54, 83.54, 112.54, 77.12, 121.54, 85.54];83.25999999999999;[1, 2, 1, 3, 1, 1, 1, 2, 2, 2, 1, 2, 3, 5, 3, 2, 3, 2, 2, 1, 2, 1, 3, 1, 2, 1];4
30;50;30;5;True;2000;1;0;0;0;0;0;0;196.22972536087036;5.521190643310547;47794.740992438194;42088.44239837973;3038.121906907978;2668.090000000001;[94.53, 105.53, 106.53, 106.53, 61.14, 106.53, 92.53, 69.97, 103.53, 71.53, 106.53, 3.0, 80.53, 106.53, 87.53, 106.53, 76.53, 60.37, 106.53, 106.53, 106.53, 106.53, 106.53, 78.53, 43.84, 106.53, 66.05, 81.53, 106.53, 106.53];103.53;[1, 1, 3, 1, 2, 1, 1, 1, 1, 2, 2, 2, 4, 3, 3, 1, 3, 1, 2, 1, 2, 1, 1, 2, 1, 3, 4];3
30;50;30;6;True;2000;1;0;0;0;0;0;0;261.6352205276489;7.492754697799683;62611.467989878816;56985.802016735426;2789.908893231064;2835.660000000001;[97.92, 79.92, 126.92, 109.92, 86.92, 127.92, 127.92, 127.92, 125.92, 64.69, 75.92, 76.92, 127.92, 91.92, 127.92, 47.81, 127.92, 71.92, 81.92, 92.92, 80.92, 95.92, 85.92, 57.69, 115.92, 102.92, 114.92, 63.69, 51.01, 67.69];80.11;[2, 1, 3, 4, 2, 4, 2, 3, 1, 4, 4, 2, 2, 1, 4, 1, 1, 2, 2, 2, 2, 1];3
30;60;30;1;True;2000;1;0;0;0;0;0;0;266.9613971710205;8.60214900970459;74708.08193595672;68191.63798747875;3508.107351472139;3008.369999999999;[125.74, 72.37, 72.37, 125.74, 108.74, 79.83, 88.38, 125.74, 87.38, 78.83, 69.21, 125.74, 125.74, 115.74, 105.74, 125.74, 67.41, 125.74, 125.74, 104.74, 112.74, 60.33, 96.74, 125.74, 117.74, 95.74, 76.73, 90.74, 84.83, 90.38];65.41;[4, 1, 3, 3, 4, 1, 2, 5, 1, 1, 3, 4, 1, 3, 2, 3, 2, 1, 4, 1, 2, 2, 3, 2, 1, 1];4
30;60;30;2;True;2000;1;0;0;0;0;0;0;290.2279224395752;8.986341714859009;74625.60781897705;67489.97364882473;3752.217137004545;3383.3599999999983;[100.7, 145.7, 145.7, 94.7, 113.7, 145.7, 145.7, 71.8, 87.7, 145.7, 84.7, 145.7, 91.7, 145.7, 92.7, 127.7, 49.41, 121.7, 145.7, 65.56, 145.7, 145.7, 100.7, 126.7, 127.7, 108.7, 80.7, 121.7, 80.7, 77.39];96.28999999999999;[3, 2, 5, 2, 2, 2, 1, 2, 2, 4, 2, 2, 3, 1, 4, 1, 4, 2, 3, 3, 2, 3, 3, 2];4
30;60;30;3;True;2000;1;0;0;0;0;0;0;337.1046395301819;8.710351943969727;70587.5544293659;63826.402216315786;3544.8021272665655;3216.3000000000015;[132.4, 131.4, 104.4, 158.86, 106.4, 74.83, 58.8, 93.4, 104.4, 125.4, 52.31, 94.4, 176.86, 135.4, 76.98, 126.4, 88.4, 157.86, 69.87, 126.4, 76.98, 111.4, 116.4, 82.61, 88.4, 84.4, 166.86, 61.61, 83.61, 148.86];124.55000000000001;[1, 2, 1, 3, 3, 1, 2, 2, 1, 3, 1, 4, 6, 2, 3, 1, 2, 4, 2, 2, 2, 2, 2, 3, 1, 1, 3];5
30;60;30;4;True;2000;1;0;0;0;0;0;0;250.26777935028076;9.554900169372559;77751.74874892102;71382.185882569;3273.054214735587;3096.53;[86.48, 112.39, 84.36, 115.39, 115.39, 109.39, 115.39, 115.39, 89.48, 115.39, 66.7, 113.39, 76.7, 115.39, 115.39, 115.39, 115.39, 115.39, 110.39, 90.53, 115.39, 63.17, 94.39, 105.39, 100.39, 99.39, 115.39, 92.53, 114.39, 102.39];52.22;[1, 2, 1, 3, 2, 2, 4, 2, 3, 2, 1, 1, 4, 5, 4, 2, 2, 4, 2, 1, 1, 1, 2, 1, 4, 3];4
30;60;30;5;True;2000;1;0;0;0;0;0;0;216.31948280334473;7.57172155380249;66029.18648777647;59623.25646063898;3626.8004558246125;2779.1600000000003;[100.3, 103.3, 103.3, 103.3, 66.06, 103.3, 91.54, 85.54, 103.3, 94.64, 103.3, 3.0, 83.54, 103.3, 103.3, 103.3, 103.3, 80.54, 103.3, 103.3, 103.3, 103.3, 103.3, 94.64, 55.48, 103.3, 72.94, 91.54, 103.3, 103.3];100.3;[2, 2, 2, 2, 1, 1, 1, 3, 3, 4, 5, 2, 4, 1, 3, 1, 3, 2, 2, 2, 1, 4, 1, 4, 4];4
30;60;30;6;True;2000;1;0;0;0;0;0;0;307.1295132637024;8.426465511322021;78339.89868509394;71692.8201747728;3219.4164469778784;3427.6899999999996;[128.43, 91.43, 153.43, 132.43, 99.43, 124.43, 159.43, 159.43, 159.43, 75.57, 95.43, 85.57, 159.43, 96.43, 148.43, 64.37, 159.43, 77.57, 94.43, 145.43, 107.43, 108.43, 123.43, 70.57, 159.43, 113.43, 103.43, 83.57, 62.44, 85.57];96.99000000000001;[1, 1, 3, 3, 5, 5, 3, 3, 2, 1, 2, 4, 3, 1, 1, 2, 4, 1, 1, 2, 2, 1, 1, 4, 1, 3];4
30;70;30;1;True;2000;1;0;0;0;0;0;0;315.2257013320923;11.294962644577026;104937.40897501828;97168.61284956225;4166.9542502361155;3601.769999999999;[144.41, 96.65, 94.65, 144.41, 144.41, 93.65, 103.63, 137.41, 144.41, 87.38, 78.29, 133.41, 144.41, 110.2, 144.41, 144.41, 82.44, 121.41, 144.41, 144.41, 139.41, 75.33, 120.41, 144.41, 123.41, 127.41, 100.34, 116.41, 103.63, 112.2];69.08;[6, 1, 3, 5, 4, 1, 2, 5, 2, 1, 3, 1, 3, 3, 2, 3, 3, 4, 4, 2, 2, 3, 2, 1, 1, 1, 2];5
30;70;30;2;True;2000;1;0;0;0;0;0;0;377.45940017700195;11.934465646743774;106346.52206252958;98643.11020933278;4210.328742313553;3493.0500000000006;[123.96, 173.96, 173.96, 127.96, 142.96, 150.96, 92.96, 81.32, 84.98, 161.96, 86.98, 148.96, 83.98, 130.96, 119.96, 111.96, 70.88, 86.98, 145.96, 76.45, 137.96, 112.96, 98.96, 121.96, 113.96, 169.96, 88.98, 99.96, 81.32, 88.98];103.08000000000001;[1, 6, 3, 6, 3, 4, 2, 1, 1, 1, 2, 2, 2, 4, 1, 1, 2, 3, 1, 2, 2, 3, 2, 4, 4, 1, 4, 2];5
30;70;30;3;True;2000;1;0;0;0;0;0;0;433.10109186172485;11.208051204681396;97289.21036823746;89451.85061559093;4028.528159249522;3808.7500000000014;[135.13, 186.13, 133.13, 169.13, 147.13, 96.13, 63.67, 129.13, 156.13, 134.13, 60.39, 98.13, 217.13, 120.13, 87.75, 139.13, 100.13, 178.13, 82.49, 124.13, 98.13, 165.13, 141.13, 76.88, 129.13, 101.13, 199.13, 78.45, 99.13, 163.13];156.74;[3, 2, 2, 2, 5, 2, 3, 1, 2, 5, 3, 4, 2, 3, 2, 1, 3, 2, 1, 1, 1, 2, 2, 1, 3, 5, 2, 1, 4];4
30;70;30;4;True;2000;1;0;0;0;0;0;0;386.5140571594238;13.950761795043945;131862.01391007414;123625.3439630356;4293.681487569778;3943.07;[116.64, 144.36, 100.75, 135.36, 167.36, 111.64, 167.36, 134.36, 105.82, 164.36, 87.62, 142.36, 95.58, 125.36, 167.36, 154.36, 111.64, 167.36, 165.36, 126.36, 167.36, 83.06, 135.36, 121.36, 125.36, 118.64, 166.36, 104.74, 110.82, 118.64];84.30000000000001;[1, 3, 1, 2, 3, 5, 1, 3, 3, 2, 2, 1, 3, 4, 2, 2, 2, 4, 2, 3, 1, 1, 1, 2, 4, 4, 5, 3];4
30;70;30;5;True;2000;1;0;0;0;0;0;0;256.0300660133362;11.106827974319458;97883.10965835967;90677.79008911143;4262.12296403896;2943.2400000000007;[106.73, 106.73, 106.73, 106.73, 77.07, 106.73, 101.73, 100.73, 106.73, 106.73, 106.73, 3.0, 94.96, 106.73, 106.73, 106.73, 92.96, 87.87, 106.73, 106.73, 106.73, 106.73, 106.73, 106.73, 68.8, 106.73, 77.79, 103.73, 106.73, 106.73];103.73;[1, 2, 3, 3, 3, 1, 2, 1, 3, 3, 4, 3, 4, 4, 2, 1, 3, 1, 2, 3, 3, 2, 1, 4, 1, 1, 5, 4];4
30;70;30;6;True;2000;1;0;0;0;0;0;0;267.5033564567566;12.490206718444824;104001.75581601697;96897.37830174265;4056.528135642275;3047.95;[108.75, 99.75, 108.75, 108.75, 108.75, 108.75, 108.75, 108.75, 108.75, 88.02, 93.02, 97.75, 108.75, 101.75, 108.75, 82.02, 108.75, 85.02, 102.75, 107.75, 108.75, 106.75, 108.75, 79.02, 108.75, 108.75, 108.75, 99.75, 70.58, 94.02];38.17;[3, 1, 2, 3, 5, 5, 3, 3, 2, 3, 2, 3, 3, 3, 1, 2, 5, 1, 3, 1, 2, 1, 2, 2, 3, 2, 3, 1];4
30;80;30;1;True;2000;1;0;0;0;0;0;0;339.78496646881104;14.015209436416626;138741.18751792173;130443.44047157688;4586.755912615436;3710.889999999999;[139.12, 86.48, 100.78, 139.12, 139.12, 101.78, 121.12, 139.12, 139.12, 97.47, 104.78, 139.12, 139.12, 116.09, 139.12, 139.12, 89.44, 139.12, 139.12, 139.12, 139.12, 83.14, 139.12, 110.09, 139.12, 139.12, 97.47, 131.12, 118.09, 127.12];55.980000000000004;[6, 1, 1, 3, 2, 2, 3, 6, 2, 3, 2, 3, 5, 2, 2, 3, 3, 5, 3, 5, 2, 2, 2, 3, 2, 1, 4, 1, 1];5
30;80;30;2;True;2000;1;0;0;0;0;0;0;451.40824842453003;16.306918621063232;157918.921799802;148701.74262136247;4927.68570664379;4289.380000000001;[186.09, 156.09, 200.09, 119.09, 157.09, 198.09, 155.09, 98.23, 110.09, 172.09, 126.09, 171.09, 104.09, 169.09, 153.09, 136.09, 88.16, 185.09, 184.09, 95.56, 175.09, 150.09, 123.09, 155.09, 144.09, 134.09, 108.09, 118.09, 113.09, 104.09];111.93;[3, 3, 3, 4, 2, 3, 4, 1, 1, 2, 2, 4, 3, 3, 3, 1, 1, 5, 2, 2, 4, 1, 3, 3, 5, 2, 2, 3, 2, 3];4
30;80;30;3;True;2000;1;0;0;0;0;0;0;380.8067216873169;15.095125436782837;142975.1113315662;134085.75695964793;4793.813601067986;4095.449999999998;[160.22, 139.22, 160.22, 160.22, 160.22, 114.39, 81.46, 160.22, 160.22, 160.22, 75.21, 144.22, 160.22, 144.22, 111.77, 160.22, 99.56, 160.22, 105.86, 160.22, 116.22, 160.22, 131.22, 112.39, 130.22, 127.22, 160.22, 92.97, 126.22, 160.22];85.01;[5, 2, 3, 4, 4, 1, 4, 3, 2, 4, 1, 2, 2, 4, 3, 4, 2, 2, 5, 2, 3, 2, 1, 2, 3, 4, 1, 2, 3];4
30;80;30;4;True;2000;1;0;0;0;0;0;0;431.0055875778198;14.266956329345703;147952.3442142292;138690.50658584002;5076.807148297244;4185.149999999998;[116.68, 192.68, 106.74, 126.68, 191.68, 122.68, 192.68, 147.68, 103.48, 141.68, 93.35, 147.68, 102.96, 130.68, 192.68, 160.68, 119.68, 192.68, 156.68, 128.68, 164.68, 86.56, 143.68, 114.68, 156.68, 106.74, 176.68, 112.68, 139.68, 114.68];106.12;[2, 3, 4, 2, 4, 1, 2, 1, 2, 2, 2, 2, 4, 5, 4, 4, 4, 5, 3, 1, 1, 2, 3, 1, 1, 5, 3, 5, 2];4
30;80;30;5;True;2000;1;0;0;0;0;0;0;390.974844455719;15.021718502044678;133775.5128351914;125043.94008647614;4804.63110221044;3926.830000000001;[146.76, 161.76, 134.76, 124.76, 86.71, 172.76, 122.76, 107.69, 144.76, 115.76, 172.76, 3.0, 100.78, 171.76, 110.76, 155.76, 118.76, 98.71, 170.76, 150.76, 142.76, 153.76, 172.76, 103.69, 81.64, 172.76, 90.71, 90.94, 172.76, 172.76];169.76;[2, 3, 2, 2, 3, 1, 1, 1, 1, 4, 7, 4, 4, 3, 3, 2, 3, 4, 2, 2, 1, 4, 1, 2, 6, 1, 2, 5, 4];6
30;80;30;6;True;2000;1;0;0;0;0;0;0;384.88260650634766;17.126840829849243;149158.9949082851;140759.34487972152;4554.179404790487;3845.3499999999976;[129.22, 116.22, 139.22, 154.22, 155.22, 155.22, 155.22, 155.22, 137.22, 95.14, 108.22, 110.22, 155.22, 111.22, 155.22, 96.14, 155.22, 95.14, 117.22, 134.22, 117.22, 155.22, 126.22, 92.14, 155.22, 122.22, 155.22, 108.22, 84.37, 99.14];70.85;[4, 1, 1, 4, 6, 5, 3, 2, 3, 2, 2, 5, 3, 1, 2, 2, 5, 4, 3, 2, 1, 3, 2, 5, 2, 4, 1, 1, 1];5
30;90;30;1;True;2000;1;0;0;0;0;0;0;391.0983247756958;15.834375143051147;182219.94100966345;173008.93636257306;5154.271161986666;4056.770000000002;[150.11, 92.64, 125.42, 150.11, 142.11, 112.25, 140.11, 150.11, 150.11, 110.25, 86.1, 150.11, 150.11, 150.11, 150.11, 150.11, 116.25, 122.45, 150.11, 150.11, 150.11, 84.12, 148.11, 143.11, 150.11, 150.11, 100.98, 150.11, 140.11, 141.11];65.99000000000001;[6, 2, 2, 4, 2, 3, 2, 3, 3, 2, 4, 5, 2, 2, 4, 2, 2, 5, 5, 5, 2, 4, 3, 4, 2, 1, 5, 2, 2];5
30;90;30;2;True;2000;1;0;0;0;0;0;0;448.7589683532715;16.92457890510559;188965.12126758622;178903.6462809715;5747.641968183228;4313.870000000001;[140.52, 181.52, 181.52, 145.52, 170.52, 181.52, 118.52, 109.53, 111.52, 181.52, 117.52, 177.52, 120.52, 158.52, 141.52, 133.52, 105.54, 121.52, 174.52, 106.76, 170.52, 152.52, 145.52, 134.52, 151.52, 179.52, 123.52, 132.52, 131.52, 112.52];75.98;[4, 6, 4, 5, 3, 4, 3, 1, 1, 1, 4, 4, 4, 2, 5, 2, 3, 3, 2, 1, 4, 2, 3, 3, 5, 4, 2, 2, 1, 2];5
30;90;30;3;True;2000;1;0;0;0;0;0;0;385.5577473640442;15.736530065536499;166432.4314518276;157283.69232706525;5412.614135068297;3736.0799999999995;[113.56, 142.56, 142.56, 140.56, 123.56, 93.06, 78.26, 137.56, 142.56, 142.56, 69.8, 112.56, 142.56, 139.56, 110.88, 142.56, 97.36, 107.59, 99.98, 141.56, 142.56, 142.56, 142.56, 142.56, 142.56, 122.56, 142.56, 89.01, 105.38, 142.56];72.76;[4, 4, 3, 3, 4, 2, 4, 2, 2, 2, 2, 1, 2, 2, 4, 5, 2, 2, 5, 3, 2, 5, 4, 3, 2, 2, 6, 2, 1, 5];5
30;90;30;4;True;2000;1;0;0;0;0;0;0;440.8648433685303;19.33594298362732;191159.9157899731;181054.61452238305;5647.434413153997;4457.880000000001;[118.52, 181.34, 104.03, 140.34, 181.34, 162.34, 181.34, 154.34, 117.52, 181.34, 106.28, 173.34, 103.61, 154.34, 181.34, 181.34, 136.34, 168.34, 144.34, 128.34, 181.34, 98.95, 181.34, 138.34, 170.34, 129.34, 176.34, 124.34, 136.34, 121.15];82.39;[3, 4, 4, 4, 5, 5, 2, 2, 1, 3, 2, 2, 2, 5, 4, 3, 2, 3, 1, 3, 4, 1, 4, 5, 2, 2, 4, 2, 3, 3];4
30;90;30;5;True;2000;1;0;0;0;0;0;0;432.624559879303;18.598117113113403;199088.9085809918;189550.0839840101;5378.693365689885;4160.07;[152.53, 135.31, 166.54, 140.31, 96.11, 166.54, 160.26, 123.46, 134.31, 152.53, 166.54, 3.0, 107.23, 166.54, 124.46, 166.54, 137.31, 115.42, 166.54, 152.53, 166.54, 166.54, 166.54, 117.1, 90.25, 166.54, 108.93, 110.54, 166.54, 166.54];163.54;[3, 2, 4, 1, 3, 2, 4, 1, 1, 3, 5, 5, 6, 4, 4, 3, 3, 3, 1, 4, 3, 3, 1, 2, 3, 2, 2, 7, 5];6
30;90;30;6;True;2000;1;0;0;0;0;0;0;405.9761643409729;17.538009881973267;175765.06114026683;166471.74563824412;5142.362702208564;4150.98;[147.66, 119.66, 163.66, 153.66, 163.66, 163.66, 163.66, 163.66, 163.66, 99.63, 113.66, 123.66, 163.66, 135.66, 163.66, 89.85, 163.66, 103.09, 138.66, 163.66, 117.66, 163.66, 141.66, 103.9, 163.66, 127.66, 141.66, 115.66, 106.01, 107.66];73.81;[3, 4, 4, 4, 4, 6, 2, 3, 4, 2, 3, 4, 4, 2, 1, 1, 6, 3, 4, 3, 2, 4, 3, 3, 4, 4, 2, 1];5
30;100;30;1;True;2000;1;0;0;0;0;0;0;443.2990770339966;20.331743717193604;272146.90766465524;262196.20783139614;5732.791240867692;4217.9400000000005;[149.25, 114.06, 149.25, 149.25, 145.25, 128.25, 149.25, 149.25, 149.25, 115.99, 105.54, 149.25, 149.25, 149.25, 149.25, 149.25, 138.25, 128.25, 149.25, 149.25, 149.25, 110.11, 149.25, 149.25, 139.25, 149.25, 124.99, 135.25, 149.25, 146.25];43.709999999999994;[3, 2, 3, 5, 4, 4, 3, 6, 3, 1, 5, 6, 2, 3, 4, 4, 4, 3, 5, 8, 2, 3, 4, 3, 3, 1, 1, 3, 2];7
30;100;30;2;True;2000;1;0;0;0;0;0;0;553.3567504882812;23.440732717514038;262604.8232418298;251192.1109974304;6528.373572644739;4884.300000000002;[153.8, 188.8, 220.8, 196.8, 166.8, 202.8, 148.8, 116.31, 129.8, 200.8, 127.8, 201.8, 139.8, 193.8, 143.8, 139.8, 113.91, 139.8, 220.8, 103.8, 212.8, 186.8, 123.62, 200.8, 158.8, 169.8, 133.8, 170.8, 127.07, 149.39];117.00000000000001;[3, 3, 2, 6, 4, 3, 3, 3, 3, 3, 4, 5, 4, 3, 5, 2, 2, 5, 6, 2, 5, 2, 2, 6, 2, 4, 1, 2, 1, 4];5
30;100;30;3;True;2000;1;0;0;0;0;0;0;517.072916507721;23.438775777816772;269182.7832476562;258656.26422676494;5959.563608045712;4566.9000000000015;[180.38, 185.38, 185.38, 185.38, 134.5, 124.14, 114.69, 154.38, 152.38, 159.38, 98.68, 153.38, 185.38, 171.38, 129.82, 164.38, 122.79, 129.82, 121.37, 185.38, 133.5, 185.38, 185.38, 129.82, 145.38, 128.82, 185.38, 104.11, 145.38, 185.38];86.69999999999999;[7, 1, 3, 7, 4, 1, 4, 2, 3, 3, 3, 3, 2, 2, 4, 5, 2, 2, 5, 4, 3, 3, 4, 3, 2, 4, 5, 2, 2, 5];6
30;100;30;4;True;2000;1;0;0;0;0;0;0;449.87503576278687;20.76963448524475;260229.96306620256;249611.9241331643;6227.300623710857;4390.680000000001;[128.22, 159.13, 124.54, 159.13, 159.13, 144.13, 146.13, 138.13, 138.13, 159.13, 122.54, 149.13, 126.44, 159.13, 159.13, 159.13, 159.13, 159.13, 151.13, 144.13, 159.13, 110.62, 159.13, 145.13, 147.13, 147.13, 159.13, 133.13, 153.13, 132.2];48.50999999999999;[4, 5, 3, 5, 2, 1, 3, 1, 5, 3, 1, 2, 5, 4, 6, 3, 4, 6, 3, 4, 2, 5, 6, 1, 2, 6, 1, 2, 5];5
30;100;30;5;True;2000;1;0;0;0;0;0;0;528.9445323944092;22.1781644821167;278687.99098735006;267753.27610705764;5942.509066701775;4992.200000000002;[157.34, 182.34, 200.34, 197.34, 133.07, 200.34, 200.34, 167.34, 163.34, 147.34, 196.34, 49.11, 100.71, 163.34, 144.34, 200.34, 147.34, 140.77, 200.34, 194.34, 166.34, 197.34, 200.34, 140.77, 121.63, 200.34, 135.89, 142.77, 200.34, 200.34];151.23000000000002;[2, 3, 5, 3, 3, 2, 5, 3, 2, 6, 6, 3, 5, 5, 4, 3, 4, 1, 3, 4, 3, 2, 3, 6, 2, 2, 6, 4];5
30;100;30;6;True;2000;1;0;0;0;0;0;0;442.019549369812;18.849961042404175;219830.10206552112;210033.40336110382;5658.720831579897;4138.0;[154.5, 127.5, 153.5, 158.5, 153.5, 158.5, 158.5, 158.5, 158.5, 107.9, 112.5, 123.5, 158.5, 132.5, 158.5, 98.9, 158.5, 158.5, 130.5, 158.5, 119.5, 145.5, 144.5, 98.9, 158.5, 138.5, 138.5, 111.5, 92.9, 109.9];65.6;[1, 5, 4, 3, 5, 6, 6, 4, 4, 3, 3, 4, 4, 3, 1, 2, 5, 1, 3, 4, 3, 1, 4, 2, 5, 4, 7, 1, 1, 1];6
40;40;40;1;True;2000;1;0;0;0;0;0;0;196.52608442306519;6.500640392303467;37004.11506785759;32307.81143879291;2338.6574493459707;2357.5899999999997;[96.68, 24.88, 29.89, 96.68, 96.68, 35.74, 43.74, 96.68, 60.74, 32.74, 32.74, 47.74, 76.68, 51.74, 68.68, 86.68, 30.89, 40.74, 96.68, 44.74, 64.68, 4.1, 73.68, 44.74, 73.68, 45.74, 37.74, 96.68, 58.74, 93.68, 55.74, 17.99, 62.74, 92.68, 52.74, 80.68, 96.68, 19.49, 30.89, 62.74];92.58000000000001;[2, 1, 2, 4, 2, 1, 2, 1, 1, 3, 1, 2, 1, 1, 1, 1, 2, 2, 1, 2, 2, 1, 2, 2];3
40;40;40;2;True;2000;1;0;0;0;0;0;0;224.35178661346436;6.719816207885742;39507.14648915616;34540.523277186236;2541.5374481295335;2425.2099999999996;[60.62, 70.62, 84.62, 69.62, 42.8, 119.62, 40.8, 26.8, 19.43, 104.62, 28.8, 119.62, 46.8, 57.62, 66.62, 34.8, 12.98, 40.8, 98.62, 25.14, 107.62, 60.62, 61.62, 99.62, 73.62, 50.8, 31.8, 45.8, 27.8, 23.47, 82.62, 38.8, 70.62, 38.8, 65.62, 119.62, 99.62, 83.62, 15.97, 55.8];106.64;[1, 1, 2, 2, 2, 2, 1, 3, 2, 1, 1, 1, 1, 2, 4, 1, 1, 2, 2, 2, 3, 3];3
40;40;40;3;True;2000;1;0;0;0;0;0;0;217.03616046905518;6.336546421051025;36910.270240775084;31971.722472883073;2335.907659318021;2602.6099999999997;[53.77, 73.81, 61.24, 99.2, 96.2, 29.1, 30.33, 51.83, 90.2, 51.83, 19.25, 46.03, 119.2, 79.81, 37.43, 60.24, 31.4, 54.77, 30.63, 123.2, 37.43, 82.81, 123.2, 31.83, 42.6, 26.79, 100.2, 15.44, 47.39, 99.2, 43.6, 92.2, 88.2, 72.81, 81.81, 58.96, 86.81, 81.81, 63.24, 86.81];107.76;[1, 2, 1, 2, 1, 1, 2, 1, 1, 1, 1, 3, 1, 1, 3, 1, 3, 2, 2, 3, 1, 1, 2, 1, 1, 1];2
40;40;40;4;True;2000;1;0;0;0;0;0;0;210.67393016815186;7.007140159606934;39529.108593189965;34498.3767811141;2321.7059530863544;2709.0799999999995;[29.22, 80.14, 29.13, 61.25, 74.14, 114.14, 70.14, 50.11, 25.9, 108.14, 20.67, 114.14, 22.43, 68.14, 98.14, 104.14, 64.25, 109.14, 59.25, 52.31, 114.14, 3.41, 41.27, 46.21, 31.75, 43.35, 96.14, 33.05, 53.31, 43.35, 81.14, 87.14, 103.14, 114.14, 82.14, 98.14, 50.75, 55.31, 72.14, 104.14];110.73;[1, 2, 1, 4, 1, 2, 2, 1, 1, 2, 2, 2, 3, 2, 1, 2, 2, 2, 1, 2, 2, 2];3
40;40;40;5;True;2000;1;0;0;0;0;0;0;220.31915283203125;6.5956127643585205;36204.66793142267;31212.01243655372;2412.8771045864846;2579.8900000000003;[52.3, 46.3, 44.3, 58.3, 29.28, 102.3, 77.3, 28.28, 83.3, 35.28, 55.3, 3.0, 45.3, 42.05, 40.05, 114.3, 23.91, 28.28, 75.3, 74.3, 114.3, 88.3, 114.3, 36.57, 4.83, 103.3, 13.88, 42.05, 114.3, 114.3, 102.3, 81.3, 82.3, 109.3, 60.3, 114.3, 10.58, 103.3, 69.3, 42.05];111.3;[1, 1, 1, 2, 1, 1, 1, 2, 2, 1, 2, 1, 2, 1, 1, 2, 2, 2, 1, 1, 1, 4, 4, 3];3
40;40;40;6;True;2000;1;0;0;0;0;0;0;211.75736665725708;6.529842376708984;39689.690664006295;34735.975032313116;2251.4797391347743;2702.3199999999983;[60.08, 48.08, 120.08, 91.08, 68.08, 115.08, 74.08, 100.08, 81.08, 22.93, 28.76, 41.94, 59.08, 52.08, 38.33, 11.43, 92.08, 47.08, 54.08, 108.08, 49.08, 120.08, 85.08, 30.34, 101.08, 85.08, 79.08, 35.09, 33.32, 30.52, 39.01, 110.08, 86.08, 75.08, 60.08, 76.08, 120.08, 44.33, 46.08, 83.08];108.65;[1, 3, 2, 4, 1, 2, 1, 3, 1, 1, 1, 1, 2, 1, 1, 1, 2, 1, 2, 2, 1, 1, 3, 2];3
40;50;40;1;True;2000;1;0;0;0;0;0;0;262.0551190376282;10.899048328399658;59854.3174168193;54335.18239646449;2758.8362377529525;2760.1600000000017;[100.76, 48.73, 42.53, 109.76, 109.76, 51.24, 51.24, 109.76, 58.76, 39.53, 41.53, 43.53, 87.76, 54.76, 75.76, 104.76, 39.53, 56.76, 95.76, 61.76, 69.76, 4.47, 103.76, 109.76, 77.76, 52.76, 36.53, 75.76, 63.76, 109.76, 69.76, 24.27, 66.76, 109.76, 66.76, 93.76, 89.76, 26.98, 42.53, 81.76];105.29;[2, 1, 3, 3, 2, 2, 1, 1, 1, 1, 1, 4, 1, 2, 1, 3, 1, 2, 1, 4, 4, 1, 3, 3, 1, 1];3
40;50;40;2;True;2000;1;0;0;0;0;0;0;284.73272705078125;9.400134801864624;54694.54921738391;48758.255526841676;3173.6359948839267;2762.6500000000005;[74.61, 76.61, 123.61, 95.61, 48.05, 106.61, 51.05, 32.75, 34.79, 96.61, 42.05, 68.61, 41.05, 62.61, 67.61, 48.05, 26.93, 51.05, 82.61, 30.72, 122.61, 84.61, 55.05, 114.61, 83.61, 57.05, 43.05, 51.05, 33.75, 39.05, 102.61, 40.05, 64.61, 55.05, 88.61, 106.61, 137.61, 135.61, 24.81, 61.05];112.80000000000001;[1, 1, 3, 3, 2, 1, 3, 1, 1, 1, 2, 1, 2, 2, 1, 4, 1, 2, 5, 2, 2, 2, 5, 1, 1];4
40;50;40;3;True;2000;1;0;0;0;0;0;0;246.35682916641235;10.628468990325928;53729.61245129861;47766.93590604627;2894.0043880453777;3068.7199999999993;[94.74, 76.44, 77.44, 99.74, 93.74, 54.97, 37.73, 58.43, 118.74, 104.74, 33.09, 54.97, 118.74, 48.98, 48.94, 68.65, 38.88, 81.3, 36.7, 118.74, 43.73, 85.3, 109.74, 36.7, 84.3, 27.11, 118.74, 22.9, 69.65, 114.74, 54.97, 109.74, 92.5, 78.44, 93.74, 78.44, 99.74, 90.3, 99.74, 92.5];95.84;[2, 1, 3, 1, 1, 1, 2, 3, 1, 1, 1, 1, 1, 3, 1, 2, 1, 1, 6, 1, 5, 1, 2, 3, 3, 1, 1];5
40;50;40;4;True;2000;1;0;0;0;0;0;0;294.83480072021484;11.625495672225952;61240.0585516974;55199.157795599946;2796.464406983848;3244.39;[52.78, 81.25, 49.1, 85.25, 121.25, 92.25, 131.25, 63.43, 53.78, 99.25, 32.89, 126.25, 42.39, 68.34, 125.25, 88.25, 81.25, 121.25, 85.25, 62.79, 143.25, 30.06, 70.25, 75.25, 60.25, 56.36, 81.25, 49.1, 61.46, 62.07, 130.25, 89.25, 89.25, 101.25, 86.25, 78.25, 73.25, 69.34, 81.25, 93.25];113.19;[1, 2, 2, 3, 2, 2, 1, 2, 1, 3, 1, 2, 3, 3, 3, 2, 1, 2, 2, 1, 2, 4, 2, 1, 1, 1];3
40;50;40;5;True;2000;1;0;0;0;0;0;0;286.52210569381714;9.961652994155884;52425.32487507942;46196.27650916368;3017.2291590796763;3211.7300000000014;[63.57, 66.57, 55.67, 72.57, 32.9, 139.57, 113.57, 36.38, 88.57, 47.95, 104.57, 3.0, 55.67, 58.71, 59.71, 118.57, 38.28, 39.28, 71.57, 83.57, 135.57, 99.57, 82.57, 48.95, 4.83, 110.57, 31.15, 53.73, 140.57, 147.57, 123.57, 92.57, 145.57, 122.57, 74.57, 147.57, 23.27, 92.57, 105.57, 78.57];144.57;[1, 1, 2, 2, 1, 1, 1, 3, 1, 1, 2, 1, 4, 2, 1, 1, 3, 2, 4, 2, 1, 2, 1, 2, 3, 3, 1, 1];3
40;50;40;6;True;2000;1;0;0;0;0;0;0;288.5651025772095;12.347233295440674;60586.73350140814;54294.12222800654;2741.909879791924;3550.63;[77.68, 67.68, 144.33, 125.33, 75.68, 152.33, 152.33, 138.33, 98.33, 40.6, 29.75, 58.64, 112.33, 81.68, 60.89, 31.65, 97.33, 60.89, 75.68, 70.68, 141.33, 73.68, 76.68, 45.97, 117.33, 97.33, 138.33, 55.03, 51.26, 54.26, 69.68, 112.33, 79.68, 143.33, 78.68, 108.33, 125.33, 60.92, 83.68, 85.33];122.58000000000001;[2, 5, 2, 2, 5, 1, 1, 1, 1, 2, 1, 3, 3, 2, 1, 1, 3, 1, 2, 2, 3, 1, 2, 2, 1];4
40;60;40;1;True;2000;1;0;0;0;0;0;0;246.73252391815186;11.701875925064087;68671.20353385605;62076.234070585946;3490.194284276935;3104.8399999999992;[103.37, 61.84, 56.41, 103.37, 96.37, 58.16, 62.84, 103.37, 96.37, 49.26, 60.73, 52.88, 103.37, 66.84, 85.37, 103.37, 53.41, 77.37, 103.37, 67.84, 85.37, 33.65, 87.37, 66.84, 87.37, 79.37, 54.41, 93.37, 81.37, 103.37, 92.37, 39.19, 77.37, 79.37, 69.84, 103.37, 103.37, 43.78, 54.41, 103.37];69.72;[3, 1, 1, 1, 3, 1, 3, 2, 1, 3, 1, 1, 5, 1, 3, 2, 1, 1, 2, 2, 1, 1, 1, 1, 6, 1, 2, 1, 4, 3, 1];5
40;60;40;2;True;2000;1;0;0;0;0;0;0;325.7798681259155;15.778109312057495;85739.69501911697;78819.92344020112;3648.232802305789;3271.4600000000023;[73.13, 79.13, 118.13, 86.13, 76.13, 119.13, 67.13, 51.18, 66.13, 131.13, 58.13, 133.13, 57.15, 113.13, 72.13, 62.13, 44.21, 63.13, 100.13, 46.19, 126.13, 67.13, 64.13, 133.13, 87.13, 95.13, 58.13, 61.13, 53.17, 52.17, 97.13, 56.15, 74.13, 65.13, 70.13, 133.13, 106.13, 130.13, 37.08, 88.13];96.05;[1, 2, 3, 2, 2, 1, 2, 4, 2, 1, 1, 1, 4, 2, 1, 5, 4, 4, 1, 4, 1, 1, 2, 5, 2, 1, 1];4
40;60;40;3;True;2000;1;0;0;0;0;0;0;335.88519763946533;13.846067428588867;76314.72027641747;69272.56927657074;3549.4664911554887;3492.6299999999983;[87.66, 73.22, 79.66, 112.66, 110.66, 52.66, 42.59, 74.66, 157.66, 118.66, 36.94, 63.8, 153.66, 101.66, 50.13, 69.6, 65.83, 73.66, 45.74, 135.66, 53.79, 91.66, 125.66, 55.12, 72.22, 78.66, 137.66, 47.08, 65.83, 100.66, 40.02, 104.66, 118.66, 93.66, 94.66, 73.22, 104.66, 126.66, 126.66, 74.66];120.72;[1, 1, 1, 2, 2, 1, 4, 4, 3, 2, 2, 1, 2, 3, 3, 2, 1, 2, 1, 4, 2, 1, 2, 1, 1, 4, 1, 2, 3, 1];3
40;60;40;4;True;2000;1;0;0;0;0;0;0;297.18202686309814;14.230210304260254;71980.7002843894;64945.803097919226;3432.571371074587;3602.1999999999994;[59.17, 93.13, 58.31, 104.13, 119.13, 143.13, 123.13, 76.47, 65.23, 99.13, 41.37, 143.13, 48.02, 80.47, 120.13, 108.13, 91.13, 118.13, 86.47, 65.23, 138.13, 37.5, 67.23, 85.47, 75.47, 73.47, 84.47, 59.17, 78.47, 67.23, 104.13, 108.13, 133.13, 101.13, 86.47, 88.47, 92.13, 70.23, 88.47, 120.13];105.63;[1, 1, 1, 1, 3, 5, 1, 1, 2, 1, 3, 1, 3, 2, 2, 4, 2, 2, 1, 1, 1, 2, 1, 2, 3, 3, 2, 3, 2, 1, 1, 1];4
40;60;40;5;True;2000;1;0;0;0;0;0;0;244.19885444641113;11.049224853515625;64326.95078612069;57203.59020980471;3683.8340889682977;3439.4700000000007;[67.18, 112.17, 74.11, 112.17, 47.58, 112.17, 80.17, 53.32, 94.17, 78.17, 92.17, 38.75, 65.28, 67.18, 77.17, 112.17, 64.28, 52.49, 112.17, 101.17, 112.17, 110.17, 83.17, 75.11, 34.18, 112.17, 52.49, 59.65, 112.17, 112.17, 112.17, 88.17, 112.17, 100.17, 77.17, 112.17, 43.45, 112.17, 95.17, 109.17];77.99000000000001;[1, 3, 1, 1, 2, 1, 1, 4, 3, 1, 1, 5, 1, 2, 2, 2, 2, 1, 2, 1, 4, 1, 4, 1, 1, 1, 1, 4, 3, 2, 1];4
40;60;40;6;True;2000;1;0;0;0;0;0;0;293.8829822540283;15.744609355926514;86320.45584442558;79320.44227801224;3238.447581507629;3761.539999999999;[77.81, 79.81, 117.81, 128.81, 80.81, 128.81, 116.81, 128.81, 122.81, 54.01, 40.0, 68.81, 119.81, 95.81, 75.81, 45.14, 128.81, 76.81, 102.81, 79.81, 113.81, 90.81, 99.81, 52.65, 128.81, 99.81, 105.81, 66.17, 61.67, 69.81, 81.81, 112.81, 96.81, 128.81, 110.81, 100.81, 128.81, 65.17, 83.81, 92.81];88.81;[2, 2, 3, 2, 4, 1, 3, 1, 2, 2, 1, 5, 5, 2, 1, 1, 3, 3, 1, 1, 2, 1, 3, 2, 4, 1, 1, 1];4
40;70;40;1;True;2000;1;0;0;0;0;0;0;303.55685901641846;17.54859447479248;100969.93868093897;93171.26800673484;4139.940926929852;3658.680000000001;[116.17, 86.02, 66.36, 116.17, 116.17, 77.61, 83.29, 116.17, 79.61, 63.41, 63.41, 69.36, 103.17, 96.17, 100.17, 116.17, 61.26, 111.17, 110.17, 91.17, 94.17, 34.58, 116.17, 116.17, 110.17, 87.75, 63.41, 101.17, 87.75, 116.17, 102.17, 46.4, 92.17, 116.17, 72.36, 99.17, 116.17, 56.83, 70.36, 116.17];81.59;[6, 2, 2, 2, 4, 2, 2, 2, 1, 1, 3, 1, 5, 1, 2, 2, 2, 1, 3, 2, 2, 1, 4, 1, 1, 1, 3, 4, 4, 2, 1];5
40;70;40;2;True;2000;1;0;0;0;0;0;0;364.41831398010254;16.69544529914856;99047.83935730872;91083.9746646593;4122.097282393454;3841.8100000000013;[78.88, 112.88, 132.88, 83.88, 103.88, 128.88, 76.88, 64.26, 69.42, 159.88, 62.64, 141.88, 72.88, 102.88, 83.88, 67.87, 50.96, 74.88, 124.88, 57.77, 147.88, 102.88, 96.88, 128.88, 111.88, 92.88, 67.87, 83.88, 61.72, 57.77, 140.88, 67.87, 89.88, 93.88, 79.88, 159.88, 120.88, 128.88, 43.14, 111.88];116.74;[1, 1, 1, 3, 2, 2, 1, 3, 1, 4, 2, 1, 2, 1, 2, 2, 2, 1, 2, 5, 1, 3, 3, 2, 2, 1, 1, 5, 1, 1, 1, 6, 2, 1, 1];5
40;70;40;3;True;2000;1;0;0;0;0;0;0;371.13031482696533;18.873130559921265;97807.31636568412;90007.85260899436;4033.6356912142373;3765.890000000001;[99.69, 83.69, 97.69, 123.69, 106.69, 66.78, 58.1, 77.37, 143.69, 112.69, 49.28, 80.69, 163.69, 101.69, 70.54, 91.69, 62.18, 86.69, 58.65, 141.69, 56.7, 83.69, 105.69, 56.7, 70.54, 72.68, 123.69, 57.63, 72.68, 120.69, 47.52, 117.69, 133.69, 109.69, 123.69, 84.69, 122.69, 115.69, 133.69, 79.29];116.16999999999999;[1, 1, 1, 2, 1, 1, 2, 1, 1, 4, 1, 3, 6, 2, 2, 2, 1, 1, 6, 1, 2, 1, 2, 2, 1, 3, 2, 4, 3, 2, 4, 3, 1];5
40;70;40;4;True;2000;1;0;0;0;0;0;0;382.3281192779541;17.871055126190186;104096.21366641628;95618.16759275048;4340.3070800449395;4137.87;[75.64, 96.27, 68.69, 102.27, 141.27, 154.27, 107.27, 106.27, 69.69, 152.27, 46.41, 106.27, 58.42, 102.27, 128.27, 143.27, 93.27, 112.27, 125.27, 78.25, 171.27, 47.94, 93.27, 89.27, 84.29, 78.25, 104.27, 77.19, 97.27, 80.25, 113.27, 143.27, 127.27, 123.27, 98.27, 123.27, 85.29, 87.27, 111.27, 134.27];124.86000000000001;[1, 2, 1, 3, 2, 5, 1, 1, 4, 2, 1, 1, 2, 1, 5, 3, 2, 4, 3, 1, 3, 1, 1, 3, 1, 3, 3, 4, 3, 1, 2];4
40;70;40;5;True;2000;1;0;0;0;0;0;0;311.17504358291626;17.69575023651123;100993.1939986213;92820.4625291162;4270.076361037625;3902.6499999999987;[86.98, 123.35, 90.76, 123.35, 52.53, 123.35, 123.35, 67.7, 105.35, 81.01, 88.76, 46.49, 72.64, 84.42, 103.35, 123.35, 72.64, 54.03, 123.35, 91.58, 123.35, 123.35, 99.35, 76.59, 58.0, 123.35, 61.9, 70.7, 123.35, 123.35, 123.35, 114.35, 123.35, 103.35, 105.35, 123.35, 29.87, 123.35, 123.35, 111.35];93.47999999999999;[1, 4, 4, 1, 2, 2, 1, 1, 3, 1, 3, 3, 1, 1, 3, 1, 3, 2, 1, 1, 6, 1, 2, 2, 3, 1, 1, 2, 2, 4, 1, 4, 2];5
40;70;40;6;True;2000;1;0;0;0;0;0;0;334.03050327301025;16.02193331718445;95554.08055508579;87654.84693240155;4046.763842717879;3852.3799999999997;[117.48, 79.89, 123.48, 147.48, 79.89, 140.48, 130.48, 131.48, 140.48, 52.31, 43.7, 69.56, 89.89, 83.89, 76.89, 52.9, 141.48, 65.32, 87.89, 69.56, 94.89, 110.89, 128.48, 54.93, 147.48, 106.89, 103.89, 72.89, 66.32, 61.26, 70.73, 115.48, 92.89, 141.48, 87.89, 83.89, 136.48, 64.31, 74.89, 111.89];103.77999999999999;[3, 2, 5, 2, 5, 1, 2, 1, 1, 3, 1, 1, 1, 4, 5, 2, 2, 3, 1, 3, 3, 3, 1, 2, 1, 4, 1, 3, 1, 2, 1];4
40;80;40;1;True;2000;1;0;0;0;0;0;0;353.03668546676636;22.616523265838623;134175.57420235456;125450.29148969823;4548.363944993652;4176.96;[133.51, 93.94, 77.34, 133.51, 132.51, 83.34, 87.06, 133.51, 94.94, 75.93, 81.67, 78.73, 114.35, 106.94, 116.51, 133.51, 76.93, 87.06, 118.51, 99.94, 112.94, 63.68, 110.94, 115.35, 117.51, 124.51, 77.34, 110.94, 91.1, 133.51, 119.51, 64.17, 98.94, 133.51, 94.94, 127.51, 133.51, 72.06, 81.74, 133.51];69.82999999999998;[6, 3, 1, 2, 4, 2, 2, 4, 1, 1, 1, 3, 2, 4, 2, 2, 1, 2, 1, 1, 1, 2, 3, 1, 3, 3, 1, 1, 4, 1, 4, 7, 1, 3];6
40;80;40;2;True;2000;1;0;0;0;0;0;0;387.46890115737915;23.754590272903442;145817.7774643581;136880.69362877193;4770.770465618962;4166.42;[96.65, 116.83, 138.83, 106.83, 107.83, 127.83, 84.65, 66.47, 90.65, 130.83, 91.65, 141.83, 95.65, 118.83, 82.65, 84.65, 59.17, 89.65, 125.83, 60.17, 141.83, 97.65, 121.83, 128.83, 108.83, 83.65, 75.91, 90.65, 67.92, 83.65, 126.83, 75.48, 128.83, 114.83, 118.83, 141.83, 141.83, 141.83, 53.25, 104.65];88.58000000000001;[1, 2, 1, 3, 2, 2, 1, 1, 1, 2, 4, 1, 2, 2, 2, 2, 2, 1, 4, 3, 5, 5, 1, 1, 1, 2, 2, 3, 1, 4, 1, 3, 5, 3, 2, 2];4
40;80;40;3;True;2000;1;0;0;0;0;0;0;409.78344106674194;22.820879697799683;126782.01810975099;117629.51322853501;4875.862556110633;4276.580000000002;[130.84, 109.84, 120.84, 122.84, 137.84, 67.89, 60.07, 122.84, 162.84, 114.84, 62.07, 87.56, 154.84, 89.56, 79.94, 83.47, 72.98, 106.84, 67.28, 139.84, 70.03, 139.84, 169.84, 71.98, 87.56, 55.73, 148.84, 51.98, 88.56, 140.84, 64.04, 101.84, 139.84, 155.84, 107.84, 90.56, 135.84, 117.84, 133.84, 108.84];117.86000000000001;[1, 1, 1, 2, 4, 2, 2, 1, 4, 1, 3, 2, 2, 2, 2, 1, 3, 5, 5, 5, 1, 2, 4, 1, 1, 1, 1, 4, 4, 2, 2, 2, 2, 3, 1];4
40;80;40;4;True;2000;1;0;0;0;0;0;0;395.0981469154358;25.289618968963623;142791.5423208779;132918.03155432784;5140.13720651615;4733.389999999999;[88.69, 159.01, 88.44, 130.65, 145.65, 159.01, 159.01, 115.65, 93.04, 138.65, 66.45, 116.65, 76.45, 104.19, 138.65, 150.65, 114.27, 143.65, 127.65, 94.08, 159.01, 68.81, 108.19, 110.27, 98.12, 96.53, 111.27, 108.19, 130.65, 93.04, 120.65, 157.65, 127.65, 115.65, 110.27, 117.65, 106.19, 109.19, 115.27, 158.65];92.55999999999999;[2, 3, 1, 3, 2, 4, 2, 1, 3, 1, 1, 1, 4, 2, 3, 4, 2, 3, 3, 2, 3, 1, 5, 1, 1, 4, 2, 2, 2, 2, 3, 2, 1, 1, 3];4
40;80;40;5;True;2000;1;0;0;0;0;0;0;340.3081407546997;18.155531644821167;115299.3686882596;106395.97583495645;4788.3014909327585;4115.079999999998;[90.52, 116.47, 80.88, 133.47, 61.17, 133.47, 119.47, 63.56, 121.47, 82.88, 121.47, 56.43, 103.47, 83.88, 90.52, 133.47, 75.74, 69.31, 117.47, 99.47, 133.47, 124.47, 133.47, 85.88, 46.54, 132.47, 69.31, 73.79, 133.47, 133.47, 98.47, 100.47, 133.47, 118.47, 82.88, 133.47, 62.51, 133.47, 132.47, 98.47];86.93;[4, 3, 1, 2, 1, 3, 1, 3, 1, 1, 2, 3, 4, 1, 4, 1, 4, 1, 2, 4, 2, 3, 1, 4, 4, 1, 1, 1, 1, 5, 1, 4, 4, 2];4
40;80;40;6;True;2000;1;0;0;0;0;0;0;411.1767020225525;24.547656774520874;142118.92944426165;132826.27941936962;4558.950627534934;4733.83;[100.85, 120.85, 145.85, 169.85, 120.85, 160.85, 166.85, 142.85, 166.85, 68.44, 63.21, 92.85, 115.85, 106.85, 96.85, 70.0, 144.85, 92.85, 105.85, 96.85, 105.85, 105.85, 117.85, 77.55, 143.85, 155.85, 169.85, 79.08, 85.74, 82.98, 101.85, 119.85, 112.85, 169.85, 161.85, 132.85, 166.85, 83.64, 90.84, 118.85];106.63999999999999;[2, 3, 4, 4, 7, 2, 4, 1, 2, 1, 3, 2, 2, 1, 1, 4, 3, 1, 2, 2, 1, 2, 2, 3, 1, 1, 1, 3, 2, 5, 1, 3, 3, 1];6
40;90;40;1;True;2000;1;0;0;0;0;0;0;380.9917540550232;26.320087671279907;172108.68297736684;162350.53686695805;5037.880847537508;4720.239999999999;[139.08, 139.08, 84.77, 139.08, 134.08, 101.08, 109.08, 139.08, 105.08, 95.08, 90.74, 122.08, 139.08, 139.08, 127.08, 129.08, 88.75, 107.08, 139.08, 108.08, 123.08, 73.66, 139.08, 139.08, 130.08, 125.08, 101.08, 124.08, 103.08, 139.08, 139.08, 73.38, 118.08, 139.08, 99.08, 125.08, 139.08, 79.22, 96.08, 139.08];65.70000000000002;[4, 3, 4, 3, 2, 5, 2, 3, 1, 3, 2, 2, 3, 1, 3, 2, 1, 2, 1, 4, 4, 4, 3, 1, 2, 2, 3, 1, 1, 1, 3, 1, 4, 4, 1, 1, 3];4
40;90;40;2;True;2000;1;0;0;0;0;0;0;400.994713306427;26.441219329833984;165921.37245677086;156165.16811637735;5538.057872214338;4218.119999999998;[94.81, 107.35, 133.35, 104.35, 114.35, 140.35, 83.81, 77.81, 86.81, 123.35, 105.35, 123.35, 87.81, 100.35, 85.81, 90.81, 69.81, 92.81, 133.35, 71.81, 140.35, 116.35, 95.81, 140.35, 140.35, 95.81, 84.81, 88.81, 76.81, 81.81, 134.35, 79.81, 116.35, 94.81, 116.35, 140.35, 140.35, 140.35, 68.73, 97.81];71.61999999999999;[2, 2, 2, 3, 2, 3, 3, 2, 1, 4, 2, 1, 1, 1, 2, 1, 1, 3, 4, 2, 5, 5, 1, 1, 3, 1, 2, 4, 2, 4, 5, 6, 4, 3, 1, 1];5
40;90;40;3;True;2000;1;0;0;0;0;0;0;470.5035858154297;25.667508125305176;170023.28677534318;159771.71710163305;5480.449074439403;4771.209999999998;[110.7, 118.7, 145.7, 142.7, 122.7, 84.39, 71.67, 104.7, 165.7, 118.7, 71.11, 93.55, 184.7, 103.7, 100.22, 102.7, 84.39, 93.55, 79.09, 184.7, 89.09, 117.7, 159.7, 87.15, 100.22, 67.4, 178.7, 57.78, 111.7, 134.7, 90.4, 132.7, 180.7, 157.7, 154.7, 126.7, 166.7, 153.7, 101.7, 118.7];126.91999999999999;[3, 2, 4, 4, 2, 1, 2, 1, 2, 4, 1, 4, 2, 2, 1, 3, 6, 4, 4, 1, 2, 3, 2, 1, 1, 2, 4, 3, 1, 2, 2, 5, 3, 4, 2];5
40;90;40;4;True;2000;1;0;0;0;0;0;0;420.3565192222595;24.904910564422607;158076.94106019937;147979.60122373034;5593.7255904172525;4503.630000000001;[89.77, 121.55, 71.59, 111.5, 135.55, 112.5, 151.91, 152.91, 81.42, 122.55, 63.79, 102.5, 69.09, 110.5, 153.91, 156.92, 104.5, 121.55, 128.55, 95.25, 127.55, 61.05, 108.5, 102.5, 100.5, 87.67, 117.55, 89.77, 105.5, 86.77, 140.55, 145.91, 126.55, 116.55, 109.5, 151.91, 89.77, 97.25, 123.55, 156.92];95.86999999999999;[2, 2, 2, 3, 3, 1, 2, 7, 1, 2, 2, 2, 3, 3, 3, 2, 2, 2, 3, 1, 1, 3, 1, 1, 2, 1, 1, 4, 3, 3, 4, 2, 4, 6, 1, 1, 4];6
40;90;40;5;True;2000;1;0;0;0;0;0;0;394.79787969589233;27.172540187835693;174374.30425257504;164199.00248494223;5321.894108174326;4853.340000000002;[105.17, 147.17, 109.17, 140.17, 86.47, 147.17, 147.17, 89.89, 132.17, 111.17, 123.17, 78.72, 101.17, 108.17, 131.17, 142.17, 91.26, 88.89, 147.17, 121.17, 147.17, 130.17, 115.17, 115.17, 52.19, 147.17, 88.3, 99.17, 147.17, 147.17, 146.17, 147.17, 147.17, 147.17, 104.17, 147.17, 83.88, 147.17, 147.17, 98.47];94.97999999999999;[1, 3, 5, 3, 3, 3, 1, 2, 3, 1, 1, 4, 3, 2, 4, 1, 5, 1, 3, 2, 3, 1, 1, 5, 4, 5, 2, 2, 2, 2, 4, 1, 4, 1, 2];4
40;90;40;6;True;2000;1;0;0;0;0;0;0;380.6838231086731;23.121126174926758;154922.74754815645;145263.5555423138;5087.322681426186;4571.889999999999;[101.64, 106.64, 143.64, 143.64, 118.64, 143.64, 143.64, 143.64, 143.64, 68.45, 59.87, 84.64, 143.64, 137.64, 94.64, 64.06, 143.64, 85.64, 91.64, 96.64, 136.64, 108.64, 119.64, 74.32, 143.64, 143.64, 143.64, 78.69, 69.38, 76.4, 92.64, 143.64, 113.64, 143.64, 138.64, 128.64, 143.64, 83.24, 107.64, 122.64];83.76999999999998;[1, 1, 2, 3, 3, 5, 2, 4, 3, 1, 1, 3, 3, 1, 3, 2, 3, 3, 3, 3, 2, 1, 2, 3, 5, 2, 1, 1, 1, 3, 3, 4, 1, 2, 4, 1, 2, 2];4
40;100;40;1;True;2000;1;0;0;0;0;0;0;441.95552825927734;27.148640394210815;199027.69182683845;188725.8169904345;5666.223997691508;4635.640000000002;[149.67, 149.67, 93.03, 149.67, 149.67, 93.03, 97.03, 149.67, 113.03, 89.98, 81.98, 104.03, 148.67, 111.03, 126.67, 135.67, 88.98, 100.03, 127.67, 115.03, 124.67, 75.84, 121.03, 143.67, 99.03, 103.03, 100.03, 129.67, 98.03, 149.67, 127.67, 76.05, 107.03, 115.03, 118.03, 149.67, 129.67, 79.6, 91.98, 122.03];73.82999999999998;[5, 6, 2, 4, 4, 2, 3, 4, 2, 1, 4, 2, 2, 3, 1, 1, 2, 1, 2, 1, 3, 2, 3, 1, 1, 1, 4, 5, 3, 1, 2, 3, 4, 5, 3, 1, 1, 5];5
40;100;40;2;True;2000;1;0;0;0;0;0;0;509.33935594558716;31.52068066596985;222762.9046362537;211464.7369358478;6431.663232991563;4866.3899999999985;[125.37, 129.37, 152.37, 134.37, 141.37, 157.37, 107.15, 80.53, 100.15, 143.37, 104.15, 176.37, 103.15, 118.37, 113.37, 102.15, 73.29, 97.56, 141.37, 86.74, 148.37, 118.37, 111.15, 124.37, 139.37, 103.15, 98.56, 104.15, 92.56, 104.15, 169.37, 88.74, 142.37, 111.15, 109.15, 176.37, 168.37, 164.37, 91.21, 113.15];103.08;[3, 2, 5, 3, 3, 4, 1, 1, 1, 1, 6, 2, 2, 2, 1, 2, 1, 2, 1, 2, 2, 3, 6, 2, 3, 1, 1, 3, 6, 1, 6, 3, 1, 6, 6, 2, 2, 1];5
40;100;40;3;True;2000;1;0;0;0;0;0;0;560.8179197311401;30.85540771484375;217419.31274486;205985.1902031784;6102.11588944076;5331.93;[135.67, 120.67, 141.67, 136.67, 114.67, 93.63, 91.55, 120.67, 207.24, 189.24, 94.07, 113.67, 208.24, 137.67, 106.27, 118.67, 101.67, 100.67, 92.48, 216.24, 109.41, 163.24, 161.24, 99.67, 114.67, 74.6, 148.24, 78.86, 121.67, 168.24, 105.59, 127.67, 216.24, 181.24, 143.67, 128.67, 131.67, 132.67, 135.67, 147.67];141.64000000000001;[2, 1, 2, 3, 4, 1, 2, 2, 1, 5, 2, 2, 2, 2, 2, 3, 5, 1, 3, 5, 4, 4, 2, 1, 3, 3, 1, 2, 2, 2, 6, 2, 2, 3, 2, 4, 4, 3];5
40;100;40;4;True;2000;1;0;0;0;0;0;0;434.19653701782227;30.977614164352417;206294.75153680955;195233.52988284512;6338.065192938782;4723.16;[98.23, 142.14, 89.15, 138.99, 138.99, 134.99, 142.14, 134.99, 96.59, 128.71, 73.34, 130.71, 82.2, 109.24, 142.14, 142.14, 122.71, 137.99, 103.88, 100.23, 125.71, 74.5, 110.24, 122.71, 106.14, 101.23, 116.71, 103.88, 119.71, 97.59, 142.14, 120.71, 142.14, 114.71, 115.71, 119.71, 113.71, 110.71, 133.71, 141.99];68.79999999999998;[2, 4, 2, 4, 1, 6, 3, 4, 1, 4, 3, 1, 1, 2, 4, 2, 3, 1, 6, 1, 1, 2, 3, 1, 1, 2, 1, 2, 2, 3, 2, 6, 6, 3, 3, 1, 3, 3];5
40;100;40;5;True;2000;1;0;0;0;0;0;0;436.38409519195557;26.490299463272095;188645.4907291871;177541.88419443954;6029.132255004543;5074.479999999998;[106.15, 160.95, 124.95, 149.95, 86.73, 160.95, 153.95, 89.14, 143.95, 125.95, 160.95, 78.09, 93.5, 101.18, 110.95, 160.95, 101.18, 96.19, 160.95, 127.95, 160.95, 123.95, 109.14, 102.18, 69.26, 160.95, 91.55, 98.19, 160.95, 160.95, 119.95, 160.95, 160.95, 115.95, 105.15, 160.95, 84.1, 160.95, 160.95, 111.95];91.68999999999998;[2, 4, 1, 1, 3, 1, 4, 4, 5, 1, 2, 2, 4, 2, 3, 2, 5, 1, 4, 3, 4, 2, 3, 1, 1, 6, 5, 1, 4, 3, 2, 2, 1, 4, 4, 3];5
40;100;40;6;True;2000;1;0;0;0;0;0;0;432.3522639274597;28.479320287704468;194935.22293537678;184413.49110267524;5668.38747076725;4853.419999999997;[112.98, 118.98, 151.98, 146.98, 140.98, 151.98, 145.98, 151.98, 151.98, 83.9, 71.19, 99.33, 129.98, 103.33, 103.33, 76.75, 143.98, 96.33, 110.98, 151.98, 144.98, 113.98, 126.98, 82.86, 151.98, 151.98, 115.98, 98.33, 92.33, 93.33, 98.33, 151.98, 104.33, 151.98, 133.98, 114.98, 151.98, 86.92, 104.33, 136.98];80.78999999999999;[2, 2, 5, 4, 3, 5, 2, 1, 3, 1, 1, 4, 1, 1, 3, 2, 4, 5, 1, 4, 4, 2, 1, 4, 3, 2, 2, 1, 1, 2, 3, 4, 4, 1, 1, 5, 2, 2, 2];4
50;50;50;1;True;2000;1;0;0;0;0;0;0;226.96756172180176;14.585772275924683;51956.611518407815;46119.38026849546;2777.353417213443;3059.9900000000002;[96.52, 43.51, 36.68, 79.52, 74.52, 47.07, 48.07, 94.52, 75.52, 37.64, 12.98, 61.63, 69.52, 54.35, 74.52, 59.41, 28.01, 53.35, 96.52, 95.52, 69.52, 4.1, 89.52, 47.07, 83.52, 64.58, 35.47, 96.52, 50.88, 67.19, 67.19, 15.98, 58.41, 80.52, 54.35, 96.52, 96.52, 21.17, 36.68, 80.52, 50.88, 66.19, 40.51, 60.53, 30.31, 43.51, 38.89, 80.52, 96.52, 96.52];92.42;[3, 1, 1, 1, 4, 1, 1, 1, 2, 3, 1, 3, 1, 1, 1, 2, 1, 2, 4, 2, 1, 4, 1, 2, 1, 3, 2];3
50;50;50;2;True;2000;1;0;0;0;0;0;0;315.9927020072937;17.940937519073486;63775.06812740501;57423.00859876873;3085.8609005207168;3266.2399999999993;[66.11, 73.29, 119.29, 70.8, 46.19, 135.29, 39.85, 25.91, 19.38, 87.29, 33.63, 102.29, 38.64, 148.29, 40.59, 29.71, 12.48, 113.29, 102.29, 23.45, 96.29, 53.52, 61.53, 66.11, 83.29, 54.42, 29.2, 43.55, 24.8, 23.66, 112.29, 28.67, 76.29, 47.41, 66.83, 145.29, 102.29, 79.29, 16.37, 52.14, 56.9, 31.73, 89.29, 59.53, 55.42, 45.47, 46.19, 94.29, 67.83, 128.29];135.81;[1, 4, 2, 1, 1, 1, 2, 3, 1, 3, 3, 2, 1, 4, 2, 1, 1, 4, 3, 1, 2, 1, 1, 2, 3];3
50;50;50;3;True;2000;1;0;0;0;0;0;0;244.2506022453308;14.463899850845337;51871.441781683636;46503.819169824106;2813.912081739728;2553.53;[50.98, 43.98, 70.98, 74.98, 58.98, 24.98, 23.98, 59.98, 94.98, 56.98, 13.79, 42.98, 91.98, 45.98, 30.98, 54.98, 27.98, 46.98, 25.98, 94.98, 39.98, 54.98, 81.98, 28.98, 31.98, 33.98, 92.98, 14.94, 21.98, 65.98, 22.98, 58.98, 62.98, 86.98, 64.98, 47.98, 73.98, 43.98, 68.98, 47.98, 43.98, 77.98, 47.98, 34.98, 33.98, 32.98, 56.98, 70.98, 48.98, 19.74];81.19;[1, 2, 1, 4, 3, 1, 1, 2, 3, 3, 2, 1, 4, 5, 2, 1, 1, 5, 1, 1, 2, 1, 1, 1, 1];4
50;50;50;4;True;2000;1;0;0;0;0;0;0;254.75434064865112;13.938700675964355;52368.95401879013;46031.72208539972;2722.8239047000848;3614.2100000000005;[35.34, 111.11, 12.13, 65.11, 127.11, 116.11, 61.11, 43.83, 33.69, 121.11, 21.55, 84.11, 29.07, 61.11, 127.11, 97.11, 82.11, 90.11, 70.11, 63.11, 112.11, 16.8, 53.11, 65.11, 41.7, 49.11, 74.11, 19.47, 90.11, 54.11, 102.11, 67.11, 103.11, 111.11, 83.11, 71.11, 54.11, 51.11, 92.11, 84.11, 58.11, 40.95, 84.11, 102.11, 115.11, 91.11, 99.11, 45.39, 83.11, 48.11];114.98;[3, 2, 3, 1, 1, 3, 1, 2, 2, 2, 1, 1, 1, 1, 1, 1, 1, 2, 1, 2, 1, 2, 2, 1, 1, 2, 3, 3, 1, 2];2
50;50;50;5;True;2000;1;0;0;0;0;0;0;281.6742253303528;15.46475601196289;56205.036003849455;49955.08460196585;2980.6639222301205;3269.2999999999984;[55.31, 78.31, 45.39, 61.31, 20.56, 104.31, 84.31, 39.96, 88.31, 34.37, 71.31, 3.0, 23.32, 50.31, 46.31, 132.31, 29.58, 26.47, 92.31, 74.31, 132.31, 95.31, 84.31, 34.37, 4.83, 101.31, 18.76, 42.06, 129.31, 132.31, 73.31, 75.31, 116.31, 64.31, 61.31, 122.31, 12.68, 53.31, 118.31, 40.96, 51.31, 89.31, 50.31, 35.9, 54.31, 16.39, 115.31, 91.31, 45.39, 45.39];129.31;[3, 1, 1, 1, 1, 1, 1, 1, 1, 4, 1, 1, 4, 3, 2, 4, 1, 1, 2, 1, 3, 1, 1, 2, 1, 2, 2, 3];3
50;50;50;6;True;2000;1;0;0;0;0;0;0;252.76045274734497;12.735172033309937;52603.472027049545;46772.7497501351;2787.7030710773533;3042.9199999999987;[69.52, 46.52, 107.52, 86.52, 62.52, 103.52, 53.52, 107.52, 83.52, 26.18, 27.18, 36.18, 100.52, 46.52, 44.52, 12.58, 108.52, 41.52, 48.52, 109.52, 57.52, 53.52, 55.52, 28.18, 78.52, 75.52, 100.52, 39.52, 34.18, 31.18, 43.52, 73.52, 55.52, 116.52, 81.52, 86.52, 118.52, 34.18, 34.18, 73.52, 90.52, 23.21, 33.18, 71.52, 33.18, 55.52, 18.2, 21.75, 38.18, 63.52];105.94;[1, 5, 1, 1, 2, 3, 1, 2, 2, 3, 2, 2, 4, 2, 1, 1, 2, 1, 2, 1, 1, 3, 3, 2, 1, 1];4
50;60;50;1;True;2000;1;0;0;0;0;0;0;271.1318607330322;20.178490161895752;69072.06448364403;62031.75823125231;3501.0572710107144;3539.219999999999;[88.22, 48.87, 48.87, 95.5, 99.5, 50.87, 52.81, 72.33, 94.22, 37.16, 41.36, 81.22, 118.5, 55.81, 83.22, 99.5, 37.16, 51.87, 118.5, 97.5, 73.33, 4.1, 64.4, 73.33, 109.5, 68.28, 47.87, 118.5, 94.5, 115.5, 73.33, 23.5, 62.4, 63.4, 56.81, 81.22, 118.5, 28.79, 39.33, 64.4, 47.87, 84.22, 42.62, 55.81, 37.52, 42.37, 43.61, 94.22, 118.5, 118.5];114.4;[3, 1, 2, 1, 1, 1, 2, 2, 1, 1, 5, 3, 2, 3, 1, 1, 3, 2, 3, 1, 1, 2, 5, 2, 1, 1, 1, 2, 2, 4];4
50;60;50;2;True;2000;1;0;0;0;0;0;0;307.57878160476685;20.057729959487915;76837.37182845101;69913.79044250137;3659.6724926652123;3263.9100000000017;[51.9, 120.44, 74.44, 80.44, 43.84, 95.44, 57.34, 46.92, 25.09, 93.44, 42.84, 111.44, 42.42, 121.44, 42.84, 46.92, 22.51, 116.44, 82.44, 30.01, 93.44, 61.44, 52.34, 89.44, 77.44, 54.34, 48.92, 47.92, 28.64, 32.36, 110.44, 34.14, 65.44, 50.9, 65.44, 121.44, 91.44, 62.44, 17.13, 55.34, 55.34, 37.15, 67.44, 64.44, 51.98, 69.44, 58.11, 115.44, 58.11, 77.44];104.31;[2, 2, 1, 3, 2, 1, 1, 4, 1, 1, 1, 4, 1, 1, 3, 1, 4, 4, 2, 2, 5, 3, 2, 1, 2, 1, 4, 1];4
50;60;50;3;True;2000;1;0;0;0;0;0;0;324.92275762557983;21.601559162139893;74628.45773596744;67745.87838517153;3495.562930920652;3386.9699999999975;[75.33, 71.33, 99.33, 91.33, 89.33, 40.33, 37.21, 78.33, 136.33, 73.33, 24.1, 50.33, 120.33, 90.33, 40.33, 59.33, 51.33, 50.33, 35.22, 128.33, 56.33, 65.33, 88.33, 42.33, 50.33, 53.33, 98.33, 24.1, 46.33, 63.33, 31.45, 78.33, 87.33, 120.33, 69.33, 64.33, 73.33, 66.33, 97.33, 91.33, 55.33, 75.33, 52.33, 44.33, 65.33, 40.33, 50.33, 86.33, 68.33, 39.37];112.23000000000002;[2, 1, 1, 2, 2, 2, 3, 4, 2, 1, 2, 4, 1, 2, 2, 1, 2, 2, 1, 5, 3, 1, 1, 1, 1, 3, 1, 1, 2, 1, 2, 1];4
50;60;50;4;True;2000;1;0;0;0;0;0;0;285.0926122665405;21.332247972488403;74072.54050148276;66580.68729752685;3444.265436498323;4047.659999999998;[34.07, 100.64, 45.4, 104.64, 125.64, 119.64, 115.64, 64.64, 45.4, 87.64, 29.29, 98.64, 36.21, 79.64, 98.64, 94.64, 70.64, 96.64, 57.64, 54.64, 125.64, 24.77, 47.4, 57.64, 37.59, 55.64, 107.64, 26.35, 82.64, 65.64, 123.64, 88.64, 114.64, 100.64, 71.64, 76.64, 69.64, 51.14, 106.64, 125.64, 79.64, 63.64, 125.64, 121.64, 118.64, 125.64, 125.64, 50.58, 64.64, 52.14];100.87;[2, 1, 1, 3, 3, 2, 1, 1, 1, 1, 1, 1, 2, 1, 2, 2, 2, 3, 3, 5, 1, 1, 2, 2, 1, 1, 1, 2, 4, 2, 3, 1, 1];4
50;60;50;5;True;2000;1;0;0;0;0;0;0;288.4826545715332;17.24553394317627;63929.01704424654;56934.77831887766;3608.471301565214;3385.5799999999977;[57.45, 87.45, 54.45, 64.45, 28.48, 98.45, 63.45, 37.83, 101.45, 37.57, 64.45, 3.0, 45.35, 46.35, 57.45, 122.45, 30.05, 33.27, 119.45, 75.45, 100.45, 121.45, 91.45, 45.35, 4.83, 108.45, 16.94, 34.27, 122.45, 122.45, 57.45, 78.45, 122.45, 56.45, 65.45, 122.45, 16.44, 59.45, 122.45, 84.45, 54.45, 82.45, 42.54, 49.45, 54.45, 24.66, 119.45, 82.45, 47.45, 46.35];119.45;[2, 2, 1, 1, 1, 1, 1, 2, 3, 1, 2, 2, 1, 3, 2, 1, 1, 2, 2, 1, 1, 5, 4, 2, 1, 1, 3, 2, 5, 3, 1];4
50;60;50;6;True;2000;1;0;0;0;0;0;0;298.56097507476807;19.929744243621826;75706.07166973529;68618.81152755971;3305.456448157315;3781.75;[88.66, 60.26, 127.66, 84.66, 75.66, 127.66, 67.66, 127.66, 112.66, 32.1, 37.24, 50.02, 127.66, 74.66, 60.26, 22.75, 127.66, 53.11, 64.19, 94.66, 58.31, 75.66, 98.66, 41.24, 104.66, 125.66, 86.66, 51.02, 44.71, 43.57, 55.26, 77.66, 67.66, 127.66, 96.66, 66.19, 127.66, 44.71, 51.11, 81.66, 88.66, 22.75, 45.71, 127.66, 47.93, 61.26, 28.63, 33.98, 56.28, 125.66];104.91;[1, 2, 4, 1, 4, 4, 3, 2, 3, 1, 1, 2, 2, 3, 1, 1, 1, 3, 1, 1, 1, 1, 3, 1, 3, 1, 1, 2, 1, 1, 1, 1, 1, 1];3
50;70;50;1;True;2000;1;0;0;0;0;0;0;313.80256938934326;27.945122241973877;99723.9365637409;91511.45405822212;4088.513046470162;4124.030000000001;[110.18, 62.31, 63.31, 117.18, 96.18, 81.05, 64.21, 117.18, 83.05, 62.31, 57.2, 90.05, 117.18, 67.66, 91.05, 107.18, 52.51, 78.19, 117.18, 105.18, 97.18, 19.69, 108.18, 66.66, 101.18, 85.05, 57.98, 117.18, 75.86, 117.18, 83.05, 40.07, 71.1, 92.37, 74.86, 93.37, 117.18, 44.08, 53.71, 76.86, 65.21, 85.05, 67.66, 82.05, 50.49, 49.92, 57.98, 98.18, 117.18, 117.18];97.49000000000001;[2, 1, 2, 4, 1, 1, 4, 1, 1, 2, 1, 1, 4, 3, 2, 3, 2, 1, 2, 1, 1, 4, 2, 1, 1, 2, 1, 3, 2, 1, 1, 2, 1, 1, 1, 4, 3];3
50;70;50;2;True;2000;1;0;0;0;0;0;0;404.46197032928467;27.02376699447632;109890.77534667776;101921.81129477773;4071.7327409218956;3897.320000000001;[71.88, 82.42, 97.42, 77.42, 64.17, 111.42, 44.61, 41.13, 33.96, 90.42, 52.27, 132.42, 53.32, 142.42, 72.38, 48.09, 31.3, 102.42, 97.42, 41.41, 118.42, 93.42, 76.42, 80.42, 129.42, 73.38, 59.75, 85.42, 45.73, 59.75, 115.42, 46.97, 87.42, 68.85, 66.84, 156.42, 124.42, 86.42, 40.13, 70.37, 58.75, 52.32, 71.88, 73.38, 55.85, 65.84, 55.35, 116.42, 75.42, 98.42];125.11999999999999;[1, 2, 4, 3, 1, 2, 3, 1, 2, 3, 1, 1, 1, 1, 2, 5, 2, 1, 2, 1, 1, 3, 1, 3, 6, 3, 2, 1, 1, 2, 1, 3, 2, 2];5
50;70;50;3;True;2000;1;0;0;0;0;0;0;394.2410526275635;33.82927465438843;115114.68707447141;106885.43795931185;4052.5867984479974;4176.580000000002;[83.42, 92.42, 89.42, 112.42, 91.42, 53.2, 48.01, 107.42, 99.42, 82.42, 37.36, 71.42, 141.42, 87.42, 58.42, 79.42, 44.35, 68.42, 43.58, 129.42, 76.42, 105.42, 134.42, 59.42, 66.42, 67.42, 135.42, 34.16, 55.42, 146.42, 38.44, 116.42, 100.42, 103.42, 83.42, 66.42, 93.42, 82.42, 109.42, 115.42, 57.42, 92.42, 67.42, 53.63, 70.42, 61.42, 83.42, 151.42, 74.42, 53.63];117.25999999999999;[2, 1, 3, 1, 3, 1, 2, 3, 2, 1, 1, 1, 4, 2, 3, 2, 1, 4, 4, 4, 4, 3, 2, 1, 2, 1, 1, 2, 2, 4, 2, 1];3
50;70;50;4;True;2000;1;0;0;0;0;0;0;340.45829582214355;19.885881662368774;86269.06902520696;77516.74131721734;4341.6940488980545;4410.540000000002;[38.38, 128.71, 51.35, 80.71, 109.71, 148.71, 131.71, 63.52, 58.97, 77.71, 34.41, 109.71, 46.86, 73.71, 125.71, 97.71, 89.71, 98.71, 75.71, 76.71, 148.71, 31.05, 58.3, 75.71, 62.52, 70.71, 96.71, 36.9, 79.71, 75.71, 117.71, 76.71, 140.71, 135.71, 94.71, 107.71, 67.71, 66.71, 126.71, 104.71, 77.71, 62.52, 148.71, 120.71, 126.71, 100.71, 67.71, 58.97, 87.71, 65.52];117.66000000000001;[1, 1, 1, 4, 2, 6, 2, 2, 1, 3, 2, 2, 2, 1, 1, 1, 1, 3, 2, 2, 5, 1, 1, 2, 1, 3, 2, 2, 1, 1, 3, 1, 1, 2, 1, 2, 1];5
50;70;50;5;True;2000;1;0;0;0;0;0;0;321.899209022522;17.5632381439209;77137.07061231902;69081.52706076096;4283.809898730664;3771.670000000002;[62.88, 65.88, 59.88, 76.88, 42.4, 134.88, 69.88, 42.4, 97.88, 43.6, 108.88, 3.0, 51.17, 58.62, 49.2, 134.88, 38.84, 39.9, 98.88, 79.88, 114.88, 120.88, 126.88, 51.17, 21.01, 101.88, 33.38, 45.47, 130.88, 134.88, 77.88, 73.88, 134.88, 66.88, 72.88, 128.88, 33.38, 86.88, 123.88, 59.88, 59.88, 82.88, 51.17, 48.33, 72.88, 25.11, 130.88, 83.88, 57.62, 58.62];131.88;[3, 3, 1, 1, 1, 1, 1, 1, 3, 1, 1, 4, 1, 2, 1, 2, 3, 1, 3, 1, 2, 2, 1, 1, 3, 1, 1, 2, 2, 3, 2, 1, 2, 1, 2, 5, 2, 1, 1];4
50;70;50;6;True;2000;1;0;0;0;0;0;0;366.38586616516113;27.195497751235962;98366.67020143107;90293.31316764717;4128.2351824662865;3945.300000000004;[79.28, 66.28, 94.28, 135.28, 72.28, 100.28, 67.28, 121.28, 105.28, 40.21, 48.62, 52.07, 115.28, 64.28, 59.28, 26.9, 89.28, 55.07, 62.28, 56.07, 77.28, 90.28, 83.28, 42.25, 145.28, 91.28, 83.28, 58.07, 53.07, 57.07, 74.28, 117.28, 70.28, 123.28, 95.28, 70.28, 142.28, 51.07, 62.28, 84.28, 106.28, 30.9, 54.07, 127.28, 133.28, 65.28, 34.36, 40.91, 58.07, 112.28];118.38;[1, 1, 7, 1, 6, 4, 2, 3, 1, 1, 2, 3, 1, 2, 2, 1, 1, 3, 2, 1, 2, 2, 2, 3, 2, 1, 3, 1, 2, 1, 2, 1, 1, 1, 1];6
50;80;50;1;True;2000;1;0;0;0;0;0;0;327.39105319976807;28.90830659866333;107407.16692118175;98579.015391189;4577.3359736948005;4250.829999999999;[122.82, 59.75, 59.75, 98.66, 114.66, 84.66, 70.17, 119.95, 81.41, 75.01, 46.13, 106.66, 122.82, 106.66, 97.66, 102.66, 60.75, 60.75, 122.82, 97.66, 92.66, 31.85, 100.66, 65.0, 82.66, 92.66, 61.47, 87.66, 69.17, 122.82, 89.66, 59.75, 78.01, 77.01, 71.59, 101.66, 122.82, 51.28, 57.21, 116.95, 58.75, 87.66, 65.73, 65.75, 55.2, 66.75, 65.73, 95.66, 122.82, 122.82];90.97;[6, 1, 1, 1, 3, 1, 2, 1, 1, 1, 3, 3, 1, 1, 2, 2, 2, 3, 2, 1, 3, 2, 1, 1, 2, 2, 2, 2, 4, 3, 3, 1, 3, 1, 1, 1, 1, 2, 4, 3];5
50;80;50;2;True;2000;1;0;0;0;0;0;0;399.5322618484497;33.475643157958984;135320.89926666033;126152.28376670825;4716.186405957186;4452.46;[88.41, 104.02, 111.02, 74.85, 71.68, 145.46, 57.44, 51.28, 44.29, 111.91, 65.14, 133.46, 69.14, 146.46, 65.14, 64.17, 42.14, 67.14, 102.02, 53.35, 118.91, 107.02, 93.41, 124.91, 121.91, 95.02, 66.14, 88.41, 58.09, 69.68, 146.46, 65.14, 90.41, 77.24, 78.98, 146.46, 106.02, 94.41, 51.28, 83.92, 114.91, 64.17, 82.92, 80.26, 79.26, 75.12, 69.14, 124.91, 75.97, 133.46];104.32000000000001;[2, 2, 2, 2, 1, 1, 2, 3, 1, 1, 1, 1, 2, 1, 1, 1, 1, 4, 2, 3, 3, 1, 6, 3, 2, 3, 6, 1, 3, 1, 1, 3, 2, 1, 2, 1, 1, 3, 3];5
50;80;50;3;True;2000;1;0;0;0;0;0;0;383.4516062736511;29.881000757217407;124728.9040174531;115958.84413664337;4833.715994698482;3936.5400000000004;[77.5, 97.5, 98.5, 97.5, 92.5, 53.23, 50.83, 82.5, 116.5, 122.5, 40.6, 72.5, 107.5, 78.5, 53.5, 71.5, 54.5, 75.5, 48.43, 122.5, 63.5, 85.5, 127.5, 57.5, 80.5, 61.5, 127.5, 47.36, 65.5, 100.5, 47.36, 89.5, 97.5, 85.5, 78.5, 73.5, 73.5, 82.5, 95.5, 108.5, 61.5, 89.5, 63.5, 50.5, 72.5, 59.5, 60.5, 96.5, 66.5, 53.23];86.9;[1, 2, 2, 2, 1, 1, 3, 2, 6, 2, 3, 2, 1, 1, 1, 1, 5, 1, 3, 3, 2, 4, 1, 3, 1, 6, 1, 1, 2, 2, 2, 1, 2, 1, 3, 1, 2, 1, 1];5
50;80;50;4;True;2000;1;0;0;0;0;0;0;319.70472717285156;25.39469885826111;106690.87067120103;96909.34941884184;5030.526963667254;4750.850000000003;[52.16, 125.8, 60.35, 100.8, 125.8, 125.8, 80.8, 74.8, 68.91, 86.8, 46.41, 111.8, 55.37, 94.8, 125.8, 103.8, 117.8, 120.8, 89.8, 77.8, 125.8, 33.68, 64.32, 84.8, 73.8, 71.69, 125.8, 41.06, 105.8, 93.8, 125.8, 89.8, 118.8, 113.8, 113.8, 117.8, 70.69, 68.39, 97.8, 125.8, 79.8, 73.8, 125.8, 125.8, 125.8, 125.8, 125.8, 70.31, 116.8, 71.91];92.12;[1, 2, 1, 1, 3, 5, 1, 1, 1, 1, 1, 2, 2, 1, 1, 3, 2, 1, 2, 1, 2, 4, 3, 1, 2, 2, 1, 4, 1, 2, 2, 1, 1, 2, 1, 1, 1, 1, 1, 2, 3, 3, 2, 2, 2];4
50;80;50;5;True;2000;1;0;0;0;0;0;0;352.91886043548584;25.083720445632935;110138.26171856116;101015.19249384094;4874.776698558794;4248.439999999999;[71.6, 94.6, 74.6, 94.6, 54.36, 129.6, 84.6, 42.34, 97.6, 57.01, 125.6, 3.0, 64.16, 59.93, 63.16, 129.6, 55.97, 51.94, 98.6, 81.6, 129.6, 121.6, 125.6, 67.38, 26.09, 123.6, 44.83, 43.61, 119.6, 129.6, 87.6, 89.6, 101.6, 83.6, 73.6, 129.6, 35.64, 87.6, 129.6, 77.6, 78.6, 104.6, 73.6, 61.54, 114.6, 45.08, 129.6, 129.6, 77.6, 71.6];126.6;[3, 2, 1, 1, 1, 1, 1, 1, 2, 2, 1, 1, 3, 1, 3, 1, 5, 2, 2, 2, 1, 1, 1, 3, 2, 2, 1, 1, 2, 2, 2, 5, 1, 2, 4, 2, 2, 5, 3, 1, 1];4
50;80;50;6;True;2000;1;0;0;0;0;0;0;395.1922378540039;34.425788164138794;127789.21571316688;118946.33113157791;4541.713852294053;4301.069999999998;[71.7, 72.7, 127.7, 129.7, 100.7, 125.7, 84.7, 141.32, 141.32, 48.29, 51.76, 64.7, 114.7, 68.7, 70.7, 34.24, 107.7, 57.83, 83.7, 58.16, 73.7, 81.7, 75.7, 49.18, 112.7, 88.7, 96.7, 64.7, 62.42, 57.83, 69.7, 106.7, 103.7, 141.32, 123.7, 87.7, 141.32, 54.42, 64.7, 92.7, 127.7, 30.21, 60.16, 98.7, 122.7, 74.7, 41.25, 47.22, 60.42, 132.7];111.10999999999999;[2, 1, 2, 1, 6, 3, 4, 6, 1, 1, 2, 4, 1, 1, 4, 1, 4, 2, 1, 1, 2, 2, 2, 5, 1, 1, 4, 1, 1, 2, 1, 1, 1, 2, 3, 1, 1, 1];5
50;90;50;1;True;2000;1;0;0;0;0;0;0;409.92268323898315;46.58599853515625;188593.22284210386;178185.46153414712;5092.194207182315;5315.45;[129.58, 117.58, 85.02, 115.58, 135.58, 91.13, 88.65, 135.58, 135.58, 110.58, 58.37, 110.58, 133.58, 96.13, 118.58, 111.58, 80.73, 85.85, 135.58, 135.58, 119.58, 40.71, 103.86, 97.13, 106.58, 98.88, 86.85, 121.58, 98.88, 118.58, 107.58, 80.73, 96.13, 106.58, 84.02, 122.58, 135.58, 71.77, 82.17, 135.58, 95.13, 124.58, 99.27, 135.58, 77.04, 78.49, 85.85, 124.58, 135.58, 132.58];94.87;[3, 2, 1, 1, 6, 1, 1, 4, 2, 1, 1, 2, 1, 1, 1, 2, 2, 2, 5, 2, 1, 2, 3, 1, 4, 1, 2, 3, 1, 1, 4, 2, 1, 6, 2, 2, 1, 2, 1, 1, 1, 4, 3];5
50;90;50;2;True;2000;1;0;0;0;0;0;0;454.15636682510376;37.00460648536682;168359.9709847798;157824.99915713802;5571.821648293752;4963.130000000001;[82.12, 114.79, 114.79, 77.53, 92.82, 160.72, 69.16, 66.19, 50.68, 139.79, 76.87, 140.79, 81.1, 148.0, 78.53, 81.1, 53.67, 85.95, 107.79, 60.85, 123.79, 100.05, 97.88, 114.79, 120.79, 145.0, 75.28, 85.95, 66.19, 81.1, 115.79, 73.88, 101.29, 100.29, 91.82, 160.72, 122.79, 140.79, 60.56, 85.95, 96.88, 75.28, 96.88, 99.05, 74.88, 84.02, 76.87, 160.72, 89.89, 160.72];110.03999999999999;[1, 2, 1, 3, 5, 3, 2, 2, 2, 5, 2, 1, 2, 1, 1, 2, 2, 1, 3, 6, 3, 2, 1, 3, 2, 3, 1, 2, 3, 3, 4, 1, 2, 1, 2, 5, 1, 4];5
50;90;50;3;True;2000;1;0;0;0;0;0;0;456.59810066223145;38.449859380722046;166795.97228003643;157259.07931379974;5433.257340987624;4103.570000000003;[77.82, 86.82, 90.82, 94.82, 81.82, 53.82, 48.37, 92.82, 135.82, 101.82, 41.11, 76.82, 120.82, 81.82, 55.82, 68.82, 49.45, 62.82, 47.48, 125.82, 70.82, 85.82, 128.82, 60.82, 63.82, 68.82, 110.82, 39.0, 62.82, 141.82, 44.61, 108.82, 102.82, 100.82, 109.82, 74.82, 79.82, 83.82, 74.82, 113.82, 63.82, 119.82, 62.82, 56.82, 74.82, 59.82, 78.82, 136.82, 75.82, 51.29];102.82;[2, 1, 1, 3, 1, 1, 1, 3, 3, 4, 2, 4, 2, 2, 1, 2, 6, 1, 4, 5, 1, 1, 4, 1, 6, 4, 2, 2, 1, 2, 2, 2, 2, 2, 1, 2, 2, 2, 1, 1];5
50;90;50;4;True;2000;1;0;0;0;0;0;0;459.4997844696045;41.75822043418884;172686.13372806582;161979.1657867025;5541.846375620048;5165.2;[66.11, 100.68, 72.0, 124.68, 143.68, 164.68, 83.68, 86.68, 59.06, 127.68, 57.29, 103.68, 61.12, 94.68, 155.68, 100.68, 89.68, 108.68, 119.68, 88.68, 144.68, 52.11, 83.68, 97.68, 83.68, 83.68, 100.68, 56.26, 108.68, 81.68, 131.68, 103.68, 164.68, 121.68, 112.68, 110.68, 91.68, 92.68, 104.68, 123.68, 99.68, 92.68, 140.68, 162.68, 141.68, 100.68, 116.68, 80.68, 91.68, 78.69];112.57000000000001;[1, 2, 1, 4, 2, 4, 2, 1, 1, 3, 1, 1, 1, 2, 1, 2, 4, 1, 2, 1, 3, 3, 1, 3, 1, 1, 1, 1, 3, 7, 3, 1, 1, 2, 3, 3, 1, 1, 3, 2, 1, 6, 1, 1];6
50;90;50;5;True;2000;1;0;0;0;0;0;0;384.7170476913452;33.99136710166931;153689.38819902064;144024.33394297928;5347.068616087594;4318.110000000001;[77.36, 118.36, 76.36, 106.36, 59.46, 118.36, 85.36, 54.37, 104.36, 60.55, 118.36, 3.0, 67.33, 68.63, 65.33, 118.36, 57.68, 57.68, 118.36, 84.36, 118.36, 118.36, 118.36, 74.36, 28.78, 118.36, 53.1, 64.87, 118.36, 118.36, 90.36, 87.36, 114.36, 86.36, 86.36, 117.36, 37.97, 113.36, 118.36, 80.36, 78.36, 105.36, 67.33, 63.87, 99.36, 48.92, 106.36, 118.36, 74.36, 72.36];115.36;[3, 2, 2, 1, 3, 2, 1, 2, 4, 1, 2, 3, 1, 3, 1, 4, 2, 3, 3, 1, 4, 5, 4, 3, 1, 1, 2, 2, 1, 5, 1, 3, 2, 2, 3, 5, 1, 1];4
50;90;50;6;True;2000;1;0;0;0;0;0;0;484.4652171134949;46.47042751312256;191735.67762614103;181438.36756950806;5175.533439839928;5121.879999999999;[93.79, 90.79, 143.79, 164.79, 109.79, 151.79, 88.79, 141.79, 155.79, 60.21, 63.07, 78.91, 151.79, 88.79, 73.49, 54.17, 128.79, 77.91, 79.79, 81.79, 137.79, 84.79, 99.79, 64.07, 162.79, 99.79, 96.79, 75.91, 69.41, 70.41, 85.79, 108.79, 108.79, 142.79, 153.79, 101.79, 164.79, 75.91, 77.91, 90.79, 139.79, 53.1, 71.97, 147.79, 145.79, 82.79, 53.13, 57.32, 78.91, 138.79];111.69;[1, 4, 2, 1, 7, 4, 2, 3, 1, 3, 4, 2, 1, 1, 3, 2, 1, 2, 1, 1, 3, 1, 2, 1, 1, 1, 1, 3, 1, 5, 1, 4, 1, 1, 3, 5, 2, 1, 1, 2, 2, 2];6
50;100;50;1;True;2000;1;0;0;0;0;0;0;394.9586205482483;45.00769758224487;194992.78399429913;183963.62515313973;5682.735099153969;5346.43;[126.9, 109.9, 82.77, 124.9, 110.9, 110.9, 95.46, 126.9, 126.9, 88.64, 66.76, 102.9, 126.9, 121.9, 121.9, 111.9, 82.2, 91.97, 126.9, 126.9, 124.9, 34.49, 117.9, 111.9, 126.9, 116.9, 84.77, 126.9, 90.98, 126.9, 122.9, 75.51, 101.0, 112.9, 92.46, 126.9, 126.9, 71.7, 79.11, 126.9, 98.33, 115.9, 94.46, 126.9, 74.51, 87.64, 84.77, 126.9, 126.9, 126.9];92.41;[4, 2, 1, 2, 3, 2, 2, 4, 1, 1, 5, 4, 1, 2, 3, 1, 2, 5, 3, 1, 2, 4, 3, 1, 1, 4, 2, 2, 2, 1, 5, 1, 1, 3, 1, 1, 2, 1, 1, 1, 1, 4, 3, 4];4
50;100;50;2;True;2000;1;0;0;0;0;0;0;504.37389516830444;43.14494180679321;209267.70621464407;197944.40459060212;6328.564511605307;4994.75;[84.22, 102.99, 146.63, 98.99, 106.99, 155.63, 75.24, 70.24, 52.83, 123.63, 74.24, 157.63, 84.22, 148.63, 76.24, 79.24, 62.7, 79.24, 114.63, 63.58, 125.63, 101.99, 86.22, 119.63, 137.63, 149.63, 79.24, 89.99, 73.24, 93.99, 117.63, 76.24, 109.63, 80.88, 108.63, 159.63, 133.63, 113.63, 60.77, 89.22, 89.99, 69.46, 91.99, 95.99, 82.22, 85.22, 81.22, 135.63, 89.22, 108.99];106.8;[1, 2, 5, 2, 3, 3, 1, 2, 2, 2, 5, 2, 2, 2, 2, 1, 2, 2, 1, 2, 2, 1, 2, 4, 4, 2, 1, 1, 4, 6, 7, 2, 2, 2, 1, 2, 2, 2, 1, 1, 3, 2, 2];6
50;100;50;3;True;2000;1;0;0;0;0;0;0;609.3906764984131;48.178431034088135;221155.43433419612;209920.33374250346;6015.489534304959;5219.499999999997;[96.83, 127.83, 109.83, 89.83, 87.83, 75.83, 67.49, 106.83, 144.83, 148.83, 57.54, 86.83, 161.83, 107.83, 73.83, 97.83, 84.83, 80.83, 62.63, 199.83, 84.83, 107.83, 126.83, 76.83, 81.83, 84.83, 209.83, 53.0, 83.83, 104.83, 67.17, 208.83, 137.83, 101.83, 146.83, 105.83, 114.83, 93.83, 86.83, 111.83, 94.83, 129.83, 87.83, 77.83, 94.83, 81.83, 91.83, 132.83, 96.83, 71.15];156.83;[5, 5, 2, 1, 1, 1, 2, 2, 4, 2, 1, 1, 2, 3, 2, 1, 6, 2, 2, 4, 1, 3, 2, 2, 2, 1, 2, 5, 3, 4, 4, 1, 3, 1, 2, 3, 2, 1, 3, 1, 4, 1];5
50;100;50;4;True;2000;1;0;0;0;0;0;0;456.89354848861694;47.735944986343384;216283.77352678136;204725.74201166455;6173.198556162687;5384.829999999995;[79.86, 129.91, 78.81, 128.91, 142.91, 125.91, 142.91, 88.41, 69.32, 141.91, 69.06, 142.91, 75.86, 95.91, 108.91, 121.91, 96.91, 133.91, 90.91, 96.91, 142.91, 63.45, 97.91, 101.91, 84.22, 96.91, 105.91, 60.33, 129.91, 91.91, 119.91, 117.91, 124.91, 115.91, 109.91, 103.91, 90.91, 101.91, 142.91, 109.91, 107.91, 95.91, 130.91, 107.91, 142.91, 142.91, 107.91, 86.61, 97.91, 88.41];82.58;[1, 4, 2, 2, 2, 5, 2, 1, 1, 4, 3, 2, 2, 1, 1, 2, 3, 1, 1, 1, 1, 1, 1, 2, 2, 3, 3, 3, 6, 2, 2, 3, 3, 4, 1, 2, 2, 4, 6, 5, 1, 2];5
50;100;50;5;True;2000;1;0;0;0;0;0;0;409.39857482910156;44.82766127586365;194204.85297028383;183344.52786962062;6002.137974187671;4858.199999999999;[89.62, 94.62, 88.52, 99.62, 72.77, 120.62, 92.62, 74.9, 113.62, 76.02, 126.54, 3.0, 82.39, 81.39, 80.39, 126.54, 73.9, 74.9, 103.62, 108.62, 122.62, 126.54, 119.62, 87.05, 41.71, 126.54, 68.65, 72.77, 126.54, 126.54, 125.54, 104.62, 111.62, 110.62, 94.62, 126.54, 60.51, 115.62, 126.54, 82.39, 91.62, 126.54, 84.05, 81.39, 110.62, 62.08, 121.62, 98.62, 96.62, 123.62];123.54;[1, 3, 2, 2, 1, 1, 2, 2, 4, 2, 2, 1, 3, 4, 1, 3, 2, 1, 4, 1, 2, 3, 6, 4, 2, 2, 1, 3, 1, 6, 4, 1, 4, 4, 4, 2, 1, 3, 1, 2, 2];5
50;100;50;6;True;2000;1;0;0;0;0;0;0;529.9172263145447;51.09144425392151;233277.535815875;222609.39352056506;5730.6846681026045;4937.419999999997;[94.49, 94.49, 97.49, 134.36, 112.49, 157.36, 74.9, 118.36, 157.36, 62.01, 67.61, 82.9, 151.36, 95.49, 81.9, 58.14, 95.49, 77.9, 83.9, 151.36, 117.36, 87.49, 122.36, 62.01, 107.49, 120.36, 105.49, 79.9, 76.9, 79.9, 86.49, 118.36, 104.49, 131.36, 98.49, 96.49, 156.36, 69.9, 77.9, 104.49, 157.36, 34.86, 68.9, 123.36, 97.49, 80.9, 56.46, 63.75, 85.9, 115.49];122.50000000000001;[1, 3, 3, 6, 2, 1, 5, 1, 1, 3, 5, 2, 2, 2, 2, 3, 7, 2, 1, 2, 1, 2, 2, 1, 3, 4, 1, 6, 2, 1, 5, 1, 1, 2, 5, 1, 2, 2, 1, 1, 2];6
60;60;60;1;True;2000;1;0;0;0;0;0;0;290.5757803916931;31.3983952999115;73878.98370597769;66770.94344715074;3523.4028410699425;3584.540000000003;[71.28, 36.85, 43.28, 106.28, 84.28, 46.28, 35.81, 106.28, 53.28, 35.81, 12.56, 59.28, 71.28, 57.28, 71.28, 75.28, 27.52, 44.28, 106.28, 59.28, 66.28, 4.01, 61.28, 106.28, 54.28, 76.28, 31.56, 106.28, 39.05, 80.28, 51.28, 17.46, 49.28, 106.28, 44.28, 96.28, 106.28, 20.51, 28.95, 85.28, 40.05, 57.28, 40.28, 58.28, 28.04, 28.62, 32.43, 84.28, 101.28, 106.28, 39.05, 67.28, 46.28, 24.45, 75.28, 41.28, 106.28, 49.28, 83.28, 40.05];102.27;[1, 1, 3, 2, 1, 2, 2, 1, 3, 2, 1, 1, 1, 1, 2, 2, 5, 3, 1, 4, 1, 1, 1, 4, 2, 3, 1, 1, 1, 3, 2, 1];4
60;60;60;2;True;2000;1;0;0;0;0;0;0;362.11287355422974;31.067344188690186;92090.9365664581;85175.80691876706;3638.4289795308946;3276.840000000002;[61.67, 93.67, 66.67, 33.29, 42.13, 114.67, 38.29, 21.24, 14.87, 75.67, 33.29, 83.67, 33.29, 55.67, 31.29, 22.86, 11.18, 57.67, 59.67, 16.7, 119.67, 66.67, 46.67, 127.67, 110.67, 37.29, 27.66, 31.29, 20.24, 33.29, 89.67, 23.47, 74.67, 41.13, 79.67, 101.67, 81.67, 48.67, 15.87, 49.67, 61.67, 25.06, 51.67, 56.67, 30.29, 44.67, 40.13, 120.67, 47.67, 75.67, 48.67, 45.67, 49.67, 22.86, 62.67, 103.67, 103.67, 10.63, 38.29, 42.13];117.04;[1, 4, 1, 1, 1, 1, 2, 1, 1, 1, 2, 1, 4, 5, 2, 1, 3, 1, 2, 3, 1, 1, 2, 1, 4, 1, 1, 1, 1, 2, 1, 6];5
60;60;60;3;True;2000;1;0;0;0;0;0;0;282.26726770401;23.493835926055908;62218.47960628229;56065.494032164825;3482.7895366584125;2670.350000000001;[44.14, 65.14, 49.14, 55.14, 64.14, 28.73, 17.63, 52.14, 51.14, 42.73, 11.56, 27.73, 94.14, 35.73, 22.72, 29.73, 24.32, 29.73, 17.63, 78.14, 22.72, 47.14, 97.14, 22.05, 38.73, 25.45, 56.14, 16.63, 29.73, 97.14, 15.62, 58.14, 45.14, 75.14, 37.73, 42.73, 42.73, 37.73, 80.14, 65.14, 35.73, 96.14, 30.73, 19.49, 42.73, 26.73, 30.73, 68.14, 33.73, 13.69, 33.73, 12.58, 89.14, 64.14, 23.32, 83.14, 10.25, 40.73, 77.14, 43.73];86.89;[1, 4, 2, 3, 1, 1, 4, 2, 3, 2, 3, 1, 2, 1, 1, 4, 1, 2, 2, 1, 1, 1, 2, 1, 1, 1, 2, 1, 4, 1, 4];3
60;60;60;4;True;2000;1;0;0;0;0;0;0;289.9394826889038;25.641974210739136;74523.6915247862;67688.72552007555;3409.841293101786;3424.9099999999976;[21.51, 66.93, 17.15, 66.93, 107.93, 107.93, 60.93, 35.93, 17.15, 92.93, 16.15, 72.93, 25.25, 48.93, 107.93, 102.93, 57.93, 70.93, 47.93, 43.93, 90.93, 10.4, 30.93, 45.93, 36.93, 37.93, 54.93, 18.69, 64.93, 44.93, 73.93, 44.93, 107.93, 60.93, 57.93, 74.93, 51.93, 30.93, 63.93, 75.93, 51.93, 32.93, 107.93, 91.93, 65.93, 60.93, 90.93, 36.93, 44.93, 28.93, 45.93, 40.93, 78.93, 25.93, 77.93, 67.93, 44.93, 94.93, 38.93, 25.25];97.53;[2, 1, 4, 5, 2, 2, 2, 3, 2, 2, 1, 2, 2, 2, 1, 1, 1, 3, 2, 2, 3, 1, 1, 3, 1, 3, 1, 1, 1, 2, 1];4
60;60;60;5;True;2000;1;0;0;0;0;0;0;306.73774003982544;22.923643827438354;57752.567695276804;50196.57987878676;3603.468691807372;3952.5299999999984;[53.64, 96.64, 41.6, 65.64, 18.62, 88.64, 68.64, 31.66, 77.64, 38.62, 65.64, 1.0, 53.64, 93.64, 50.71, 93.64, 25.88, 36.52, 58.64, 76.64, 141.64, 92.64, 132.64, 53.64, 2.43, 101.64, 17.53, 34.65, 134.64, 139.64, 51.64, 67.64, 108.64, 63.64, 59.64, 141.64, 9.58, 81.64, 78.64, 47.71, 45.59, 87.64, 59.64, 54.64, 52.64, 10.58, 112.64, 54.64, 67.64, 50.71, 57.64, 36.52, 104.64, 78.64, 42.6, 59.64, 54.64, 46.71, 50.71, 125.64];140.64;[2, 1, 1, 1, 1, 1, 1, 1, 4, 1, 1, 1, 3, 1, 3, 3, 2, 1, 1, 2, 3, 2, 1, 2, 3, 1, 2, 3, 2, 1, 1, 1, 1, 2, 2, 1];3
60;60;60;6;True;2000;1;0;0;0;0;0;0;383.7577519416809;29.17525339126587;85364.73538854477;78453.38440910813;3251.5572192255445;3659.5999999999963;[52.74, 45.74, 153.74, 80.74, 61.74, 95.74, 59.74, 109.74, 69.74, 24.74, 37.74, 49.74, 116.74, 66.74, 45.74, 10.18, 63.74, 29.74, 52.74, 103.74, 71.74, 57.74, 55.74, 24.74, 89.74, 86.74, 88.74, 36.74, 32.74, 27.74, 40.74, 58.74, 68.74, 133.74, 93.74, 55.74, 103.74, 31.74, 32.74, 65.74, 102.74, 21.74, 33.74, 93.74, 84.74, 49.74, 15.86, 20.74, 48.74, 76.74, 130.74, 10.18, 13.07, 28.74, 71.74, 40.74, 119.74, 39.74, 46.74, 20.61];143.56;[4, 2, 1, 2, 4, 1, 1, 3, 1, 4, 1, 1, 1, 2, 1, 2, 1, 1, 2, 3, 2, 1, 2, 2, 1, 2, 1, 1, 1, 4, 1, 1, 2, 1];3
60;70;60;1;True;2000;1;0;0;0;0;0;0;343.5195655822754;32.795933961868286;93199.38001777162;85205.02461522292;4119.0492855629345;3875.539999999997;[76.22, 46.22, 38.02, 122.22, 89.22, 53.22, 65.22, 119.22, 57.22, 51.22, 12.47, 58.22, 76.22, 61.22, 75.22, 70.22, 43.56, 82.22, 114.22, 79.22, 70.22, 5.7, 71.22, 51.22, 79.22, 74.22, 34.84, 93.22, 46.17, 122.22, 61.22, 20.3, 56.22, 70.22, 53.22, 80.22, 122.22, 21.17, 36.42, 88.22, 42.36, 65.22, 45.72, 60.22, 35.11, 40.23, 40.02, 76.22, 107.22, 106.22, 43.56, 69.22, 52.22, 34.2, 71.22, 41.23, 100.22, 70.22, 78.22, 48.22];116.52;[3, 2, 4, 1, 1, 4, 1, 1, 1, 3, 1, 1, 1, 1, 1, 1, 1, 1, 2, 1, 2, 5, 3, 1, 5, 1, 2, 1, 1, 2, 4, 2, 1, 1, 1, 4, 1, 1];4
60;70;60;2;True;2000;1;0;0;0;0;0;0;326.67557859420776;26.168492078781128;89605.62749396118;82322.16719985862;4054.4984413437332;3228.92;[49.48, 104.48, 65.48, 51.48, 41.48, 89.48, 34.7, 27.7, 21.64, 86.48, 34.7, 104.48, 33.7, 57.48, 33.7, 36.7, 16.92, 53.48, 73.48, 23.69, 104.48, 59.48, 43.48, 89.48, 65.48, 67.48, 31.7, 37.7, 28.7, 37.7, 72.48, 29.7, 54.48, 42.48, 73.48, 104.48, 98.48, 57.48, 28.7, 48.48, 39.48, 31.7, 55.48, 64.48, 47.48, 49.48, 39.48, 81.48, 41.48, 75.48, 45.48, 47.48, 59.48, 26.7, 73.48, 90.48, 57.48, 11.27, 36.7, 37.7];93.21000000000001;[4, 1, 3, 2, 1, 1, 3, 1, 2, 1, 2, 1, 1, 3, 1, 4, 3, 2, 1, 3, 4, 3, 1, 1, 1, 1, 1, 2, 1, 1, 1, 1, 3, 1, 2, 1, 4, 1];3
60;70;60;3;True;2000;1;0;0;0;0;0;0;434.5943374633789;43.697755098342896;110826.97525689058;103031.12722171232;4024.5872544196604;3771.250000000001;[45.67, 89.38, 64.51, 71.18, 99.38, 35.39, 30.99, 80.79, 56.13, 81.79, 12.3, 41.6, 102.38, 46.93, 44.67, 74.18, 35.39, 37.31, 32.47, 101.38, 49.22, 63.51, 102.38, 35.39, 43.72, 44.67, 107.38, 23.62, 40.6, 66.13, 28.63, 155.38, 70.18, 86.38, 65.13, 59.51, 77.18, 60.51, 68.18, 64.51, 54.64, 82.79, 57.13, 33.41, 53.52, 39.53, 54.64, 75.18, 50.3, 27.63, 45.67, 29.91, 110.38, 70.18, 38.46, 109.38, 25.33, 101.38, 129.38, 86.38];143.07999999999998;[2, 3, 1, 2, 1, 1, 4, 1, 4, 3, 2, 1, 5, 1, 2, 3, 2, 1, 1, 2, 4, 2, 2, 1, 1, 1, 1, 2, 1, 2, 4, 1, 2, 4];4
60;70;60;4;True;2000;1;0;0;0;0;0;0;363.15673446655273;32.05370092391968;95392.13748633733;87378.39636210364;4339.505782744642;3674.2199999999953;[25.22, 107.22, 21.22, 65.22, 94.22, 124.22, 112.22, 37.22, 28.22, 90.22, 28.22, 73.22, 27.22, 52.22, 110.22, 124.22, 57.22, 69.22, 67.22, 36.22, 86.22, 19.22, 30.22, 53.22, 34.22, 38.22, 52.22, 21.22, 83.22, 49.22, 74.22, 48.22, 119.22, 81.22, 84.22, 79.22, 56.22, 39.22, 52.22, 65.22, 53.22, 38.22, 115.22, 95.22, 55.22, 59.22, 119.22, 41.22, 45.22, 32.22, 45.22, 41.22, 86.22, 31.22, 67.22, 62.22, 45.22, 70.22, 39.22, 15.24];108.98;[4, 3, 4, 1, 3, 1, 3, 3, 2, 1, 1, 4, 2, 1, 1, 1, 1, 1, 1, 2, 1, 1, 3, 1, 3, 1, 1, 1, 1, 2, 3, 2, 4, 1, 1, 1, 2, 1];3
60;70;60;5;True;2000;1;0;0;0;0;0;0;401.7501277923584;36.57639193534851;102365.05872229925;93480.96566881085;4288.809996904825;4595.340000000003;[59.97, 77.3, 42.93, 101.3, 25.06, 100.3, 81.3, 33.04, 102.3, 38.99, 129.3, 1.0, 48.07, 100.3, 46.09, 102.3, 29.39, 31.04, 59.97, 84.3, 144.3, 127.3, 154.3, 55.02, 2.43, 111.3, 25.47, 35.65, 143.3, 159.3, 93.3, 72.9, 118.3, 81.3, 67.92, 161.3, 15.96, 82.3, 126.3, 45.09, 46.09, 126.3, 57.0, 54.04, 57.0, 15.96, 129.3, 106.3, 91.3, 58.0, 62.96, 40.96, 96.3, 109.3, 39.96, 69.92, 67.92, 49.07, 49.07, 151.3];160.3;[1, 1, 1, 2, 2, 1, 1, 3, 1, 2, 2, 3, 1, 1, 3, 3, 1, 1, 5, 1, 1, 1, 1, 1, 3, 2, 2, 2, 1, 1, 2, 2, 3, 2, 1, 1, 1, 1, 1, 2, 1, 2];4
60;70;60;6;True;2000;1;0;0;0;0;0;0;428.9941248893738;45.47852897644043;129306.62175976911;120975.82369218452;4107.867853772966;4223.13;[68.98, 60.98, 107.98, 76.98, 83.98, 142.98, 64.98, 89.98, 73.98, 28.5, 35.58, 61.98, 98.98, 74.98, 51.98, 15.81, 89.98, 44.98, 57.98, 133.98, 58.98, 84.98, 70.98, 33.94, 88.98, 95.98, 100.98, 50.98, 43.98, 40.42, 53.98, 106.98, 75.98, 98.98, 93.98, 77.98, 142.98, 37.42, 46.98, 70.98, 142.98, 21.37, 38.88, 79.98, 108.98, 58.98, 19.68, 25.81, 70.98, 95.98, 118.98, 9.59, 16.96, 43.98, 61.98, 67.98, 136.98, 53.98, 64.98, 42.11];133.39;[2, 1, 3, 1, 5, 5, 1, 1, 1, 1, 2, 1, 2, 2, 1, 1, 2, 1, 2, 2, 3, 1, 1, 3, 2, 2, 1, 2, 1, 1, 3, 1, 3, 2, 5, 2];4
60;80;60;1;True;2000;1;0;0;0;0;0;0;411.36421251296997;43.233723878860474;125199.15611346673;116091.28025387676;4656.456615425032;4451.489999999999;[117.73, 47.69, 47.52, 131.73, 76.73, 51.15, 67.73, 141.73, 64.73, 53.73, 48.69, 62.73, 141.73, 71.73, 79.73, 71.73, 46.23, 47.52, 121.73, 70.73, 76.73, 8.27, 106.73, 87.73, 100.73, 74.73, 48.69, 112.73, 62.73, 130.73, 70.73, 32.65, 61.73, 77.73, 59.73, 89.73, 140.73, 22.9, 43.74, 86.73, 53.73, 97.73, 45.89, 51.15, 41.42, 45.89, 46.52, 107.73, 91.73, 106.73, 60.73, 82.73, 54.73, 39.8, 79.73, 49.69, 90.73, 103.73, 89.73, 52.15];133.45999999999998;[4, 1, 2, 2, 2, 1, 2, 4, 1, 3, 1, 1, 1, 2, 1, 1, 3, 1, 3, 2, 1, 2, 4, 1, 1, 1, 4, 4, 1, 1, 1, 3, 2, 3, 1, 1, 2, 5, 3, 1];4
60;80;60;2;True;2000;1;0;0;0;0;0;0;485.8846116065979;57.73918604850769;182176.6127256722;173237.2056372478;4775.329257649275;4163.940000000002;[67.09, 122.09, 79.09, 56.09, 60.09, 113.09, 42.61, 37.61, 33.61, 101.09, 45.61, 131.09, 53.09, 74.09, 43.61, 51.09, 29.54, 74.09, 83.09, 32.35, 119.09, 84.09, 60.09, 98.09, 142.09, 112.09, 42.61, 45.61, 35.61, 52.09, 87.09, 39.61, 64.09, 71.09, 67.09, 143.09, 143.09, 71.09, 39.61, 58.09, 44.61, 39.61, 66.09, 81.09, 72.09, 70.09, 49.09, 106.09, 57.09, 93.09, 60.09, 49.09, 53.09, 33.35, 103.09, 93.09, 82.09, 10.9, 49.09, 45.61];132.19;[1, 1, 1, 4, 2, 1, 1, 4, 1, 1, 5, 1, 1, 3, 4, 3, 1, 1, 2, 1, 1, 2, 2, 5, 4, 1, 1, 2, 1, 3, 2, 3, 1, 2, 1, 2, 1, 3, 1, 2, 1];4
60;80;60;3;True;2000;1;0;0;0;0;0;0;419.077908039093;50.94742965698242;147285.7187133948;137922.10517927297;4829.7659497506065;4533.919999999999;[52.99, 133.31, 74.14, 120.31, 72.95, 38.71, 38.71, 92.5, 115.31, 85.7, 35.25, 50.16, 135.31, 79.1, 45.46, 56.19, 45.46, 48.94, 39.92, 126.31, 62.94, 74.14, 91.5, 38.71, 46.07, 45.46, 135.31, 35.89, 50.8, 113.31, 36.54, 117.31, 93.5, 103.31, 100.31, 70.95, 74.14, 80.1, 89.5, 74.14, 57.43, 87.7, 72.95, 48.94, 64.2, 49.16, 68.95, 80.1, 50.16, 41.86, 58.43, 38.46, 127.31, 116.31, 41.86, 135.31, 32.32, 99.19, 135.31, 107.31];102.99000000000001;[4, 1, 5, 2, 4, 2, 5, 1, 4, 1, 1, 1, 2, 1, 2, 2, 3, 1, 2, 1, 2, 1, 1, 1, 1, 1, 1, 2, 2, 1, 3, 1, 3, 1, 1, 5, 2, 2, 4];4
60;80;60;4;True;2000;1;0;0;0;0;0;0;372.89341402053833;44.88679790496826;128623.26963166354;119233.3726986364;5015.144575628794;4374.559999999998;[41.33, 81.33, 37.33, 103.33, 111.33, 115.33, 96.33, 62.33, 44.33, 110.33, 40.33, 82.33, 37.33, 64.33, 107.33, 85.33, 74.33, 81.33, 67.33, 49.33, 108.33, 31.33, 58.33, 65.33, 47.33, 59.33, 92.33, 31.21, 93.33, 60.33, 115.33, 92.33, 81.33, 96.33, 75.33, 83.33, 86.33, 45.33, 67.33, 78.33, 62.33, 53.33, 111.33, 98.33, 80.33, 81.33, 112.33, 52.33, 57.33, 43.33, 57.33, 52.33, 94.33, 41.33, 84.33, 78.33, 56.33, 115.33, 50.33, 31.21];84.12;[3, 1, 3, 5, 1, 3, 1, 2, 5, 1, 2, 2, 2, 3, 1, 1, 1, 3, 1, 1, 2, 1, 1, 1, 1, 2, 1, 1, 1, 1, 2, 1, 3, 2, 6, 1, 1, 1, 2, 1, 1, 1, 1, 2, 1];5
60;80;60;5;True;2000;1;0;0;0;0;0;0;405.0532298088074;51.92359685897827;141558.826351831;132004.00423432607;4740.301072008751;4814.569999999995;[70.99, 84.99, 59.8, 76.99, 35.33, 114.16, 88.99, 47.04, 94.95, 52.19, 134.16, 1.0, 58.11, 85.99, 58.45, 114.16, 44.7, 48.94, 72.99, 84.99, 136.16, 105.16, 136.16, 70.99, 17.7, 123.16, 45.7, 47.41, 94.95, 131.16, 71.99, 76.99, 117.16, 76.99, 83.99, 136.16, 23.7, 84.99, 134.16, 51.91, 60.41, 114.16, 68.99, 62.41, 89.99, 24.54, 103.16, 102.16, 93.95, 79.99, 76.99, 54.48, 136.16, 89.99, 63.33, 76.99, 73.99, 60.41, 59.8, 127.16];135.16;[1, 1, 1, 1, 1, 1, 4, 2, 3, 3, 1, 1, 4, 1, 3, 1, 1, 1, 1, 2, 1, 2, 1, 1, 3, 2, 2, 2, 1, 3, 4, 3, 2, 3, 4, 1, 4, 3, 1, 1, 2];3
60;80;60;6;True;2000;1;0;0;0;0;0;0;400.029335975647;50.720335721969604;134875.0163439311;125710.43275893273;4589.42425966358;4575.050000000005;[68.55, 71.55, 114.55, 101.55, 72.55, 102.55, 65.55, 120.55, 130.55, 38.82, 44.82, 62.55, 96.55, 87.55, 57.55, 26.64, 83.55, 54.55, 68.55, 113.55, 57.55, 84.55, 78.55, 39.38, 116.55, 93.55, 80.55, 54.55, 51.5, 48.73, 61.55, 99.55, 76.55, 130.55, 127.55, 75.55, 89.55, 44.82, 56.55, 89.55, 130.55, 20.36, 48.73, 125.55, 106.55, 63.55, 29.63, 38.3, 86.55, 95.55, 130.55, 9.59, 19.48, 50.0, 130.55, 69.55, 101.55, 60.55, 65.55, 52.5];120.96000000000001;[1, 3, 1, 1, 2, 5, 1, 2, 1, 2, 3, 2, 1, 6, 2, 1, 1, 2, 1, 1, 2, 2, 2, 1, 2, 1, 1, 1, 1, 4, 1, 2, 2, 1, 1, 3, 1, 5, 1, 3, 2, 2];5
60;90;60;1;True;2000;1;0;0;0;0;0;0;413.11954069137573;55.604366064071655;157700.60708045666;147359.93802276073;5136.061131333093;5204.459999999998;[104.91, 69.91, 74.91, 136.91, 90.91, 76.91, 50.43, 136.91, 74.91, 66.35, 59.13, 85.91, 108.91, 84.91, 98.91, 93.91, 61.92, 83.91, 91.91, 91.91, 84.91, 36.91, 80.91, 105.91, 98.91, 92.91, 55.64, 103.91, 77.91, 107.91, 79.91, 38.8, 71.91, 120.91, 76.91, 108.91, 131.91, 42.01, 58.83, 129.91, 63.28, 102.91, 93.91, 88.91, 50.43, 60.92, 58.83, 136.91, 106.91, 126.91, 75.91, 111.91, 66.35, 53.41, 101.91, 65.74, 102.91, 86.91, 132.91, 66.35];100.0;[3, 1, 3, 2, 1, 3, 1, 1, 1, 2, 3, 2, 1, 1, 1, 1, 4, 2, 1, 2, 1, 1, 2, 1, 4, 1, 4, 2, 4, 2, 3, 1, 2, 1, 2, 4, 3, 3, 3, 1, 2, 1, 2, 2, 2];3
60;90;60;2;True;2000;1;0;0;0;0;0;0;438.7423882484436;53.38019013404846;164991.7582879655;155050.718920684;5565.950536435392;4375.059999999998;[73.43, 125.43, 86.43, 98.43, 66.43, 125.43, 50.43, 41.0, 35.0, 125.43, 53.43, 110.43, 48.43, 81.43, 45.0, 58.43, 37.0, 106.43, 97.43, 44.0, 91.43, 72.43, 61.43, 102.43, 125.43, 59.43, 47.0, 89.43, 39.0, 53.43, 93.43, 41.0, 68.43, 79.43, 59.43, 119.43, 120.43, 72.43, 43.0, 94.43, 49.43, 41.0, 63.43, 83.43, 45.0, 54.43, 48.43, 113.43, 53.43, 109.43, 103.43, 49.43, 80.43, 39.0, 98.43, 98.43, 72.43, 32.28, 50.43, 47.0];93.15;[6, 1, 1, 2, 1, 3, 2, 1, 1, 1, 2, 1, 1, 3, 2, 3, 5, 4, 2, 1, 1, 1, 4, 3, 6, 2, 1, 1, 1, 1, 3, 1, 1, 1, 3, 1, 1, 4, 2, 4, 1, 3, 1];5
60;90;60;3;True;2000;1;0;0;0;0;0;0;447.62189626693726;50.71887159347534;146408.31556859022;136764.14606296047;5411.222180002072;4232.889999999999;[50.84, 83.44, 95.11, 77.71, 67.71, 36.35, 36.35, 82.44, 87.44, 68.71, 37.83, 58.76, 135.29, 74.71, 50.84, 55.06, 40.91, 46.86, 42.67, 99.29, 48.58, 73.71, 104.29, 38.91, 50.84, 46.17, 107.29, 31.19, 49.58, 88.44, 33.35, 143.29, 75.71, 93.19, 90.19, 62.81, 69.71, 67.71, 113.29, 93.19, 59.88, 82.44, 63.81, 38.91, 83.44, 55.06, 63.81, 100.29, 63.81, 37.83, 53.89, 35.35, 105.29, 85.44, 43.95, 124.29, 28.35, 75.71, 123.29, 98.29];114.94;[2, 2, 2, 1, 3, 3, 1, 6, 2, 1, 1, 1, 1, 1, 2, 3, 1, 2, 5, 2, 4, 4, 2, 3, 3, 1, 2, 1, 2, 1, 2, 1, 2, 1, 1, 1, 1, 5, 3, 3, 5];5
60;90;60;4;True;2000;1;0;0;0;0;0;0;421.52082681655884;47.87146353721619;145421.050745985;135093.80366088182;5548.1960928223625;4779.340000000004;[43.59, 96.59, 42.59, 100.59, 120.59, 103.59, 114.59, 58.59, 48.59, 98.59, 47.59, 108.59, 43.59, 73.59, 116.59, 79.59, 77.59, 92.59, 62.59, 55.59, 107.59, 37.66, 54.59, 71.59, 58.59, 57.59, 77.59, 41.59, 67.59, 60.59, 122.59, 71.59, 134.59, 92.59, 74.59, 79.59, 91.59, 51.59, 74.59, 96.59, 63.59, 70.59, 119.59, 98.59, 98.59, 81.59, 130.59, 55.59, 129.59, 49.59, 63.59, 53.59, 106.59, 46.59, 102.59, 86.59, 89.59, 130.59, 52.59, 38.46];96.93;[1, 1, 1, 1, 3, 3, 1, 2, 1, 4, 1, 4, 1, 4, 2, 4, 1, 1, 1, 1, 1, 2, 1, 2, 3, 1, 1, 1, 1, 1, 1, 3, 1, 2, 5, 3, 6, 1, 4, 1, 1, 3, 1, 2, 2, 1, 1];5
60;90;60;5;True;2000;1;0;0;0;0;0;0;347.4802837371826;48.746856689453125;136127.20080077715;125794.65299127433;5330.820878721085;5001.71;[80.86, 83.86, 66.71, 97.11, 40.68, 112.43, 91.86, 49.58, 103.43, 60.93, 112.43, 1.0, 68.55, 94.11, 70.4, 112.43, 53.07, 57.12, 103.43, 90.86, 105.43, 105.43, 112.43, 70.2, 31.97, 112.43, 38.68, 46.58, 112.43, 112.43, 91.86, 97.11, 111.43, 103.43, 89.86, 112.43, 26.93, 90.86, 112.43, 59.15, 81.86, 112.43, 74.92, 73.25, 81.86, 36.09, 110.43, 106.43, 76.86, 87.86, 102.43, 58.93, 103.43, 108.43, 73.25, 87.86, 79.86, 68.55, 70.2, 112.43];111.43;[1, 1, 2, 1, 1, 1, 1, 4, 1, 1, 2, 4, 1, 3, 2, 2, 1, 1, 1, 2, 4, 3, 3, 2, 2, 1, 1, 2, 4, 1, 2, 2, 1, 3, 3, 3, 4, 2, 3, 1, 3, 1, 1, 5];4
60;90;60;6;True;2000;1;0;0;0;0;0;0;453.1583585739136;70.467777967453;209374.3699472255;199322.6210840008;5210.248538307865;4841.320000000002;[78.76, 66.76, 106.76, 104.76, 82.76, 119.76, 66.76, 119.76, 100.76, 40.89, 42.82, 61.79, 117.76, 104.76, 57.35, 29.34, 100.76, 70.76, 71.76, 119.76, 94.76, 74.76, 76.76, 54.61, 113.76, 108.76, 101.76, 51.12, 60.68, 49.18, 59.1, 106.76, 92.76, 119.76, 119.76, 76.76, 119.76, 44.22, 67.76, 97.76, 119.76, 34.55, 57.35, 115.76, 119.76, 70.76, 37.29, 38.33, 85.76, 96.76, 119.76, 9.7, 33.86, 55.98, 79.76, 79.76, 119.76, 61.79, 86.76, 62.97];110.06;[2, 4, 2, 2, 5, 5, 3, 1, 3, 3, 1, 2, 1, 1, 1, 1, 3, 1, 1, 1, 3, 1, 1, 4, 3, 1, 1, 1, 3, 1, 1, 3, 2, 1, 2, 2, 6, 1, 6, 2, 2];5
60;100;60;1;True;2000;1;0;0;0;0;0;0;438.3611869812012;60.89891719818115;202423.18824048864;191645.5866202601;5701.312189298082;5076.390000000003;[113.17, 67.06, 64.35, 118.17, 101.17, 73.17, 85.17, 105.17, 84.17, 72.17, 66.06, 76.17, 118.17, 101.17, 113.17, 98.17, 63.21, 72.17, 102.17, 77.17, 96.17, 29.3, 81.17, 91.17, 82.17, 88.17, 65.51, 85.17, 65.51, 118.17, 81.17, 40.82, 79.17, 83.17, 80.17, 118.17, 118.17, 45.72, 60.06, 114.17, 71.17, 94.17, 64.35, 70.17, 56.4, 71.17, 64.35, 118.17, 101.17, 118.17, 79.17, 118.17, 72.17, 59.39, 109.17, 65.51, 92.17, 69.06, 118.17, 69.42];88.87;[4, 1, 4, 3, 1, 3, 2, 2, 1, 1, 4, 1, 2, 1, 2, 1, 1, 1, 1, 3, 1, 1, 3, 1, 4, 2, 1, 1, 3, 5, 3, 3, 2, 2, 1, 1, 1, 4, 4, 4, 3, 1, 2, 3, 2, 2, 1];4
60;100;60;2;True;2000;1;0;0;0;0;0;0;508.4966197013855;61.106077671051025;200416.12748061333;189335.4483700576;6328.09230475321;4752.729999999999;[79.25, 146.25, 102.25, 62.25, 81.25, 122.25, 60.25, 55.47, 47.54, 104.25, 67.25, 101.25, 56.47, 92.25, 56.47, 76.25, 47.54, 71.25, 91.25, 51.47, 126.25, 98.25, 64.25, 90.25, 106.25, 60.25, 55.47, 59.47, 48.54, 59.47, 146.25, 51.47, 71.25, 78.25, 94.25, 146.25, 146.25, 84.25, 49.54, 87.25, 57.47, 52.47, 72.25, 80.25, 58.47, 67.25, 58.47, 130.25, 65.25, 105.25, 74.25, 69.25, 71.25, 54.47, 101.25, 92.25, 79.25, 42.74, 65.25, 59.47];103.50999999999999;[1, 6, 2, 2, 1, 2, 2, 1, 2, 2, 2, 1, 2, 5, 1, 3, 1, 2, 5, 3, 1, 1, 1, 3, 2, 2, 2, 4, 5, 1, 1, 1, 1, 1, 1, 1, 4, 1, 2, 2, 2, 6, 1, 2, 1, 4, 1];5
60;100;60;3;True;2000;1;0;0;0;0;0;0;454.32898807525635;60.73473381996155;200172.8064928716;189706.42368110325;5919.587094804233;4546.84;[61.78, 82.14, 85.14, 79.14, 96.14, 53.28, 51.01, 92.14, 78.14, 92.14, 49.72, 64.78, 115.14, 66.78, 59.74, 67.78, 54.52, 55.74, 57.74, 102.14, 60.74, 77.14, 115.14, 54.52, 61.78, 61.78, 113.14, 44.18, 65.78, 74.14, 52.01, 115.14, 84.14, 85.14, 78.14, 75.14, 90.14, 85.14, 88.14, 98.14, 72.14, 105.14, 68.78, 53.52, 77.14, 62.78, 79.14, 100.14, 66.78, 53.28, 70.14, 48.85, 101.14, 85.14, 54.52, 115.14, 43.27, 75.14, 101.14, 68.78];71.87;[1, 3, 1, 4, 2, 1, 4, 2, 4, 4, 1, 1, 2, 1, 5, 2, 1, 4, 4, 1, 2, 2, 1, 4, 2, 4, 2, 1, 1, 2, 1, 2, 1, 1, 1, 1, 2, 2, 1, 1, 3, 1, 2, 5, 2, 1, 4];4
60;100;60;4;True;2000;1;0;0;0;0;0;0;481.55412435531616;66.23137760162354;202631.55232408966;190817.87564573926;6241.44375127775;5572.269999999996;[53.87, 101.87, 52.87, 103.87, 128.87, 108.87, 142.87, 67.87, 45.1, 108.87, 49.41, 104.87, 54.87, 83.87, 131.87, 95.87, 89.87, 100.87, 92.87, 61.87, 132.87, 42.7, 78.87, 93.87, 71.87, 82.87, 94.87, 47.09, 81.87, 73.87, 106.87, 85.87, 142.87, 141.87, 107.87, 97.87, 98.87, 81.87, 90.87, 139.87, 76.87, 71.87, 138.87, 125.87, 103.87, 92.87, 142.87, 66.87, 102.87, 59.87, 79.87, 68.87, 136.87, 65.87, 98.87, 97.87, 104.87, 140.87, 66.87, 52.12];100.17;[1, 1, 3, 3, 3, 1, 1, 3, 2, 1, 2, 3, 1, 4, 1, 1, 4, 2, 2, 2, 1, 2, 1, 2, 3, 2, 2, 2, 1, 1, 1, 5, 1, 1, 3, 2, 3, 6, 1, 5, 2, 1, 4, 2, 2, 1, 1, 1];5
60;100;60;5;True;2000;1;0;0;0;0;0;0;445.0733857154846;66.26881909370422;197745.80414761725;186223.73428765478;5954.05930481266;5567.91;[83.16, 105.72, 73.94, 115.72, 49.19, 121.72, 101.72, 51.51, 103.72, 67.94, 135.72, 1.0, 68.94, 131.72, 69.94, 111.72, 54.6, 55.6, 83.16, 90.72, 135.72, 113.72, 135.72, 78.31, 34.6, 118.72, 50.75, 55.81, 135.72, 135.72, 82.31, 93.72, 129.72, 106.72, 92.72, 133.72, 37.78, 89.72, 135.72, 73.94, 71.94, 124.72, 72.94, 73.94, 123.72, 44.5, 129.72, 135.72, 89.72, 91.72, 135.72, 61.4, 109.72, 126.72, 83.16, 92.72, 78.31, 71.94, 65.54, 135.72];134.72;[3, 1, 1, 2, 2, 1, 3, 2, 1, 1, 3, 1, 2, 3, 4, 1, 2, 1, 3, 3, 1, 4, 2, 1, 1, 1, 4, 3, 1, 1, 1, 2, 2, 1, 1, 4, 3, 3, 1, 4, 1, 1, 4, 2, 5, 6];5
60;100;60;6;True;2000;1;0;0;0;0;0;0;505.5406074523926;79.26394605636597;257622.93175013905;246708.95762870793;5730.441368499715;5183.750000000004;[76.8, 86.8, 88.8, 96.8, 85.8, 128.8, 78.8, 102.8, 125.8, 50.88, 55.23, 77.8, 128.8, 105.8, 70.8, 48.96, 93.8, 70.8, 80.8, 109.8, 84.8, 97.8, 91.8, 52.59, 105.8, 128.8, 114.8, 61.56, 65.8, 55.23, 84.8, 103.8, 90.8, 114.8, 99.8, 86.8, 119.8, 59.35, 70.8, 112.8, 125.8, 25.17, 63.83, 117.8, 128.8, 73.8, 91.8, 49.58, 92.8, 99.8, 128.8, 9.7, 47.48, 62.56, 70.8, 86.8, 128.8, 69.8, 77.8, 64.83];119.10000000000001;[2, 1, 5, 6, 3, 2, 2, 1, 3, 4, 2, 1, 1, 3, 1, 2, 1, 1, 1, 2, 2, 1, 2, 1, 2, 1, 1, 3, 2, 2, 1, 1, 1, 3, 3, 1, 3, 2, 1, 2, 1, 1, 6, 2, 1, 5, 2, 3];5
70;70;70;1;True;2000;1;0;0;0;0;0;0;387.1638865470886;48.22509551048279;111536.13753766757;103452.40016685886;4184.794182875061;3898.75;[75.56, 25.51, 23.52, 112.56, 71.56, 55.56, 52.56, 97.56, 64.56, 37.56, 11.99, 64.56, 120.56, 58.56, 54.56, 90.56, 18.53, 45.56, 66.56, 68.56, 55.56, 4.0, 77.56, 41.56, 58.56, 78.56, 33.51, 75.56, 49.56, 101.56, 64.56, 13.53, 45.56, 69.56, 52.56, 80.56, 120.56, 14.65, 27.51, 69.56, 30.51, 79.56, 28.51, 53.56, 18.53, 33.51, 27.51, 77.56, 100.56, 84.56, 35.56, 59.56, 43.56, 13.76, 53.56, 46.56, 79.56, 53.56, 98.56, 41.56, 67.56, 47.56, 66.56, 109.56, 36.56, 44.56, 41.56, 24.51, 15.53, 33.51];116.56;[1, 3, 3, 1, 1, 3, 3, 4, 3, 1, 1, 1, 2, 1, 2, 2, 3, 1, 3, 1, 3, 4, 1, 1, 2, 1, 1, 3, 3, 1, 2, 1, 2, 1, 1, 2, 1];3
70;70;70;2;True;2000;1;0;0;0;0;0;0;375.222984790802;52.90878677368164;114393.92976612005;106917.22216768628;4171.191965893611;3305.810000000003;[40.57, 106.57, 106.57, 55.57, 28.57, 79.57, 24.57, 16.57, 11.57, 90.57, 24.57, 56.57, 26.57, 51.57, 22.57, 15.57, 12.57, 99.57, 53.57, 15.57, 60.57, 45.57, 41.57, 49.57, 102.57, 86.57, 22.57, 34.57, 18.57, 18.57, 70.57, 18.57, 44.57, 38.57, 86.57, 67.57, 94.57, 35.57, 14.57, 44.57, 51.57, 30.57, 49.57, 48.57, 36.57, 32.57, 26.57, 90.57, 37.57, 59.57, 46.57, 38.57, 39.57, 16.57, 95.57, 69.57, 62.57, 9.91, 20.57, 33.57, 31.57, 56.57, 39.57, 72.57, 63.57, 46.57, 74.57, 22.57, 54.57, 11.14];96.66;[4, 2, 1, 3, 2, 2, 1, 1, 1, 3, 3, 2, 2, 6, 4, 3, 1, 2, 1, 3, 1, 1, 3, 1, 1, 1, 1, 2, 1, 2, 1, 2, 1, 1, 1, 2, 1];5
70;70;70;3;True;2000;1;0;0;0;0;0;0;382.39484691619873;39.28391647338867;91088.18857408034;83972.47526803042;4059.6881824769675;3055.9000000000015;[40.34, 53.34, 46.34, 52.34, 54.34, 18.34, 16.34, 47.34, 73.34, 50.34, 8.77, 25.34, 95.34, 41.34, 23.34, 27.34, 19.34, 32.34, 15.34, 45.34, 32.34, 43.34, 86.34, 20.34, 30.34, 20.34, 104.34, 15.34, 28.34, 49.34, 12.77, 85.34, 75.34, 119.34, 69.34, 33.34, 77.34, 36.34, 98.34, 53.34, 41.34, 62.34, 40.34, 22.34, 35.34, 21.34, 25.34, 63.34, 42.34, 9.77, 27.34, 10.77, 77.34, 63.34, 16.34, 107.34, 5.77, 107.34, 95.34, 43.34, 63.34, 36.34, 45.34, 1.77, 2.77, 35.34, 32.34, 29.34, 1.0, 12.77];118.34;[1, 1, 1, 1, 1, 1, 4, 3, 1, 3, 1, 1, 2, 1, 2, 2, 1, 1, 2, 2, 2, 1, 4, 4, 1, 1, 1, 1, 1, 1, 1, 2, 1, 2, 4, 2, 2, 2, 1, 2, 1, 1];3
70;70;70;4;True;2000;1;0;0;0;0;0;0;346.8558168411255;51.00270342826843;100946.011128514;92413.78220702893;4254.051777767875;4278.310000000001;[24.67, 72.61, 17.16, 94.61, 90.61, 116.61, 56.61, 42.75, 16.63, 79.61, 21.2, 101.61, 27.6, 59.61, 116.61, 49.61, 62.61, 75.61, 62.61, 47.61, 100.61, 10.42, 38.12, 56.61, 36.35, 39.49, 58.61, 19.18, 59.61, 48.61, 116.61, 53.61, 116.61, 67.61, 54.61, 62.61, 80.61, 44.44, 70.61, 90.61, 53.61, 35.86, 113.61, 63.61, 76.61, 62.61, 96.61, 39.49, 58.61, 33.61, 52.61, 43.56, 86.61, 30.71, 89.61, 66.61, 78.61, 69.61, 45.19, 27.58, 11.62, 32.17, 76.61, 34.61, 46.61, 99.61, 70.61, 91.61, 81.61, 46.23];106.19;[2, 3, 1, 5, 1, 2, 3, 3, 2, 2, 4, 2, 3, 1, 1, 1, 3, 4, 2, 4, 1, 3, 3, 1, 1, 1, 1, 1, 1, 2, 2, 1, 1, 2];4
70;70;70;5;True;2000;1;0;0;0;0;0;0;362.0092496871948;48.906899213790894;87911.29434294134;79010.71151270231;4243.3768262685435;4657.279999999996;[47.11, 100.74, 42.22, 64.74, 16.4, 89.74, 80.74, 25.99, 72.74, 37.61, 94.74, 1.0, 27.8, 49.06, 43.51, 107.74, 26.99, 25.05, 60.74, 68.74, 95.74, 82.74, 143.74, 35.89, 2.53, 123.74, 13.59, 34.07, 143.74, 112.74, 80.74, 62.74, 88.74, 66.74, 64.74, 123.74, 8.42, 87.74, 95.74, 42.22, 30.64, 86.74, 43.51, 41.73, 63.74, 9.48, 108.74, 72.74, 74.74, 52.35, 70.74, 27.8, 77.74, 86.74, 36.75, 54.41, 51.35, 49.06, 44.81, 113.74, 137.74, 48.41, 105.74, 110.74, 47.6, 39.09, 77.74, 124.74, 115.74, 58.71];142.74;[1, 1, 1, 1, 1, 1, 2, 1, 2, 1, 1, 1, 4, 1, 4, 1, 1, 2, 1, 1, 2, 2, 4, 1, 1, 3, 2, 1, 3, 1, 2, 1, 1, 1, 2, 1, 2, 2, 2, 1, 1, 3, 2];3
70;70;70;6;True;2000;1;0;0;0;0;0;0;434.03497791290283;66.7308030128479;123023.31332323744;114621.8014720138;4054.0017565842377;4347.7;[67.6, 43.72, 99.6, 74.6, 61.6, 60.6, 58.6, 125.6, 113.6, 20.45, 39.78, 47.08, 86.6, 51.88, 42.72, 8.87, 67.6, 112.6, 49.88, 122.6, 90.6, 59.6, 54.93, 25.02, 85.6, 132.6, 53.93, 31.67, 33.19, 28.02, 39.78, 60.6, 97.6, 105.6, 79.6, 61.6, 139.6, 34.36, 36.74, 68.6, 147.6, 20.81, 32.74, 90.6, 128.6, 39.78, 14.83, 15.36, 51.88, 75.6, 111.6, 9.86, 10.86, 29.29, 80.6, 40.78, 119.6, 34.19, 43.72, 20.45, 31.12, 24.22, 53.93, 52.93, 78.6, 72.6, 48.6, 65.6, 71.6, 54.93];138.73;[4, 3, 1, 4, 1, 4, 3, 3, 1, 2, 1, 1, 1, 1, 2, 1, 1, 1, 2, 4, 1, 2, 1, 1, 2, 4, 3, 1, 1, 2, 1, 4, 1, 1, 1, 2, 1];3
70;80;70;1;True;2000;1;0;0;0;0;0;0;371.6240191459656;57.05407762527466;130237.19237520393;121333.30795968001;4615.717786121839;4288.059999999996;[69.37, 34.69, 47.69, 103.37, 62.37, 57.37, 68.37, 103.37, 74.37, 64.37, 13.37, 63.37, 103.37, 65.37, 52.37, 85.37, 31.74, 51.37, 82.37, 81.37, 72.37, 4.0, 77.37, 60.37, 56.37, 71.37, 36.66, 67.37, 48.37, 103.37, 74.37, 23.79, 68.37, 71.37, 70.37, 80.37, 65.37, 21.37, 37.69, 79.37, 33.71, 102.37, 40.69, 52.37, 23.79, 39.69, 37.67, 90.37, 95.37, 103.37, 46.69, 74.37, 47.69, 25.79, 65.37, 50.37, 86.37, 58.37, 97.37, 50.37, 61.37, 61.37, 103.37, 82.37, 36.66, 55.37, 51.37, 39.69, 21.17, 47.69];99.37;[2, 4, 2, 1, 5, 1, 2, 2, 1, 1, 1, 2, 1, 1, 1, 1, 1, 5, 1, 1, 4, 1, 4, 1, 1, 4, 1, 1, 1, 4, 4, 1, 1, 1, 3, 2, 2, 1, 2, 1, 1, 1, 1, 1];4
70;80;70;2;True;2000;1;0;0;0;0;0;0;419.4249062538147;62.26693892478943;147520.37473811847;139182.503470846;4802.7004186785625;3534.9399999999996;[50.5, 79.5, 107.5, 69.5, 36.5, 84.5, 30.5, 19.5, 16.5, 98.5, 28.5, 59.5, 29.5, 58.5, 27.5, 25.5, 15.5, 78.5, 63.5, 19.5, 74.5, 46.5, 44.5, 57.5, 107.5, 89.5, 24.5, 41.5, 22.5, 31.5, 98.5, 20.5, 51.5, 33.5, 49.5, 61.5, 62.5, 40.5, 26.5, 47.5, 29.5, 24.5, 44.5, 54.5, 71.5, 41.5, 58.5, 81.5, 33.5, 53.5, 87.5, 33.5, 35.5, 19.5, 67.5, 59.5, 73.5, 10.7, 27.5, 28.5, 31.5, 55.5, 36.5, 107.5, 90.5, 51.5, 101.5, 36.5, 43.5, 13.24];96.8;[2, 2, 1, 1, 1, 2, 1, 2, 1, 2, 2, 1, 1, 2, 2, 4, 3, 3, 6, 1, 1, 1, 2, 1, 2, 1, 2, 4, 1, 3, 2, 3, 1, 1, 1, 5, 3, 1, 5];5
70;80;70;3;True;2000;1;0;0;0;0;0;0;429.12998962402344;71.38150143623352;163981.37478530046;155588.2008925099;4769.2721226049725;3623.7199999999953;[38.74, 79.74, 65.74, 56.74, 41.74, 22.59, 22.59, 76.74, 84.74, 50.74, 19.59, 33.74, 107.74, 65.74, 30.59, 40.74, 29.59, 56.74, 19.59, 75.74, 25.59, 47.74, 107.74, 25.59, 42.74, 27.59, 83.74, 18.59, 39.74, 58.74, 16.59, 90.74, 88.74, 107.74, 66.74, 42.74, 87.74, 54.74, 46.74, 56.74, 40.74, 76.74, 47.74, 31.74, 49.74, 31.74, 45.74, 74.74, 44.74, 14.36, 37.74, 15.59, 99.74, 77.74, 29.59, 96.74, 11.82, 106.74, 107.74, 47.74, 80.74, 51.74, 83.74, 1.77, 2.77, 41.74, 46.74, 36.74, 1.0, 30.59];106.74;[5, 1, 2, 1, 4, 2, 4, 1, 1, 1, 1, 2, 2, 2, 2, 1, 2, 2, 1, 3, 2, 1, 1, 2, 1, 1, 1, 1, 1, 1, 3, 1, 2, 6, 1, 1, 3, 5, 2, 2, 1, 1];5
70;80;70;4;True;2000;1;0;0;0;0;0;0;413.99856758117676;63.20018029212952;128563.41906547324;118593.00684997365;5003.071224501308;4967.200000000002;[29.23, 98.0, 25.94, 88.0, 112.0, 110.0, 110.0, 66.0, 42.12, 92.0, 29.23, 88.0, 37.92, 70.0, 137.0, 52.0, 64.0, 101.0, 81.0, 53.0, 120.0, 15.93, 42.12, 61.0, 43.91, 83.0, 60.0, 23.57, 82.0, 53.0, 120.0, 55.0, 112.0, 64.0, 85.0, 78.0, 92.0, 43.91, 68.0, 93.0, 57.0, 56.0, 136.0, 112.0, 76.0, 64.0, 91.0, 43.91, 59.0, 41.36, 56.0, 57.0, 88.0, 34.46, 80.0, 75.0, 89.0, 68.0, 45.79, 37.27, 21.44, 37.27, 120.0, 38.81, 47.45, 101.0, 74.0, 92.0, 137.0, 49.56];121.07;[1, 2, 3, 3, 1, 1, 1, 4, 2, 2, 2, 5, 1, 1, 1, 1, 2, 3, 4, 3, 2, 2, 4, 2, 1, 1, 1, 2, 1, 1, 1, 2, 1, 3, 1, 1, 2, 2, 2, 5];4
70;80;70;5;True;2000;1;0;0;0;0;0;0;445.3830533027649;70.63508653640747;146501.7007838616;136334.6231284925;4914.511257612189;5252.530000000002;[57.81, 119.6, 56.59, 69.6, 31.4, 93.6, 92.6, 39.99, 73.6, 53.14, 126.6, 1.0, 39.99, 61.42, 60.42, 128.6, 44.4, 32.42, 72.6, 77.6, 112.6, 91.6, 147.6, 44.4, 2.43, 121.6, 22.63, 35.07, 123.6, 122.6, 76.6, 74.6, 114.6, 69.6, 51.02, 141.6, 15.75, 85.6, 126.6, 59.87, 31.4, 105.6, 59.87, 59.08, 92.6, 21.26, 88.6, 97.6, 73.6, 62.69, 67.6, 25.43, 69.6, 91.6, 51.38, 64.69, 68.6, 59.87, 58.04, 89.6, 138.6, 66.6, 105.6, 101.6, 71.6, 51.38, 86.6, 147.6, 106.6, 64.69];146.6;[1, 1, 1, 1, 4, 2, 1, 2, 2, 4, 1, 1, 2, 3, 1, 4, 4, 3, 1, 1, 2, 3, 1, 2, 3, 2, 3, 1, 1, 1, 3, 1, 3, 1, 2, 1, 1, 4, 3, 2];3
70;80;70;6;True;2000;1;0;0;0;0;0;0;400.54330492019653;83.44948959350586;158405.6402670237;148600.30382750905;4675.410343110677;5129.940000000001;[72.61, 58.59, 124.77, 87.61, 77.61, 70.61, 65.08, 108.77, 124.77, 31.24, 46.61, 55.08, 95.77, 124.77, 49.53, 8.73, 107.77, 102.77, 60.96, 107.77, 80.61, 71.61, 65.08, 31.24, 124.77, 113.77, 77.61, 55.08, 43.15, 37.83, 69.39, 105.77, 99.77, 124.77, 104.77, 78.61, 89.77, 39.35, 46.61, 100.77, 117.77, 20.49, 48.56, 89.77, 99.77, 79.61, 18.64, 22.26, 60.12, 73.61, 106.77, 9.12, 14.22, 30.02, 81.61, 53.15, 124.77, 60.96, 65.51, 27.49, 41.8, 37.08, 45.56, 75.61, 74.61, 101.77, 69.39, 124.77, 88.61, 124.77];116.03999999999999;[3, 2, 1, 2, 3, 5, 3, 1, 1, 2, 2, 4, 4, 1, 1, 1, 5, 2, 1, 1, 2, 1, 1, 3, 1, 1, 2, 1, 1, 1, 1, 2, 2, 2, 1, 1, 5, 1, 1, 1, 1, 1, 2];4
70;90;70;1;True;2000;1;0;0;0;0;0;0;418.331458568573;60.13733673095703;153477.3116803246;143919.97489215172;5178.606849134418;4378.9200000000055;[73.76, 36.0, 45.76, 90.76, 81.76, 57.76, 60.76, 92.76, 72.76, 47.76, 33.0, 67.76, 111.76, 87.76, 58.76, 82.76, 43.0, 42.0, 100.76, 60.76, 69.76, 3.51, 58.76, 54.76, 54.76, 64.76, 45.76, 61.76, 47.76, 111.76, 102.76, 25.14, 71.76, 62.76, 64.76, 82.76, 80.76, 15.99, 39.0, 87.76, 42.0, 82.76, 44.76, 50.76, 32.0, 43.76, 40.0, 105.76, 111.76, 75.76, 43.0, 98.76, 55.76, 38.0, 73.76, 50.76, 98.76, 54.76, 80.76, 61.76, 55.76, 64.76, 81.76, 71.76, 43.0, 53.76, 48.76, 47.76, 28.24, 43.0];108.25;[2, 2, 3, 2, 1, 1, 1, 4, 1, 1, 1, 2, 1, 3, 1, 3, 1, 2, 2, 5, 3, 1, 4, 1, 4, 3, 2, 3, 2, 1, 2, 5, 2, 1, 1, 1, 4, 1, 1, 1, 1, 1, 1, 2, 1, 1, 1];4
70;90;70;2;True;2000;1;0;0;0;0;0;0;496.9451699256897;76.30376315116882;217737.69148779707;207951.00623736155;5545.419572373619;4240.950000000005;[60.55, 107.55, 114.55, 45.55, 52.55, 92.55, 50.55, 32.55, 27.55, 75.55, 41.55, 77.55, 42.55, 75.55, 73.55, 49.55, 27.55, 67.55, 70.55, 31.55, 90.55, 54.55, 53.55, 65.55, 108.55, 99.55, 38.55, 41.55, 35.55, 45.55, 94.55, 33.55, 60.55, 52.55, 53.55, 105.55, 72.55, 57.55, 35.55, 63.55, 40.55, 36.55, 60.55, 77.55, 46.55, 44.55, 41.55, 114.55, 49.55, 84.55, 56.55, 47.55, 76.55, 36.55, 101.55, 83.55, 60.55, 10.38, 40.55, 43.55, 42.55, 67.55, 48.55, 114.55, 66.55, 65.55, 71.55, 51.55, 53.55, 25.17];104.17;[3, 3, 1, 3, 1, 1, 1, 1, 2, 1, 2, 1, 5, 1, 2, 2, 1, 5, 3, 1, 1, 3, 1, 2, 2, 1, 4, 2, 1, 1, 2, 3, 1, 1, 1, 5, 1, 2, 1, 1, 2, 1, 1, 5, 2, 1, 1, 1];4
70;90;70;3;True;2000;1;0;0;0;0;0;0;458.3607015609741;72.62763261795044;195673.29108087366;186678.00925932988;5423.183260560447;3572.180000000006;[49.01, 57.01, 63.01, 91.01, 48.01, 34.01, 25.76, 60.01, 91.01, 61.01, 22.76, 45.01, 87.01, 55.01, 35.01, 45.01, 48.01, 44.01, 27.76, 67.01, 37.01, 51.01, 85.01, 37.01, 41.01, 34.01, 79.01, 23.76, 32.01, 59.01, 22.76, 70.01, 69.01, 100.01, 75.01, 43.01, 72.01, 44.01, 50.01, 67.01, 46.01, 73.01, 47.01, 27.76, 41.01, 33.01, 42.01, 73.01, 53.01, 30.01, 40.01, 21.76, 67.01, 94.01, 30.01, 100.01, 17.76, 79.01, 79.01, 54.01, 64.01, 61.01, 58.01, 2.0, 19.76, 50.01, 51.01, 40.01, 1.0, 28.76];99.01;[3, 4, 2, 5, 1, 3, 3, 1, 1, 1, 2, 2, 1, 3, 1, 1, 4, 1, 2, 5, 4, 2, 1, 1, 1, 1, 1, 1, 2, 2, 2, 2, 5, 3, 1, 4, 3, 1, 2, 3, 2];4
70;90;70;4;True;2000;1;0;0;0;0;0;0;438.5479083061218;64.15417385101318;154794.8385873909;144197.80701945367;5458.202498330328;5138.780000000003;[36.77, 68.51, 33.75, 79.81, 127.81, 136.81, 116.81, 51.38, 49.75, 84.81, 38.17, 67.51, 36.17, 54.25, 79.81, 113.81, 70.51, 114.81, 78.81, 57.82, 97.81, 26.79, 46.64, 62.51, 41.23, 73.51, 70.51, 27.61, 59.78, 55.86, 122.81, 58.78, 136.81, 66.51, 68.51, 71.51, 86.81, 47.61, 68.51, 92.81, 79.81, 52.55, 136.81, 105.81, 77.51, 86.81, 125.81, 52.55, 63.51, 43.34, 62.51, 47.61, 99.81, 43.87, 88.81, 75.51, 88.81, 91.81, 57.82, 38.92, 30.14, 42.28, 118.81, 45.29, 49.75, 95.81, 88.81, 129.81, 59.78, 77.51];110.02000000000001;[1, 2, 4, 4, 2, 1, 2, 1, 3, 2, 2, 2, 4, 2, 2, 1, 1, 4, 1, 2, 3, 2, 3, 2, 1, 1, 1, 1, 2, 4, 2, 2, 1, 2, 1, 2, 1, 1, 1, 1, 1, 1, 1, 3, 1, 4, 1, 1];3
70;90;70;5;True;2000;1;0;0;0;0;0;0;534.7344751358032;86.47324919700623;199964.301789875;189187.70375310897;5293.217486204647;5483.369999999999;[66.54, 129.75, 53.59, 84.75, 31.43, 99.75, 81.75, 38.9, 85.75, 50.28, 77.78, 1.0, 45.89, 59.69, 56.83, 115.75, 42.36, 38.9, 66.54, 86.75, 150.75, 107.75, 147.75, 50.08, 17.52, 103.75, 37.64, 40.0, 138.75, 95.75, 80.75, 84.75, 129.75, 65.12, 75.49, 138.75, 21.75, 97.75, 106.75, 54.78, 41.16, 92.75, 54.78, 53.59, 69.75, 21.75, 90.75, 77.78, 90.75, 63.37, 68.75, 31.43, 118.75, 121.75, 57.83, 66.54, 61.04, 56.83, 57.83, 101.75, 158.75, 63.73, 117.75, 102.75, 73.16, 52.91, 89.75, 141.75, 146.75, 77.78];157.75;[2, 1, 2, 2, 1, 2, 1, 1, 3, 3, 1, 1, 4, 3, 1, 2, 2, 4, 1, 3, 1, 4, 4, 3, 1, 1, 1, 3, 2, 1, 2, 1, 2, 1, 1, 2, 2, 1, 1, 5, 1, 1, 1, 2, 4, 2];4
70;90;70;6;True;2000;1;0;0;0;0;0;0;437.2035493850708;98.97837328910828;197403.38050593555;186382.2261090817;5192.371877033571;5828.9299999999985;[85.27, 61.07, 129.62, 97.62, 89.62, 87.62, 78.38, 121.62, 129.62, 40.32, 59.38, 66.04, 116.62, 108.62, 59.87, 10.61, 113.62, 92.62, 67.9, 129.62, 104.62, 109.62, 73.25, 39.53, 129.62, 129.62, 129.62, 59.38, 50.93, 48.12, 71.7, 99.62, 108.62, 87.62, 129.62, 85.27, 129.62, 46.93, 62.3, 95.62, 119.62, 19.91, 52.8, 106.62, 129.62, 91.62, 28.61, 33.72, 62.3, 129.62, 113.62, 9.12, 21.85, 37.37, 79.38, 74.89, 129.62, 71.7, 81.38, 49.99, 51.8, 43.66, 53.43, 74.89, 126.62, 106.62, 82.15, 119.62, 104.62, 85.27];120.5;[3, 2, 2, 5, 4, 4, 1, 3, 2, 4, 1, 1, 1, 3, 2, 3, 1, 4, 1, 1, 3, 1, 2, 1, 1, 3, 1, 2, 4, 2, 1, 2, 2, 5, 2, 3, 2, 1, 1, 1, 1, 1];4
70;100;70;1;True;2000;1;0;0;0;0;0;0;383.08798360824585;69.70897197723389;163129.083435939;152751.0284085339;5778.674493169069;4599.140000000001;[79.31, 33.89, 50.31, 94.31, 93.31, 69.31, 59.31, 89.31, 73.31, 59.31, 35.89, 74.31, 94.31, 71.31, 74.31, 94.31, 41.89, 67.31, 91.31, 86.31, 83.31, 4.1, 66.31, 47.31, 62.31, 67.31, 42.89, 90.31, 54.31, 94.31, 81.31, 23.32, 89.31, 73.31, 82.31, 87.31, 94.31, 27.34, 39.89, 94.31, 48.31, 88.31, 48.31, 50.31, 20.69, 43.89, 43.89, 94.31, 94.31, 89.31, 43.89, 88.31, 63.31, 37.89, 61.31, 53.31, 94.31, 51.31, 94.31, 67.31, 91.31, 60.31, 85.31, 78.31, 52.31, 57.31, 52.31, 43.89, 17.16, 45.89];90.21000000000001;[3, 2, 1, 1, 4, 1, 2, 1, 3, 2, 1, 1, 3, 2, 2, 1, 1, 2, 1, 5, 3, 1, 4, 2, 2, 4, 2, 2, 3, 2, 2, 1, 1, 2, 3, 2, 1, 1, 1, 1, 5, 2, 2, 1, 3, 1, 1, 2, 1, 1, 2];4
70;100;70;2;True;2000;1;0;0;0;0;0;0;500.17192220687866;70.40865802764893;201644.9404628323;190804.41608901368;6389.08464573951;4451.369999999999;[62.48, 95.48, 127.48, 50.48, 51.48, 76.48, 38.48, 35.48, 29.48, 101.48, 42.48, 94.48, 39.48, 91.48, 44.48, 47.48, 32.48, 96.48, 83.48, 32.48, 104.48, 69.48, 58.48, 77.48, 131.48, 79.48, 37.48, 38.48, 34.48, 52.48, 126.48, 34.48, 72.48, 50.48, 66.48, 94.48, 79.48, 66.48, 33.48, 57.48, 39.48, 36.48, 56.48, 62.48, 82.48, 46.48, 44.48, 105.48, 52.48, 83.48, 97.48, 48.48, 57.48, 39.48, 63.48, 71.48, 67.48, 10.9, 53.48, 41.48, 45.48, 69.48, 45.48, 90.48, 116.48, 63.48, 93.48, 48.48, 52.48, 25.83];120.57999999999998;[3, 2, 2, 2, 2, 1, 1, 4, 1, 1, 1, 1, 2, 1, 1, 1, 1, 2, 4, 6, 3, 1, 1, 2, 3, 1, 1, 2, 3, 2, 1, 1, 2, 2, 1, 1, 1, 2, 1, 1, 1, 3, 1, 1, 1, 2, 1, 1, 1, 2, 1, 4, 5, 2, 3];5
70;100;70;3;True;2000;1;0;0;0;0;0;0;502.5459122657776;84.08208847045898;242343.3813765771;232636.56790223913;5911.90718296083;3795.0599999999995;[49.27, 64.27, 73.27, 99.27, 44.27, 34.27, 29.94, 70.27, 97.27, 62.27, 24.94, 38.27, 92.27, 53.27, 38.27, 41.27, 51.27, 37.27, 23.94, 64.27, 50.27, 59.27, 102.27, 33.27, 38.27, 44.27, 80.27, 23.94, 36.27, 61.27, 20.94, 73.27, 83.27, 63.27, 52.27, 46.27, 66.27, 44.27, 60.27, 66.27, 50.27, 98.27, 44.27, 37.27, 43.27, 32.27, 58.27, 84.27, 54.27, 39.27, 39.27, 25.94, 84.27, 79.27, 28.94, 105.27, 16.94, 87.27, 102.27, 55.27, 105.27, 60.27, 68.27, 2.0, 19.94, 47.27, 57.27, 41.27, 1.0, 30.94];104.27;[5, 2, 1, 3, 5, 4, 2, 1, 1, 1, 2, 4, 2, 1, 3, 4, 1, 4, 4, 2, 3, 1, 1, 1, 1, 1, 1, 1, 1, 1, 1, 2, 2, 1, 6, 1, 2, 3, 5, 4, 1, 2, 2, 2, 2];5
70;100;70;4;True;2000;1;0;0;0;0;0;0;483.7880506515503;83.93564367294312;207905.2808262096;195766.54715133246;6213.127509264041;5925.620000000002;[49.43, 106.28, 26.49, 105.28, 125.28, 142.28, 104.28, 67.52, 66.52, 116.28, 43.47, 82.28, 48.89, 67.52, 93.28, 102.28, 93.28, 125.28, 97.28, 60.41, 103.28, 29.81, 58.46, 70.79, 52.67, 100.28, 83.28, 29.56, 88.28, 76.28, 116.28, 93.28, 142.28, 75.28, 76.28, 132.28, 98.28, 56.51, 82.28, 101.28, 98.28, 87.28, 137.28, 142.28, 97.28, 78.28, 124.28, 64.52, 74.28, 55.45, 74.28, 56.8, 112.28, 53.53, 103.28, 100.28, 92.28, 92.28, 63.52, 50.72, 44.84, 56.51, 101.28, 67.88, 60.41, 105.28, 79.28, 111.28, 79.28, 70.79];115.79;[1, 3, 3, 3, 4, 2, 2, 2, 2, 2, 2, 5, 3, 2, 3, 1, 1, 1, 2, 1, 1, 1, 4, 2, 2, 2, 1, 1, 1, 1, 1, 3, 5, 2, 4, 1, 2, 1, 2, 3, 1, 2, 1, 2, 1, 3, 2, 2, 1];4
70;100;70;5;True;2000;1;0;0;0;0;0;0;518.9116473197937;78.54018902778625;183385.58952833424;171567.8209927857;5958.54519195669;5859.100000000002;[73.73, 91.18, 60.76, 78.18, 45.54, 107.18, 100.18, 39.87, 91.18, 52.04, 131.18, 1.0, 53.56, 61.34, 62.65, 138.18, 49.17, 48.54, 112.18, 86.18, 144.18, 107.18, 157.18, 60.76, 21.0, 142.18, 37.71, 43.55, 108.18, 117.18, 74.73, 88.18, 117.18, 71.92, 81.18, 169.18, 26.09, 100.18, 143.18, 56.9, 56.1, 98.18, 56.9, 58.73, 69.11, 30.93, 112.18, 78.18, 83.18, 70.11, 72.92, 46.45, 81.18, 107.18, 57.9, 78.18, 64.02, 65.02, 63.65, 123.18, 159.18, 66.85, 116.18, 126.18, 78.18, 61.34, 94.18, 132.18, 124.18, 75.73];168.18;[2, 1, 1, 3, 1, 1, 2, 1, 3, 2, 1, 3, 4, 1, 3, 2, 2, 1, 2, 2, 1, 3, 1, 4, 4, 4, 1, 1, 4, 1, 3, 2, 2, 1, 2, 1, 1, 1, 1, 3, 4, 1, 1, 4, 3, 1, 1, 1, 3, 2];3
70;100;70;6;True;2000;1;0;0;0;0;0;0;453.20381259918213;80.80059337615967;197493.66666508344;186696.09325314016;5778.260276717648;5019.33;[69.61, 59.34, 110.37, 105.37, 68.61, 68.61, 65.61, 109.37, 118.37, 37.72, 51.28, 76.81, 101.37, 66.61, 53.88, 28.27, 83.81, 73.61, 62.61, 82.81, 77.81, 70.61, 76.81, 37.88, 88.81, 82.81, 79.81, 51.28, 58.36, 42.82, 58.36, 111.37, 69.61, 118.37, 70.61, 83.81, 84.81, 42.82, 54.88, 118.37, 90.81, 35.74, 49.2, 96.81, 87.81, 58.36, 30.26, 36.74, 74.61, 112.37, 118.37, 8.78, 26.92, 49.2, 114.37, 62.61, 118.37, 55.45, 64.61, 45.08, 51.28, 46.01, 47.06, 49.2, 65.61, 118.37, 61.05, 94.81, 75.61, 99.81];109.59;[2, 3, 1, 3, 2, 3, 1, 1, 3, 5, 1, 3, 1, 1, 1, 2, 1, 2, 1, 3, 1, 1, 1, 2, 1, 4, 1, 2, 2, 1, 1, 1, 4, 3, 1, 2, 4, 2, 1, 1, 5, 1, 1, 1, 4, 1, 1, 3, 2, 2, 1, 1, 1];4
80;80;80;1;True;2000;1;0;0;0;0;0;0;473.6618824005127;93.48824048042297;165772.7898647721;156386.16682364015;4663.447629543286;4723.059999999997;[79.58, 26.15, 19.15, 88.58, 82.58, 69.58, 73.58, 131.58, 60.58, 55.58, 10.53, 67.58, 83.58, 47.58, 68.58, 82.58, 16.07, 38.74, 63.58, 63.58, 49.58, 3.53, 78.58, 36.06, 52.58, 59.58, 28.46, 66.58, 37.74, 87.58, 96.58, 10.53, 80.58, 102.58, 72.58, 92.58, 92.58, 11.23, 27.93, 82.58, 26.15, 90.58, 31.83, 61.58, 14.97, 36.41, 25.17, 114.58, 107.58, 89.58, 30.83, 131.58, 40.58, 24.17, 66.58, 38.74, 91.58, 57.58, 94.58, 50.58, 81.58, 60.58, 128.58, 85.58, 36.06, 44.58, 45.58, 21.22, 11.23, 35.08, 48.58, 97.58, 76.58, 14.97, 3.53, 74.58, 104.58, 36.68, 51.58, 39.74];128.05;[1, 1, 1, 2, 1, 1, 2, 1, 1, 1, 1, 4, 3, 3, 2, 5, 4, 2, 3, 1, 1, 2, 3, 1, 4, 2, 2, 2, 2, 1, 1, 2, 2, 4, 1, 1, 3, 3, 3];4
80;80;80;2;True;2000;1;0;0;0;0;0;0;463.77226638793945;69.61698365211487;142684.9290758071;133785.262926455;4901.818425841236;3997.8000000000025;[30.07, 74.9, 124.9, 49.9, 30.07, 131.9, 25.09, 18.71, 15.88, 92.9, 23.89, 93.9, 27.15, 42.9, 42.9, 17.71, 12.26, 56.9, 66.9, 19.26, 64.9, 50.9, 33.99, 59.9, 96.9, 68.9, 25.09, 29.08, 19.26, 18.71, 81.9, 22.02, 49.9, 40.9, 80.9, 112.9, 88.9, 34.99, 15.88, 37.9, 41.9, 23.89, 51.9, 49.9, 33.99, 52.9, 33.99, 84.9, 60.9, 58.9, 57.9, 35.98, 42.9, 19.05, 69.9, 63.9, 50.9, 11.22, 18.71, 32.99, 26.15, 47.9, 38.9, 131.9, 104.9, 42.9, 113.9, 24.09, 71.9, 11.22, 39.9, 41.9, 55.9, 14.88, 67.9, 20.26, 32.99, 84.9, 59.9, 36.98];120.68;[2, 1, 1, 5, 1, 1, 1, 3, 1, 1, 1, 1, 1, 1, 1, 4, 3, 6, 1, 1, 1, 1, 3, 2, 1, 2, 1, 1, 2, 2, 2, 3, 1, 1, 1, 2, 1, 1, 4, 4, 3, 1, 1, 1, 1];5
80;80;80;3;True;2000;1;0;0;0;0;0;0;418.84557056427;78.68961954116821;123313.71941731642;114691.27441532923;4890.313709657;3732.320000000002;[45.65, 49.65, 69.65, 50.65, 75.65, 26.8, 18.74, 54.65, 79.65, 55.65, 15.12, 35.95, 113.65, 50.65, 30.17, 39.65, 31.94, 22.18, 23.6, 89.65, 33.95, 48.65, 80.65, 20.74, 34.95, 42.65, 81.65, 15.12, 35.95, 50.65, 17.74, 61.65, 68.65, 71.65, 51.65, 47.65, 64.65, 43.65, 49.65, 60.65, 45.65, 67.65, 40.65, 32.16, 41.65, 36.65, 41.65, 60.65, 35.95, 16.35, 39.65, 13.5, 73.65, 90.65, 27.72, 94.65, 11.6, 79.65, 86.65, 55.65, 63.65, 58.65, 51.65, 2.84, 3.85, 44.65, 47.65, 41.65, 1.0, 22.18, 27.72, 30.5, 18.74, 44.65, 57.65, 57.65, 64.65, 70.65, 32.16, 35.95];112.65;[1, 2, 2, 3, 1, 5, 1, 5, 1, 4, 1, 1, 2, 4, 1, 4, 3, 2, 1, 1, 1, 1, 1, 1, 7, 1, 2, 2, 2, 1, 3, 2, 1, 1, 1, 1, 3, 3, 1];6
80;80;80;4;True;2000;1;0;0;0;0;0;0;447.18848276138306;87.10096263885498;159228.94966436853;149163.15000005488;5134.012192003887;4931.87;[25.58, 63.25, 20.24, 87.25, 95.25, 37.03, 44.31, 67.25, 17.27, 108.25, 23.83, 101.25, 25.74, 50.25, 79.25, 60.25, 58.25, 77.25, 57.25, 40.23, 80.25, 6.43, 33.92, 53.25, 32.33, 63.25, 53.25, 19.96, 70.25, 50.25, 71.25, 51.25, 78.25, 59.25, 87.25, 66.25, 77.25, 44.75, 75.25, 68.25, 68.25, 32.33, 126.25, 92.25, 62.25, 52.25, 104.25, 35.11, 47.25, 39.95, 50.25, 41.78, 119.25, 29.8, 74.25, 77.25, 48.25, 68.25, 44.31, 25.74, 12.54, 32.33, 80.25, 28.13, 48.25, 100.25, 86.25, 67.25, 97.25, 41.54, 35.99, 107.25, 74.25, 75.25, 39.7, 117.25, 126.25, 69.25, 126.25, 45.75];119.82;[2, 3, 2, 1, 2, 1, 1, 2, 1, 2, 1, 1, 1, 2, 2, 2, 1, 1, 1, 3, 2, 4, 5, 4, 1, 1, 3, 4, 1, 6, 1, 2, 2, 1, 1, 1, 1, 3, 2, 1, 2];5
80;80;80;5;True;2000;1;0;0;0;0;0;0;430.7912368774414;81.21105885505676;162161.3920761866;153056.23838529913;4753.898492386968;4351.309999999998;[38.35, 71.54, 32.35, 35.35, 12.29, 79.54, 50.54, 26.35, 72.54, 27.35, 112.54, 1.0, 20.35, 30.35, 38.35, 112.54, 24.35, 19.35, 50.54, 66.54, 112.54, 98.54, 99.54, 28.35, 2.86, 78.54, 7.03, 32.35, 101.54, 102.54, 49.54, 67.54, 99.54, 74.54, 59.54, 112.54, 7.03, 42.35, 84.54, 42.35, 22.35, 85.54, 30.35, 29.35, 47.54, 9.6, 110.54, 55.54, 64.54, 29.35, 49.54, 16.35, 82.54, 55.54, 14.32, 48.54, 34.35, 35.35, 43.54, 86.54, 96.54, 33.35, 84.54, 70.54, 78.54, 27.35, 71.54, 94.54, 90.54, 53.54, 44.54, 112.54, 67.54, 47.54, 53.54, 2.37, 44.54, 51.54, 7.03, 42.35];111.54;[2, 4, 3, 1, 1, 4, 2, 1, 3, 2, 1, 1, 2, 5, 2, 3, 4, 1, 1, 5, 2, 2, 1, 1, 3, 1, 3, 3, 2, 2, 1, 1, 1, 1, 1, 2, 2, 2, 1];4
80;80;80;6;True;2000;1;0;0;0;0;0;0;476.37842750549316;86.03564119338989;157946.38373044168;148926.18048943914;4823.879613824253;4196.300000000003;[48.71, 41.71, 64.71, 86.71, 56.71, 57.71, 52.71, 88.71, 114.71, 24.71, 33.71, 46.71, 62.71, 59.71, 42.71, 7.37, 80.71, 42.71, 49.71, 85.71, 54.71, 55.71, 56.71, 12.87, 66.71, 90.71, 48.71, 34.71, 40.71, 27.71, 45.71, 70.71, 47.71, 82.71, 54.71, 73.71, 106.71, 31.71, 37.71, 61.71, 68.71, 20.83, 31.71, 66.71, 56.71, 52.71, 11.35, 13.13, 38.71, 91.71, 100.71, 8.59, 9.36, 42.71, 94.71, 38.71, 127.71, 40.71, 45.71, 18.01, 31.71, 34.71, 33.71, 31.71, 27.71, 92.71, 54.71, 72.71, 60.71, 76.71, 79.71, 60.71, 2.8, 52.71, 37.71, 17.19, 28.71, 94.71, 51.71, 22.81];124.91;[2, 4, 2, 3, 2, 4, 2, 2, 1, 4, 2, 1, 1, 2, 3, 1, 1, 3, 2, 1, 1, 2, 1, 1, 2, 4, 2, 1, 5, 1, 3, 2, 1, 1, 1, 1, 2, 1, 5];4
80;90;80;1;True;2000;1;0;0;0;0;0;0;438.8398332595825;97.25479388237;191439.935041861;181262.5890666088;5126.3322829355975;5051.010000000004;[75.52, 30.94, 50.52, 99.52, 80.52, 58.52, 65.52, 108.52, 75.52, 53.52, 23.97, 68.52, 108.52, 47.52, 49.52, 77.52, 20.93, 36.72, 72.52, 101.52, 66.52, 3.8, 84.52, 41.72, 64.52, 67.52, 29.74, 87.52, 46.52, 74.52, 80.52, 13.24, 108.52, 93.52, 63.52, 88.52, 108.52, 12.24, 26.94, 108.52, 32.94, 89.52, 38.95, 108.52, 27.77, 42.52, 34.74, 85.52, 105.52, 108.52, 37.94, 92.52, 44.52, 12.24, 72.52, 30.94, 97.52, 54.52, 108.52, 54.52, 69.52, 60.52, 107.52, 108.52, 40.04, 58.52, 45.52, 25.95, 15.5, 36.72, 76.52, 106.52, 78.52, 16.06, 4.14, 85.52, 102.52, 55.52, 58.52, 41.72];104.72;[2, 1, 1, 1, 2, 3, 1, 2, 1, 1, 1, 2, 1, 2, 1, 1, 3, 4, 2, 3, 6, 2, 1, 3, 1, 3, 1, 1, 1, 3, 4, 1, 1, 1, 2, 3, 3, 2, 1, 1, 2, 1, 1, 3, 3, 2, 2];5
80;90;80;2;True;2000;1;0;0;0;0;0;0;528.6792621612549;91.01491975784302;219449.9722809094;209154.74025373888;5647.762849671319;4647.349999999999;[61.89, 96.89, 128.89, 46.89, 37.55, 74.89, 36.78, 25.23, 18.81, 105.89, 31.88, 69.89, 33.29, 53.89, 35.78, 23.1, 15.01, 76.89, 86.89, 23.18, 115.89, 66.89, 48.89, 71.89, 128.89, 84.89, 31.88, 39.86, 26.42, 29.04, 77.89, 25.23, 50.89, 38.86, 118.89, 103.89, 92.89, 43.89, 16.37, 41.91, 46.89, 34.89, 66.89, 57.89, 40.91, 50.89, 54.89, 73.89, 53.89, 66.89, 77.89, 56.89, 65.89, 21.46, 98.89, 87.89, 60.89, 10.76, 21.46, 41.91, 35.74, 74.89, 51.89, 125.89, 104.89, 68.89, 128.89, 33.89, 50.89, 10.76, 53.89, 82.89, 64.89, 18.81, 55.89, 24.2, 50.89, 95.89, 39.86, 42.91];118.12999999999998;[1, 2, 1, 3, 1, 1, 1, 2, 1, 1, 2, 1, 2, 1, 1, 2, 5, 2, 1, 1, 1, 1, 4, 2, 3, 1, 1, 3, 2, 3, 1, 1, 1, 2, 2, 2, 1, 1, 2, 6, 3, 1, 5, 1, 3, 1, 1, 2, 1];5
80;90;80;3;True;2000;1;0;0;0;0;0;0;423.4437747001648;114.28634333610535;191117.26770419828;181056.5210012809;5498.9997422026545;4561.650000000003;[56.57, 84.57, 66.57, 59.57, 90.57, 31.45, 28.08, 61.57, 95.57, 68.57, 22.09, 46.57, 97.57, 60.57, 37.36, 46.57, 38.35, 31.45, 29.32, 78.57, 39.82, 71.57, 97.57, 29.05, 47.57, 50.57, 92.57, 23.61, 47.57, 66.57, 25.53, 90.57, 58.57, 91.57, 97.57, 62.57, 80.57, 50.57, 85.57, 75.57, 45.02, 75.57, 38.9, 35.55, 52.57, 39.82, 56.57, 79.57, 49.57, 23.05, 44.02, 26.09, 95.57, 74.57, 34.62, 97.57, 23.05, 95.57, 85.57, 79.57, 78.57, 68.57, 79.57, 2.84, 16.75, 47.57, 55.57, 68.57, 1.0, 35.55, 32.65, 32.65, 23.05, 55.57, 81.57, 64.57, 77.57, 84.57, 40.84, 45.02];96.57;[1, 5, 2, 1, 4, 2, 3, 4, 2, 1, 1, 1, 1, 4, 1, 3, 2, 3, 1, 6, 2, 2, 1, 1, 2, 1, 2, 1, 7, 2, 1, 2, 2, 1, 1, 2, 3, 1, 2, 1, 1, 2, 2];6
80;90;80;4;True;2000;1;0;0;0;0;0;0;475.6165442466736;103.61726427078247;190852.48861320413;179882.9396011444;5523.964674374621;5445.760000000004;[26.77, 70.8, 22.93, 80.8, 89.8, 46.83, 81.8, 66.8, 36.71, 105.8, 29.14, 88.8, 31.61, 61.8, 108.8, 99.8, 63.8, 78.8, 63.8, 53.8, 107.8, 13.11, 42.18, 60.8, 37.48, 59.8, 86.8, 20.81, 52.8, 57.8, 97.8, 59.8, 115.8, 69.8, 69.8, 63.8, 77.8, 55.8, 90.8, 109.8, 63.8, 47.83, 120.8, 129.8, 74.8, 75.8, 78.8, 45.75, 61.8, 36.71, 57.8, 49.48, 107.8, 34.61, 88.8, 67.8, 75.8, 85.8, 44.44, 32.77, 11.31, 41.35, 84.8, 29.45, 58.8, 99.8, 84.8, 105.8, 64.8, 49.48, 44.44, 82.8, 67.8, 72.8, 44.95, 126.8, 79.8, 73.8, 129.8, 51.82];118.49000000000001;[2, 1, 1, 4, 1, 1, 2, 1, 2, 3, 2, 1, 2, 1, 1, 2, 2, 4, 3, 1, 1, 2, 1, 2, 2, 1, 1, 2, 1, 1, 3, 2, 1, 5, 2, 4, 3, 2, 3, 3, 1, 1, 4, 2, 3];4
80;90;80;5;True;2000;1;0;0;0;0;0;0;500.30578327178955;94.86035346984863;210942.31171989665;200622.73783894262;5272.258666616393;5047.609999999992;[48.49, 90.49, 29.33, 75.49, 16.26, 95.49, 69.49, 30.33, 68.49, 39.33, 74.49, 1.0, 25.33, 43.49, 35.33, 103.49, 29.33, 24.33, 62.49, 71.49, 110.49, 99.49, 126.49, 40.33, 2.86, 100.49, 21.6, 32.33, 111.49, 126.49, 46.49, 65.49, 92.49, 66.49, 63.49, 113.49, 12.36, 126.49, 122.49, 38.33, 31.33, 115.49, 34.33, 35.33, 56.49, 12.72, 122.49, 88.49, 70.49, 50.49, 54.49, 24.33, 102.49, 95.49, 32.33, 51.49, 51.49, 40.33, 43.49, 104.49, 105.49, 39.33, 113.49, 67.49, 106.49, 33.33, 72.49, 106.49, 80.49, 51.49, 55.49, 83.49, 68.49, 45.49, 55.49, 2.37, 58.49, 71.49, 18.2, 40.33];125.49;[1, 1, 1, 1, 1, 1, 2, 1, 1, 1, 1, 1, 1, 1, 4, 1, 3, 4, 1, 2, 1, 2, 3, 2, 5, 1, 3, 3, 3, 2, 1, 2, 1, 1, 1, 3, 3, 2, 1, 2, 3, 2, 1, 3, 3, 2, 1, 1, 1, 1];4
80;90;80;6;True;2000;1;0;0;0;0;0;0;511.10780143737793;117.97095727920532;215465.62545625505;205648.3077093833;5335.003808835525;4482.11;[50.56, 48.56, 94.56, 90.56, 75.56, 121.56, 49.56, 103.56, 84.56, 24.56, 35.56, 40.56, 77.56, 58.56, 43.56, 7.39, 61.56, 62.56, 45.56, 121.56, 37.56, 50.56, 48.56, 20.56, 121.56, 112.56, 56.56, 32.56, 38.56, 25.56, 36.56, 88.56, 52.56, 65.56, 56.56, 85.56, 121.56, 26.56, 50.56, 81.56, 78.56, 21.56, 32.56, 91.56, 81.56, 49.56, 15.94, 10.52, 30.56, 83.56, 101.56, 8.83, 10.02, 42.56, 65.56, 39.56, 121.56, 38.56, 43.56, 20.56, 26.56, 34.56, 28.56, 30.56, 23.56, 65.56, 64.56, 55.56, 68.56, 83.56, 102.56, 52.56, 2.8, 93.56, 28.56, 15.16, 24.56, 120.56, 43.56, 20.13];118.76;[5, 4, 2, 5, 4, 1, 2, 2, 1, 2, 3, 1, 4, 1, 2, 5, 2, 1, 1, 1, 2, 1, 3, 3, 1, 1, 1, 2, 1, 1, 1, 3, 1, 2, 2, 2, 2, 4, 2, 2, 1, 1, 2];4
80;100;80;1;True;2000;1;0;0;0;0;0;0;565.4142203330994;133.25958943367004;268598.73840892257;257152.7753783947;5830.174637987975;5616.020000000006;[94.77, 35.81, 47.77, 138.77, 76.77, 72.77, 64.77, 111.77, 72.77, 60.77, 30.53, 76.77, 128.77, 53.77, 55.77, 138.77, 28.74, 46.77, 136.77, 111.77, 72.77, 3.8, 104.77, 42.65, 50.77, 68.77, 34.72, 104.77, 60.77, 82.77, 66.77, 18.28, 117.77, 63.77, 72.77, 84.77, 136.77, 25.51, 32.73, 98.77, 41.95, 97.77, 43.93, 69.77, 33.82, 52.77, 36.71, 82.77, 123.77, 123.77, 40.68, 124.77, 58.77, 11.34, 78.77, 39.37, 97.77, 56.77, 90.77, 58.77, 56.77, 61.77, 86.77, 121.77, 52.77, 56.77, 52.77, 35.01, 12.82, 41.95, 81.77, 138.77, 89.77, 25.03, 4.66, 91.77, 108.77, 54.77, 101.77, 45.32];134.97;[2, 3, 2, 1, 1, 2, 1, 3, 1, 2, 2, 1, 1, 1, 1, 1, 1, 1, 2, 3, 3, 2, 5, 2, 1, 3, 5, 1, 1, 2, 2, 3, 1, 2, 1, 3, 3, 2, 1, 2, 2, 1, 2, 3, 1, 2, 2, 1, 3, 2, 2, 2];4
80;100;80;2;True;2000;1;0;0;0;0;0;0;533.597056388855;100.66581344604492;217368.12798937308;206156.33837582165;6337.987717273535;4873.939999999998;[60.24, 78.24, 113.24, 66.24, 42.33, 139.24, 44.76, 33.82, 26.42, 75.24, 41.33, 68.24, 37.81, 67.24, 39.34, 25.42, 23.31, 77.24, 66.24, 28.47, 97.24, 63.24, 53.64, 75.24, 105.24, 94.24, 36.81, 40.34, 32.82, 39.34, 70.24, 34.81, 64.24, 44.76, 61.24, 93.24, 124.24, 45.33, 16.12, 50.32, 46.33, 34.81, 96.24, 58.27, 36.81, 59.24, 51.32, 131.24, 56.27, 136.24, 51.32, 44.76, 53.32, 30.82, 79.24, 86.24, 70.24, 10.76, 36.81, 41.33, 41.33, 62.24, 51.32, 125.24, 65.24, 69.24, 105.24, 47.33, 60.24, 19.9, 51.32, 87.24, 91.24, 28.47, 72.24, 29.77, 43.33, 101.24, 54.79, 58.27];128.48000000000002;[2, 1, 3, 6, 1, 2, 2, 2, 1, 2, 3, 1, 1, 1, 1, 1, 3, 4, 1, 3, 2, 1, 1, 2, 3, 2, 1, 2, 4, 1, 5, 4, 1, 2, 2, 1, 3, 1, 2, 1, 4, 2, 2, 4, 1, 2, 1, 1, 1];5
80;100;80;3;True;2000;1;0;0;0;0;0;0;534.8642196655273;119.19642186164856;235182.49284086583;223716.3819309197;6104.976656394992;5360.96;[64.6, 71.6, 87.6, 71.6, 62.6, 43.03, 37.01, 83.6, 89.6, 82.6, 30.18, 61.6, 138.6, 77.6, 49.86, 62.6, 48.86, 45.59, 43.03, 118.6, 51.86, 86.6, 90.6, 39.72, 55.57, 56.57, 101.6, 26.78, 69.6, 68.6, 36.03, 98.6, 103.6, 127.6, 69.6, 61.6, 75.6, 60.57, 85.6, 81.6, 56.57, 120.6, 57.57, 47.05, 58.57, 50.86, 68.6, 79.6, 63.6, 30.18, 54.57, 42.12, 98.6, 95.6, 45.59, 113.6, 21.36, 93.6, 102.6, 75.6, 121.6, 84.6, 56.57, 2.84, 24.99, 65.6, 69.6, 59.57, 1.0, 46.61, 45.61, 51.86, 29.38, 68.6, 72.6, 86.6, 78.6, 85.6, 53.86, 60.57];137.6;[1, 1, 4, 4, 3, 5, 2, 1, 1, 1, 3, 2, 2, 4, 1, 2, 4, 4, 2, 1, 1, 1, 1, 1, 1, 1, 1, 2, 1, 2, 1, 2, 1, 5, 1, 2, 3, 4, 2, 1, 2, 3, 1, 1, 1, 3, 4, 3];4
80;100;80;4;True;2000;1;0;0;0;0;0;0;518.6622343063354;110.76233911514282;207232.42445434758;195299.6034399637;6120.287052635264;5812.620000000009;[37.44, 82.26, 27.2, 89.26, 92.26, 85.26, 67.26, 90.26, 33.37, 124.26, 29.44, 114.26, 40.33, 65.26, 94.26, 108.26, 72.26, 123.26, 63.26, 64.26, 95.26, 21.31, 60.26, 67.26, 57.26, 64.26, 71.26, 28.48, 80.26, 50.77, 83.26, 67.26, 95.26, 74.26, 74.26, 80.26, 103.26, 53.76, 78.26, 92.26, 76.26, 34.14, 145.26, 88.26, 80.26, 88.26, 53.66, 45.85, 86.26, 46.57, 64.26, 63.26, 106.26, 39.66, 83.26, 78.26, 59.26, 71.26, 57.26, 14.34, 33.37, 43.05, 104.26, 49.81, 59.26, 92.26, 86.26, 128.26, 76.26, 50.26, 49.81, 88.26, 71.26, 76.26, 62.26, 76.26, 109.26, 71.26, 145.26, 55.66];130.92;[2, 2, 2, 2, 1, 3, 3, 2, 2, 2, 3, 2, 3, 2, 1, 1, 2, 1, 4, 1, 1, 3, 1, 1, 2, 1, 3, 4, 2, 1, 5, 1, 2, 1, 1, 4, 1, 1, 5, 2, 4, 1, 4, 1, 2, 1, 1, 3];4
80;100;80;5;True;2000;1;0;0;0;0;0;0;614.0776567459106;98.83983540534973;243795.39838996046;232660.8424606213;5827.358916102281;5307.359999999999;[52.86, 64.86, 32.07, 73.86, 18.67, 78.86, 80.86, 29.07, 66.86, 32.07, 72.86, 1.0, 28.07, 45.07, 37.07, 122.86, 28.07, 26.07, 53.86, 68.86, 140.86, 92.86, 131.86, 34.07, 10.22, 100.86, 23.07, 30.07, 151.86, 160.86, 130.86, 69.86, 111.86, 51.86, 60.86, 132.86, 13.67, 59.86, 139.86, 47.86, 36.07, 90.86, 31.07, 39.07, 62.86, 8.94, 89.86, 139.86, 47.86, 46.07, 112.86, 27.07, 117.86, 76.86, 38.07, 54.86, 45.07, 35.07, 37.07, 134.86, 114.86, 37.07, 86.86, 70.86, 82.86, 38.07, 69.86, 151.86, 88.86, 47.86, 43.07, 121.86, 72.86, 55.86, 63.86, 2.37, 53.86, 55.86, 19.67, 47.07];159.86;[3, 1, 2, 3, 1, 3, 1, 1, 3, 1, 1, 1, 2, 2, 1, 2, 3, 4, 2, 4, 2, 2, 1, 2, 1, 4, 1, 1, 2, 2, 1, 2, 1, 2, 1, 2, 1, 1, 1, 1, 4, 3, 2, 1, 4, 1, 2, 2, 3, 1, 4, 1];3
80;100;80;6;True;2000;1;0;0;0;0;0;0;491.70639848709106;109.50533270835876;225755.8023497527;215206.62346637834;5841.636424948479;4707.289999999999;[52.04, 58.04, 76.04, 68.04, 61.04, 81.04, 57.04, 63.04, 90.04, 32.82, 50.04, 59.04, 60.04, 93.04, 49.04, 8.31, 66.04, 73.04, 52.04, 103.04, 61.04, 61.04, 59.04, 31.82, 89.04, 103.04, 90.04, 42.04, 52.04, 35.04, 48.04, 62.04, 68.04, 99.04, 66.04, 68.04, 97.04, 32.82, 44.04, 103.04, 81.04, 33.59, 40.04, 78.04, 60.04, 57.04, 16.77, 23.65, 41.04, 89.04, 103.04, 8.96, 15.31, 45.04, 80.04, 49.04, 103.04, 49.04, 55.04, 29.81, 39.04, 46.04, 38.04, 39.04, 36.04, 77.04, 52.04, 82.04, 65.04, 93.04, 103.04, 58.04, 2.8, 65.04, 42.04, 29.81, 34.59, 93.04, 53.04, 34.59];100.24000000000001;[4, 2, 1, 2, 3, 2, 3, 3, 1, 3, 1, 1, 5, 1, 1, 2, 4, 1, 1, 2, 1, 1, 1, 2, 2, 1, 1, 2, 2, 4, 1, 1, 3, 1, 1, 1, 4, 1, 3, 2, 1, 2, 1, 1, 3, 1, 4, 1, 3, 1, 1, 1, 2];4
90;90;90;1;True;2000;1;0;0;0;0;0;0;499.18841648101807;151.5136182308197;217450.590520275;206937.5846361386;5267.40933246795;5245.619999999999;[66.18, 41.06, 32.11, 90.69, 62.18, 50.18, 61.18, 70.18, 55.18, 62.18, 11.47, 56.18, 68.18, 54.18, 49.5, 74.19, 18.04, 32.91, 72.19, 58.18, 61.18, 3.13, 53.18, 51.18, 55.18, 65.18, 26.56, 121.69, 53.18, 78.69, 63.18, 16.43, 61.18, 72.19, 72.19, 85.69, 82.69, 13.14, 22.92, 82.69, 31.11, 91.69, 33.91, 77.69, 23.9, 42.78, 29.52, 122.69, 122.69, 90.69, 46.49, 111.69, 45.49, 18.04, 64.18, 41.06, 95.69, 42.78, 122.69, 47.49, 86.69, 122.69, 91.69, 68.18, 42.78, 48.5, 39.24, 23.9, 13.14, 31.11, 55.18, 74.19, 57.18, 17.0, 4.31, 83.69, 122.69, 46.49, 57.18, 39.24, 59.18, 90.69, 104.69, 36.69, 94.69, 9.5, 20.0, 27.88, 71.18, 76.19];119.56;[1, 1, 1, 2, 1, 2, 3, 1, 1, 1, 6, 1, 1, 1, 1, 1, 1, 3, 3, 1, 3, 1, 3, 1, 1, 4, 4, 1, 1, 1, 1, 3, 3, 3, 2, 1, 1, 2, 1, 3, 4, 2, 2, 2, 3, 1, 1, 2];5
90;90;90;2;True;2000;1;0;0;0;0;0;0;529.8308844566345;139.49479031562805;246398.47417367873;235993.99765320457;5658.894046416338;4745.659999999997;[30.1, 90.99, 87.99, 42.69, 32.88, 95.99, 27.99, 22.02, 16.08, 49.69, 26.0, 83.99, 20.34, 45.69, 34.69, 24.0, 11.34, 92.99, 53.69, 21.02, 75.69, 82.99, 41.69, 80.99, 114.99, 49.69, 29.1, 32.88, 25.0, 25.0, 94.99, 23.0, 61.69, 33.69, 98.99, 114.99, 91.99, 36.69, 15.33, 40.69, 61.69, 26.99, 51.69, 62.69, 31.88, 36.69, 45.69, 110.99, 53.69, 114.99, 51.69, 34.69, 68.69, 21.02, 68.69, 71.69, 65.69, 10.24, 19.34, 29.1, 31.88, 57.69, 35.69, 92.99, 81.99, 35.69, 114.99, 31.88, 42.69, 10.24, 39.69, 47.69, 68.69, 16.43, 111.99, 24.0, 54.69, 63.69, 51.69, 56.69, 50.69, 114.99, 30.75, 24.0, 85.99, 46.69, 48.69, 62.69, 16.43, 75.69];104.75;[3, 2, 2, 1, 1, 1, 1, 3, 1, 2, 3, 3, 2, 1, 3, 1, 4, 4, 1, 3, 1, 1, 1, 1, 4, 3, 1, 3, 3, 1, 1, 1, 1, 5, 1, 3, 1, 1, 3, 1, 1, 3, 4, 1, 1, 1];4
90;90;90;3;True;2000;1;0;0;0;0;0;0;433.0286717414856;128.03090500831604;176627.63698872097;166240.5953343939;5497.617793031056;4889.28;[57.34, 77.32, 66.32, 64.32, 76.32, 24.5, 20.39, 61.32, 92.32, 80.32, 19.4, 37.62, 105.32, 70.32, 31.13, 43.88, 52.93, 23.3, 17.47, 90.32, 32.24, 76.32, 87.32, 26.26, 42.48, 31.51, 107.32, 15.55, 35.92, 67.32, 31.51, 92.32, 84.32, 66.32, 63.32, 50.87, 75.32, 55.34, 48.0, 68.32, 42.48, 88.32, 46.0, 31.51, 46.0, 34.55, 50.87, 61.32, 42.48, 27.25, 43.88, 13.35, 55.34, 88.32, 30.32, 107.32, 11.95, 96.32, 85.32, 71.32, 103.32, 48.94, 87.32, 2.83, 7.43, 40.81, 51.93, 40.81, 1.0, 26.25, 22.63, 29.55, 15.55, 51.93, 97.32, 66.32, 79.32, 100.32, 39.55, 37.62, 16.65, 99.32, 92.32, 21.35, 57.34, 15.01, 73.32, 62.32, 85.32, 71.32];106.32;[2, 2, 5, 3, 2, 5, 2, 1, 2, 6, 1, 1, 2, 3, 1, 1, 1, 2, 1, 1, 1, 1, 1, 1, 1, 5, 1, 3, 3, 4, 1, 2, 1, 1, 1, 3, 1, 2, 1, 1, 2, 3, 1, 3, 2];5
90;90;90;4;True;2000;1;0;0;0;0;0;0;563.767970085144;94.46316981315613;180869.54597385714;171168.1269276876;5667.295215976727;4033.959999999994;[15.34, 60.97, 13.45, 55.97, 74.97, 49.97, 59.97, 42.97, 22.97, 69.97, 15.34, 64.97, 15.75, 33.97, 70.97, 27.97, 44.97, 54.97, 29.97, 25.97, 56.97, 6.58, 18.96, 39.97, 20.97, 38.97, 42.97, 17.65, 47.97, 27.97, 57.97, 34.97, 82.97, 36.97, 53.97, 44.97, 51.97, 36.97, 51.97, 52.97, 40.97, 29.97, 122.97, 46.97, 40.97, 45.97, 24.97, 24.97, 34.97, 22.97, 32.97, 35.97, 99.97, 20.97, 83.97, 40.97, 36.97, 62.97, 30.97, 12.52, 10.52, 19.96, 110.97, 16.65, 29.97, 79.97, 51.97, 45.97, 54.97, 32.97, 31.97, 51.97, 48.97, 52.97, 23.97, 67.97, 141.97, 44.97, 91.97, 27.97, 49.97, 53.97, 94.97, 23.97, 60.97, 31.97, 7.59, 59.97, 21.97, 19.96];135.39;[2, 1, 1, 1, 5, 1, 1, 3, 1, 1, 1, 1, 1, 1, 5, 1, 3, 2, 3, 2, 2, 1, 1, 5, 2, 1, 1, 3, 2, 1, 4, 2, 3, 2, 4, 1, 4, 3, 1, 5, 2, 1, 2];4
90;90;90;5;True;2000;1;0;0;0;0;0;0;516.7115459442139;133.58446788787842;225442.94757854348;214585.85949960028;5348.49695971363;5508.709999999998;[42.67, 116.75, 41.66, 60.75, 14.65, 79.75, 70.75, 22.87, 71.75, 28.87, 112.75, 1.0, 20.85, 29.87, 38.77, 76.75, 18.83, 17.83, 45.99, 65.75, 116.75, 71.75, 118.75, 25.27, 2.46, 87.75, 7.81, 28.87, 125.75, 120.75, 60.75, 58.75, 90.75, 53.33, 49.58, 112.75, 6.39, 52.33, 88.75, 25.89, 28.87, 63.75, 36.73, 38.27, 49.98, 6.39, 100.75, 97.75, 115.75, 38.27, 61.75, 20.85, 85.75, 84.75, 16.71, 46.99, 45.99, 40.23, 36.73, 115.75, 118.75, 40.66, 103.75, 67.75, 64.75, 34.64, 65.75, 96.75, 92.75, 55.91, 93.75, 106.75, 88.75, 47.27, 51.98, 2.46, 40.66, 51.98, 7.39, 35.12, 133.75, 100.75, 133.75, 3.54, 31.74, 83.75, 133.75, 43.67, 34.64, 125.75];132.75;[1, 1, 1, 1, 3, 1, 1, 2, 2, 2, 5, 2, 1, 3, 3, 1, 1, 1, 1, 3, 1, 2, 2, 3, 1, 3, 2, 1, 1, 3, 2, 1, 1, 4, 2, 1, 2, 2, 3, 5, 2, 3, 1, 4, 2];4
90;90;90;6;True;2000;1;0;0;0;0;0;0;520.7117071151733;158.9331510066986;258816.39203033835;247721.71666149428;5346.191070967825;5748.420000000006;[58.15, 38.4, 133.23, 106.85, 77.01, 123.23, 51.23, 105.85, 136.02, 19.76, 37.4, 49.26, 78.01, 60.13, 74.01, 9.89, 81.01, 73.01, 40.36, 92.77, 64.07, 54.21, 64.07, 12.89, 118.23, 78.01, 66.04, 33.04, 45.3, 28.72, 53.21, 69.01, 64.07, 94.77, 117.23, 99.85, 136.02, 47.28, 48.28, 88.01, 116.23, 31.08, 30.18, 84.01, 65.04, 63.07, 11.89, 14.8, 40.36, 95.77, 99.58, 19.76, 9.89, 40.36, 93.77, 38.4, 134.23, 46.3, 76.01, 23.05, 36.56, 45.3, 31.08, 39.4, 26.5, 108.85, 83.01, 136.02, 74.01, 89.01, 79.01, 66.04, 2.95, 80.01, 52.23, 15.89, 22.05, 73.01, 59.13, 18.76, 99.58, 89.01, 75.01, 49.26, 66.04, 70.01, 33.06, 11.89, 18.05, 136.02];133.07000000000002;[1, 5, 1, 1, 5, 4, 3, 3, 3, 2, 2, 1, 2, 2, 2, 2, 2, 1, 2, 1, 3, 1, 1, 5, 1, 1, 3, 3, 1, 1, 3, 3, 1, 1, 2, 1, 1, 1, 1, 2, 1, 1, 1, 1, 5];4
90;100;90;1;True;2000;1;0;0;0;0;0;0;552.398410320282;170.27562069892883;304675.2046994699;293283.4490225731;5839.03829525267;5552.630000000002;[117.46, 43.03, 29.5, 92.46, 77.46, 54.46, 68.46, 101.46, 69.46, 61.46, 9.91, 60.46, 100.46, 55.46, 47.31, 84.46, 23.45, 47.31, 86.46, 58.46, 66.46, 3.57, 56.46, 36.6, 46.31, 60.46, 29.5, 94.46, 37.6, 117.46, 74.46, 20.25, 72.46, 117.46, 60.46, 88.46, 106.46, 11.18, 26.19, 102.46, 34.14, 81.46, 45.31, 73.46, 26.92, 45.31, 28.5, 117.46, 106.46, 117.46, 47.31, 117.46, 46.31, 22.23, 57.46, 48.31, 94.46, 51.31, 117.46, 49.31, 95.46, 77.46, 71.46, 64.46, 46.31, 48.31, 44.03, 29.5, 11.18, 30.44, 58.46, 76.46, 69.46, 14.92, 3.57, 76.46, 98.46, 56.46, 51.46, 40.12, 56.46, 98.46, 117.46, 50.31, 107.46, 7.81, 27.27, 27.27, 70.46, 79.46];113.89;[4, 2, 2, 2, 2, 1, 1, 1, 2, 1, 2, 2, 1, 2, 2, 1, 2, 2, 4, 1, 1, 5, 3, 3, 1, 2, 1, 1, 2, 1, 4, 2, 4, 1, 1, 3, 1, 2, 2, 1, 2, 1, 1, 1, 2, 2, 1, 2, 2, 1, 4, 3];4
90;100;90;2;True;2000;1;0;0;0;0;0;0;514.5529279708862;148.41577768325806;277101.12443801766;264723.76421376865;6472.031409354275;5905.300000000001;[40.81, 125.28, 106.87, 47.44, 37.84, 124.28, 34.89, 27.79, 23.15, 96.21, 33.89, 73.41, 28.97, 71.42, 40.81, 41.79, 22.02, 83.35, 74.35, 28.97, 80.35, 75.35, 52.43, 82.35, 125.28, 125.28, 32.92, 44.13, 30.94, 34.89, 114.52, 31.92, 92.21, 49.44, 96.21, 102.87, 104.87, 43.79, 15.96, 52.43, 76.35, 37.84, 90.35, 62.42, 41.79, 42.79, 65.42, 125.28, 85.35, 105.87, 89.35, 60.43, 77.35, 25.79, 76.35, 90.35, 81.35, 10.99, 24.75, 45.13, 45.13, 55.43, 50.44, 124.28, 88.35, 46.44, 120.13, 32.92, 87.35, 18.21, 64.42, 55.43, 98.21, 24.0, 63.42, 57.43, 51.43, 92.21, 57.43, 76.35, 65.42, 125.28, 32.92, 25.37, 105.87, 51.43, 53.43, 116.52, 27.79, 125.28];114.29;[2, 1, 2, 4, 1, 2, 1, 1, 1, 1, 1, 6, 5, 5, 4, 1, 5, 2, 1, 2, 1, 2, 2, 5, 2, 1, 1, 1, 2, 1, 1, 2, 1, 1, 2, 2, 2, 1, 2, 1, 2, 1, 1, 1, 1, 2, 2, 1, 1, 2, 5];5
90;100;90;3;True;2000;1;0;0;0;0;0;0;512.7270727157593;148.4016878604889;214853.25130152458;203462.76757772375;5911.033668839824;5479.369999999997;[61.8, 65.94, 77.94, 69.94, 73.94, 29.49, 26.52, 61.8, 119.94, 78.94, 26.52, 42.29, 114.94, 68.94, 37.58, 56.4, 36.7, 31.39, 28.48, 117.94, 43.21, 74.94, 87.94, 32.82, 45.08, 51.22, 112.94, 21.63, 58.04, 72.94, 39.46, 89.94, 78.94, 69.94, 71.94, 53.03, 66.94, 64.98, 53.03, 77.94, 54.71, 106.94, 46.6, 38.57, 51.22, 39.46, 63.98, 81.94, 49.6, 31.82, 46.6, 23.05, 58.05, 82.94, 37.58, 130.94, 17.28, 130.94, 95.94, 89.94, 71.94, 65.94, 71.94, 2.83, 17.28, 47.8, 58.04, 63.98, 1.0, 32.82, 36.7, 36.7, 19.7, 58.04, 112.94, 76.94, 101.94, 96.94, 45.08, 47.8, 22.06, 85.94, 111.94, 28.48, 60.8, 24.57, 89.94, 64.98, 78.94, 72.94];129.94;[1, 2, 2, 1, 4, 3, 3, 1, 4, 2, 1, 1, 1, 1, 2, 2, 2, 1, 3, 3, 6, 1, 2, 1, 1, 1, 1, 1, 1, 1, 1, 6, 2, 1, 3, 2, 1, 1, 2, 1, 2, 1, 1, 1, 1, 4, 2, 1, 4, 2, 1, 1, 1, 1, 1];5
90;100;90;4;True;2000;1;0;0;0;0;0;0;582.8037824630737;162.0730686187744;266308.57954990055;255173.99426216577;6240.063522104209;4894.480000000006;[20.79, 81.63, 14.93, 70.63, 54.63, 44.63, 101.63, 53.63, 23.63, 76.63, 15.11, 74.63, 17.01, 37.63, 91.63, 34.63, 54.63, 71.63, 49.63, 30.63, 109.63, 12.57, 27.63, 40.63, 25.63, 42.63, 53.63, 17.26, 47.63, 33.63, 106.63, 39.63, 125.63, 78.63, 50.63, 64.63, 50.63, 31.63, 61.63, 74.63, 52.63, 32.63, 86.63, 73.63, 61.63, 76.63, 72.63, 28.63, 42.63, 27.63, 34.63, 37.63, 66.63, 21.63, 116.63, 57.63, 41.63, 83.63, 29.63, 19.5, 16.76, 24.63, 112.63, 22.63, 32.63, 84.63, 66.63, 85.63, 86.63, 38.63, 30.63, 65.63, 60.63, 41.63, 23.63, 81.63, 127.63, 45.63, 127.63, 29.63, 77.63, 58.63, 107.63, 26.63, 74.63, 38.63, 8.36, 57.63, 38.63, 20.79];119.27;[3, 1, 2, 4, 2, 3, 3, 1, 3, 2, 3, 2, 4, 1, 1, 1, 2, 4, 1, 1, 1, 2, 4, 1, 4, 2, 2, 1, 1, 2, 1, 2, 4, 3, 2, 1, 2, 1, 2, 2, 2, 2, 2, 1, 4, 1, 1, 1, 2];3
90;100;90;5;True;2000;1;0;0;0;0;0;0;534.1046004295349;147.0076117515564;268492.25908963237;256750.73901187838;5960.908729768824;5780.719999999999;[52.01, 80.58, 39.91, 77.58, 22.07, 78.58, 61.29, 38.33, 66.58, 35.61, 99.28, 1.0, 32.07, 46.44, 45.44, 98.28, 35.24, 28.92, 84.58, 66.58, 81.58, 67.58, 123.28, 41.96, 2.41, 85.58, 19.49, 36.8, 117.28, 123.28, 58.31, 71.58, 94.58, 54.31, 51.01, 104.28, 13.65, 52.01, 109.28, 35.61, 36.47, 77.58, 39.91, 46.44, 61.29, 20.88, 91.58, 64.29, 113.28, 47.79, 98.28, 30.19, 74.58, 92.58, 39.63, 55.31, 56.31, 42.73, 39.63, 109.28, 119.28, 54.31, 118.28, 70.58, 56.31, 47.79, 74.58, 123.28, 101.28, 63.29, 71.58, 99.28, 71.58, 58.73, 63.29, 2.41, 58.31, 53.14, 27.92, 44.09, 105.28, 110.28, 78.58, 3.93, 45.09, 98.28, 105.28, 45.44, 41.41, 95.58];122.28;[2, 1, 2, 1, 2, 1, 1, 1, 1, 2, 1, 2, 4, 1, 6, 4, 2, 5, 1, 2, 1, 3, 1, 3, 1, 1, 2, 2, 3, 2, 1, 2, 1, 5, 3, 1, 1, 1, 3, 1, 3, 1, 2, 2, 2, 3, 2, 2, 1, 2];5
90;100;90;6;True;2000;1;0;0;0;0;0;0;493.5088381767273;150.05667424201965;237557.0444470751;226049.61276400715;5905.1630351714;5602.290000000003;[66.22, 49.27, 90.4, 90.4, 65.22, 79.58, 57.69, 120.86, 115.82, 28.33, 47.28, 52.69, 81.29, 65.22, 60.69, 10.31, 74.38, 54.69, 54.69, 92.55, 71.38, 69.31, 87.27, 29.32, 83.29, 74.38, 56.69, 44.3, 50.27, 38.32, 56.69, 113.55, 90.4, 94.55, 108.55, 62.45, 120.86, 34.32, 46.29, 73.38, 81.29, 42.31, 38.32, 82.29, 62.45, 68.76, 15.34, 28.33, 43.3, 97.55, 119.86, 29.32, 12.33, 50.27, 87.27, 44.3, 94.55, 48.28, 55.69, 31.32, 38.32, 44.3, 37.32, 40.32, 41.31, 78.58, 63.45, 113.55, 59.69, 71.38, 105.55, 63.45, 2.95, 68.76, 44.3, 25.33, 33.32, 68.76, 55.69, 32.3, 67.76, 72.38, 73.38, 49.27, 73.38, 70.38, 37.32, 21.33, 31.32, 120.86];117.91;[5, 3, 6, 4, 5, 2, 3, 3, 2, 2, 3, 2, 1, 1, 1, 2, 1, 1, 2, 3, 1, 1, 5, 1, 1, 1, 1, 3, 1, 4, 1, 1, 1, 1, 2, 1, 3, 2, 1, 2, 2, 1, 2, 1, 1, 2, 1, 4];5
100;100;100;1;True;2000;1;0;0;0;0;0;0;598.370762348175;205.57549023628235;298300.7558880272;286517.49168391846;5818.017067131934;5965.459999999998;[79.43, 44.24, 35.41, 137.43, 60.43, 48.44, 57.43, 66.43, 62.43, 53.43, 10.83, 82.43, 109.43, 50.44, 67.43, 73.43, 22.7, 45.24, 76.43, 91.43, 93.43, 3.26, 52.44, 55.43, 46.24, 58.43, 30.67, 70.43, 48.44, 90.43, 95.43, 15.04, 56.43, 61.43, 66.43, 130.43, 90.43, 19.85, 31.77, 103.43, 35.41, 92.43, 37.41, 78.43, 24.71, 29.69, 26.69, 76.43, 118.43, 117.43, 37.41, 85.43, 48.44, 18.83, 52.44, 38.41, 99.43, 60.43, 115.43, 39.7, 66.43, 53.43, 113.43, 57.43, 39.33, 61.43, 43.24, 47.24, 15.04, 49.44, 60.43, 57.43, 60.43, 18.83, 3.57, 91.43, 102.43, 62.43, 98.43, 38.41, 81.43, 78.43, 127.43, 44.24, 94.43, 9.16, 24.71, 24.71, 70.43, 75.43, 28.69, 8.08, 10.83, 108.43, 20.73, 50.44, 66.43, 73.43, 47.53, 52.44];134.17000000000002;[1, 1, 6, 1, 3, 1, 2, 1, 4, 1, 1, 1, 3, 1, 2, 2, 2, 2, 3, 2, 3, 1, 3, 5, 3, 1, 3, 1, 2, 3, 1, 1, 1, 1, 1, 3, 3, 4, 3, 2, 4, 1, 5, 1, 2, 2];5
100;100;100;2;True;2000;1;0;0;0;0;0;0;618.0355339050293;196.8706760406494;290153.3023395943;277833.82924373104;6547.75678340567;5771.850000000002;[32.65, 95.01, 77.01, 58.2, 35.5, 78.01, 30.31, 21.89, 16.68, 71.01, 34.77, 86.01, 26.38, 42.7, 42.7, 23.93, 12.63, 86.01, 70.01, 29.86, 74.01, 66.2, 48.55, 71.01, 145.01, 97.01, 36.36, 46.95, 21.93, 25.93, 84.01, 31.86, 56.2, 39.74, 96.01, 77.01, 91.01, 47.55, 14.7, 37.63, 60.2, 34.77, 65.2, 54.2, 38.44, 41.7, 55.2, 85.01, 55.2, 72.01, 74.01, 62.2, 70.01, 22.61, 75.01, 72.01, 71.01, 10.13, 35.5, 43.67, 35.5, 62.2, 44.65, 107.01, 97.01, 55.2, 115.01, 27.89, 49.67, 9.1, 46.33, 59.2, 77.01, 13.47, 65.2, 32.65, 39.74, 82.01, 50.67, 40.71, 62.2, 145.01, 45.33, 27.89, 87.01, 51.2, 46.33, 57.2, 20.34, 117.01, 94.01, 104.01, 58.2, 25.93, 78.01, 75.01, 89.01, 50.67, 82.01, 67.2];135.91;[2, 3, 1, 1, 2, 1, 1, 2, 1, 2, 4, 3, 1, 4, 2, 2, 1, 3, 3, 1, 1, 3, 1, 1, 1, 2, 1, 2, 4, 2, 1, 3, 3, 4, 1, 1, 3, 1, 1, 4, 2, 3, 3, 3, 3, 1, 2, 1, 2];3
100;100;100;3;True;2000;1;0;0;0;0;0;0;517.3926901817322;173.6354203224182;247928.7939950197;237259.1722251958;5904.9953334426655;4764.459999999994;[59.66, 57.66, 71.66, 53.66, 49.66, 17.79, 15.98, 57.66, 79.66, 55.66, 17.79, 44.66, 108.66, 49.66, 27.66, 30.66, 47.66, 18.03, 18.99, 72.66, 29.66, 62.66, 85.66, 23.66, 31.66, 35.66, 99.66, 17.79, 32.66, 68.66, 21.66, 65.66, 65.66, 66.66, 60.66, 44.66, 61.66, 34.66, 35.66, 65.66, 47.66, 72.66, 38.66, 26.66, 42.66, 30.66, 43.66, 108.66, 40.66, 30.66, 36.66, 13.0, 52.66, 69.66, 31.66, 72.66, 11.5, 91.66, 87.66, 71.66, 86.66, 50.66, 71.66, 2.88, 9.07, 46.66, 46.66, 40.66, 1.0, 30.66, 27.66, 24.66, 21.66, 45.66, 91.66, 55.66, 58.66, 94.66, 27.66, 41.66, 17.79, 77.66, 62.66, 18.99, 54.66, 18.99, 69.66, 52.66, 54.66, 65.66, 78.66, 61.66, 43.66, 59.66, 8.12, 14.49, 33.66, 39.66, 47.66, 20.48];107.66;[4, 1, 1, 2, 2, 2, 5, 7, 1, 1, 2, 2, 1, 3, 1, 1, 2, 2, 2, 1, 1, 1, 2, 1, 2, 1, 3, 1, 1, 1, 3, 2, 3, 3, 2, 1, 3, 1, 1, 1, 2, 2, 1, 6, 2, 3, 1, 1, 4, 1];6
100;100;100;4;True;2000;1;0;0;0;0;0;0;524.3085026741028;180.30548882484436;239909.50113976747;228243.3177167482;6150.855052601882;5515.3899999999985;[20.91, 66.13, 11.35, 61.13, 83.64, 69.13, 86.64, 64.13, 24.55, 96.98, 16.53, 81.64, 16.78, 47.19, 102.98, 47.19, 52.19, 65.13, 51.19, 39.62, 79.64, 2.12, 64.13, 40.62, 30.24, 44.95, 49.19, 18.29, 72.64, 49.19, 74.64, 55.19, 87.64, 60.13, 55.19, 68.13, 62.13, 34.69, 63.13, 90.64, 47.19, 29.25, 101.98, 81.64, 71.64, 69.13, 32.39, 34.05, 70.13, 30.24, 37.6, 36.69, 76.64, 25.37, 57.13, 55.19, 55.19, 59.13, 30.39, 13.18, 13.78, 23.93, 82.64, 24.55, 43.95, 72.64, 69.13, 100.98, 76.64, 40.62, 34.05, 65.13, 57.13, 58.13, 33.05, 69.13, 74.64, 52.19, 116.98, 39.62, 80.64, 87.64, 110.98, 30.24, 68.13, 43.95, 6.58, 59.13, 35.69, 20.84, 116.98, 34.05, 45.19, 29.25, 87.64, 25.69, 76.64, 55.19, 36.69, 93.64];114.86;[2, 2, 1, 3, 1, 3, 4, 2, 1, 3, 1, 1, 1, 1, 1, 1, 1, 2, 1, 1, 5, 1, 4, 2, 3, 1, 1, 1, 3, 4, 1, 2, 1, 1, 2, 2, 2, 1, 2, 2, 4, 4, 1, 1, 1, 6, 1, 1, 1, 1, 3, 1, 1];5
100;100;100;5;True;2000;1;0;0;0;0;0;0;474.52246046066284;174.72993564605713;206694.42249388428;194566.90015216533;6010.9522321638115;6116.650000000007;[44.11, 95.3, 35.86, 52.56, 16.96, 83.3, 69.3, 32.25, 64.3, 29.16, 86.3, 1.0, 18.78, 29.57, 63.3, 112.3, 21.1, 21.68, 36.95, 66.3, 99.3, 97.3, 98.3, 39.71, 2.87, 74.3, 12.22, 31.48, 105.3, 85.3, 39.97, 69.3, 87.3, 59.3, 47.91, 97.3, 8.52, 51.56, 113.3, 31.08, 29.57, 72.3, 39.97, 35.01, 67.3, 13.52, 87.3, 62.3, 73.3, 46.07, 73.3, 25.29, 93.3, 86.3, 27.64, 54.01, 66.3, 46.07, 29.57, 84.3, 78.3, 57.3, 92.3, 74.3, 64.3, 37.79, 64.3, 60.3, 75.3, 63.3, 64.3, 98.3, 70.3, 55.5, 45.19, 2.0, 56.3, 51.55, 8.52, 43.59, 114.3, 105.3, 120.3, 3.4, 33.0, 79.3, 97.3, 56.3, 45.19, 87.3, 73.3, 119.3, 94.3, 80.3, 65.3, 114.3, 108.3, 67.3, 89.3, 55.5];119.3;[2, 2, 1, 3, 2, 3, 1, 1, 1, 3, 1, 1, 3, 1, 4, 2, 1, 1, 1, 1, 1, 1, 1, 2, 4, 3, 1, 1, 2, 1, 2, 1, 1, 1, 1, 2, 2, 2, 2, 4, 4, 4, 1, 1, 1, 3, 3, 1, 5, 2, 3, 2];4
