num_implements;num_tasks;num_vehicles;seed;full;time_horizon;num_periods;probabilityTA;probabilityTD;probabilityVA;probabilityVD;probabilityIA;probabilityID;t;toptimization;Obj;PenaltyCost;StaticCost;DistanciaTotal;Distancia_list;DesvDistancia;TaskDone_list;DesvTaskDone
10;10;10;1;True;2000;1;0;0;0;0;0;0;78.09040307998657;0.08857965469360352;18700.803109539072;17339.09370737905;587.2355161742828;774.4899999999999;[80.13, 86.13, 45.32, 86.13, 86.13, 86.13, 80.13, 86.13, 86.13, 52.13];40.809999999999995;[2, 3, 1, 2, 2];2
10;10;10;2;True;2000;1;0;0;0;0;0;0;142.38360500335693;0.09219908714294434;19407.140285525158;17916.28499430683;420.51502253149323;1070.31;[51.88, 133.11, 93.11, 114.11, 64.88, 178.11, 124.11, 41.02, 91.87, 178.11];137.09;[1, 3, 1, 3, 1, 1];2
10;10;10;3;True;2000;1;0;0;0;0;0;0;96.59107065200806;0.07050442695617676;19247.453445980915;17793.31660141537;495.08506090988766;959.0699999999998;[71.33, 74.33, 117.41, 76.33, 117.41, 44.89, 105.14, 117.41, 117.41, 117.41];72.52;[1, 3, 1, 1, 1, 1, 2];2
10;10;10;4;True;2000;1;0;0;0;0;0;0;85.27902793884277;0.09230518341064453;19029.82639889694;17663.432099466732;514.984217161308;851.4399999999999;[54.73, 98.5, 35.11, 98.5, 98.5, 98.5, 98.5, 97.5, 73.1, 98.5];63.39;[2, 1, 3, 1, 1, 2];2
10;10;10;5;True;2000;1;0;0;0;0;0;0;91.66196250915527;0.08027243614196777;16859.339113164013;15565.792927015234;520.1886054092406;773.38;[60.14, 87.14, 58.14, 107.14, 28.12, 106.14, 107.14, 52.14, 81.14, 86.14];79.02;[1, 1, 1, 2, 3, 2];2
10;10;10;6;True;2000;1;0;0;0;0;0;0;62.65355682373047;0.08330917358398438;17727.23550527476;16588.865830507173;446.8024146276326;691.5300000000001;[73.23, 40.46, 73.23, 73.23, 73.23, 73.23, 73.23, 73.23, 73.23, 65.23];32.77;[1, 1, 2, 2, 1, 1, 2];1
10;20;10;1;True;2000;1;0;0;0;0;0;0;140.52726030349731;0.23526573181152344;40315.7276091796;37720.69406965057;1298.2062375529554;1296.85;[138.67, 124.36, 114.81, 86.99, 138.67, 138.67, 138.67, 138.67, 138.67, 138.67];51.67999999999999;[2, 2, 2, 5, 1, 1, 2, 2, 3];4
10;20;10;2;True;2000;1;0;0;0;0;0;0;193.0010004043579;0.2790858745574951;39638.59809679914;36986.19065504686;1153.2549291401278;1499.1300000000003;[170.64, 166.64, 105.29, 159.64, 196.64, 153.64, 126.64, 92.94, 124.64, 202.42];109.47999999999999;[1, 2, 3, 2, 2, 2, 2, 1, 5];4
10;20;10;3;True;2000;1;0;0;0;0;0;0;103.30024814605713;0.2604684829711914;37721.84141043723;35610.96701664436;1140.0629192622696;970.84;[91.53, 99.49, 99.49, 99.49, 99.49, 83.39, 99.49, 99.49, 99.49, 99.49];16.099999999999994;[1, 3, 4, 1, 3, 2, 1, 1, 2, 2];3
10;20;10;4;True;2000;1;0;0;0;0;0;0;115.6646671295166;0.2459704875946045;38730.75738621945;36601.696496783596;1002.951144889557;1126.1000000000001;[114.72, 114.72, 114.72, 114.72, 114.72, 114.72, 114.72, 114.72, 93.62, 114.72];21.099999999999994;[1, 4, 2, 2, 2, 2, 2, 3, 2];3
10;20;10;5;True;2000;1;0;0;0;0;0;0;164.5994429588318;0.27397823333740234;37994.14305556671;35497.72342906569;1149.7575444931758;1346.6200000000001;[83.27, 162.15, 109.15, 167.15, 124.15, 167.15, 167.15, 164.15, 108.15, 94.15];83.88000000000001;[2, 2, 3, 1, 1, 1, 5, 3, 2];4
10;20;10;6;True;2000;1;0;0;0;0;0;0;168.89028024673462;0.2900879383087158;38936.0844778933;36602.460300404084;1014.9630406248706;1318.6800000000003;[107.94, 73.22, 149.94, 153.94, 127.94, 136.94, 170.94, 170.94, 139.94, 86.94];97.72;[2, 2, 2, 3, 2, 3, 2, 4];2
10;30;10;1;True;2000;1;0;0;0;0;0;0;174.1611671447754;0.5055091381072998;59646.61661420191;56319.174022948406;1826.6317226317346;1500.83;[150.98, 150.98, 150.98, 142.01, 150.98, 150.98, 150.98, 150.98, 150.98, 150.98];8.969999999999999;[4, 3, 3, 1, 6, 3, 2, 1, 4, 3];5
10;30;10;2;True;2000;1;0;0;0;0;0;0;240.04563093185425;0.48581600189208984;59246.52194790051;55572.98832799308;1929.0202723316518;1744.5199999999998;[161.35, 204.74, 142.43, 181.35, 201.74, 222.26, 157.35, 119.61, 131.43, 222.26];102.64999999999999;[2, 3, 5, 3, 4, 2, 4, 2, 5];3
10;30;10;3;True;2000;1;0;0;0;0;0;0;183.028151512146;0.4875493049621582;58206.961619439106;54848.96837712631;1820.526446745847;1537.4999999999998;[128.09, 160.29, 160.29, 160.29, 160.29, 127.09, 160.29, 160.29, 160.29, 160.29];33.19999999999999;[1, 4, 3, 1, 4, 2, 6, 2, 3, 4];5
10;30;10;4;True;2000;1;0;0;0;0;0;0;167.1302604675293;0.47887206077575684;61088.91297009794;58143.924267630326;1539.2094533180498;1405.8000000000004;[139.68, 141.68, 141.68, 141.68, 141.68, 141.68, 141.68, 141.68, 132.68, 141.68];9.0;[3, 4, 1, 1, 4, 4, 4, 3, 3, 3];3
10;30;10;5;True;2000;1;0;0;0;0;0;0;170.88504886627197;0.47757387161254883;58524.58260416537;55401.704290338086;1726.3150705669443;1396.5800000000002;[144.83, 133.83, 144.83, 144.83, 124.97, 144.83, 144.83, 144.83, 123.97, 144.83];20.860000000000014;[3, 3, 5, 3, 1, 2, 3, 3, 3, 4];4
10;30;10;6;True;2000;1;0;0;0;0;0;0;214.25768947601318;0.5222756862640381;60058.45903349021;56877.34011736991;1513.8910448525057;1667.1899999999996;[162.07, 121.07, 188.07, 184.07, 188.07, 184.07, 188.07, 155.07, 180.07, 116.56];71.50999999999999;[1, 2, 4, 4, 4, 3, 3, 2, 2, 5];4
10;40;10;1;True;2000;1;0;0;0;0;0;0;214.44850635528564;0.7292168140411377;81309.17578565498;77332.26624452841;2392.18600646285;1584.7;[158.47, 158.47, 158.47, 158.47, 158.47, 158.47, 158.47, 158.47, 158.47, 158.47];0.0;[6, 4, 5, 1, 5, 4, 5, 3, 5, 2];5
10;40;10;2;True;2000;1;0;0;0;0;0;0;305.31651496887207;0.7709414958953857;81427.70618057951;76821.5618586536;2573.5387792471724;2032.5699999999997;[146.64, 243.64, 204.54, 179.54, 225.46, 243.64, 172.54, 215.54, 157.39, 243.64];97.0;[3, 5, 3, 5, 4, 6, 2, 4, 3, 5];4
10;40;10;3;True;2000;1;0;0;0;0;0;0;236.95681476593018;0.8244738578796387;79606.59713921414;75627.69798281351;2272.096638395426;1706.77;[176.25, 176.25, 176.25, 152.78, 176.25, 143.99, 176.25, 176.25, 176.25, 176.25];32.25999999999999;[4, 4, 3, 1, 5, 3, 5, 7, 4, 4];6
10;40;10;4;True;2000;1;0;0;0;0;0;0;236.5196499824524;0.7830777168273926;81346.72978127399;77234.13318570956;2321.320599375437;1791.3000000000004;[162.93, 185.93, 185.93, 173.93, 183.93, 185.93, 185.93, 185.93, 154.93, 185.93];31.0;[3, 6, 4, 2, 2, 6, 4, 6, 3, 4];4
10;40;10;5;True;2000;1;0;0;0;0;0;0;239.32159423828125;0.8584747314453125;79686.74902055933;75448.33473592452;2456.27684288216;1782.1400000000003;[185.4, 185.4, 162.76, 185.4, 185.4, 185.4, 185.4, 136.18, 185.4, 185.4];49.22;[4, 5, 4, 4, 4, 5, 3, 2, 3, 6];4
10;40;10;6;True;2000;1;0;0;0;0;0;0;238.01921844482422;0.8877761363983154;82873.10092702597;78828.84853418054;2316.8428786142667;1727.4399999999996;[162.94, 127.02, 179.81, 179.81, 179.81, 179.81, 179.81, 179.81, 179.81, 178.81];52.790000000000006;[3, 3, 3, 4, 4, 4, 5, 6, 4, 4];3
10;50;10;1;True;2000;1;0;0;0;0;0;0;347.5422353744507;1.1866400241851807;103958.62967733138;98875.73649976663;2857.767732286872;2225.12;[234.47, 228.47, 224.47, 234.47, 233.47, 202.64, 234.47, 234.47, 163.72, 234.47];70.75;[7, 4, 6, 4, 8, 4, 4, 4, 5, 4];4
10;50;10;2;True;2000;1;0;0;0;0;0;0;312.57218647003174;1.1766867637634277;103083.80842561775;97881.28016383252;3144.2758725001727;2058.26;[215.43, 215.43, 215.43, 176.17, 215.43, 215.43, 158.65, 215.43, 215.43, 215.43];56.78;[4, 6, 3, 6, 6, 7, 4, 5, 5, 4];4
10;50;10;3;True;2000;1;0;0;0;0;0;0;281.76241636276245;1.04150390625;100944.40379731497;96076.0918908123;2868.880126054896;1999.4000000000003;[199.94, 199.94, 199.94, 199.94, 199.94, 199.94, 199.94, 199.94, 199.94, 199.94];0.0;[4, 8, 4, 3, 4, 4, 7, 5, 4, 7];5
10;50;10;4;True;2000;1;0;0;0;0;0;0;283.7723345756531;1.077000617980957;103808.43601466244;98950.48802154811;2848.774461789687;2009.2000000000003;[200.92, 200.92, 200.92, 200.92, 200.92, 200.92, 200.92, 200.92, 200.92, 200.92];0.0;[5, 6, 5, 3, 3, 6, 6, 4, 6, 6];3
10;50;10;5;True;2000;1;0;0;0;0;0;0;322.415979385376;1.174945592880249;102266.7697291421;97091.00199503923;3108.530531826684;2067.25;[216.76, 204.76, 202.76, 216.76, 183.71, 216.76, 216.76, 175.46, 216.76, 216.76];41.29999999999998;[5, 6, 5, 6, 5, 4, 6, 3, 4, 6];3
10;50;10;6;True;2000;1;0;0;0;0;0;0;311.4685363769531;1.1277549266815186;104936.42687626088;100079.76593873947;2820.986374579093;2035.71;[190.87, 195.87, 202.87, 212.87, 212.87, 212.87, 212.87, 212.87, 212.87, 168.88];43.99000000000001;[3, 4, 7, 5, 3, 6, 5, 7, 5, 5];4
10;60;10;1;True;2000;1;0;0;0;0;0;0;453.97182846069336;1.5292024612426758;126832.9434337305;120766.64631717064;3503.8669163174463;2562.41;[228.91, 289.31, 222.04, 284.31, 205.29, 289.31, 255.31, 289.31, 265.31, 233.31];84.02000000000001;[6, 5, 6, 6, 7, 4, 5, 9, 6, 6];5
10;60;10;2;True;2000;1;0;0;0;0;0;0;398.1453342437744;1.546457290649414;125229.98175423127;119047.98010381655;3739.335656550212;2442.64;[249.41, 249.41, 249.41, 248.41, 249.41, 249.41, 235.68, 217.68, 244.41, 249.41];31.72999999999999;[5, 4, 7, 7, 5, 8, 6, 7, 5, 6];4
10;60;10;3;True;2000;1;0;0;0;0;0;0;427.02741861343384;1.4686713218688965;123695.96536827281;117797.46174775875;3429.734095103409;2468.8;[269.98, 269.98, 256.98, 257.98, 254.98, 221.98, 219.98, 244.98, 269.98, 201.98];68.00000000000003;[7, 7, 5, 4, 6, 5, 7, 7, 6, 6];3
10;60;10;4;True;2000;1;0;0;0;0;0;0;413.30454683303833;1.6286230087280273;128836.36455737983;122929.75023616757;3462.368562044051;2444.2699999999995;[207.8, 262.03, 237.11, 238.11, 262.03, 203.53, 262.03, 262.03, 247.57, 262.03];58.49999999999997;[5, 7, 5, 4, 6, 7, 7, 8, 5, 6];4
10;60;10;5;True;2000;1;0;0;0;0;0;0;433.01419401168823;1.4688372611999512;124632.25477805668;118423.12555180964;3727.3466214480004;2481.75;[203.0, 264.71, 213.07, 261.71, 265.71, 265.71, 265.71, 239.71, 265.71, 236.71];62.70999999999998;[3, 8, 8, 7, 4, 6, 7, 4, 7, 6];5
10;60;10;6;True;2000;1;0;0;0;0;0;0;385.1796956062317;1.44685959815979;129803.97267149707;124102.57910004978;3312.1092414641857;2389.2799999999997;[241.72, 239.72, 241.72, 241.72, 236.99, 241.72, 233.99, 241.72, 232.99, 236.99];8.72999999999999;[4, 4, 6, 7, 8, 7, 6, 7, 5, 6];4
10;70;10;1;True;2000;1;0;0;0;0;0;0;601.2642450332642;1.9776840209960938;151753.5579675147;144422.7187643587;4139.3176944560855;3191.5;[298.4, 341.78, 340.78, 283.77, 340.78, 303.78, 341.78, 296.4, 340.78, 303.25];58.00999999999999;[7, 6, 9, 7, 8, 6, 4, 10, 7, 6];6
10;70;10;2;True;2000;1;0;0;0;0;0;0;565.5554051399231;1.8833823204040527;148403.78355570862;141396.7165987698;4169.9531066926;2837.09;[248.68, 265.33, 309.33, 308.33, 308.33, 294.33, 232.77, 277.33, 294.65, 298.01];76.55999999999997;[6, 7, 4, 9, 9, 9, 8, 5, 7, 6];5
10;70;10;3;True;2000;1;0;0;0;0;0;0;592.5193123817444;1.9095172882080078;146962.25011661852;139940.3539201222;3940.2771938039177;3081.6199999999994;[319.45, 336.45, 314.45, 348.45, 286.45, 292.45, 244.57, 348.45, 299.45, 291.45];103.88;[5, 10, 7, 8, 7, 6, 8, 4, 9, 6];6
10;70;10;4;True;2000;1;0;0;0;0;0;0;642.937376499176;2.1913862228393555;155408.34609545258;147758.6495519772;4388.904428364211;3260.7799999999993;[278.42, 334.62, 367.62, 275.4, 368.62, 367.62, 367.62, 299.62, 314.62, 286.62];93.22000000000003;[6, 7, 6, 7, 7, 7, 8, 9, 6, 7];3
10;70;10;5;True;2000;1;0;0;0;0;0;0;587.1895384788513;2.134955883026123;149849.06768850386;142480.42475223952;4393.011923309345;2975.6499999999996;[321.68, 282.68, 313.68, 320.68, 321.68, 273.68, 247.53, 320.68, 320.68, 252.68];74.15;[9, 8, 8, 7, 7, 5, 5, 6, 9, 6];4
10;70;10;6;True;2000;1;0;0;0;0;0;0;572.5214643478394;2.0351791381835938;155425.20831053337;148275.35059485544;4149.414924094963;3000.45;[314.52, 332.3, 309.52, 332.3, 301.74, 301.74, 262.64, 283.64, 230.75, 331.3];101.55000000000001;[4, 6, 7, 8, 8, 8, 5, 8, 6, 10];6
10;80;10;1;True;2000;1;0;0;0;0;0;0;687.1725034713745;2.5854170322418213;176211.1477765539;168254.05793217226;4615.511888228458;3341.5699999999997;[351.33, 343.33, 351.33, 293.93, 350.33, 302.0, 351.33, 332.33, 351.33, 314.33];57.39999999999998;[9, 7, 8, 5, 9, 9, 6, 9, 10, 8];5
10;80;10;2;True;2000;1;0;0;0;0;0;0;629.6485438346863;2.5519988536834717;172987.4251425792;164833.18206584596;4920.022123123536;3234.2599999999998;[326.49, 327.49, 327.49, 325.49, 326.49, 326.49, 325.49, 326.49, 325.49, 296.85];30.639999999999986;[9, 8, 6, 9, 7, 8, 12, 8, 6, 7];6
10;80;10;3;True;2000;1;0;0;0;0;0;0;722.2601637840271;2.553917407989502;171245.5520964187;163031.7964903895;4710.536791131375;3503.2199999999993;[321.28, 350.02, 391.02, 346.02, 391.02, 336.71, 339.29, 303.89, 332.95, 391.02];87.13;[6, 9, 7, 9, 8, 8, 8, 6, 8, 11];5
10;80;10;4;True;2000;1;0;0;0;0;0;0;678.9550762176514;2.3620500564575195;177360.7420978932;168693.78038930683;5130.192540625837;3536.76;[360.17, 360.17, 319.26, 360.17, 360.17, 360.17, 360.17, 360.17, 342.17, 354.14];40.910000000000025;[11, 7, 6, 7, 7, 10, 8, 9, 7, 8];5
10;80;10;5;True;2000;1;0;0;0;0;0;0;741.8802289962769;2.5350019931793213;173441.06224549992;164800.42825455355;5002.230674459259;3638.37;[316.48, 388.75, 388.75, 302.89, 388.75, 374.75, 388.75, 388.75, 347.75, 352.75];85.86000000000001;[7, 10, 9, 8, 5, 8, 10, 9, 6, 8];5
10;80;10;6;True;2000;1;0;0;0;0;0;0;662.1959075927734;2.4714436531066895;180028.34354869963;171983.50917308955;4780.104175780999;3264.710000000001;[305.49, 341.86, 340.86, 341.86, 297.86, 308.71, 340.86, 306.49, 340.86, 339.86];44.0;[5, 7, 7, 13, 7, 6, 9, 7, 10, 9];8
10;90;10;1;True;2000;1;0;0;0;0;0;0;802.1084251403809;3.2220828533172607;201397.04250307404;192442.75876499052;5167.928800528275;3786.34;[386.46, 386.46, 386.46, 352.28, 386.46, 386.46, 375.71, 353.13, 386.46, 386.46];34.18000000000001;[12, 10, 10, 6, 11, 9, 5, 10, 10, 7];7
10;90;10;2;True;2000;1;0;0;0;0;0;0;864.6760959625244;2.691485643386841;197291.36236111372;187731.43625604283;5718.526116461857;3841.4000000000005;[434.4, 325.42, 334.47, 434.4, 332.71, 422.4, 434.4, 345.4, 405.4, 372.4];108.97999999999996;[9, 8, 5, 13, 8, 10, 12, 10, 7, 8];8
10;90;10;3;True;2000;1;0;0;0;0;0;0;1018.3758015632629;3.1892879009246826;198015.5190092323;188202.89000989482;5263.372016951959;4549.29;[516.89, 503.89, 479.89, 365.28, 449.89, 418.89, 444.89, 422.89, 528.89, 417.89];163.61;[10, 7, 9, 8, 9, 11, 8, 7, 11, 10];4
10;90;10;4;True;2000;1;0;0;0;0;0;0;818.3573961257935;3.01948618888855;202545.11178545954;193062.76541270368;5608.657106531431;3873.6600000000008;[326.16, 394.88, 397.11, 397.11, 373.85, 397.11, 397.11, 396.11, 397.11, 397.11];70.94999999999999;[11, 8, 8, 9, 6, 11, 10, 9, 6, 12];6
10;90;10;5;True;2000;1;0;0;0;0;0;0;772.7785148620605;2.881216049194336;196868.59214860812;187655.86899503763;5545.2579846533;3667.4499999999994;[346.0, 385.2, 375.88, 385.2, 271.05, 385.2, 385.2, 363.32, 385.2, 385.2];114.14999999999998;[7, 9, 9, 7, 6, 10, 8, 12, 10, 12];6
10;90;10;6;True;2000;1;0;0;0;0;0;0;706.7631425857544;2.893920421600342;203872.60992866228;195258.18861242637;5310.241318663108;3304.2;[317.27, 336.99, 329.77, 334.99, 335.99, 336.99, 335.99, 304.23, 335.99, 335.99];32.75999999999999;[6, 6, 7, 11, 9, 10, 11, 7, 9, 14];8
10;100;10;1;True;2000;1;0;0;0;0;0;0;973.5371627807617;3.810335159301758;225534.9286200243;215525.28238186272;5779.863015204137;4229.79;[422.78, 432.5, 432.5, 399.73, 405.16, 432.5, 432.5, 416.68, 422.94, 432.5];32.76999999999998;[9, 10, 14, 5, 12, 12, 7, 11, 11, 9];9
10;100;10;2;True;2000;1;0;0;0;0;0;0;1026.0273327827454;3.7614784240722656;225428.28810562275;214478.87402956476;6509.40228589748;4439.990000000001;[460.32, 455.32, 385.24, 424.33, 403.18, 470.32, 470.32, 463.32, 470.32, 437.32];85.07999999999998;[10, 8, 7, 13, 13, 12, 9, 9, 9, 10];6
10;100;10;3;True;2000;1;0;0;0;0;0;0;1225.3299007415771;3.7212929725646973;224431.4542951368;213872.87161509995;5813.997692033035;4744.6;[392.69, 557.23, 423.85, 454.76, 430.91, 499.23, 451.24, 572.23, 479.23, 483.23];179.54000000000002;[10, 11, 11, 8, 8, 11, 9, 9, 11, 12];4
10;100;10;4;True;2000;1;0;0;0;0;0;0;1016.477089881897;3.6367316246032715;227443.64189782753;216612.52039763506;6292.017023751768;4539.099999999999;[477.7, 475.7, 418.96, 395.28, 477.7, 477.7, 477.7, 472.7, 434.7, 430.96];82.42000000000002;[12, 10, 10, 7, 11, 12, 10, 10, 10, 8];5
10;100;10;5;True;2000;1;0;0;0;0;0;0;936.1194310188293;3.5648415088653564;223535.4620700613;213514.84448684027;6117.049498402229;3903.5299999999997;[413.29, 412.29, 413.29, 413.29, 344.23, 337.98, 413.29, 384.29, 398.29, 373.29];75.31;[15, 12, 13, 8, 6, 11, 8, 9, 8, 10];9
10;100;10;6;True;2000;1;0;0;0;0;0;0;876.5739216804504;3.3640830516815186;228391.2740912355;218594.15240397156;5914.830798024199;3882.29;[340.61, 397.49, 397.49, 397.49, 397.49, 397.49, 397.49, 395.46, 363.79, 397.49];56.879999999999995;[6, 11, 10, 12, 11, 12, 10, 7, 9, 12];6
20;20;20;1;True;2000;1;0;0;0;0;0;0;118.34087085723877;0.5957353115081787;38649.853930024045;35954.464125243;1292.2251803230592;1403.1799999999996;[96.82, 65.97, 33.36, 96.82, 96.82, 54.29, 39.3, 96.82, 68.97, 37.02, 15.27, 86.82, 96.82, 45.29, 58.29, 96.82, 27.22, 96.82, 96.82, 96.82];81.55;[2, 1, 1, 3, 2, 1, 1, 2, 1, 2, 2, 2];2
20;20;20;2;True;2000;1;0;0;0;0;0;0;140.80228996276855;0.6654372215270996;38710.88900710953;35863.12651657254;1188.034832022122;1659.7099999999998;[42.51, 121.25, 80.25, 119.25, 71.54, 121.25, 43.51, 45.92, 63.54, 121.25, 70.54, 113.25, 58.54, 77.54, 113.25, 44.51, 36.06, 85.25, 121.25, 109.25];85.19;[1, 3, 1, 2, 1, 2, 1, 2, 1, 2, 3, 1];2
20;20;20;3;True;2000;1;0;0;0;0;0;0;160.85159730911255;0.6789751052856445;37497.36438913039;34828.62096479469;1081.075125507468;1587.66;[82.03, 94.03, 77.03, 122.94, 104.98, 29.08, 45.5, 128.94, 96.98, 109.98, 26.08, 53.03, 139.94, 74.03, 39.88, 77.03, 48.33, 65.03, 41.88, 130.94];113.86;[2, 4, 2, 1, 2, 1, 4, 1, 1, 2];3
20;20;20;4;True;2000;1;0;0;0;0;0;0;144.7612829208374;0.6127307415008545;38424.36339726473;35611.388938588796;937.8317717460013;1875.1700000000005;[29.02, 133.15, 49.11, 80.77, 121.15, 82.77, 60.56, 97.15, 73.0, 102.15, 17.96, 81.77, 59.56, 133.15, 130.15, 108.15, 133.15, 133.15, 133.15, 116.15];115.19;[1, 2, 2, 1, 1, 1, 3, 2, 2, 1, 1, 2, 1];2
20;20;20;5;True;2000;1;0;0;0;0;0;0;126.92447900772095;0.7658953666687012;37856.39123772022;35131.88566698311;1114.2835871371424;1610.2200000000003;[73.88, 108.67, 65.88, 102.67, 36.1, 108.67, 108.67, 59.31, 73.88, 83.88, 108.67, 20.58, 63.88, 66.88, 108.67, 108.67, 59.31, 34.61, 108.67, 108.67];88.09;[1, 2, 1, 2, 2, 2, 2, 1, 1, 2, 3, 1];2
20;20;20;6;True;2000;1;0;0;0;0;0;0;153.17963314056396;0.6699578762054443;38666.31256752986;36082.50155486893;988.6129534648579;1595.26;[64.41, 85.41, 108.41, 131.41, 98.41, 83.41, 83.41, 116.41, 131.41, 32.65, 61.41, 42.52, 129.41, 96.41, 37.6, 25.82, 89.41, 55.41, 50.52, 71.41];105.59;[1, 3, 4, 1, 1, 1, 1, 1, 2, 2, 1, 2];3
20;30;20;1;True;2000;1;0;0;0;0;0;0;163.56002855300903;1.2957990169525146;57823.77842674063;54026.960879509694;1835.584026132727;1961.2599999999995;[123.57, 52.15, 78.15, 123.57, 122.57, 70.51, 102.57, 123.57, 115.57, 69.51, 63.51, 88.64, 123.57, 123.57, 66.5, 123.57, 72.51, 121.57, 72.51, 123.57];71.41999999999999;[2, 1, 2, 3, 2, 2, 2, 1, 1, 4, 1, 4, 1, 4];3
20;30;20;2;True;2000;1;0;0;0;0;0;0;236.45662450790405;1.4551467895507812;58750.3862125971;54412.63208075606;1909.1766019930974;2428.5899999999997;[107.8, 149.64, 192.64, 134.64, 83.07, 192.64, 111.64, 96.8, 99.8, 137.64, 60.07, 180.64, 78.07, 148.64, 98.8, 68.07, 49.07, 151.64, 176.64, 110.64];143.57;[1, 5, 2, 3, 1, 4, 1, 1, 1, 1, 3, 1, 2, 3, 1];4
20;30;20;3;True;2000;1;0;0;0;0;0;0;187.10172748565674;1.2077951431274414;56046.23766589149;52280.28073321811;1814.101804208457;1951.8500000000004;[135.62, 122.62, 111.73, 138.62, 111.73, 43.96, 66.24, 138.62, 111.73, 126.62, 36.01, 67.24, 141.43, 79.73, 83.73, 106.73, 50.29, 77.73, 55.11, 146.36];110.35000000000002;[1, 2, 1, 5, 3, 1, 1, 2, 1, 1, 2, 1, 1, 1, 1, 1, 2, 3];4
20;30;20;4;True;2000;1;0;0;0;0;0;0;197.6033878326416;1.4841392040252686;60485.53815846633;56687.838498797784;1555.1622780371845;2242.5000000000005;[53.01, 149.43, 73.11, 89.43, 139.43, 132.43, 89.43, 148.43, 79.11, 120.43, 53.01, 100.43, 88.43, 130.43, 149.43, 149.43, 124.43, 149.43, 139.43, 83.81];96.42000000000002;[2, 4, 3, 1, 1, 1, 1, 1, 1, 3, 2, 3, 1, 3, 2, 1];3
20;30;20;5;True;2000;1;0;0;0;0;0;0;154.5771999359131;1.3084185123443604;57699.42440636975;54093.91572813978;1644.9528022775537;1960.4900000000002;[114.92, 114.92, 114.92, 108.92, 60.3, 114.92, 114.92, 81.92, 93.92, 80.92, 114.92, 60.67, 83.92, 114.92, 114.92, 114.92, 82.92, 73.88, 114.92, 83.92];54.620000000000005;[1, 3, 3, 2, 2, 1, 2, 1, 1, 1, 3, 1, 1, 2, 3, 2, 1];2
20;30;20;6;True;2000;1;0;0;0;0;0;0;148.01369619369507;1.3904519081115723;58431.551126668186;55053.56051327369;1457.6495144945718;1920.3200000000002;[113.64, 99.64, 113.64, 113.64, 113.64, 113.64, 104.64, 113.64, 113.64, 63.98, 56.37, 71.85, 113.64, 113.64, 66.82, 54.51, 113.64, 69.82, 82.65, 113.64];59.13;[1, 1, 3, 1, 5, 2, 2, 1, 1, 3, 1, 3, 2, 2, 2];4
20;40;20;1;True;2000;1;0;0;0;0;0;0;197.90046072006226;2.3988239765167236;79734.44516857139;74977.35255152699;2367.261793340728;2389.8799999999997;[133.27, 86.36, 109.27, 133.27, 133.27, 116.27, 133.27, 133.27, 133.27, 99.82, 76.59, 111.27, 133.27, 112.27, 114.27, 133.27, 100.79, 130.27, 133.27, 133.27];56.68000000000001;[2, 1, 1, 2, 6, 1, 2, 3, 4, 2, 1, 4, 1, 1, 3, 4, 2];5
20;40;20;2;True;2000;1;0;0;0;0;0;0;254.28810787200928;1.9886856079101562;79591.43194260659;74497.07279859767;2594.1352950651617;2500.16;[112.14, 138.14, 177.14, 123.14, 137.14, 179.14, 110.14, 94.14, 90.14, 165.14, 78.31, 146.14, 93.14, 130.14, 104.14, 97.14, 74.33, 165.14, 179.14, 106.14];104.80999999999999;[1, 3, 1, 4, 4, 4, 2, 1, 2, 3, 4, 1, 1, 1, 3, 3, 2];3
20;40;20;3;True;2000;1;0;0;0;0;0;0;171.54042959213257;1.8183565139770508;76246.19881585019;71960.11559637764;2288.3854514169734;1997.7599999999995;[114.02, 114.02, 114.02, 114.02, 114.02, 49.13, 60.89, 114.02, 114.02, 114.02, 73.58, 79.01, 114.02, 106.11, 91.11, 113.02, 99.11, 114.02, 71.58, 114.02];64.88999999999999;[1, 2, 1, 4, 3, 1, 2, 2, 1, 3, 1, 2, 2, 2, 1, 1, 1, 3, 3, 4];3
20;40;20;4;True;2000;1;0;0;0;0;0;0;217.67181730270386;2.2705795764923096;79706.95286273526;75021.7064832879;2196.8797602070017;2488.3799999999997;[73.62, 147.79, 84.57, 97.79, 136.79, 147.79, 134.79, 105.79, 100.79, 147.79, 73.62, 125.79, 134.79, 144.79, 147.79, 147.79, 147.79, 147.79, 147.79, 92.93];74.16999999999999;[3, 3, 1, 3, 1, 1, 1, 2, 1, 2, 1, 3, 2, 5, 2, 3, 4, 2];4
20;40;20;5;True;2000;1;0;0;0;0;0;0;194.24411916732788;2.1412353515625;77519.04641709615;72778.68038849231;2417.0777074716007;2323.2699999999995;[116.26, 132.26, 132.26, 129.26, 75.9, 132.26, 132.26, 91.79, 132.26, 105.26, 132.26, 80.1, 102.26, 132.26, 132.26, 132.26, 103.26, 99.79, 129.26, 99.79];56.359999999999985;[5, 4, 1, 2, 2, 2, 2, 3, 4, 2, 1, 2, 5, 1, 2, 2];4
20;40;20;6;True;2000;1;0;0;0;0;0;0;185.577401638031;2.0093250274658203;80698.9552035762;76244.68567037916;2281.359316599122;2172.96;[111.61, 128.26, 128.26, 128.26, 106.62, 128.26, 106.62, 128.26, 128.26, 77.58, 74.68, 89.62, 120.26, 112.61, 91.62, 77.15, 126.26, 81.89, 98.62, 128.26];53.579999999999984;[3, 2, 2, 3, 4, 4, 3, 2, 3, 1, 1, 1, 2, 2, 3, 2, 2];3
20;50;20;1;True;2000;1;0;0;0;0;0;0;281.8333764076233;3.2845916748046875;101718.35360207711;96118.87588178585;2835.8899108072173;2763.61;[170.73, 91.01, 111.51, 170.73, 160.73, 129.73, 116.8, 133.73, 161.73, 104.74, 92.01, 135.73, 170.73, 147.73, 107.54, 161.73, 110.51, 146.73, 170.73, 168.73];79.71999999999998;[5, 1, 3, 4, 4, 1, 1, 3, 3, 1, 1, 2, 5, 1, 1, 1, 1, 3, 5, 4];4
20;50;20;2;True;2000;1;0;0;0;0;0;0;290.859591960907;3.1898181438446045;101106.81255132887;95098.42491736556;3161.6453006320244;2846.8000000000006;[126.94, 166.94, 176.94, 144.94, 140.94, 183.94, 126.94, 115.94, 119.94, 174.94, 104.94, 170.94, 111.94, 165.94, 176.94, 121.94, 99.94, 121.94, 183.94, 109.94];84.0;[1, 4, 1, 3, 4, 5, 3, 1, 1, 3, 5, 1, 2, 4, 1, 1, 4, 5, 1];4
20;50;20;3;True;2000;1;0;0;0;0;0;0;232.65968227386475;3.01566219329834;97356.54320954041;92083.09836064903;2850.1355300033765;2423.2700000000004;[136.88, 136.88, 136.88, 136.88, 136.88, 68.95, 83.63, 136.88, 136.88, 136.88, 83.63, 108.62, 136.88, 127.76, 102.91, 136.88, 115.1, 125.76, 101.23, 136.88];67.92999999999999;[3, 4, 2, 6, 3, 1, 3, 1, 3, 3, 1, 3, 2, 1, 1, 2, 1, 2, 3, 5];5
20;50;20;4;True;2000;1;0;0;0;0;0;0;260.1656160354614;3.0434205532073975;101144.72317322034;95694.63264777814;2708.2330446814312;2741.8700000000003;[83.45, 160.03, 96.4, 160.03, 160.03, 125.03, 142.03, 103.69, 132.03, 160.03, 107.85, 134.03, 125.03, 160.03, 160.03, 160.03, 160.03, 160.03, 136.03, 116.03];76.58;[3, 4, 2, 3, 1, 2, 2, 3, 4, 1, 1, 1, 2, 5, 5, 4, 3, 3, 1];4
20;50;20;5;True;2000;1;0;0;0;0;0;0;229.13596200942993;3.196537971496582;98983.43819743869;93491.42317858755;3081.4480901002835;2410.59;[112.7, 132.7, 132.7, 130.7, 78.89, 132.7, 132.7, 106.7, 132.7, 112.7, 132.7, 92.78, 111.7, 132.7, 132.7, 132.7, 104.7, 100.02, 132.7, 132.7];53.80999999999999;[2, 5, 3, 4, 3, 1, 4, 2, 3, 4, 1, 3, 4, 3, 3, 1, 3, 1];4
20;50;20;6;True;2000;1;0;0;0;0;0;0;267.67568826675415;3.295539140701294;103510.38953288045;98031.1106685425;2753.434733610254;2725.84;[148.11, 164.11, 164.11, 164.11, 120.11, 164.11, 164.11, 164.11, 156.11, 92.27, 103.27, 112.11, 164.11, 119.11, 120.11, 103.27, 132.11, 102.27, 129.11, 139.11];71.84000000000002;[2, 2, 4, 5, 3, 5, 3, 4, 2, 2, 5, 2, 3, 2, 2, 3, 1];4
20;60;20;1;True;2000;1;0;0;0;0;0;0;262.8351321220398;4.296839237213135;122566.46684155717;116267.63683329597;3567.0472452334066;2731.7900000000004;[145.61, 101.98, 127.51, 145.61, 136.56, 137.73, 145.61, 145.61, 145.61, 126.51, 101.98, 145.61, 145.61, 145.61, 129.51, 145.61, 122.69, 145.61, 145.61, 145.61];43.63000000000001;[6, 1, 4, 4, 2, 2, 3, 5, 3, 2, 1, 3, 5, 1, 1, 4, 2, 6, 5];5
20;60;20;2;True;2000;1;0;0;0;0;0;0;361.6956949234009;4.643422842025757;122407.02124952018;115470.90159680667;3707.7718070818487;3228.31;[148.95, 192.33, 174.33, 194.33, 164.33, 201.33, 145.95, 128.19, 155.33, 206.33, 124.2, 189.33, 122.34, 157.33, 173.33, 129.19, 123.34, 140.19, 200.33, 157.33];83.99000000000001;[1, 7, 1, 5, 3, 3, 1, 2, 4, 4, 5, 2, 2, 5, 3, 1, 4, 6, 1];6
20;60;20;3;True;2000;1;0;0;0;0;0;0;253.66488647460938;4.285264730453491;119664.47420463119;113601.8322373789;3477.623877025833;2584.9300000000003;[135.26, 135.26, 135.26, 135.26, 135.26, 88.71, 117.4, 135.26, 135.26, 135.26, 117.4, 130.26, 135.26, 135.26, 125.26, 135.26, 127.26, 135.26, 120.26, 135.26];46.55;[3, 4, 2, 4, 4, 2, 3, 2, 3, 5, 2, 3, 2, 2, 1, 4, 3, 4, 3, 4];4
20;60;20;4;True;2000;1;0;0;0;0;0;0;354.87726640701294;5.014139175415039;126065.86487599925;119309.578486974;3467.6755064026092;3288.6499999999996;[119.17, 196.27, 133.99, 171.27, 153.27, 141.78, 148.64, 137.78, 155.27, 196.27, 109.39, 175.27, 133.39, 196.27, 196.27, 180.27, 194.27, 196.27, 185.27, 168.27];86.88000000000001;[3, 5, 2, 3, 1, 2, 2, 3, 3, 4, 2, 2, 1, 4, 4, 4, 1, 4, 5, 5];4
20;60;20;5;True;2000;1;0;0;0;0;0;0;231.4846429824829;3.8062076568603516;119469.34871306024;113385.6892370879;3657.5522441870567;2426.09;[125.25, 125.25, 125.25, 125.25, 93.8, 125.25, 125.25, 104.79, 125.25, 125.25, 125.25, 119.25, 116.25, 125.25, 125.25, 125.25, 125.25, 113.25, 125.25, 125.25];31.450000000000003;[2, 5, 6, 2, 3, 2, 3, 1, 2, 5, 4, 2, 2, 3, 4, 3, 2, 1, 4, 4];5
20;60;20;6;True;2000;1;0;0;0;0;0;0;315.62071084976196;4.700424909591675;127764.84264206958;121505.44620702408;3306.382721649511;2953.0500000000006;[141.71, 171.71, 171.71, 157.71, 171.71, 147.71, 171.71, 171.71, 171.71, 108.44, 121.09, 119.09, 171.71, 133.6, 141.71, 126.4, 148.71, 111.11, 125.09, 168.71];63.27000000000001;[3, 3, 4, 4, 2, 6, 5, 3, 4, 1, 2, 1, 5, 3, 4, 3, 3, 1, 3];5
20;70;20;1;True;2000;1;0;0;0;0;0;0;365.2327489852905;6.033534049987793;145646.9215492821;138155.82981854962;4142.271244228672;3348.7999999999993;[184.68, 128.82, 161.16, 189.68, 189.68, 137.26, 123.34, 169.52, 189.68, 189.68, 111.8, 160.16, 189.68, 172.52, 165.52, 189.68, 131.06, 185.52, 189.68, 189.68];77.88000000000001;[6, 2, 4, 5, 4, 3, 1, 7, 4, 3, 2, 1, 6, 1, 1, 3, 4, 4, 5, 4];6
20;70;20;2;True;2000;1;0;0;0;0;0;0;434.3227128982544;6.4733123779296875;145435.70701153376;137784.86268218138;4149.44394226723;3501.35;[147.61, 195.85, 224.85, 175.85, 171.85, 210.85, 176.85, 149.61, 175.85, 198.85, 129.67, 211.85, 140.58, 192.85, 160.61, 156.61, 124.61, 181.85, 206.85, 167.85];100.24;[3, 6, 4, 5, 3, 4, 3, 2, 4, 3, 4, 6, 1, 4, 2, 1, 1, 6, 6, 2];5
20;70;20;3;True;2000;1;0;0;0;0;0;0;337.5186433792114;6.466038227081299;143071.88537246615;135742.1794929502;4032.2039817802793;3297.540000000001;[177.8, 177.8, 177.8, 177.8, 177.8, 114.15, 131.99, 177.8, 177.8, 177.8, 140.8, 153.8, 177.8, 169.8, 153.8, 177.8, 153.8, 177.8, 145.8, 177.8];63.650000000000006;[5, 6, 3, 4, 5, 2, 4, 2, 3, 5, 3, 4, 3, 2, 1, 4, 3, 3, 3, 5];5
20;70;20;4;True;2000;1;0;0;0;0;0;0;351.153751373291;5.961888074874878;149195.8690642712;141610.28738056822;4273.960115239018;3311.579999999999;[131.83, 176.89, 132.71, 173.89, 176.89, 159.89, 175.89, 166.89, 166.89, 176.89, 132.21, 176.89, 152.69, 176.89, 176.89, 170.89, 176.89, 176.89, 176.89, 155.79];45.059999999999974;[4, 5, 2, 3, 3, 2, 1, 4, 4, 3, 2, 4, 1, 4, 3, 5, 2, 5, 8, 5];7
20;70;20;5;True;2000;1;0;0;0;0;0;0;382.65165185928345;6.050206184387207;144755.32010411366;137233.4178440669;4320.954039348614;3200.9799999999996;[136.91, 178.91, 177.91, 142.91, 105.61, 151.91, 185.91, 119.99, 140.91, 185.91, 185.91, 150.91, 137.91, 185.91, 185.91, 185.91, 145.91, 133.91, 185.91, 175.91];80.3;[1, 4, 5, 2, 4, 2, 4, 2, 3, 7, 5, 2, 3, 4, 6, 4, 2, 2, 5, 3];6
20;70;20;6;True;2000;1;0;0;0;0;0;0;347.95823907852173;5.571244716644287;150465.50886126666;142974.22721315146;4132.586152396041;3358.7;[184.63, 184.63, 184.63, 184.63, 184.63, 184.63, 177.63, 184.63, 184.63, 134.21, 144.33, 147.33, 184.63, 165.25, 144.33, 130.41, 184.63, 141.33, 156.33, 171.25];54.22;[3, 3, 6, 7, 3, 7, 3, 2, 5, 2, 3, 1, 5, 4, 5, 3, 5, 1, 2];6
20;80;20;1;True;2000;1;0;0;0;0;0;0;369.026517868042;6.573796987533569;166609.84799051832;158810.7933938388;4626.269019261636;3172.7900000000004;[150.67, 135.67, 166.67, 166.67, 166.67, 154.67, 166.67, 166.67, 166.67, 140.67, 155.67, 162.67, 166.67, 166.67, 166.67, 157.67, 131.06, 150.67, 166.67, 166.67];35.609999999999985;[7, 4, 4, 3, 6, 4, 4, 7, 3, 3, 3, 2, 5, 5, 3, 6, 1, 5, 5];6
20;80;20;2;True;2000;1;0;0;0;0;0;0;490.0931649208069;8.281014919281006;168991.03176191956;160185.02306481625;4927.155560128995;3878.7800000000007;[194.96, 207.96, 229.96, 225.96, 179.37, 236.96, 200.96, 170.37, 153.58, 214.96, 145.3, 232.96, 160.54, 206.96, 180.96, 161.57, 162.57, 205.96, 226.96, 179.96];91.66;[2, 8, 3, 5, 4, 5, 3, 2, 2, 4, 3, 5, 4, 4, 3, 4, 4, 6, 5, 4];6
20;80;20;3;True;2000;1;0;0;0;0;0;0;409.8180556297302;7.3202009201049805;165036.57574354246;156757.53986213641;4820.5793603641205;3458.39;[190.04, 190.04, 190.04, 190.04, 174.04, 122.06, 133.75, 177.04, 190.04, 190.04, 143.9, 158.04, 190.04, 151.04, 160.04, 190.04, 190.04, 190.04, 148.04, 190.04];67.97999999999999;[5, 3, 3, 4, 5, 2, 5, 3, 2, 7, 3, 4, 4, 4, 3, 5, 3, 7, 3, 5];5
20;80;20;4;True;2000;1;0;0;0;0;0;0;409.4408702850342;7.521843194961548;171677.7817274842;163024.83936572424;5067.379509766752;3585.620000000001;[137.18, 190.13, 173.13, 183.13, 190.13, 190.13, 190.13, 186.13, 172.13, 190.13, 149.45, 190.13, 156.73, 190.13, 190.13, 172.13, 190.13, 190.13, 190.13, 164.18];52.94999999999999;[3, 6, 2, 3, 5, 4, 3, 5, 4, 4, 2, 4, 4, 5, 3, 4, 2, 5, 6, 6];4
20;80;20;5;True;2000;1;0;0;0;0;0;0;403.27687549591064;8.180333375930786;167828.66851158024;159973.6841644421;4826.128419708346;3028.810000000001;[138.22, 164.36, 164.36, 164.36, 131.87, 153.36, 164.36, 148.36, 143.91, 164.36, 164.36, 72.84, 145.36, 164.36, 164.36, 164.36, 164.36, 122.57, 164.36, 164.36];91.52000000000001;[3, 6, 6, 6, 3, 3, 6, 1, 3, 6, 5, 3, 3, 5, 5, 3, 3, 7, 3];6
20;80;20;6;True;2000;1;0;0;0;0;0;0;417.2047052383423;7.8045971393585205;173453.6549824095;165390.66037057046;4602.842973513466;3460.0700000000006;[189.26, 189.26, 189.26, 189.26, 187.26, 182.26, 189.26, 189.26, 189.26, 139.16, 155.26, 145.12, 189.26, 189.26, 138.12, 141.65, 189.26, 150.12, 165.26, 163.26];51.139999999999986;[4, 4, 6, 6, 7, 8, 3, 2, 4, 2, 3, 2, 3, 5, 5, 3, 5, 1, 4, 3];7
20;90;20;1;True;2000;1;0;0;0;0;0;0;457.6163945198059;8.978949308395386;192341.14019670943;183434.55925305706;5115.900609833803;3790.5999999999985;[196.7, 175.43, 186.7, 196.7, 177.7, 174.43, 170.27, 196.7, 196.7, 189.7, 196.7, 196.7, 196.7, 196.7, 196.7, 166.27, 189.7, 196.7, 196.7, 196.7];30.42999999999998;[6, 3, 5, 6, 8, 4, 4, 8, 6, 3, 3, 3, 4, 5, 1, 6, 2, 6, 3, 4];7
20;90;20;2;True;2000;1;0;0;0;0;0;0;568.2093043327332;9.119629621505737;192240.72689474045;182618.40659537425;5701.7345705593825;3920.560000000001;[182.49, 227.07, 240.07, 182.49, 198.07, 254.07, 168.51, 159.82, 158.82, 227.07, 151.56, 239.07, 162.75, 219.07, 198.07, 214.07, 155.83, 235.07, 155.52, 191.07];102.50999999999999;[4, 8, 4, 4, 5, 6, 3, 4, 1, 4, 4, 6, 4, 5, 3, 4, 4, 6, 5, 6];7
20;90;20;3;True;2000;1;0;0;0;0;0;0;462.7357406616211;9.352721452713013;189301.93539984676;180207.91120232872;5369.090108985738;3724.9000000000015;[198.55, 198.55, 198.55, 198.55, 198.55, 131.91, 184.55, 198.55, 198.55, 176.55, 151.09, 175.55, 198.55, 198.55, 170.55, 198.55, 189.55, 198.55, 162.55, 198.55];66.64000000000001;[5, 4, 5, 5, 5, 4, 5, 3, 5, 6, 2, 4, 4, 5, 3, 5, 3, 6, 6, 5];4
20;90;20;4;True;2000;1;0;0;0;0;0;0;512.7462306022644;9.311516761779785;194725.38542094966;184980.39044026716;5541.501483366778;4203.430000000001;[179.12, 234.34, 154.61, 213.34, 234.34, 216.34, 215.34, 198.34, 199.34, 234.34, 170.9, 226.34, 168.36, 234.34, 234.34, 202.34, 234.34, 234.34, 234.34, 184.34];79.72999999999999;[3, 6, 4, 4, 5, 4, 5, 4, 4, 5, 3, 6, 2, 5, 5, 6, 5, 5, 4, 5];4
20;90;20;5;True;2000;1;0;0;0;0;0;0;495.1057462692261;8.61597728729248;191690.56545642036;182907.96173325685;5349.776844013066;3432.780000000001;[150.55, 195.57, 189.57, 195.57, 137.11, 193.57, 151.88, 153.2, 170.57, 178.57, 195.57, 57.75, 149.23, 195.57, 195.57, 195.57, 195.57, 140.65, 195.57, 195.57];137.82;[3, 5, 9, 5, 4, 4, 5, 2, 4, 4, 5, 4, 4, 8, 6, 4, 3, 5, 6];7
20;90;20;6;True;2000;1;0;0;0;0;0;0;422.38722372055054;8.500138998031616;196074.39044421262;187585.31534106052;5163.925736430093;3325.150000000001;[172.59, 172.59, 172.59, 172.59, 169.59, 172.59, 172.59, 172.59, 172.59, 143.87, 172.59, 159.82, 172.59, 172.59, 130.24, 157.82, 172.59, 157.32, 172.59, 162.82];42.349999999999994;[4, 5, 6, 6, 7, 5, 3, 4, 5, 2, 6, 5, 7, 5, 4, 5, 3, 3, 5];5
20;100;20;1;True;2000;1;0;0;0;0;0;0;502.47305393218994;10.736020803451538;215439.31895807062;205665.48104898445;5749.737436234853;4024.1400000000003;[204.27, 204.27, 204.27, 204.27, 185.66, 204.27, 204.27, 204.27, 204.27, 186.66, 199.59, 204.27, 204.27, 204.27, 204.27, 185.59, 202.59, 204.27, 204.27, 204.27];18.680000000000007;[6, 5, 6, 6, 7, 8, 5, 7, 5, 3, 3, 6, 5, 4, 3, 7, 1, 6, 2, 5];7
20;100;20;2;True;2000;1;0;0;0;0;0;0;571.4619889259338;10.812604427337646;216890.85951146585;206931.5867124016;6552.138738602486;3407.1000000000004;[194.69, 194.69, 194.69, 194.69, 194.69, 194.69, 194.69, 132.43, 133.81, 168.69, 153.69, 194.69, 125.58, 194.69, 140.58, 163.69, 94.35, 194.69, 194.69, 152.69];100.34;[5, 6, 4, 6, 6, 6, 4, 5, 4, 3, 6, 8, 6, 4, 5, 6, 1, 6, 5, 4];7
20;100;20;3;True;2000;1;0;0;0;0;0;0;558.7271718978882;11.121058464050293;215268.86392362267;205223.63048998947;5852.33182778379;4192.880000000002;[224.86, 224.86, 224.86, 211.13, 224.86, 175.03, 177.03, 224.86, 224.86, 224.86, 162.94, 214.59, 224.86, 215.28, 190.8, 201.13, 207.13, 216.28, 197.8, 224.86];61.920000000000016;[8, 4, 4, 6, 4, 3, 6, 5, 5, 5, 3, 7, 5, 7, 4, 5, 3, 4, 5, 7];5
20;100;20;4;True;2000;1;0;0;0;0;0;0;498.56923389434814;11.817966222763062;218906.97120834838;208820.47476115002;6132.49751914328;3954.0399999999995;[180.38, 202.33, 201.33, 202.33, 202.33, 202.33, 193.89, 199.74, 202.33, 202.33, 170.04, 202.33, 176.04, 202.33, 202.33, 202.33, 202.33, 202.33, 202.33, 202.33];32.29000000000002;[3, 6, 5, 5, 6, 6, 5, 6, 3, 3, 3, 6, 5, 3, 5, 5, 6, 6, 9, 4];6
20;100;20;5;True;2000;1;0;0;0;0;0;0;560.4341406822205;11.810315132141113;216719.29386288047;207023.12353657026;5978.488774644552;3717.72;[199.17, 199.17, 199.17, 199.17, 167.91, 186.6, 186.6, 175.96, 199.17, 199.17, 199.17, 76.85, 186.6, 177.16, 199.17, 199.17, 199.17, 170.0, 199.17, 199.17];122.32;[4, 6, 10, 5, 5, 5, 7, 4, 4, 6, 7, 3, 5, 5, 6, 5, 4, 6, 3];7
20;100;20;6;True;2000;1;0;0;0;0;0;0;481.813955783844;11.27854061126709;221675.84366204124;212206.8241743062;5758.629150992191;3710.4199999999987;[187.72, 187.72, 187.72, 187.72, 171.37, 187.72, 187.72, 187.72, 187.72, 185.37, 187.72, 187.72, 187.72, 187.72, 162.44, 187.72, 187.72, 187.72, 187.72, 187.72];25.28;[4, 4, 4, 7, 9, 8, 5, 4, 6, 3, 4, 3, 6, 4, 6, 5, 5, 4, 3, 6];6
30;30;30;1;True;2000;1;0;0;0;0;0;0;177.63268947601318;2.3949458599090576;57848.610698686985;53998.924050517584;1787.8701941196066;2061.8399999999992;[116.33, 20.39, 25.65, 116.33, 94.33, 44.13, 50.35, 110.33, 52.36, 29.61, 43.13, 81.33, 97.33, 69.33, 70.33, 114.33, 16.96, 58.33, 90.33, 82.33, 84.33, 14.35, 81.33, 51.36, 116.33, 69.33, 40.28, 68.33, 92.33, 60.33];101.98;[3, 2, 3, 1, 2, 1, 1, 1, 3, 2, 3, 2, 3, 1, 2];2
30;30;30;2;True;2000;1;0;0;0;0;0;0;185.95506286621094;2.5685276985168457;57161.419450688714;53211.34558664519;1929.4099622369536;2020.58;[67.01, 124.01, 115.01, 58.01, 45.01, 124.01, 53.01, 31.01, 24.91, 102.01, 43.01, 97.01, 42.01, 71.01, 70.01, 32.01, 13.49, 96.01, 82.01, 30.01, 124.01, 80.01, 59.01, 96.01, 105.01, 71.01, 47.01, 54.01, 39.01, 24.91];110.52000000000001;[1, 1, 6, 1, 2, 1, 2, 1, 2, 1, 2, 1, 2, 4, 2, 1];5
30;30;30;3;True;2000;1;0;0;0;0;0;0;200.7800006866455;2.427830457687378;56062.716230668804;52140.30986289148;1776.4449514771286;2146.0399999999995;[77.51, 79.51, 84.07, 105.73, 112.73, 33.31, 29.73, 65.51, 94.73, 96.73, 16.25, 50.51, 142.73, 104.73, 32.31, 60.51, 38.62, 47.51, 29.73, 113.73, 40.51, 115.73, 110.73, 34.31, 43.51, 49.51, 142.73, 19.58, 66.51, 106.73];126.47999999999999;[1, 1, 1, 2, 1, 1, 1, 4, 2, 2, 1, 1, 1, 2, 1, 1, 3, 1, 3];3
30;30;30;4;True;2000;1;0;0;0;0;0;0;206.3858880996704;2.6264090538024902;59505.08808022867;55731.5410834578;1602.6422129010223;2171.0099999999998;[30.22, 132.6, 31.22, 61.6, 96.6, 132.6, 127.6, 53.42, 30.22, 90.6, 20.66, 74.6, 32.22, 106.6, 80.6, 132.6, 70.6, 74.6, 58.6, 132.6, 114.6, 16.35, 72.6, 55.42, 46.42, 46.42, 78.6, 30.22, 84.6, 55.42];116.25;[1, 3, 2, 2, 1, 1, 1, 1, 2, 2, 3, 2, 1, 2, 3, 2, 1];2
30;30;30;5;True;2000;1;0;0;0;0;0;0;192.5184383392334;2.771874189376831;57626.167284748815;53734.41531304747;1639.6552213971806;2252.0299999999997;[65.53, 92.53, 55.52, 116.53, 37.12, 128.53, 86.53, 62.53, 81.53, 39.12, 74.53, 3.0, 42.12, 77.53, 51.12, 122.53, 47.12, 25.86, 107.53, 89.53, 87.53, 114.53, 128.53, 39.12, 14.5, 120.53, 23.36, 60.53, 128.53, 128.53];125.53;[1, 1, 2, 1, 1, 1, 1, 1, 1, 1, 2, 1, 1, 3, 3, 4, 1, 2, 2];3
30;30;30;6;True;2000;1;0;0;0;0;0;0;199.93704748153687;2.44382905960083;57750.205289081634;54181.9391892431;1516.7023654861666;2051.47;[92.26, 50.26, 107.26, 91.26, 70.26, 94.26, 69.26, 133.26, 98.26, 23.84, 30.08, 40.26, 122.26, 44.26, 82.26, 14.34, 137.26, 33.26, 60.26, 82.26, 37.26, 92.26, 57.26, 28.59, 137.26, 48.26, 76.26, 35.26, 31.19, 31.19];122.91999999999999;[1, 1, 1, 1, 3, 3, 3, 1, 1, 1, 2, 1, 1, 2, 4, 2, 2];3
30;40;30;1;True;2000;1;0;0;0;0;0;0;190.97701597213745;4.743191480636597;78363.77261039216;73808.88185915642;2320.5182373726225;2234.37;[100.78, 36.14, 48.9, 100.78, 100.78, 57.35, 67.65, 100.78, 68.65, 48.9, 53.5, 83.78, 100.78, 77.78, 80.78, 100.78, 37.49, 62.65, 95.78, 80.78, 93.78, 32.82, 85.78, 65.65, 99.78, 88.78, 57.35, 59.19, 76.78, 69.65];67.96000000000001;[3, 3, 3, 1, 3, 3, 2, 1, 3, 3, 1, 2, 4, 3, 1, 2, 1, 1];3
30;40;30;2;True;2000;1;0;0;0;0;0;0;205.8182077407837;4.03622031211853;77887.81350859288;72751.6797121998;2607.0254672819774;2529.000000000001;[61.53, 126.53, 126.53, 65.53, 106.53, 126.53, 98.53, 52.53, 59.53, 88.53, 50.53, 126.53, 62.53, 116.53, 100.53, 76.53, 29.17, 88.53, 81.53, 42.18, 126.53, 92.53, 86.53, 84.53, 97.53, 126.53, 64.53, 63.53, 52.53, 47.34];97.36;[1, 2, 2, 1, 1, 3, 1, 2, 1, 1, 1, 2, 1, 1, 2, 1, 3, 3, 2, 2, 2, 3, 2];2
30;40;30;3;True;2000;1;0;0;0;0;0;0;208.477032661438;4.4785237312316895;76519.66031343777;72020.48239180265;2304.1461901185344;2195.03;[81.53, 96.16, 89.31, 81.53, 87.31, 46.65, 35.82, 69.65, 107.16, 98.16, 29.1, 65.65, 114.16, 87.31, 58.87, 62.87, 42.39, 65.65, 48.52, 105.16, 48.52, 89.31, 104.16, 43.39, 66.65, 67.65, 114.16, 27.55, 56.52, 104.16];86.61;[2, 1, 2, 2, 2, 1, 3, 1, 3, 3, 2, 1, 1, 2, 2, 1, 2, 1, 3, 5];4
30;40;30;4;True;2000;1;0;0;0;0;0;0;247.17215585708618;4.251413583755493;77889.81092963216;73102.46137902758;2196.370990761324;2590.9900000000002;[60.76, 87.7, 52.26, 111.7, 109.7, 70.7, 122.7, 78.7, 58.76, 119.7, 41.59, 96.7, 40.33, 82.7, 151.7, 151.7, 74.7, 97.7, 120.7, 62.76, 135.7, 28.26, 120.7, 82.7, 83.7, 64.76, 86.7, 53.75, 76.7, 64.76];123.43999999999998;[1, 1, 2, 1, 1, 2, 2, 1, 1, 1, 4, 4, 2, 3, 2, 1, 1, 1, 2, 2, 3, 1, 1];3
30;40;30;5;True;2000;1;0;0;0;0;0;0;207.67118215560913;5.016275644302368;76995.90585893672;71996.81537194566;2385.258535851173;2613.91;[77.32, 123.32, 88.32, 123.32, 47.7, 114.32, 76.32, 61.23, 76.32, 59.32, 123.32, 3.0, 59.32, 93.32, 69.04, 123.32, 90.32, 42.97, 118.32, 109.32, 94.32, 122.32, 123.32, 77.32, 33.1, 123.32, 48.7, 65.13, 123.32, 123.32];120.32;[1, 2, 3, 2, 1, 1, 1, 2, 2, 1, 1, 3, 1, 1, 3, 1, 1, 1, 1, 1, 4, 2, 4];3
30;40;30;6;True;2000;1;0;0;0;0;0;0;238.30594205856323;5.0107574462890625;80048.81032029369;75342.74632238499;2241.4803902492813;2464.489999999999;[85.85, 66.85, 107.85, 82.85, 83.85, 93.85, 78.85, 126.85, 107.85, 40.12, 51.12, 59.85, 139.85, 65.85, 74.85, 30.89, 139.85, 55.12, 72.85, 129.85, 73.85, 95.85, 75.85, 41.12, 139.85, 115.85, 93.85, 48.12, 30.18, 55.12];109.66999999999999;[1, 1, 2, 3, 3, 2, 1, 1, 3, 2, 1, 2, 2, 1, 1, 2, 3, 4, 3, 2];3
30;50;30;1;True;2000;1;0;0;0;0;0;0;231.10199785232544;6.568460464477539;99336.50321162186;93862.69734443979;2787.051470091843;2686.73;[115.62, 66.48, 61.11, 115.62, 115.62, 65.01, 74.78, 115.62, 79.78, 65.01, 56.2, 114.62, 115.62, 81.78, 89.78, 115.62, 51.81, 74.78, 115.62, 88.78, 109.62, 47.32, 95.62, 81.78, 115.62, 97.62, 70.87, 97.62, 83.78, 107.62];68.30000000000001;[3, 1, 1, 3, 3, 2, 5, 1, 2, 2, 1, 2, 3, 2, 2, 2, 4, 1, 2, 4, 1, 1, 1, 1];4
30;50;30;2;True;2000;1;0;0;0;0;0;0;316.30778217315674;6.598514080047607;100159.1646443203;93819.04534782152;3204.2641451193103;3135.9100000000017;[72.38, 174.38, 161.38, 121.38, 84.38, 139.38, 69.38, 65.38, 70.38, 148.38, 95.38, 185.38, 68.38, 129.38, 84.38, 93.38, 44.69, 149.38, 120.38, 58.8, 146.38, 91.38, 93.38, 130.38, 106.38, 84.38, 84.38, 130.38, 70.38, 62.16];140.69;[1, 4, 4, 3, 1, 1, 2, 1, 1, 2, 1, 2, 2, 3, 2, 2, 3, 2, 3, 3, 2, 3, 2];3
30;50;30;3;True;2000;1;0;0;0;0;0;0;239.5753836631775;6.675161838531494;96506.80727628687;90863.89408300519;2922.452763807061;2720.55;[122.36, 101.36, 94.36, 108.36, 112.36, 64.49, 53.76, 81.36, 97.36, 129.36, 44.67, 79.36, 129.36, 96.36, 61.94, 115.36, 70.53, 93.36, 60.4, 118.36, 74.53, 88.36, 111.36, 65.49, 75.53, 79.36, 129.36, 55.84, 76.53, 129.36];84.69000000000001;[4, 1, 1, 2, 3, 1, 1, 1, 1, 2, 3, 2, 2, 1, 3, 2, 1, 3, 2, 2, 2, 4, 1, 1, 4];3
30;50;30;4;True;2000;1;0;0;0;0;0;0;261.2265057563782;6.2804343700408936;100209.44474732112;94292.67520583981;2667.3111096891375;3249.370000000001;[81.19, 150.19, 75.48, 106.19, 147.19, 107.19, 152.19, 85.19, 82.19, 135.19, 57.84, 124.19, 65.2, 152.19, 152.19, 147.19, 116.19, 127.19, 96.19, 98.19, 121.19, 56.66, 109.19, 113.19, 94.19, 97.19, 137.19, 80.44, 93.19, 88.19];95.53;[1, 1, 2, 3, 2, 1, 3, 2, 1, 1, 4, 4, 5, 3, 2, 3, 2, 1, 1, 2, 1, 2, 1, 1, 1];4
30;50;30;5;True;2000;1;0;0;0;0;0;0;211.43004655838013;5.90409517288208;96772.2842512369;90922.88049518829;3024.843425735698;2824.58;[86.21, 99.25, 89.21, 120.25, 56.34, 120.25, 93.25, 70.32, 103.25, 71.32, 120.25, 3.0, 73.31, 120.25, 101.25, 120.25, 89.21, 59.34, 120.25, 120.25, 120.25, 120.25, 119.25, 95.25, 42.17, 120.25, 56.34, 73.31, 120.25, 120.25];117.25;[1, 1, 1, 3, 2, 1, 1, 1, 2, 3, 2, 3, 4, 2, 1, 1, 1, 1, 2, 2, 2, 1, 1, 3, 4, 4];3
30;50;30;6;True;2000;1;0;0;0;0;0;0;240.57447004318237;7.063797235488892;101806.58473328843;96309.46865203287;2732.246741516787;2764.8299999999995;[112.56, 76.56, 120.56, 105.56, 85.56, 120.56, 120.56, 105.56, 118.56, 57.65, 65.56, 79.56, 120.56, 90.56, 95.56, 46.37, 120.56, 67.56, 87.56, 105.56, 80.56, 94.56, 94.56, 54.65, 120.56, 120.56, 120.56, 63.65, 48.42, 63.65];74.19;[2, 1, 4, 2, 3, 3, 3, 2, 2, 4, 2, 2, 1, 1, 3, 2, 2, 1, 1, 3, 4, 2];3
30;60;30;1;True;2000;1;0;0;0;0;0;0;266.8877158164978;8.233750104904175;120653.72961360027;114280.99694582733;3479.0329676386223;2893.7999999999993;[109.06, 79.06, 71.06, 117.06, 111.06, 67.23, 88.06, 117.06, 87.06, 72.06, 60.08, 110.06, 117.06, 96.06, 102.06, 117.06, 57.44, 102.06, 117.06, 117.06, 117.06, 53.01, 117.06, 117.06, 117.06, 100.06, 70.54, 93.06, 89.06, 105.06];64.05000000000001;[3, 1, 2, 2, 5, 1, 2, 2, 1, 2, 3, 1, 3, 3, 3, 2, 2, 5, 1, 4, 2, 6, 1, 1, 1, 1];5
30;60;30;2;True;2000;1;0;0;0;0;0;0;280.3736958503723;8.929491519927979;120039.11982584232;112995.8002225014;3737.1587971338686;3306.270000000001;[115.51, 137.51, 137.51, 95.51, 137.51, 137.51, 102.51, 75.24, 84.51, 137.51, 73.09, 137.51, 83.51, 128.51, 81.51, 132.51, 50.52, 106.51, 137.51, 66.49, 137.51, 137.51, 116.51, 137.51, 137.51, 108.51, 76.51, 137.51, 82.51, 76.18];86.98999999999998;[2, 4, 1, 4, 3, 2, 2, 2, 1, 2, 3, 2, 2, 1, 1, 1, 2, 3, 1, 2, 3, 3, 3, 3, 4, 1, 2];3
30;60;30;3;True;2000;1;0;0;0;0;0;0;284.557674407959;9.124661684036255;118317.3631544116;111824.75048917756;3491.460751817543;3001.0800000000004;[136.65, 136.65, 99.65, 110.65, 104.65, 76.04, 64.14, 96.65, 131.65, 123.65, 59.83, 93.65, 136.65, 110.65, 89.65, 111.65, 78.04, 81.04, 72.04, 136.65, 82.04, 103.65, 119.65, 79.04, 88.65, 88.65, 136.65, 59.83, 86.04, 106.65];76.82000000000001;[4, 3, 1, 2, 3, 1, 1, 1, 1, 3, 1, 1, 3, 4, 1, 2, 1, 4, 3, 2, 3, 2, 1, 3, 3, 1, 1, 4];3
30;60;30;4;True;2000;1;0;0;0;0;0;0;319.9487519264221;9.268446683883667;122631.49521681415;115670.03361741941;3339.970486931029;3621.4600000000014;[107.78, 167.78, 84.6, 136.78, 147.78, 114.78, 167.78, 151.78, 91.41, 145.78, 72.99, 124.78, 75.85, 119.78, 154.78, 127.78, 135.78, 117.78, 109.78, 93.27, 167.78, 68.1, 98.15, 116.78, 115.78, 109.78, 149.78, 92.56, 149.78, 104.15];99.68;[1, 3, 1, 1, 4, 1, 2, 3, 1, 1, 1, 2, 1, 3, 4, 3, 3, 2, 2, 3, 3, 2, 1, 2, 4, 4, 2];3
30;60;30;5;True;2000;1;0;0;0;0;0;0;272.5486249923706;7.814017295837402;117434.45643564264;110649.68221399319;3624.451826871118;3160.370000000001;[98.66, 97.66, 139.88, 98.66, 71.0, 139.88, 94.66, 84.96, 126.31, 79.0, 139.88, 3.0, 78.0, 125.31, 99.66, 132.31, 90.66, 68.0, 139.88, 128.31, 139.88, 139.88, 139.88, 80.0, 55.02, 139.31, 67.0, 83.96, 139.88, 139.88];136.88;[1, 3, 3, 2, 1, 2, 2, 3, 4, 5, 4, 3, 1, 1, 2, 2, 2, 2, 1, 1, 4, 1, 1, 5, 4];4
30;60;30;6;True;2000;1;0;0;0;0;0;0;304.8952589035034;10.392457008361816;126424.05850947188;119912.48221465861;3228.8691985374794;3282.720000000001;[125.32, 90.32, 111.32, 129.32, 145.32, 146.32, 121.32, 146.32, 146.32, 79.32, 81.32, 95.32, 146.32, 97.32, 145.32, 67.32, 146.32, 74.32, 100.32, 111.32, 97.32, 106.32, 103.32, 67.32, 146.32, 118.32, 105.32, 89.32, 63.44, 79.32];82.88;[1, 3, 2, 3, 4, 5, 5, 1, 2, 2, 4, 2, 1, 1, 2, 1, 2, 2, 3, 1, 3, 1, 3, 1, 4, 1];4
30;70;30;1;True;2000;1;0;0;0;0;0;0;292.4232506752014;9.418031215667725;142778.87273335797;135108.77106998384;4169.245494797838;3500.900000000001;[139.92, 101.59, 83.47, 139.92, 139.92, 92.65, 91.65, 139.92, 101.59, 77.9, 68.15, 139.92, 133.92, 102.59, 119.4, 139.92, 71.59, 139.92, 136.92, 139.92, 139.92, 64.32, 139.92, 124.4, 139.92, 120.4, 86.33, 139.92, 116.59, 128.4];75.6;[4, 1, 3, 2, 3, 1, 2, 4, 1, 3, 5, 1, 3, 2, 2, 5, 2, 3, 5, 2, 4, 1, 4, 2, 1, 1, 3];4
30;70;30;2;True;2000;1;0;0;0;0;0;0;363.40524911880493;10.540798902511597;140967.06753237388;133302.05149046035;4243.594023719001;3421.340000000001;[130.32, 134.32, 176.32, 150.32, 122.32, 157.32, 92.32, 76.32, 84.32, 173.32, 84.32, 109.32, 90.32, 118.32, 104.32, 109.32, 73.19, 96.32, 175.32, 80.32, 154.32, 125.32, 95.32, 138.32, 115.32, 111.32, 88.32, 90.32, 91.32, 73.19];103.13;[3, 2, 3, 6, 2, 3, 2, 2, 1, 3, 3, 3, 2, 2, 1, 2, 2, 5, 2, 2, 2, 3, 2, 3, 3, 1, 3, 2];5
30;70;30;3;True;2000;1;0;0;0;0;0;0;383.84509563446045;10.036604881286621;138965.2803471348;131461.35009680685;4010.4505335425797;3493.4900000000007;[149.87, 157.87, 121.42, 130.42, 92.42, 95.42, 59.34, 115.42, 137.87, 141.87, 55.24, 112.42, 186.87, 136.87, 93.42, 151.87, 78.42, 100.42, 74.11, 118.42, 89.42, 184.87, 131.42, 79.42, 114.42, 98.42, 186.87, 71.38, 93.42, 133.87];131.63;[4, 2, 2, 4, 3, 2, 3, 1, 2, 3, 3, 3, 3, 4, 4, 2, 2, 1, 1, 1, 2, 1, 1, 3, 6, 2, 1, 4];5
30;70;30;4;True;2000;1;0;0;0;0;0;0;371.2374806404114;12.160635471343994;145768.1949606078;137689.5891889407;4289.598329660286;3788.9399999999987;[100.43, 118.43, 92.47, 160.43, 131.43, 111.43, 154.43, 124.43, 97.43, 167.43, 78.29, 159.43, 90.18, 117.43, 167.43, 167.43, 140.43, 167.43, 110.43, 104.43, 151.43, 72.27, 165.43, 111.43, 140.43, 99.43, 165.43, 94.98, 117.43, 109.43];95.16000000000001;[2, 2, 1, 2, 4, 1, 1, 2, 2, 1, 2, 2, 2, 3, 4, 4, 3, 3, 4, 2, 1, 1, 4, 3, 1, 3, 2, 5, 3];4
30;70;30;5;True;2000;1;0;0;0;0;0;0;321.979341506958;9.82511591911316;139985.47595648284;132264.1417795132;4256.093197249794;3465.360000000001;[120.69, 122.69, 102.69, 135.69, 71.46, 152.69, 87.26, 107.69, 116.69, 102.69, 152.69, 3.0, 80.07, 129.69, 102.69, 152.69, 98.69, 82.93, 152.69, 145.69, 147.69, 152.69, 152.69, 88.69, 64.55, 152.69, 74.22, 105.69, 152.69, 152.69];149.69;[2, 3, 2, 3, 1, 2, 2, 1, 3, 5, 3, 2, 3, 4, 2, 2, 4, 1, 2, 3, 3, 2, 1, 4, 1, 1, 4, 4];4
30;70;30;6;True;2000;1;0;0;0;0;0;0;340.5045223236084;10.14230728149414;146219.67203063826;138980.86553428313;4030.7838114217075;3207.920000000001;[99.8, 88.8, 122.8, 111.8, 122.8, 151.8, 151.8, 135.8, 151.8, 76.8, 77.8, 88.8, 148.8, 84.8, 128.8, 65.82, 151.8, 70.82, 124.8, 99.8, 90.8, 97.8, 98.8, 65.82, 151.8, 136.8, 101.8, 79.8, 57.64, 70.82];94.16000000000001;[2, 1, 3, 4, 5, 5, 2, 3, 3, 2, 1, 3, 3, 2, 1, 2, 6, 1, 4, 2, 2, 1, 2, 2, 3, 3, 1, 1];5
30;80;30;1;True;2000;1;0;0;0;0;0;0;371.2908535003662;13.381291627883911;165759.8265607756;157429.3076170991;4611.665230444063;3718.9500000000016;[156.38, 90.96, 95.48, 156.38, 138.38, 98.89, 111.03, 129.38, 139.38, 86.59, 77.59, 132.38, 148.38, 120.38, 156.38, 153.38, 80.05, 99.89, 156.38, 156.38, 155.38, 74.54, 156.38, 124.38, 149.38, 136.38, 101.03, 109.03, 115.38, 113.03];81.83999999999999;[5, 1, 3, 5, 3, 3, 2, 5, 2, 2, 4, 1, 3, 3, 2, 3, 4, 4, 6, 2, 5, 2, 2, 2, 1, 2, 2, 1];5
30;80;30;2;True;2000;1;0;0;0;0;0;0;457.2454309463501;15.149797439575195;164447.10429590603;155377.91389023946;4958.474052640497;4110.689999999998;[164.97, 135.97, 202.97, 149.97, 150.97, 171.97, 126.97, 87.9, 107.97, 179.97, 104.97, 189.97, 117.97, 154.97, 126.97, 150.97, 92.8, 113.97, 175.97, 94.8, 184.97, 150.97, 112.97, 133.97, 159.97, 118.97, 103.97, 129.97, 109.97, 101.97];115.07;[3, 5, 3, 7, 2, 2, 2, 2, 1, 2, 3, 6, 4, 1, 3, 3, 2, 3, 4, 1, 3, 1, 2, 3, 4, 2, 1, 3, 2];6
30;80;30;3;True;2000;1;0;0;0;0;0;0;444.47997283935547;13.206351518630981;161655.98120927508;152986.45205939986;4853.661517191079;3815.880000000001;[109.4, 145.4, 139.4, 193.4, 149.4, 92.34, 70.2, 126.4, 154.4, 188.4, 66.62, 108.4, 183.4, 140.4, 90.34, 150.4, 87.62, 103.34, 83.31, 188.4, 101.34, 135.4, 116.4, 104.34, 154.4, 111.4, 193.4, 84.49, 104.34, 139.4];126.78;[2, 4, 4, 4, 3, 2, 3, 2, 4, 2, 4, 6, 3, 3, 2, 1, 4, 2, 2, 3, 1, 2, 2, 3, 6, 1, 1, 4];5
30;80;30;4;True;2000;1;0;0;0;0;0;0;350.3539915084839;14.610836744308472;167413.2586406331;158553.59842214832;5066.674708505112;3792.9499999999994;[111.88, 142.29, 104.93, 128.29, 142.29, 142.29, 142.29, 132.29, 103.93, 142.29, 82.05, 119.29, 90.61, 142.29, 142.29, 142.29, 142.29, 142.29, 118.29, 142.29, 142.29, 79.96, 142.29, 131.29, 111.74, 116.29, 142.29, 113.88, 142.29, 113.88];62.33;[2, 2, 2, 4, 5, 2, 3, 2, 1, 2, 1, 2, 3, 5, 4, 5, 2, 5, 3, 2, 1, 4, 3, 5, 1, 2, 2, 3, 2];4
30;80;30;5;True;2000;1;0;0;0;0;0;0;367.9361352920532;13.769175291061401;163161.4141108894;154517.83681779855;4757.680095563538;3885.89;[129.57, 159.87, 159.87, 124.57, 93.85, 159.87, 141.24, 95.83, 127.57, 104.78, 159.87, 3.0, 104.77, 159.87, 135.57, 159.87, 105.78, 106.78, 139.57, 159.87, 157.24, 157.24, 159.87, 125.57, 77.11, 159.87, 86.5, 110.78, 159.87, 159.87];156.87;[1, 3, 2, 2, 3, 1, 2, 1, 1, 1, 5, 4, 4, 6, 3, 1, 3, 3, 2, 3, 2, 4, 3, 2, 4, 2, 1, 6, 5];5
30;80;30;6;True;2000;1;0;0;0;0;0;0;420.67730617523193;14.014038324356079;170210.38776057732;161615.89061306076;4612.899039864267;3981.5499999999997;[139.81, 115.81, 166.81, 154.81, 112.81, 160.81, 165.81, 151.81, 174.81, 97.81, 107.81, 102.81, 187.81, 122.81, 158.81, 76.2, 179.81, 95.01, 142.81, 128.81, 111.81, 140.81, 127.81, 90.07, 178.81, 141.81, 152.81, 104.81, 92.01, 97.01];111.61;[3, 3, 2, 5, 2, 6, 4, 3, 4, 2, 1, 4, 5, 3, 2, 1, 5, 2, 2, 1, 1, 5, 1, 4, 4, 2, 2, 1];5
30;90;30;1;True;2000;1;0;0;0;0;0;0;439.987587928772;14.513918161392212;187570.25908587885;178350.9320796174;5127.37554732071;4091.869999999999;[177.56, 95.72, 105.56, 177.56, 172.56, 119.56, 136.56, 127.56, 131.56, 104.56, 92.49, 163.56, 172.56, 155.56, 148.56, 173.56, 85.99, 172.56, 169.56, 138.56, 172.56, 81.07, 142.56, 138.56, 144.56, 137.56, 109.56, 131.56, 100.6, 111.56];96.49000000000001;[5, 2, 3, 5, 4, 3, 2, 6, 3, 4, 5, 2, 2, 4, 2, 6, 4, 3, 6, 2, 2, 1, 3, 3, 2, 3, 2, 1];5
30;90;30;2;True;2000;1;0;0;0;0;0;0;419.94904136657715;19.02044653892517;188410.9071469167;178556.87105791853;5694.5119780879595;4159.420000000002;[158.32, 158.32, 158.32, 158.32, 157.32, 156.32, 142.32, 104.22, 125.32, 158.32, 136.32, 158.32, 114.32, 139.32, 143.32, 158.32, 91.02, 124.32, 158.32, 110.11, 158.32, 152.32, 120.32, 153.32, 158.32, 134.32, 119.32, 124.32, 114.32, 113.75];67.3;[4, 2, 3, 5, 4, 2, 2, 1, 3, 1, 3, 5, 2, 4, 4, 3, 1, 2, 4, 3, 4, 4, 4, 4, 6, 3, 1, 2, 4];5
30;90;30;3;True;2000;1;0;0;0;0;0;0;391.9570941925049;15.89533543586731;183294.01886532275;174020.14407015254;5429.881737058178;3844.069999999999;[142.62, 154.22, 136.62, 153.33, 120.62, 106.75, 81.86, 134.62, 154.22, 154.22, 72.89, 120.62, 154.22, 151.33, 104.75, 136.62, 98.85, 114.62, 95.36, 154.22, 110.62, 154.22, 154.22, 124.62, 129.62, 120.62, 154.22, 91.4, 107.75, 154.22];81.33;[5, 3, 2, 2, 4, 1, 3, 2, 3, 5, 2, 4, 2, 4, 3, 4, 1, 2, 5, 1, 2, 5, 4, 2, 2, 2, 5, 3, 2, 5];4
30;90;30;4;True;2000;1;0;0;0;0;0;0;412.32929372787476;18.254074811935425;190108.27320738696;180437.4422697303;5554.269972316378;4116.53;[119.38, 154.48, 117.38, 154.48, 141.48, 139.48, 154.48, 131.48, 121.38, 154.48, 93.02, 154.48, 107.31, 154.48, 154.48, 154.48, 154.48, 154.48, 133.48, 119.38, 154.48, 99.74, 154.48, 151.48, 110.48, 133.48, 142.48, 126.48, 150.48, 124.38];61.459999999999994;[2, 3, 2, 3, 4, 1, 4, 3, 1, 4, 2, 3, 2, 5, 4, 5, 4, 3, 3, 2, 1, 1, 5, 5, 4, 1, 3, 1, 4, 5];4
30;90;30;5;True;2000;1;0;0;0;0;0;0;361.69945764541626;15.680633068084717;185997.4084403976;176941.4397190623;5287.507739511162;3768.449999999999;[142.56, 142.56, 142.56, 132.56, 106.02, 142.56, 141.56, 131.56, 137.56, 110.99, 142.56, 3.0, 106.02, 142.56, 114.56, 142.56, 118.56, 102.16, 142.56, 142.56, 142.56, 142.56, 142.56, 115.56, 86.61, 142.56, 96.77, 126.56, 142.56, 142.56];139.56;[2, 4, 6, 2, 3, 2, 2, 1, 1, 2, 4, 4, 5, 2, 4, 3, 3, 4, 3, 5, 2, 3, 2, 2, 3, 3, 1, 6, 6];5
30;90;30;6;True;2000;1;0;0;0;0;0;0;432.48423767089844;17.05607557296753;193264.97468288802;184154.1186059134;5119.050081279861;3991.9000000000015;[154.34, 112.34, 136.34, 166.34, 131.34, 137.34, 172.34, 172.34, 172.34, 96.34, 105.34, 111.34, 171.34, 109.34, 164.34, 92.34, 172.34, 145.34, 152.34, 119.34, 118.34, 154.34, 125.34, 91.34, 172.34, 125.34, 128.34, 100.34, 86.04, 95.34];86.3;[3, 3, 4, 4, 4, 6, 5, 3, 5, 3, 4, 4, 3, 2, 1, 2, 4, 2, 2, 3, 3, 2, 3, 1, 5, 4, 3, 1, 1];5
30;100;30;1;True;2000;1;0;0;0;0;0;0;414.77042961120605;18.807984828948975;211533.15720489153;201593.22677076986;5695.775181169751;4244.209999999999;[154.33, 107.23, 116.49, 154.33, 154.33, 124.02, 138.33, 154.33, 154.33, 120.23, 104.28, 154.33, 154.33, 148.33, 154.33, 154.33, 126.33, 143.33, 154.33, 144.33, 154.33, 98.04, 154.33, 154.33, 148.33, 154.33, 131.33, 154.33, 129.33, 149.33];56.290000000000006;[6, 2, 1, 5, 6, 5, 2, 6, 2, 2, 3, 5, 2, 3, 5, 3, 3, 4, 4, 6, 2, 2, 2, 2, 4, 2, 6, 3, 2];5
30;100;30;2;True;2000;1;0;0;0;0;0;0;543.8030843734741;21.71385908126831;212315.20573636412;201273.62097470558;6564.702495914038;4476.780000000001;[205.11, 159.11, 205.11, 134.11, 161.11, 181.11, 154.11, 107.16, 120.74, 197.11, 131.11, 175.11, 120.74, 152.11, 130.11, 141.11, 99.74, 144.11, 205.11, 114.39, 193.11, 156.11, 133.11, 156.11, 153.11, 152.11, 120.74, 128.11, 123.11, 122.74];105.37000000000002;[5, 3, 5, 3, 4, 4, 4, 2, 2, 2, 2, 4, 2, 2, 5, 2, 2, 2, 5, 4, 6, 3, 3, 4, 5, 5, 2, 3, 5];4
30;100;30;3;True;2000;1;0;0;0;0;0;0;560.4134569168091;19.00769591331482;210020.16702164206;199463.31301669672;5932.541950636456;4624.24;[189.96, 173.96, 163.96, 176.96, 168.96, 101.99, 97.2, 186.96, 168.96, 163.96, 85.49, 141.96, 222.96, 149.96, 132.04, 123.04, 145.96, 119.04, 117.04, 204.96, 123.04, 189.96, 199.96, 134.04, 181.96, 161.96, 213.96, 111.04, 133.04, 139.96];137.47000000000003;[4, 4, 3, 5, 5, 1, 3, 2, 3, 3, 1, 3, 4, 4, 6, 3, 2, 2, 6, 2, 3, 3, 5, 1, 3, 4, 5, 3, 2, 5];5
30;100;30;4;True;2000;1;0;0;0;0;0;0;507.3111238479614;21.68371558189392;213425.41759628634;202670.4183322642;6220.4716238371675;4534.660000000002;[121.28, 185.28, 114.61, 168.28, 165.28, 169.28, 185.28, 140.28, 131.28, 185.28, 116.45, 180.28, 121.22, 135.28, 185.28, 177.28, 185.28, 185.28, 143.28, 131.28, 185.28, 115.1, 149.28, 138.28, 128.28, 137.28, 137.28, 135.28, 149.28, 132.28];70.67;[5, 4, 3, 4, 5, 5, 3, 1, 1, 5, 3, 3, 2, 4, 6, 5, 5, 3, 4, 2, 4, 1, 5, 4, 2, 2, 2, 1, 2, 4];5
30;100;30;5;True;2000;1;0;0;0;0;0;0;479.37426567077637;22.364426136016846;211459.11598010847;201063.25926120323;5941.052784932991;4454.889999999999;[145.5, 162.44, 161.44, 138.93, 115.85, 179.44, 167.44, 119.61, 144.5, 172.44, 179.44, 3.0, 124.45, 179.44, 138.93, 179.44, 131.34, 121.99, 179.44, 160.44, 179.44, 179.44, 179.44, 122.99, 105.96, 179.44, 114.46, 129.34, 179.44, 179.44];176.44;[3, 3, 3, 2, 3, 1, 3, 2, 1, 3, 6, 5, 5, 5, 6, 5, 3, 3, 2, 5, 3, 4, 1, 3, 4, 2, 1, 6, 7];6
30;100;30;6;True;2000;1;0;0;0;0;0;0;429.66173458099365;18.97178363800049;215108.66683566853;205358.41343579933;5704.501579184334;4045.640000000001;[149.57, 120.57, 143.57, 149.57, 149.57, 149.57, 143.57, 149.57, 149.57, 103.14, 115.57, 129.57, 149.57, 139.57, 149.57, 103.14, 149.57, 146.57, 116.57, 149.57, 118.57, 149.57, 145.57, 102.14, 149.57, 149.57, 149.57, 117.57, 99.83, 106.14];49.739999999999995;[4, 4, 4, 3, 8, 7, 2, 4, 5, 2, 3, 4, 4, 3, 2, 2, 5, 4, 3, 1, 2, 4, 2, 4, 5, 5, 1, 2, 1];7
40;40;40;1;True;2000;1;0;0;0;0;0;0;174.76516342163086;6.781514883041382;77415.50751039542;72861.51536454589;2330.174976015857;2223.8399999999992;[77.59, 34.39, 31.39, 77.59, 77.59, 39.39, 46.59, 77.59, 57.59, 29.39, 31.39, 64.59, 77.59, 53.59, 70.59, 77.59, 32.39, 48.59, 77.59, 42.39, 57.59, 7.25, 77.59, 52.59, 67.59, 44.59, 31.39, 71.59, 50.59, 77.59, 63.59, 16.5, 74.59, 77.59, 62.59, 69.59, 77.59, 18.35, 23.1, 76.59];70.34;[2, 1, 1, 4, 1, 1, 2, 1, 1, 3, 1, 4, 2, 1, 1, 1, 2, 2, 1, 2, 1, 2, 2, 1];3
40;40;40;2;True;2000;1;0;0;0;0;0;0;258.94536781311035;7.8267951011657715;78911.94305601533;73922.76333245673;2566.1928200459406;2422.8700000000003;[55.28, 63.52, 83.52, 48.28, 35.28, 112.52, 48.28, 26.38, 22.21, 104.52, 33.45, 78.52, 32.61, 51.28, 51.28, 35.28, 18.01, 35.28, 73.52, 25.55, 102.52, 58.28, 50.28, 79.52, 78.52, 45.28, 50.28, 40.28, 29.42, 23.21, 106.52, 28.42, 69.52, 45.28, 118.52, 128.52, 128.52, 128.52, 16.61, 60.28];111.91000000000001;[1, 1, 3, 1, 1, 1, 1, 2, 1, 1, 2, 1, 1, 2, 5, 1, 3, 1, 4, 3, 3, 1];4
40;40;40;3;True;2000;1;0;0;0;0;0;0;216.8073239326477;6.401426076889038;75812.06850238887;70873.52073449685;2335.907659318021;2602.6099999999997;[53.77, 73.81, 61.24, 99.2, 96.2, 29.1, 30.33, 51.83, 90.2, 51.83, 19.25, 46.03, 119.2, 79.81, 37.43, 60.24, 31.4, 54.77, 30.63, 123.2, 37.43, 82.81, 123.2, 31.83, 42.6, 26.79, 100.2, 15.44, 47.39, 99.2, 43.6, 92.2, 88.2, 72.81, 81.81, 58.96, 86.81, 81.81, 63.24, 86.81];107.76;[1, 2, 1, 2, 1, 1, 2, 1, 1, 1, 1, 3, 1, 1, 3, 1, 3, 2, 2, 3, 1, 1, 2, 1, 1, 1];2
40;40;40;4;True;2000;1;0;0;0;0;0;0;272.0257511138916;7.788939952850342;78095.55346792596;73046.50125114415;2301.6220943761127;2747.500000000001;[26.78, 84.82, 29.01, 61.11, 69.82, 130.82, 54.82, 48.0, 26.78, 98.82, 17.28, 118.82, 22.58, 63.11, 92.82, 151.82, 99.82, 72.82, 71.82, 59.11, 119.82, 13.04, 38.77, 45.94, 33.38, 44.01, 68.82, 30.74, 53.82, 47.71, 153.82, 79.82, 93.82, 104.82, 84.82, 70.82, 49.0, 56.82, 61.11, 95.82];140.78;[2, 1, 3, 1, 2, 1, 1, 2, 4, 3, 1, 1, 3, 1, 1, 2, 1, 2, 1, 1, 2, 2, 2];3
40;40;40;5;True;2000;1;0;0;0;0;0;0;175.90013027191162;6.773406982421875;75438.74980092261;70819.01489451728;2406.1879548000757;2213.670000000001;[50.41, 78.41, 42.41, 79.41, 31.93, 79.41, 79.41, 33.05, 75.41, 40.41, 46.41, 3.0, 43.41, 45.41, 39.41, 79.41, 30.83, 20.11, 70.41, 67.41, 79.41, 79.41, 59.41, 33.7, 4.83, 79.41, 26.21, 35.7, 79.41, 79.41, 61.41, 79.41, 79.41, 52.41, 56.41, 79.41, 14.96, 79.41, 79.41, 38.46];76.41;[2, 2, 1, 1, 1, 1, 2, 1, 1, 2, 1, 1, 2, 1, 1, 1, 1, 3, 2, 1, 2, 1, 1, 3, 3, 2];2
40;40;40;6;True;2000;1;0;0;0;0;0;0;229.23970317840576;7.467156171798706;79708.86128560004;74698.60494568257;2250.0329396377874;2760.1699999999996;[71.98, 48.66, 128.82, 117.82, 65.98, 104.82, 72.98, 105.82, 108.82, 22.93, 28.6, 41.61, 55.98, 52.98, 38.29, 11.43, 86.82, 48.66, 53.98, 84.82, 50.85, 128.82, 100.82, 30.37, 98.82, 74.98, 78.98, 34.3, 33.5, 30.54, 38.7, 87.82, 97.82, 74.98, 63.98, 78.98, 128.82, 45.36, 45.95, 83.98];117.38999999999999;[1, 3, 3, 1, 4, 1, 2, 1, 3, 1, 1, 1, 1, 2, 1, 1, 1, 1, 1, 2, 1, 1, 3, 3];3
40;50;40;1;True;2000;1;0;0;0;0;0;0;290.4402208328247;11.091816663742065;99711.04981778469;93920.3546902895;2812.075762647448;2978.5700000000006;[110.71, 52.69, 39.37, 96.71, 107.71, 42.37, 52.08, 135.71, 61.69, 42.37, 45.37, 55.69, 101.71, 54.69, 77.69, 120.71, 55.69, 57.69, 110.71, 68.69, 68.69, 25.48, 96.71, 135.71, 84.69, 55.69, 47.37, 62.69, 42.37, 135.71, 81.69, 29.59, 84.69, 111.71, 71.69, 105.71, 90.71, 31.99, 38.94, 86.69];110.23;[3, 2, 1, 2, 1, 1, 3, 1, 1, 2, 1, 1, 4, 2, 1, 2, 1, 1, 2, 2, 1, 1, 3, 1, 3, 1, 4, 2];3
40;50;40;2;True;2000;1;0;0;0;0;0;0;278.2438597679138;9.818517684936523;99247.0934767703;93187.77861561517;3130.320633365994;2928.9900000000016;[83.88, 77.88, 86.88, 88.88, 63.88, 96.88, 58.4, 40.28, 46.4, 93.88, 51.4, 128.88, 49.4, 62.88, 54.4, 48.4, 29.27, 60.88, 77.88, 39.28, 110.88, 63.88, 70.88, 87.88, 102.88, 75.88, 52.4, 62.88, 44.4, 41.4, 109.88, 51.4, 68.88, 53.4, 126.88, 112.88, 135.88, 127.88, 30.24, 58.4];106.61;[1, 2, 2, 1, 1, 1, 1, 3, 2, 1, 1, 1, 2, 1, 3, 1, 3, 2, 2, 4, 2, 4, 2, 5, 1, 1];4
40;50;40;3;True;2000;1;0;0;0;0;0;0;239.44851875305176;9.518903970718384;95959.42354482839;90140.75513169431;2883.449345907289;2935.2300000000005;[86.26, 74.15, 69.15, 94.98, 92.98, 41.21, 34.14, 62.24, 118.98, 80.23, 37.03, 49.86, 118.98, 66.02, 49.86, 79.15, 37.03, 68.15, 40.22, 118.98, 47.01, 64.02, 118.98, 61.24, 79.23, 31.44, 93.98, 25.89, 61.24, 94.98, 47.01, 92.98, 90.98, 80.23, 90.98, 59.24, 87.26, 105.98, 94.98, 87.98];93.09;[1, 1, 3, 1, 1, 1, 1, 2, 3, 1, 1, 1, 1, 1, 4, 3, 2, 1, 4, 2, 2, 4, 1, 2, 4, 1, 1];3
40;50;40;4;True;2000;1;0;0;0;0;0;0;289.1488995552063;11.022780418395996;99764.0417066261;93503.19383086993;2752.734383943112;3508.1200000000003;[53.16, 92.75, 50.96, 103.75, 123.75, 157.75, 118.75, 66.09, 58.4, 124.75, 28.64, 107.75, 35.81, 75.75, 157.75, 87.75, 76.75, 84.75, 80.75, 66.09, 157.75, 23.84, 60.44, 83.75, 64.94, 61.09, 86.75, 59.57, 66.09, 57.46, 157.75, 99.75, 102.75, 93.75, 80.75, 119.75, 73.75, 72.79, 94.75, 138.75];133.91;[1, 2, 1, 1, 4, 1, 3, 1, 1, 1, 4, 2, 2, 2, 2, 1, 2, 1, 2, 1, 2, 1, 1, 2, 2, 2, 1, 1, 1, 2];3
40;50;40;5;True;2000;1;0;0;0;0;0;0;228.54875707626343;8.105454206466675;95531.38492927888;89090.69254304604;3026.031757950308;3414.6799999999994;[72.81, 70.08, 84.02, 107.02, 43.81, 127.02, 127.02, 49.68, 97.02, 57.48, 73.81, 25.37, 56.54, 65.08, 58.48, 127.02, 47.74, 41.87, 126.02, 89.02, 127.02, 113.02, 72.81, 54.54, 30.82, 118.02, 45.74, 52.61, 127.02, 127.02, 114.02, 103.02, 127.02, 91.02, 95.02, 127.02, 35.77, 127.02, 78.22, 101.02];101.64999999999999;[1, 1, 4, 2, 2, 1, 2, 1, 1, 1, 1, 3, 1, 1, 3, 2, 1, 1, 1, 1, 1, 2, 3, 2, 1, 1, 1, 4, 2, 1, 1];3
40;50;40;6;True;2000;1;0;0;0;0;0;0;247.78577423095703;9.979418992996216;101407.94731583423;95395.7777504744;2734.8825460250487;3277.249999999999;[113.43, 66.43, 120.43, 98.43, 94.43, 126.43, 95.43, 126.43, 95.43, 41.89, 27.98, 51.87, 92.43, 79.43, 59.22, 30.94, 122.43, 63.04, 71.43, 68.43, 109.43, 74.43, 75.43, 45.95, 98.43, 82.43, 93.43, 54.05, 48.75, 54.05, 68.43, 99.43, 78.43, 126.43, 80.43, 89.43, 126.43, 64.04, 76.43, 85.43];98.45;[2, 2, 2, 3, 5, 1, 4, 1, 2, 1, 1, 3, 3, 2, 1, 1, 2, 1, 1, 2, 1, 3, 1, 4, 1];4
40;60;40;1;True;2000;1;0;0;0;0;0;0;256.6279487609863;12.502539873123169;119834.93726646312;113053.2879147292;3502.9331321253208;3278.6300000000015;[112.51, 61.48, 58.48, 112.51, 94.51, 61.77, 67.55, 104.51, 72.83, 52.03, 59.68, 59.48, 108.51, 74.83, 90.51, 112.51, 58.48, 71.83, 108.51, 81.11, 93.51, 35.53, 85.51, 66.55, 87.51, 88.51, 53.67, 112.51, 87.51, 101.51, 99.51, 46.15, 79.81, 112.51, 72.83, 98.51, 112.51, 50.67, 57.67, 112.51];76.98;[4, 1, 1, 2, 2, 2, 2, 1, 1, 1, 3, 1, 5, 1, 2, 2, 1, 2, 1, 1, 3, 1, 2, 1, 1, 5, 1, 4, 4, 1, 1];4
40;60;40;2;True;2000;1;0;0;0;0;0;0;325.08999490737915;16.36199975013733;120013.61099247179;112966.66321554716;3745.9474104503665;3301.0199999999995;[77.93, 88.93, 113.93, 85.93, 88.93, 119.93, 63.71, 49.1, 70.71, 97.93, 56.71, 133.93, 61.71, 78.93, 72.71, 63.71, 40.93, 63.71, 132.93, 48.1, 112.93, 72.71, 67.71, 118.93, 105.93, 82.93, 59.71, 64.71, 54.71, 55.71, 118.93, 56.71, 84.93, 69.71, 78.93, 136.93, 99.93, 136.93, 35.93, 75.71];101.0;[1, 1, 1, 5, 3, 1, 1, 1, 3, 2, 1, 1, 4, 1, 2, 1, 3, 4, 2, 1, 5, 3, 1, 2, 6, 2, 1, 1];5
40;60;40;3;True;2000;1;0;0;0;0;0;0;298.89712381362915;13.131162405014038;116679.32897472955;109705.40678371958;3444.9019682976013;3528.97;[73.77, 99.65, 84.65, 100.65, 93.65, 51.93, 42.78, 98.65, 143.08, 126.08, 34.63, 68.98, 148.08, 66.09, 75.26, 89.65, 41.89, 73.77, 51.93, 118.08, 49.29, 127.08, 146.08, 54.0, 67.98, 38.37, 126.08, 31.03, 69.86, 133.08, 56.23, 106.08, 109.08, 101.65, 84.65, 71.86, 136.08, 128.08, 107.08, 102.08];117.05000000000001;[1, 1, 2, 1, 1, 1, 1, 1, 3, 4, 2, 2, 2, 1, 1, 1, 4, 1, 4, 2, 2, 1, 1, 1, 4, 1, 1, 2, 2, 5, 3, 1];4
40;60;40;4;True;2000;1;0;0;0;0;0;0;319.6867332458496;14.707022905349731;121776.96414008363;114638.20650820152;3418.4907267712583;3720.359999999998;[60.18, 109.97, 52.42, 120.97, 132.51, 149.51, 125.03, 80.97, 62.18, 84.97, 41.73, 138.51, 46.0, 81.97, 119.97, 102.97, 105.97, 90.97, 106.97, 69.92, 112.97, 36.47, 67.06, 74.94, 75.94, 71.77, 110.97, 64.08, 82.97, 64.97, 113.97, 99.97, 106.97, 154.74, 90.97, 109.97, 74.29, 76.94, 91.97, 154.74];118.27000000000001;[1, 2, 1, 2, 4, 1, 1, 1, 1, 3, 1, 3, 2, 4, 1, 3, 2, 1, 1, 1, 1, 4, 2, 2, 1, 2, 2, 2, 2, 2, 1, 3];3
40;60;40;5;True;2000;1;0;0;0;0;0;0;224.00689029693604;10.390967607498169;115320.2373914368;108419.71743579293;3639.895758958758;3260.769999999999;[78.68, 77.68, 71.68, 96.68, 52.93, 103.68, 103.68, 57.61, 103.68, 68.68, 78.68, 44.94, 67.68, 71.68, 67.68, 103.68, 60.29, 51.93, 103.68, 94.68, 103.68, 103.68, 80.68, 65.68, 32.11, 103.68, 54.77, 61.29, 103.68, 103.68, 93.68, 103.68, 103.68, 85.68, 72.68, 103.68, 50.82, 103.68, 85.68, 84.68];71.57000000000001;[3, 3, 2, 2, 1, 1, 2, 3, 1, 2, 4, 1, 1, 4, 1, 2, 1, 1, 3, 1, 2, 3, 3, 1, 2, 1, 1, 4, 3, 1];3
40;60;40;6;True;2000;1;0;0;0;0;0;0;310.71542596817017;15.102983236312866;124537.65569368;117571.6432798931;3238.9132890040723;3727.0300000000016;[84.07, 76.48, 139.07, 125.07, 104.07, 123.07, 124.07, 123.07, 118.07, 49.76, 36.91, 66.09, 108.07, 85.07, 71.17, 32.49, 126.07, 67.29, 86.07, 71.87, 77.48, 80.48, 96.07, 53.42, 141.07, 141.07, 141.07, 67.29, 58.44, 59.23, 68.29, 105.07, 91.07, 137.07, 87.07, 112.07, 141.07, 61.56, 71.17, 119.07];108.57999999999998;[2, 5, 3, 2, 6, 1, 1, 1, 2, 1, 3, 6, 2, 1, 2, 1, 4, 1, 1, 3, 3, 1, 2, 3, 1, 2];5
40;70;40;1;True;2000;1;0;0;0;0;0;0;328.13844633102417;18.442910194396973;143161.63173699466;135255.49576708427;4117.52032922882;3788.5699999999993;[132.11, 88.14, 67.01, 132.11, 132.11, 72.03, 78.95, 132.11, 82.45, 69.01, 61.71, 78.95, 120.07, 91.14, 119.07, 97.14, 64.15, 104.14, 111.14, 106.14, 86.14, 48.15, 113.63, 125.45, 102.14, 93.14, 66.58, 88.14, 78.95, 132.11, 109.14, 51.18, 96.14, 102.14, 73.45, 99.14, 122.45, 59.28, 69.43, 132.11];83.96000000000001;[6, 2, 2, 4, 2, 2, 4, 1, 1, 4, 2, 4, 1, 2, 1, 2, 2, 1, 1, 2, 1, 1, 1, 6, 1, 1, 2, 1, 5, 2, 1, 2];5
40;70;40;2;True;2000;1;0;0;0;0;0;0;352.37527990341187;17.680135488510132;140672.84158692803;133057.72096118666;4144.765974752296;3470.4699999999975;[71.43, 120.49, 140.49, 131.49, 84.49, 130.49, 71.43, 53.43, 72.43, 112.49, 65.43, 97.49, 58.43, 96.49, 77.49, 69.43, 50.34, 70.43, 80.49, 57.43, 128.49, 78.49, 72.43, 138.49, 87.49, 98.49, 66.43, 70.43, 60.43, 59.43, 85.49, 68.43, 102.49, 88.49, 79.49, 140.49, 121.49, 87.49, 46.47, 77.43];94.02000000000001;[1, 3, 2, 3, 3, 3, 1, 1, 1, 2, 2, 1, 1, 1, 2, 1, 1, 3, 1, 4, 2, 4, 1, 1, 1, 3, 5, 2, 2, 6, 3, 2, 1];5
40;70;40;3;True;2000;1;0;0;0;0;0;0;323.39576864242554;15.336351871490479;137096.1995384285;129698.958851525;4007.1849643193245;3390.1400000000017;[78.22, 85.05, 94.05, 97.05, 95.05, 58.55, 53.04, 81.81, 118.05, 107.05, 45.46, 70.01, 142.05, 74.22, 74.22, 79.22, 59.78, 76.22, 54.51, 142.05, 59.78, 91.05, 103.05, 55.29, 71.01, 48.34, 120.05, 54.51, 76.22, 100.05, 66.14, 97.05, 107.05, 101.05, 85.05, 89.05, 98.05, 82.59, 107.05, 92.05];96.59;[1, 3, 1, 2, 1, 1, 1, 3, 4, 5, 3, 1, 2, 1, 1, 7, 4, 2, 2, 3, 1, 1, 4, 4, 1, 2, 3, 1, 4, 1];6
40;70;40;4;True;2000;1;0;0;0;0;0;0;329.2380509376526;16.723414182662964;144273.47125553648;136024.539354314;4374.687082010198;3874.1599999999985;[87.56, 99.56, 57.71, 102.56, 131.56, 135.56, 135.56, 89.56, 73.56, 112.56, 43.43, 98.56, 49.92, 84.56, 114.56, 135.56, 91.56, 135.56, 95.56, 75.56, 135.56, 44.63, 66.6, 82.56, 81.56, 73.56, 110.56, 74.56, 122.56, 73.56, 108.56, 115.56, 135.56, 115.56, 97.56, 105.56, 84.56, 72.83, 100.56, 121.56];92.13;[1, 2, 1, 2, 5, 1, 1, 3, 1, 1, 4, 3, 4, 4, 3, 1, 3, 2, 3, 4, 1, 2, 1, 4, 4, 2, 2, 3, 1, 1];4
40;70;40;5;True;2000;1;0;0;0;0;0;0;284.19309997558594;13.537694215774536;138366.4625107401;130214.32060959178;4313.039456619758;3839.169999999999;[81.61, 121.64, 75.65, 124.64, 57.23, 124.64, 122.64, 67.83, 116.64, 72.66, 77.65, 51.38, 73.66, 77.65, 82.64, 124.64, 65.83, 60.11, 119.64, 83.64, 124.64, 124.64, 124.64, 70.83, 53.26, 122.64, 60.11, 68.83, 124.64, 124.64, 124.64, 124.64, 88.64, 124.64, 97.64, 124.64, 44.52, 124.64, 111.64, 92.64];80.12;[3, 4, 1, 2, 1, 2, 1, 1, 3, 2, 3, 3, 1, 1, 3, 1, 3, 2, 1, 1, 2, 1, 1, 3, 3, 2, 2, 2, 3, 4, 1, 4, 2, 1];3
40;70;40;6;True;2000;1;0;0;0;0;0;0;348.8203868865967;16.52810263633728;146506.54932557448;138744.76842240393;4017.7369073119416;3743.969999999999;[76.06, 75.06, 130.06, 149.06, 124.06, 135.06, 134.06, 136.06, 87.06, 54.84, 44.68, 72.06, 117.06, 93.06, 68.06, 50.17, 125.06, 68.06, 87.06, 72.06, 93.06, 99.06, 77.06, 58.79, 149.06, 93.06, 132.06, 62.03, 66.06, 67.06, 75.06, 104.06, 92.06, 149.06, 81.06, 91.06, 112.06, 63.42, 79.06, 101.06];104.38;[2, 3, 4, 1, 5, 1, 4, 1, 1, 1, 2, 3, 1, 3, 6, 3, 1, 1, 4, 1, 6, 1, 1, 1, 1, 5, 1, 2, 2, 2];5
40;80;40;1;True;2000;1;0;0;0;0;0;0;335.5192131996155;18.406736135482788;163717.58532987206;155247.27748962684;4535.758315744969;3934.509999999998;[128.87, 70.32, 69.32, 128.87, 127.87, 74.28, 81.33, 128.87, 88.87, 74.28, 72.75, 115.87, 128.87, 106.87, 115.87, 128.87, 66.37, 94.87, 118.87, 100.87, 99.87, 59.35, 104.87, 92.87, 108.87, 77.78, 70.32, 115.87, 97.87, 128.87, 101.87, 59.35, 84.33, 104.87, 98.87, 116.87, 128.87, 64.36, 73.75, 121.87];69.52000000000001;[5, 1, 3, 4, 2, 4, 2, 1, 1, 1, 5, 2, 2, 5, 1, 3, 1, 2, 2, 1, 1, 1, 1, 1, 2, 5, 2, 1, 1, 3, 2, 4, 5, 2, 1];4
40;80;40;2;True;2000;1;0;0;0;0;0;0;419.15075397491455;22.641754388809204;162554.72034696498;153637.92411396056;4798.0815187564385;4118.709999999999;[94.51, 118.47, 132.47, 87.51, 106.47, 160.47, 79.51, 72.51, 84.51, 121.47, 86.51, 121.47, 82.51, 115.47, 80.51, 90.51, 63.62, 83.51, 103.47, 69.51, 156.47, 101.47, 89.51, 123.47, 108.47, 89.51, 77.51, 81.51, 76.51, 76.51, 128.47, 72.51, 126.47, 109.47, 105.47, 160.47, 160.47, 160.47, 64.47, 94.51];96.85;[2, 1, 1, 3, 4, 2, 1, 1, 1, 3, 1, 2, 2, 1, 1, 2, 2, 1, 2, 4, 1, 6, 2, 2, 1, 1, 2, 5, 1, 4, 3, 2, 6, 3, 2, 1, 1];5
40;80;40;3;True;2000;1;0;0;0;0;0;0;368.52645349502563;20.862897396087646;159385.05343560534;150542.1744707431;4748.920339602776;4093.9399999999996;[135.7, 102.7, 111.7, 111.7, 111.7, 78.01, 57.65, 98.7, 152.7, 122.7, 65.66, 85.83, 153.7, 90.53, 82.35, 95.53, 74.56, 97.7, 61.17, 149.7, 68.02, 114.7, 144.7, 71.96, 84.52, 50.83, 141.7, 59.51, 87.83, 141.7, 79.86, 93.53, 123.7, 140.7, 91.53, 93.53, 126.7, 95.53, 126.7, 116.7];102.86999999999999;[4, 1, 2, 4, 1, 2, 5, 4, 1, 5, 2, 3, 1, 2, 1, 2, 5, 1, 5, 2, 1, 2, 2, 1, 1, 4, 1, 2, 2, 1, 1, 2, 1, 2, 3, 1];4
40;80;40;4;True;2000;1;0;0;0;0;0;0;412.7152509689331;23.549311637878418;166914.5685817748;157349.91172062082;5128.467934426549;4436.069999999999;[87.12, 105.12, 75.8, 140.12, 156.12, 155.12, 142.12, 126.12, 84.3, 138.12, 59.24, 122.12, 67.55, 99.12, 160.12, 161.12, 98.12, 125.12, 97.12, 80.78, 124.12, 62.98, 111.12, 105.12, 79.28, 87.12, 134.12, 100.12, 126.12, 89.12, 166.12, 115.12, 133.12, 99.12, 105.12, 108.12, 94.12, 84.3, 109.12, 122.12];106.88;[1, 3, 1, 3, 3, 5, 2, 2, 1, 3, 2, 2, 1, 5, 4, 2, 3, 4, 2, 2, 1, 1, 3, 2, 2, 2, 1, 2, 3, 3, 3, 2, 2, 2];4
40;80;40;5;True;2000;1;0;0;0;0;0;0;315.3828263282776;20.439404487609863;162696.93335150287;153509.1760217771;4898.512448889846;4289.23;[102.75, 125.75, 89.31, 125.75, 67.45, 125.75, 125.75, 75.08, 125.75, 92.23, 106.75, 63.79, 98.75, 103.75, 121.75, 125.75, 84.93, 79.52, 125.75, 104.75, 125.75, 125.75, 125.75, 122.75, 44.57, 125.75, 77.8, 84.93, 125.75, 125.75, 125.75, 125.75, 96.23, 125.75, 125.75, 125.75, 71.91, 125.75, 114.75, 96.23];81.18;[1, 4, 2, 1, 2, 1, 3, 1, 3, 1, 2, 4, 2, 2, 1, 5, 1, 3, 2, 1, 3, 2, 3, 1, 1, 4, 2, 2, 3, 1, 2, 2, 1, 5, 3, 3];4
40;80;40;6;True;2000;1;0;0;0;0;0;0;382.0330739021301;18.74073338508606;168299.53325649182;159388.69325295647;4524.467028746347;4386.430000000002;[116.51, 91.49, 163.96, 138.51, 163.96, 163.96, 163.96, 163.96, 118.51, 66.53, 53.4, 84.49, 105.51, 93.49, 94.49, 58.82, 163.96, 79.46, 94.49, 78.46, 89.49, 102.51, 124.51, 70.23, 119.51, 123.51, 125.51, 78.31, 71.21, 74.08, 104.51, 123.51, 119.51, 156.96, 116.51, 113.51, 104.51, 73.15, 83.51, 153.96];110.56;[2, 2, 4, 2, 3, 6, 3, 1, 2, 1, 4, 1, 2, 1, 5, 3, 1, 3, 2, 1, 3, 2, 4, 1, 1, 1, 2, 2, 3, 1, 2, 2, 1, 2, 4];5
40;90;40;1;True;2000;1;0;0;0;0;0;0;379.19029426574707;23.612019777297974;188259.52924773048;178945.5034198047;5038.829591373388;4275.329999999997;[128.74, 126.74, 84.84, 128.74, 123.74, 86.08, 100.74, 128.74, 98.74, 78.95, 86.08, 128.74, 128.74, 90.74, 121.74, 117.74, 75.06, 91.74, 119.74, 110.74, 106.74, 68.73, 120.74, 128.74, 101.74, 92.74, 82.68, 128.74, 91.74, 128.74, 128.74, 68.73, 97.74, 128.74, 115.74, 114.74, 128.74, 72.64, 83.34, 127.74];60.010000000000005;[4, 1, 2, 4, 4, 1, 3, 4, 2, 1, 1, 3, 1, 2, 3, 1, 3, 2, 2, 2, 1, 2, 3, 3, 1, 2, 2, 6, 4, 1, 1, 4, 3, 4, 2, 1, 4];5
40;90;40;2;True;2000;1;0;0;0;0;0;0;526.894293308258;25.72443985939026;185292.75670834453;175533.32727955419;5556.210532586785;4203.1799999999985;[100.29, 142.29, 122.29, 100.29, 112.29, 185.29, 77.7, 71.09, 83.7, 141.29, 80.7, 136.29, 89.7, 122.29, 73.7, 85.7, 60.61, 77.7, 142.29, 65.5, 154.29, 90.7, 96.29, 152.29, 121.29, 90.7, 74.7, 80.7, 74.7, 84.7, 130.29, 70.09, 106.29, 99.29, 99.29, 178.29, 157.29, 119.29, 57.0, 94.7];128.29;[1, 6, 5, 1, 4, 3, 1, 1, 2, 2, 2, 1, 2, 1, 1, 1, 2, 3, 1, 4, 3, 3, 4, 1, 1, 1, 2, 1, 2, 2, 1, 3, 3, 3, 7, 4, 2, 1, 2];6
40;90;40;3;True;2000;1;0;0;0;0;0;0;417.18294763565063;23.65116834640503;183576.7519475007;173735.24225240963;5412.18496588981;4429.420000000001;[125.52, 137.52, 125.52, 114.52, 111.52, 82.24, 67.49, 109.52, 154.52, 133.52, 63.51, 91.96, 163.52, 100.52, 94.57, 113.52, 82.24, 84.52, 78.32, 163.52, 81.24, 119.52, 144.52, 69.34, 91.96, 63.57, 146.52, 56.69, 97.52, 137.52, 87.25, 110.52, 139.52, 162.52, 131.52, 124.52, 132.52, 121.52, 101.52, 111.52];106.83000000000001;[3, 4, 1, 2, 3, 1, 2, 1, 4, 3, 2, 1, 3, 2, 2, 2, 1, 1, 2, 6, 2, 5, 5, 2, 1, 1, 1, 5, 2, 2, 2, 3, 4, 2, 2, 2, 1, 2];5
40;90;40;4;True;2000;1;0;0;0;0;0;0;417.7056541442871;23.621551036834717;187447.39636862656;177276.36520015795;5616.577993014193;4554.4900000000025;[81.56, 158.3, 76.22, 125.3, 136.3, 155.3, 135.3, 134.3, 85.56, 133.3, 61.17, 124.3, 69.19, 102.3, 156.3, 148.3, 118.3, 137.3, 113.3, 90.34, 136.3, 60.18, 97.3, 111.3, 80.4, 91.47, 119.3, 113.3, 116.3, 91.81, 136.3, 133.3, 135.3, 122.3, 105.3, 112.3, 96.89, 114.3, 105.3, 133.3];98.12;[2, 6, 1, 2, 2, 3, 3, 1, 5, 2, 1, 1, 2, 4, 7, 2, 2, 1, 4, 3, 2, 3, 1, 2, 2, 1, 4, 1, 3, 3, 4, 4, 3, 1, 2];6
40;90;40;5;True;2000;1;0;0;0;0;0;0;397.6198568344116;24.356626510620117;186353.99742816543;176060.93910847715;5355.4170003839035;4937.659999999999;[102.63, 157.47, 127.47, 151.47, 83.57, 157.47, 157.47, 94.18, 129.47, 99.63, 130.47, 75.88, 108.47, 121.47, 152.47, 157.47, 90.47, 87.05, 157.47, 119.47, 157.47, 130.47, 114.47, 94.18, 58.91, 144.47, 87.05, 90.47, 157.47, 157.47, 107.47, 139.47, 157.47, 130.47, 106.38, 157.47, 83.57, 157.47, 133.47, 110.47];98.56;[1, 4, 4, 2, 2, 1, 4, 1, 1, 1, 3, 2, 2, 3, 3, 1, 2, 3, 1, 3, 1, 3, 2, 2, 1, 6, 7, 4, 2, 1, 3, 2, 2, 1, 5, 3, 1];6
40;90;40;6;True;2000;1;0;0;0;0;0;0;475.4031677246094;24.365434646606445;192735.89804987586;182637.06313535527;5138.8168642088785;4959.960000000002;[99.75, 107.78, 190.38, 152.38, 136.38, 151.38, 162.38, 181.38, 175.38, 68.65, 63.28, 84.57, 145.38, 134.38, 96.73, 61.08, 173.38, 93.96, 93.25, 121.38, 114.7, 110.7, 94.96, 74.26, 193.38, 130.38, 140.38, 77.8, 70.97, 86.42, 100.75, 145.38, 109.78, 178.38, 155.38, 119.38, 176.38, 90.27, 113.7, 183.38];132.3;[2, 2, 4, 3, 2, 7, 3, 4, 1, 1, 4, 1, 3, 3, 1, 3, 3, 1, 2, 3, 1, 3, 3, 3, 2, 1, 1, 3, 3, 3, 1, 2, 4, 2, 5];6
40;100;40;1;True;2000;1;0;0;0;0;0;0;417.37814140319824;28.090111017227173;210188.93146289783;199851.94967854812;5611.730584836265;4725.1;[141.4, 141.4, 95.25, 141.4, 141.4, 92.25, 98.4, 141.4, 118.4, 100.4, 89.02, 114.4, 141.4, 112.4, 130.4, 141.4, 90.42, 103.4, 131.4, 110.4, 129.4, 77.68, 120.4, 141.4, 112.4, 108.4, 103.4, 127.4, 103.4, 141.4, 141.4, 77.68, 111.4, 118.4, 131.4, 141.4, 141.4, 83.75, 95.25, 141.4];63.72;[6, 2, 2, 4, 4, 2, 3, 4, 1, 1, 4, 2, 2, 4, 2, 2, 2, 1, 2, 1, 2, 4, 2, 2, 1, 3, 3, 4, 3, 1, 1, 3, 5, 5, 5, 1, 4];5
40;100;40;2;True;2000;1;0;0;0;0;0;0;520.2460513114929;29.62500810623169;209328.26905091025;198187.00500698434;6392.186329876516;4748.969999999999;[112.06, 123.06, 157.06, 181.06, 130.06, 173.06, 108.41, 86.41, 95.41, 136.06, 103.41, 166.06, 98.41, 129.06, 94.41, 98.41, 72.61, 96.41, 126.06, 79.56, 155.06, 101.41, 109.41, 107.41, 157.06, 96.41, 91.41, 91.41, 88.41, 89.41, 156.06, 86.41, 138.06, 104.41, 117.06, 185.06, 150.06, 162.06, 84.93, 110.41];112.45;[2, 3, 1, 6, 3, 5, 2, 1, 1, 2, 3, 4, 3, 1, 1, 2, 2, 2, 3, 3, 3, 4, 1, 2, 3, 1, 3, 3, 5, 1, 3, 3, 3, 6, 5, 2, 1, 1];5
40;100;40;3;True;2000;1;0;0;0;0;0;0;465.3154125213623;28.92384433746338;209372.59962697106;198571.098667854;5929.078353473026;4872.3099999999995;[96.22, 144.65, 121.65, 164.65, 108.65, 76.89, 83.1, 114.65, 160.65, 130.65, 88.1, 101.65, 164.65, 105.65, 107.65, 121.65, 94.56, 96.22, 89.64, 163.65, 108.65, 145.65, 171.65, 81.73, 102.65, 70.25, 171.65, 65.53, 110.65, 169.65, 97.22, 123.65, 152.65, 142.65, 133.65, 126.65, 137.65, 169.65, 111.65, 143.65];106.12;[3, 3, 2, 3, 2, 2, 2, 3, 3, 2, 1, 3, 2, 3, 2, 2, 1, 4, 5, 1, 2, 4, 2, 2, 4, 2, 1, 3, 2, 4, 5, 3, 4, 2, 2, 4, 2, 3];4
40;100;40;4;True;2000;1;0;0;0;0;0;0;504.5655908584595;29.301555395126343;209789.51219229354;198424.51463773884;6335.430604763824;5029.55;[87.18, 170.75, 82.74, 142.75, 153.75, 133.75, 172.75, 147.75, 96.34, 151.75, 69.05, 140.75, 76.91, 131.75, 149.75, 169.75, 111.0, 172.75, 105.57, 95.57, 181.47, 72.84, 121.45, 120.45, 98.34, 101.08, 124.75, 99.34, 128.75, 89.98, 185.78, 149.75, 137.75, 111.7, 112.7, 121.45, 106.31, 92.77, 124.75, 185.78];116.73;[2, 5, 2, 3, 2, 6, 1, 4, 1, 4, 3, 1, 1, 3, 3, 5, 2, 2, 1, 2, 3, 1, 3, 3, 1, 4, 1, 1, 3, 4, 2, 3, 1, 5, 3, 3, 2, 4];5
40;100;40;5;True;2000;1;0;0;0;0;0;0;481.7698130607605;28.036259651184082;208042.0368886925;196791.6573720256;5967.977993385533;5282.300000000001;[111.6, 149.6, 139.6, 153.6, 87.1, 151.6, 175.6, 98.49, 135.6, 106.6, 115.6, 80.12, 127.6, 108.6, 105.6, 154.6, 97.49, 89.84, 178.6, 123.6, 170.6, 152.6, 118.6, 104.6, 80.12, 178.6, 91.84, 105.6, 178.6, 178.6, 106.6, 173.6, 178.6, 130.6, 118.6, 178.6, 87.1, 174.6, 174.6, 108.6];98.47999999999999;[1, 3, 3, 2, 3, 4, 1, 3, 3, 4, 1, 4, 3, 2, 3, 4, 1, 5, 1, 2, 3, 2, 6, 2, 4, 3, 1, 3, 2, 1, 1, 6, 1, 4, 4, 4];5
40;100;40;6;True;2000;1;0;0;0;0;0;0;446.7894072532654;31.16080379486084;216837.4977562131;205947.78625746607;5772.377195115152;5117.300000000001;[139.34, 156.34, 156.34, 156.34, 117.34, 156.34, 156.34, 156.34, 156.34, 81.93, 78.0, 116.34, 113.34, 109.34, 134.34, 78.0, 156.34, 102.26, 113.34, 137.34, 112.34, 153.34, 115.34, 81.93, 156.34, 156.34, 147.34, 98.7, 99.48, 86.53, 98.7, 156.34, 156.34, 156.34, 156.34, 122.34, 156.34, 83.03, 104.88, 147.34];78.34;[2, 4, 4, 1, 3, 6, 5, 3, 3, 2, 1, 5, 3, 1, 1, 1, 3, 3, 1, 4, 2, 3, 1, 3, 3, 3, 2, 2, 1, 1, 3, 4, 1, 1, 3, 4, 2, 2, 3];5
50;50;50;1;True;2000;1;0;0;0;0;0;0;252.6498680114746;14.990799903869629;99291.72988322121;93541.1206675139;2793.355621978997;2957.2799999999997;[94.86, 40.24, 31.68, 79.86, 65.67, 43.46, 49.46, 104.86, 72.86, 46.46, 12.39, 49.46, 107.13, 61.19, 66.82, 52.46, 33.91, 56.46, 83.86, 77.86, 75.86, 4.1, 72.86, 43.46, 68.82, 45.46, 26.64, 67.82, 50.46, 80.86, 58.19, 21.16, 53.46, 83.86, 57.46, 88.86, 107.13, 17.01, 30.68, 107.13, 35.13, 73.86, 42.24, 50.46, 26.64, 35.13, 37.9, 63.97, 92.86, 106.86];103.03;[2, 1, 1, 4, 1, 1, 2, 1, 1, 3, 1, 3, 1, 2, 1, 1, 1, 4, 3, 4, 4, 1, 1, 1, 1, 2, 2];3
50;50;50;2;True;2000;1;0;0;0;0;0;0;294.79473972320557;15.928924322128296;99685.44537597301;93286.24985299804;3033.69215946713;3365.47;[60.51, 98.1, 76.19, 66.7, 46.68, 132.33, 40.98, 26.46, 20.34, 89.1, 34.82, 101.1, 37.59, 136.33, 41.83, 29.63, 12.48, 111.1, 99.1, 23.46, 97.1, 60.51, 62.01, 115.1, 78.19, 70.42, 29.63, 50.52, 25.46, 23.46, 133.33, 27.66, 84.1, 50.52, 85.1, 137.33, 122.33, 78.19, 16.06, 48.52, 64.59, 33.63, 66.7, 87.1, 44.83, 54.36, 47.68, 107.1, 63.01, 116.1];124.85000000000001;[2, 3, 1, 1, 1, 2, 2, 1, 2, 1, 1, 2, 1, 2, 1, 2, 6, 2, 1, 6, 1, 2, 1, 1, 3, 1, 1];5
50;50;50;3;True;2000;1;0;0;0;0;0;0;290.1593351364136;17.966092824935913;97586.40164789034;91738.9321739655;2869.005170573525;2978.680000000002;[67.28, 81.28, 75.28, 72.28, 93.28, 33.28, 29.46, 74.28, 105.28, 65.28, 13.87, 41.28, 121.28, 50.28, 32.28, 49.28, 35.28, 46.28, 20.38, 117.28, 50.28, 54.28, 86.28, 34.28, 46.28, 40.28, 121.28, 16.41, 35.28, 100.28, 22.16, 85.28, 90.28, 85.28, 113.28, 62.28, 50.28, 52.28, 52.28, 96.28, 32.28, 76.28, 42.28, 28.99, 51.28, 35.28, 44.28, 76.28, 42.28, 30.37];107.41;[1, 1, 1, 1, 4, 2, 3, 3, 1, 3, 2, 2, 4, 2, 2, 5, 1, 2, 1, 1, 2, 1, 1, 1, 1, 1, 1];4
50;50;50;4;True;2000;1;0;0;0;0;0;0;237.03888940811157;13.605316162109375;98169.11194405712;92010.20076049496;2748.984617185584;3409.9699999999993;[31.14, 83.64, 27.25, 64.64, 75.64, 98.64, 56.64, 50.09, 33.09, 99.64, 22.33, 110.64, 31.14, 69.64, 109.64, 84.64, 78.64, 112.64, 65.64, 64.64, 103.64, 16.69, 44.35, 62.64, 36.64, 48.77, 73.64, 19.95, 84.64, 54.09, 81.64, 68.64, 94.64, 94.64, 73.64, 70.64, 55.09, 42.97, 81.64, 87.64, 59.64, 46.08, 106.64, 65.64, 106.64, 83.64, 94.64, 51.09, 74.64, 55.09];95.95;[2, 2, 1, 1, 2, 1, 2, 1, 2, 4, 4, 2, 1, 1, 1, 3, 1, 1, 1, 1, 1, 2, 2, 3, 3, 2, 1, 2];3
50;50;50;5;True;2000;1;0;0;0;0;0;0;267.510546207428;13.51009750366211;96597.00637470202;90535.49349303565;2991.623118318251;3069.8000000000015;[55.94, 56.94, 49.94, 61.94, 27.33, 91.94, 51.94, 35.94, 74.94, 31.75, 87.94, 3.0, 37.94, 39.94, 33.94, 120.94, 26.33, 26.0, 91.94, 69.94, 120.94, 81.94, 82.94, 41.94, 4.83, 109.94, 18.1, 33.94, 116.94, 120.94, 54.94, 66.94, 97.94, 50.94, 59.94, 120.94, 19.1, 94.94, 120.94, 55.94, 45.94, 81.94, 46.94, 34.94, 51.94, 19.71, 116.94, 47.94, 39.94, 32.05];117.94;[2, 3, 1, 1, 1, 4, 1, 1, 2, 2, 1, 5, 1, 4, 1, 1, 3, 2, 2, 1, 1, 1, 1, 1, 2, 3, 2];4
50;50;50;6;True;2000;1;0;0;0;0;0;0;251.70541620254517;12.466575145721436;98930.5758283825;93099.85355146806;2787.7030710773533;3042.9199999999987;[69.52, 46.52, 107.52, 86.52, 62.52, 103.52, 53.52, 107.52, 83.52, 26.18, 27.18, 36.18, 100.52, 46.52, 44.52, 12.58, 108.52, 41.52, 48.52, 109.52, 57.52, 53.52, 55.52, 28.18, 78.52, 75.52, 100.52, 39.52, 34.18, 31.18, 43.52, 73.52, 55.52, 116.52, 81.52, 86.52, 118.52, 34.18, 34.18, 73.52, 90.52, 23.21, 33.18, 71.52, 33.18, 55.52, 18.2, 21.75, 38.18, 63.52];105.94;[1, 5, 1, 1, 2, 3, 1, 2, 2, 3, 2, 2, 4, 2, 1, 1, 2, 1, 2, 1, 1, 3, 3, 2, 1, 1];4
50;60;50;1;True;2000;1;0;0;0;0;0;0;222.76198863983154;18.451479196548462;119706.69295017156;113024.64151939827;3456.666135665747;3225.4699999999993;[85.77, 44.88, 46.86, 81.77, 85.77, 50.79, 62.19, 85.77, 80.77, 53.48, 22.43, 76.77, 85.77, 72.77, 85.77, 64.06, 46.86, 55.48, 85.77, 85.77, 76.77, 9.44, 72.77, 74.77, 70.77, 53.48, 46.86, 85.77, 64.06, 85.77, 67.06, 34.99, 76.77, 85.77, 43.9, 85.77, 85.77, 25.39, 38.77, 85.77, 41.25, 82.77, 44.88, 51.63, 36.52, 38.77, 42.42, 85.77, 85.77, 85.77];76.33;[3, 1, 4, 2, 1, 1, 2, 2, 2, 2, 1, 4, 1, 3, 1, 3, 2, 1, 2, 5, 4, 5, 1, 1, 1, 2, 3];4
50;60;50;2;True;2000;1;0;0;0;0;0;0;308.94873094558716;18.93609929084778;118230.32828375307;111012.06072282359;3653.0214398993644;3565.1700000000014;[54.0, 99.09, 79.09, 62.34, 52.53, 119.76, 42.92, 33.22, 23.77, 97.09, 39.99, 82.09, 42.92, 134.76, 53.36, 46.11, 18.38, 98.09, 103.09, 31.62, 103.09, 93.09, 65.64, 81.09, 111.09, 73.89, 52.0, 84.09, 40.18, 48.11, 126.76, 40.18, 78.09, 64.61, 66.8, 134.76, 112.09, 63.34, 31.54, 58.83, 64.61, 45.11, 69.8, 77.09, 56.83, 64.34, 58.83, 94.09, 73.89, 117.09];116.38;[1, 1, 2, 2, 1, 1, 2, 3, 1, 3, 2, 1, 2, 1, 1, 5, 1, 2, 4, 2, 1, 2, 5, 3, 1, 2, 1, 1, 1, 2, 1, 2];4
50;60;50;3;True;2000;1;0;0;0;0;0;0;330.4286527633667;21.576429843902588;117401.21149481772;110513.95836183203;3520.2047760072965;3366.8400000000042;[61.76, 67.76, 93.76, 110.76, 80.76, 40.76, 39.76, 72.76, 134.76, 78.76, 27.13, 55.76, 134.76, 72.76, 43.76, 56.76, 47.76, 50.76, 34.71, 112.76, 56.76, 102.76, 96.76, 42.76, 53.76, 47.76, 88.76, 26.12, 47.76, 72.76, 30.28, 69.76, 81.76, 67.76, 108.76, 62.76, 63.76, 60.76, 92.76, 78.76, 47.76, 81.76, 53.76, 44.76, 68.76, 39.76, 51.76, 107.76, 59.76, 39.4];108.63999999999999;[1, 1, 1, 3, 1, 4, 2, 2, 3, 1, 1, 2, 3, 1, 4, 2, 1, 1, 2, 1, 4, 1, 4, 2, 1, 1, 1, 1, 1, 1, 1, 1, 1, 2, 1];3
50;60;50;4;True;2000;1;0;0;0;0;0;0;314.23298358917236;23.320591926574707;122982.56710663628;115583.81475726982;3403.361443712796;3995.54;[41.71, 92.0, 50.75, 118.0, 129.0, 133.0, 107.0, 60.0, 55.24, 91.0, 31.59, 133.0, 41.71, 68.0, 90.0, 85.0, 79.0, 106.0, 65.0, 67.0, 125.0, 24.82, 49.52, 70.0, 48.13, 64.0, 85.0, 30.59, 92.0, 64.0, 133.0, 89.0, 106.0, 74.0, 76.0, 76.0, 68.0, 55.24, 77.0, 89.0, 73.0, 67.0, 124.0, 112.0, 107.0, 80.0, 110.0, 57.0, 70.0, 55.24];108.18;[1, 2, 1, 2, 5, 1, 1, 1, 3, 1, 2, 3, 1, 1, 1, 3, 2, 1, 2, 2, 3, 1, 1, 1, 1, 1, 1, 2, 3, 3, 1, 2, 2, 1, 1];4
50;60;50;5;True;2000;1;0;0;0;0;0;0;245.35986328125;14.920059204101562;115902.87011746907;108621.04055058258;3653.2570455215;3628.5799999999986;[61.54, 104.54, 55.54, 76.54, 33.88, 110.54, 72.54, 44.16, 88.54, 47.11, 110.54, 3.0, 51.64, 59.54, 54.54, 110.54, 38.25, 39.25, 110.54, 80.54, 110.54, 99.54, 104.54, 55.54, 4.83, 110.54, 30.45, 39.54, 110.54, 110.54, 56.54, 85.54, 110.54, 89.54, 67.54, 110.54, 24.59, 91.54, 108.54, 59.54, 64.54, 98.54, 52.64, 51.06, 69.54, 29.64, 107.54, 95.54, 71.54, 53.64];107.54;[2, 2, 1, 1, 1, 1, 2, 1, 1, 3, 1, 2, 3, 1, 2, 3, 2, 3, 1, 2, 1, 2, 1, 3, 3, 2, 1, 2, 1, 2, 2, 3, 1, 1];2
50;60;50;6;True;2000;1;0;0;0;0;0;0;337.35777950286865;22.97788667678833;125248.67333312047;118303.41707524496;3279.4657737803027;3665.6999999999985;[63.27, 55.27, 129.27, 91.27, 67.27, 133.27, 63.27, 133.27, 92.27, 29.71, 34.36, 49.27, 133.27, 65.27, 52.27, 22.53, 69.27, 50.27, 55.27, 104.27, 82.27, 82.27, 99.27, 34.36, 130.27, 124.27, 85.27, 51.27, 43.7, 39.7, 50.27, 68.27, 67.27, 130.27, 84.27, 103.27, 126.27, 43.7, 54.27, 86.27, 133.27, 21.51, 43.7, 107.27, 41.7, 58.27, 25.9, 31.14, 47.7, 74.27];111.76;[1, 2, 1, 2, 2, 4, 4, 2, 4, 2, 2, 2, 3, 1, 1, 1, 1, 2, 2, 1, 1, 2, 3, 1, 2, 3, 1, 1, 1, 2, 2, 1];3
50;70;50;1;True;2000;1;0;0;0;0;0;0;267.9706120491028;23.31614375114441;141304.34546164479;133440.45155202333;4088.888802878247;3775.0299999999984;[102.29, 54.1, 53.37, 102.29, 102.29, 66.4, 62.54, 102.29, 62.54, 53.37, 48.01, 92.77, 102.29, 79.68, 87.2, 81.68, 49.32, 60.54, 102.29, 102.29, 89.2, 31.37, 89.2, 71.95, 100.25, 69.95, 55.1, 101.29, 69.95, 102.29, 76.68, 32.68, 69.95, 69.95, 62.54, 102.29, 102.29, 38.22, 48.01, 92.77, 66.4, 92.77, 52.27, 65.4, 43.24, 53.37, 52.27, 101.25, 102.29, 102.29];70.92;[3, 1, 3, 1, 1, 2, 1, 1, 3, 1, 1, 1, 3, 2, 4, 1, 1, 1, 1, 1, 1, 2, 4, 2, 1, 5, 3, 3, 1, 2, 2, 1, 1, 1, 3, 5];4
50;70;50;2;True;2000;1;0;0;0;0;0;0;359.91248893737793;23.80380129814148;139571.89235052964;131667.549653838;4102.694846864421;3801.7599999999984;[70.43, 74.43, 111.43, 70.43, 58.9, 125.81, 46.64, 39.78, 34.95, 107.43, 48.58, 139.81, 54.57, 86.43, 74.43, 51.48, 30.35, 62.75, 93.43, 39.78, 130.81, 109.43, 63.75, 76.43, 118.81, 76.43, 60.9, 89.43, 43.06, 57.01, 105.43, 46.64, 82.43, 57.9, 101.43, 139.81, 80.43, 76.43, 37.79, 63.75, 118.81, 52.31, 71.43, 69.24, 62.75, 64.48, 53.79, 88.43, 68.15, 112.43];109.46000000000001;[1, 2, 2, 2, 3, 1, 1, 4, 1, 3, 1, 2, 1, 1, 2, 2, 6, 3, 1, 1, 3, 4, 1, 4, 5, 1, 1, 1, 3, 1, 1, 1, 1, 3];5
50;70;50;3;True;2000;1;0;0;0;0;0;0;311.93733501434326;23.994759798049927;136413.3438503365;128956.88003669587;4002.550969335169;3453.819999999997;[71.62, 90.62, 79.62, 69.62, 63.62, 46.62, 45.62, 83.62, 111.62, 80.62, 32.52, 63.62, 105.62, 67.62, 46.62, 59.62, 45.62, 54.62, 42.8, 104.62, 59.62, 76.62, 109.62, 50.62, 56.62, 52.62, 111.62, 27.07, 54.62, 95.62, 37.77, 101.62, 101.62, 78.62, 74.62, 65.62, 69.62, 69.62, 77.62, 77.62, 59.62, 92.62, 54.62, 45.62, 73.62, 54.62, 57.62, 88.62, 66.62, 44.76];84.55000000000001;[1, 2, 1, 1, 1, 3, 2, 2, 3, 1, 1, 1, 1, 5, 1, 3, 2, 1, 4, 4, 4, 6, 2, 2, 2, 2, 1, 1, 2, 1, 2, 1, 1, 2, 1];5
50;70;50;4;True;2000;1;0;0;0;0;0;0;279.0684585571289;21.09033727645874;142822.82669776984;134340.1751865845;4381.446453710566;4101.089999999997;[39.58, 99.43, 53.24, 102.43, 110.43, 114.43, 64.43, 56.78, 55.98, 114.43, 35.57, 100.43, 42.45, 72.43, 90.43, 104.43, 71.43, 96.43, 78.43, 79.43, 106.43, 28.43, 52.24, 74.43, 45.76, 66.43, 96.43, 31.11, 105.43, 68.43, 100.43, 76.43, 112.43, 95.43, 86.43, 80.43, 86.43, 55.18, 91.43, 114.43, 94.43, 87.43, 114.43, 114.43, 110.43, 92.43, 114.43, 63.43, 92.43, 60.43];86.0;[1, 2, 1, 1, 4, 2, 2, 6, 1, 2, 1, 1, 1, 2, 2, 1, 1, 2, 1, 3, 2, 1, 3, 3, 1, 1, 2, 3, 3, 1, 2, 1, 1, 1, 3, 1, 3, 1];5
50;70;50;5;True;2000;1;0;0;0;0;0;0;318.6340289115906;19.292150020599365;138094.47109419192;129807.48438693557;4245.876156579864;4041.169999999999;[71.27, 100.27, 59.6, 98.27, 48.34, 109.27, 74.27, 55.77, 95.27, 52.52, 89.27, 3.0, 61.42, 68.27, 58.6, 131.27, 45.54, 47.34, 89.27, 93.27, 119.27, 131.27, 111.27, 58.6, 36.98, 120.27, 43.73, 52.52, 126.27, 131.27, 89.27, 84.27, 131.27, 97.27, 78.27, 126.27, 45.54, 78.27, 124.27, 66.27, 70.27, 91.27, 58.6, 53.86, 79.27, 40.81, 110.27, 101.27, 67.27, 63.76];128.27;[1, 3, 2, 1, 1, 1, 1, 1, 1, 4, 1, 2, 1, 2, 1, 3, 3, 1, 2, 2, 4, 1, 3, 2, 1, 1, 1, 2, 3, 2, 1, 2, 1, 4, 3, 3, 2];3
50;70;50;6;True;2000;1;0;0;0;0;0;0;442.359721660614;30.152039766311646;148269.803216174;139953.25116403375;4093.505827198849;4223.059999999999;[70.39, 76.39, 142.39, 103.39, 81.39, 77.39, 78.39, 127.39, 94.39, 47.4, 51.0, 58.74, 106.39, 67.39, 66.39, 34.41, 91.39, 59.74, 71.39, 141.39, 65.39, 113.39, 78.39, 44.9, 173.39, 89.39, 98.39, 64.39, 55.71, 57.74, 76.39, 121.39, 99.39, 130.39, 94.39, 80.39, 151.39, 55.71, 61.74, 101.39, 138.39, 33.61, 61.74, 130.39, 58.74, 70.39, 39.18, 45.7, 63.74, 120.39];139.77999999999997;[1, 5, 3, 1, 1, 4, 2, 1, 1, 2, 3, 1, 2, 1, 3, 5, 1, 1, 1, 2, 1, 1, 1, 2, 3, 2, 4, 1, 1, 4, 1, 2, 1, 2, 1, 1, 1];4
50;80;50;1;True;2000;1;0;0;0;0;0;0;346.27062797546387;31.74350380897522;163942.7700589372;154802.76560865098;4582.2325150361585;4557.83;[133.43, 65.3, 61.29, 121.1, 107.1, 71.2, 69.44, 133.43, 97.94, 66.3, 40.82, 100.09, 133.43, 105.1, 90.01, 89.01, 58.38, 65.3, 123.1, 133.43, 95.94, 37.71, 109.1, 68.44, 117.1, 78.77, 60.91, 133.43, 100.77, 125.1, 92.94, 52.6, 77.01, 114.1, 60.91, 109.1, 133.43, 44.33, 57.38, 123.1, 66.3, 123.1, 64.29, 81.77, 49.95, 57.38, 57.38, 133.43, 133.43, 133.43];95.72;[4, 1, 1, 1, 3, 1, 1, 3, 1, 2, 1, 2, 3, 1, 1, 1, 1, 1, 2, 6, 1, 1, 2, 2, 3, 1, 1, 2, 1, 2, 4, 3, 4, 1, 3, 1, 2, 1, 1, 4, 3];5
50;80;50;2;True;2000;1;0;0;0;0;0;0;437.9241452217102;32.351481437683105;161679.07614616083;152330.104465924;4834.083636161181;4514.9;[82.6, 85.28, 112.43, 119.43, 93.01, 162.43, 68.07, 50.66, 39.9, 162.43, 65.92, 133.43, 58.52, 129.43, 67.07, 60.82, 39.9, 72.22, 119.43, 48.66, 119.43, 114.43, 86.47, 98.43, 141.43, 78.6, 67.07, 75.23, 54.8, 79.6, 121.43, 57.33, 99.43, 74.22, 74.22, 136.43, 151.43, 124.43, 48.25, 81.6, 76.6, 62.07, 86.47, 88.64, 85.28, 67.07, 65.92, 133.43, 96.09, 97.43];122.53;[1, 5, 2, 5, 1, 1, 1, 4, 2, 2, 2, 1, 1, 1, 1, 2, 1, 1, 1, 2, 4, 2, 2, 1, 2, 4, 1, 3, 3, 2, 3, 1, 1, 1, 2, 2, 1, 1, 4, 2, 1];4
50;80;50;3;True;2000;1;0;0;0;0;0;0;350.49914503097534;28.70879292488098;157716.42539487017;149273.51076873564;4757.281998273437;3685.809999999998;[97.08, 71.08, 98.08, 72.08, 85.08, 51.06, 48.2, 79.08, 93.08, 85.08, 39.14, 69.08, 115.08, 61.08, 51.06, 68.08, 54.08, 71.08, 45.88, 115.08, 62.08, 73.08, 113.08, 53.08, 59.08, 58.08, 115.08, 45.8, 60.08, 83.08, 47.72, 86.08, 77.08, 93.08, 90.08, 67.08, 83.08, 79.08, 86.08, 87.08, 61.08, 84.08, 60.08, 49.61, 73.08, 59.08, 74.08, 115.08, 70.08, 51.06];75.94;[4, 2, 1, 2, 2, 4, 2, 4, 6, 1, 1, 1, 1, 1, 6, 1, 1, 2, 1, 5, 1, 2, 3, 3, 2, 2, 2, 1, 3, 2, 1, 2, 1, 2, 1, 1, 3];5
50;80;50;4;True;2000;1;0;0;0;0;0;0;344.16440629959106;31.64337134361267;166387.19901410418;156481.0322742669;5115.318707012409;4790.9;[54.73, 128.94, 66.83, 112.94, 126.94, 118.94, 81.94, 81.94, 70.69, 128.94, 49.95, 99.94, 60.93, 84.94, 105.94, 93.94, 82.94, 123.94, 87.94, 69.25, 128.94, 42.87, 70.69, 90.94, 69.31, 82.94, 128.94, 50.82, 106.94, 82.94, 128.94, 89.94, 128.94, 105.94, 95.94, 92.94, 90.94, 85.94, 128.94, 128.94, 95.94, 95.94, 128.94, 101.94, 103.94, 123.94, 128.94, 74.32, 93.94, 77.79];86.07;[1, 3, 1, 3, 2, 5, 1, 3, 1, 1, 1, 2, 2, 3, 4, 2, 1, 2, 2, 1, 4, 1, 1, 2, 1, 3, 1, 1, 3, 3, 1, 1, 1, 1, 5, 4, 1, 3, 2];4
50;80;50;5;True;2000;1;0;0;0;0;0;0;385.0833797454834;27.601444005966187;161491.89265139418;152327.60944448484;4922.457977128269;4241.780000000002;[69.32, 101.32, 73.32, 92.32, 52.93, 130.32, 87.32, 43.31, 95.32, 57.74, 85.32, 3.0, 61.58, 74.32, 63.49, 130.32, 57.74, 60.66, 114.32, 94.32, 104.32, 107.32, 108.32, 66.4, 31.6, 130.32, 47.25, 56.6, 130.32, 130.32, 90.32, 80.32, 113.32, 81.32, 72.32, 130.32, 24.86, 128.32, 130.32, 79.32, 80.32, 101.32, 77.32, 74.32, 109.32, 39.1, 119.32, 111.32, 70.32, 67.32];127.32;[3, 2, 1, 1, 1, 1, 1, 1, 2, 4, 1, 1, 2, 1, 2, 2, 2, 2, 2, 3, 1, 1, 2, 4, 1, 2, 1, 5, 4, 5, 2, 1, 3, 2, 2, 4, 3, 2];4
50;80;50;6;True;2000;1;0;0;0;0;0;0;388.75965881347656;31.85129427909851;167101.72707582216;158214.81724205113;4606.420518032648;4280.570000000001;[76.65, 81.65, 131.65, 109.65, 99.65, 86.65, 91.65, 118.65, 97.65, 45.73, 48.81, 60.87, 127.65, 72.65, 79.65, 37.95, 111.65, 57.87, 68.65, 60.87, 71.65, 91.65, 83.65, 44.73, 104.65, 80.65, 93.65, 69.65, 57.87, 50.61, 68.65, 91.65, 102.65, 142.65, 142.65, 107.65, 142.65, 55.87, 61.87, 117.65, 141.65, 29.12, 61.87, 121.65, 141.65, 70.65, 39.86, 46.7, 64.87, 113.65];113.53;[1, 3, 2, 3, 5, 5, 1, 1, 1, 3, 4, 2, 1, 2, 2, 1, 4, 2, 1, 1, 1, 1, 1, 3, 5, 3, 2, 3, 1, 1, 5, 1, 1, 2, 2, 1, 1, 1];4
50;90;50;1;True;2000;1;0;0;0;0;0;0;364.34902715682983;37.33021903038025;186442.03994306887;176864.86807752226;5077.322993240253;4499.79;[110.09, 72.83, 62.76, 119.08, 119.08, 75.03, 73.83, 109.25, 91.47, 77.75, 46.45, 81.24, 119.08, 119.08, 108.25, 107.25, 65.02, 66.02, 119.08, 103.25, 119.08, 35.43, 97.95, 71.07, 95.95, 85.24, 68.02, 95.62, 78.75, 116.08, 94.47, 59.03, 80.47, 115.08, 68.02, 116.08, 119.08, 51.45, 62.76, 119.08, 63.34, 119.08, 71.07, 119.08, 59.37, 62.76, 70.31, 102.02, 119.08, 119.08];83.65;[4, 2, 3, 4, 2, 2, 2, 1, 1, 1, 5, 2, 1, 1, 3, 1, 2, 3, 1, 1, 2, 2, 2, 3, 2, 2, 2, 2, 4, 6, 1, 3, 1, 2, 1, 2, 1, 3, 4, 3];5
50;90;50;2;True;2000;1;0;0;0;0;0;0;465.79142332077026;38.09063982963562;184953.70865458887;174621.7910186504;5507.875485014903;4824.080000000001;[79.43, 119.07, 114.07, 72.71, 91.29, 166.07, 70.11, 66.53, 51.63, 157.07, 72.1, 133.07, 78.37, 101.07, 74.71, 82.43, 50.65, 84.28, 109.07, 62.89, 122.07, 106.07, 89.52, 124.07, 120.07, 93.69, 75.71, 103.07, 65.53, 87.26, 150.07, 70.11, 98.07, 75.71, 82.43, 153.07, 152.07, 121.07, 59.7, 101.07, 102.07, 74.71, 93.69, 102.07, 70.95, 82.43, 92.69, 111.07, 85.28, 122.07];115.41999999999999;[2, 3, 1, 6, 3, 1, 3, 2, 3, 1, 1, 1, 1, 1, 1, 2, 1, 1, 3, 2, 4, 4, 2, 3, 1, 3, 2, 3, 4, 3, 2, 2, 2, 4, 1, 2, 1, 2, 2, 2, 2];5
50;90;50;3;True;2000;1;0;0;0;0;0;0;416.8733916282654;34.08975434303284;181791.56034944137;171990.47997100998;5544.469369004999;4256.599999999998;[81.1, 86.1, 101.1, 79.1, 86.1, 57.1, 51.48, 91.1, 123.1, 113.1, 45.74, 72.1, 134.1, 91.1, 57.1, 85.1, 55.1, 69.1, 50.54, 145.1, 67.1, 115.1, 134.1, 61.1, 68.1, 66.1, 145.1, 42.15, 68.1, 81.1, 56.1, 131.1, 87.1, 109.1, 126.1, 78.1, 85.1, 91.1, 100.1, 114.1, 66.1, 92.1, 72.1, 61.1, 75.1, 69.1, 78.1, 108.1, 81.1, 53.19];102.94999999999999;[1, 1, 1, 2, 2, 1, 1, 4, 1, 6, 1, 2, 2, 1, 1, 1, 7, 1, 1, 4, 1, 5, 1, 2, 1, 1, 2, 5, 1, 4, 2, 1, 3, 3, 2, 3, 2, 1, 1, 2, 2, 3, 1];6
50;90;50;4;True;2000;1;0;0;0;0;0;0;393.50233936309814;41.88632321357727;187015.99212536716;176777.1411049567;5467.705091394724;4771.07;[63.62, 101.11, 66.66, 110.11, 129.11, 116.11, 80.11, 72.33, 57.44, 117.11, 54.19, 110.11, 57.44, 84.11, 129.11, 88.11, 86.11, 106.11, 125.11, 72.33, 129.11, 50.04, 66.66, 95.11, 74.45, 86.11, 96.11, 48.94, 104.11, 79.11, 129.11, 104.11, 129.11, 129.11, 92.11, 115.11, 77.11, 79.11, 100.11, 97.11, 100.11, 92.11, 129.11, 129.11, 124.11, 120.11, 129.11, 72.45, 90.11, 76.45];80.17000000000002;[1, 2, 1, 2, 3, 3, 1, 1, 3, 1, 3, 1, 1, 1, 1, 3, 2, 3, 2, 1, 2, 1, 3, 1, 1, 2, 3, 1, 4, 3, 2, 1, 2, 2, 2, 1, 2, 3, 2, 6, 6, 1, 3];5
50;90;50;5;True;2000;1;0;0;0;0;0;0;395.9191131591797;33.45209836959839;184230.88630655094;174431.68951682287;5292.44462167316;4506.749999999999;[78.68, 99.23, 82.5, 102.23, 57.08, 115.23, 91.5, 60.94, 101.23, 67.8, 103.23, 3.0, 67.15, 89.5, 66.52, 126.23, 59.94, 58.59, 111.23, 88.5, 117.23, 126.23, 126.23, 80.5, 32.46, 121.23, 53.78, 64.61, 126.23, 126.23, 126.23, 93.23, 100.23, 93.23, 82.5, 126.23, 38.72, 126.23, 126.23, 71.5, 78.68, 100.23, 86.5, 83.5, 122.23, 52.78, 116.23, 105.23, 80.5, 91.5];123.23;[1, 3, 2, 2, 1, 2, 1, 1, 1, 3, 2, 2, 2, 1, 1, 3, 1, 2, 1, 3, 1, 1, 2, 1, 1, 4, 8, 4, 2, 1, 3, 1, 1, 2, 1, 1, 4, 3, 3, 3, 5, 1, 2];7
50;90;50;6;True;2000;1;0;0;0;0;0;0;423.3692240715027;43.65615248680115;190376.1244668005;180518.97250375123;5158.216148029289;4698.79;[79.13, 97.13, 137.73, 131.73, 91.13, 133.73, 81.13, 110.13, 100.13, 60.71, 64.24, 70.97, 137.73, 119.73, 74.97, 47.85, 137.73, 71.97, 75.97, 73.97, 89.13, 88.13, 112.13, 59.89, 122.73, 137.73, 87.13, 77.13, 69.97, 68.97, 68.97, 106.13, 96.13, 137.73, 107.13, 107.13, 137.73, 66.97, 73.97, 98.13, 106.13, 55.06, 66.97, 135.73, 137.73, 83.13, 51.17, 57.0, 75.97, 119.13];89.88;[1, 1, 6, 4, 3, 4, 5, 1, 1, 1, 2, 4, 1, 3, 2, 1, 2, 1, 2, 2, 3, 1, 1, 1, 1, 2, 5, 3, 5, 1, 1, 3, 3, 1, 2, 1, 3, 2, 2, 1, 1];5
50;100;50;1;True;2000;1;0;0;0;0;0;0;417.26662397384644;46.62539720535278;210227.65300525763;199338.79949049422;5687.513552649587;5201.309999999999;[136.7, 76.62, 78.75, 136.7, 135.59, 87.67, 84.68, 136.7, 120.12, 89.67, 62.02, 96.66, 134.59, 122.12, 119.12, 119.12, 85.68, 79.78, 136.7, 128.82, 107.82, 62.02, 116.48, 88.67, 99.42, 98.66, 79.78, 109.82, 86.68, 118.12, 110.82, 75.47, 93.67, 118.12, 89.67, 136.7, 136.7, 68.0, 74.47, 136.7, 91.67, 130.94, 77.75, 87.67, 70.18, 77.62, 79.78, 136.7, 136.7, 136.7];74.67999999999998;[5, 2, 1, 3, 3, 1, 2, 4, 2, 1, 2, 3, 2, 1, 2, 1, 1, 2, 5, 2, 1, 3, 4, 1, 1, 1, 1, 1, 2, 3, 1, 1, 3, 1, 6, 4, 1, 3, 3, 2, 1, 1, 3, 3, 4];5
50;100;50;2;True;2000;1;0;0;0;0;0;0;482.9336886405945;41.04196333885193;206622.6711502735;195470.95762785006;6401.571805949721;4750.160000000001;[75.16, 95.41, 134.84, 83.46, 110.84, 152.84, 65.05, 57.53, 53.17, 132.84, 65.05, 152.84, 68.25, 152.84, 68.25, 80.51, 50.76, 79.51, 152.84, 56.67, 134.84, 135.84, 78.14, 141.84, 100.4, 88.41, 70.36, 79.51, 59.13, 66.04, 138.84, 65.05, 110.84, 75.16, 80.51, 145.84, 117.84, 93.41, 55.87, 110.84, 98.4, 65.05, 87.54, 91.41, 71.25, 77.15, 84.29, 147.84, 83.46, 106.4];102.08000000000001;[1, 3, 1, 6, 2, 2, 3, 2, 5, 1, 2, 1, 2, 1, 2, 4, 1, 5, 2, 5, 2, 1, 2, 1, 6, 5, 3, 4, 2, 2, 4, 2, 2, 3, 1, 2, 1, 1, 1, 2, 1, 1];5
50;100;50;3;True;2000;1;0;0;0;0;0;0;467.3805265426636;42.76045370101929;206016.55298736054;195543.0897435952;5996.864005708554;4476.519999999996;[100.45, 97.45, 96.45, 73.45, 75.45, 64.45, 58.98, 94.45, 133.45, 130.45, 50.9, 79.45, 148.45, 101.45, 67.45, 83.45, 68.45, 71.45, 56.73, 118.45, 69.45, 88.45, 134.45, 71.45, 67.45, 74.45, 148.45, 48.49, 78.45, 81.45, 56.73, 115.45, 143.45, 110.45, 140.45, 92.45, 85.45, 82.45, 77.45, 95.45, 75.45, 138.45, 75.45, 63.45, 83.45, 72.45, 78.45, 113.45, 82.45, 59.89];99.95999999999998;[2, 2, 2, 1, 1, 1, 1, 2, 2, 5, 1, 4, 4, 2, 3, 1, 1, 4, 2, 3, 4, 1, 4, 1, 2, 2, 1, 3, 5, 3, 4, 1, 1, 3, 3, 1, 3, 3, 2, 1, 2, 3, 2, 1];4
50;100;50;4;True;2000;1;0;0;0;0;0;0;456.92547130584717;44.8182590007782;209829.906296858;198371.6437771481;6197.052114116332;5261.079999999998;[64.12, 112.4, 73.9, 128.4, 153.4, 154.4, 129.4, 86.4, 61.85, 122.4, 57.75, 118.4, 60.42, 98.4, 109.4, 146.4, 106.4, 125.4, 90.4, 81.47, 152.4, 51.39, 91.4, 102.4, 75.56, 95.4, 119.4, 53.38, 110.4, 89.4, 122.4, 104.4, 129.4, 111.4, 103.4, 105.4, 87.4, 93.4, 112.4, 125.4, 102.4, 92.4, 154.4, 140.4, 154.4, 100.4, 119.4, 83.24, 112.4, 84.4];103.01;[2, 1, 2, 4, 3, 4, 1, 2, 1, 3, 2, 2, 1, 1, 3, 1, 2, 1, 4, 2, 1, 2, 1, 2, 1, 2, 2, 2, 1, 2, 2, 1, 1, 3, 4, 3, 4, 1, 3, 3, 3, 5, 6, 1, 1, 1];5
50;100;50;5;True;2000;1;0;0;0;0;0;0;515.1931953430176;48.0956552028656;209064.3615440905;197802.46074606638;5952.727475068174;5309.1399999999985;[87.58, 101.58, 92.58, 122.58, 70.11, 134.58, 84.29, 68.39, 116.58, 71.86, 162.58, 3.0, 76.93, 85.58, 82.29, 162.58, 68.73, 68.39, 129.58, 105.58, 133.58, 162.58, 136.58, 77.93, 45.32, 152.58, 65.1, 74.2, 150.58, 162.58, 91.58, 111.58, 141.58, 95.58, 94.58, 143.58, 58.92, 157.58, 162.58, 83.29, 82.0, 129.58, 87.58, 79.67, 118.58, 61.45, 143.58, 162.58, 162.58, 84.29];159.58;[1, 3, 6, 3, 1, 3, 1, 1, 2, 2, 3, 2, 3, 1, 1, 3, 4, 3, 2, 1, 2, 1, 1, 3, 5, 2, 3, 2, 1, 4, 1, 3, 4, 1, 1, 4, 1, 4, 1, 3, 4, 2, 1];5
50;100;50;6;True;2000;1;0;0;0;0;0;0;474.5574746131897;47.194032430648804;213857.68269813393;202566.01595787358;5682.521965780665;5609.269999999999;[93.83, 100.83, 158.83, 117.83, 142.83, 158.83, 80.19, 158.83, 158.83, 67.35, 75.8, 85.19, 158.83, 108.83, 89.19, 55.09, 116.83, 86.19, 98.83, 158.83, 126.83, 90.83, 102.83, 73.98, 147.83, 135.83, 133.83, 88.19, 88.19, 80.19, 95.83, 155.83, 115.83, 151.83, 94.83, 98.83, 158.83, 79.19, 100.83, 125.83, 158.83, 65.06, 80.19, 158.83, 158.83, 100.83, 67.35, 70.35, 90.19, 140.83];103.74000000000001;[2, 4, 1, 5, 2, 2, 2, 2, 2, 2, 2, 1, 3, 2, 2, 3, 1, 4, 2, 1, 6, 2, 3, 1, 1, 2, 3, 2, 4, 4, 1, 3, 1, 1, 1, 4, 1, 2, 3, 1, 3, 2, 2, 2];5
60;60;60;1;True;2000;1;0;0;0;0;0;0;275.9047689437866;34.762375354766846;120644.1273633815;113606.82875205117;3460.2462379366093;3577.120000000001;[69.84, 48.84, 33.38, 94.84, 73.84, 45.29, 44.29, 94.84, 59.84, 35.92, 23.67, 56.84, 94.84, 66.84, 85.84, 68.84, 26.29, 64.84, 79.84, 66.84, 67.84, 4.01, 60.84, 94.84, 57.84, 74.84, 29.58, 94.84, 44.29, 90.84, 61.84, 14.91, 51.84, 88.84, 45.29, 94.84, 94.84, 19.57, 30.09, 88.84, 36.6, 56.84, 44.29, 56.84, 28.37, 26.29, 32.92, 82.84, 94.84, 94.84, 38.81, 71.84, 44.29, 21.56, 84.84, 35.04, 86.84, 52.84, 94.84, 45.29];90.83;[1, 2, 1, 3, 2, 1, 1, 2, 1, 1, 1, 1, 1, 2, 2, 1, 2, 3, 1, 2, 5, 3, 2, 1, 1, 1, 2, 3, 3, 1, 1, 2, 2, 2];4
60;60;60;2;True;2000;1;0;0;0;0;0;0;369.8597602844238;37.36027216911316;121376.64384913348;114478.39996082151;3690.28462359022;3207.9499999999994;[54.64, 121.64, 58.64, 31.28, 34.42, 83.64, 41.64, 19.5, 14.87, 102.64, 31.28, 79.64, 35.42, 56.64, 29.28, 24.31, 11.18, 101.64, 59.64, 14.87, 121.64, 76.64, 42.64, 88.64, 121.64, 43.64, 26.28, 28.28, 18.5, 30.28, 89.64, 23.31, 57.64, 35.42, 71.64, 96.64, 83.64, 69.64, 16.69, 49.64, 66.64, 24.31, 53.64, 52.64, 27.28, 53.64, 36.42, 100.64, 48.64, 68.64, 55.64, 44.64, 47.64, 21.4, 61.64, 97.64, 65.64, 10.63, 31.28, 40.42];111.01;[3, 2, 2, 1, 1, 2, 1, 5, 1, 3, 4, 1, 5, 2, 3, 1, 3, 2, 1, 2, 1, 1, 1, 3, 1, 2, 1, 3, 2];4
60;60;60;3;True;2000;1;0;0;0;0;0;0;307.31049728393555;24.298652410507202;114775.28176605314;108606.40411287398;3444.6008840531867;2724.2500000000005;[45.07, 56.07, 51.07, 60.07, 51.07, 20.81, 20.39, 50.07, 82.07, 49.07, 13.86, 30.71, 107.07, 61.07, 27.88, 33.25, 25.9, 35.48, 23.86, 107.07, 32.25, 47.07, 99.07, 24.15, 34.48, 30.71, 73.07, 14.11, 25.9, 46.07, 18.04, 54.07, 45.07, 55.07, 79.07, 45.07, 45.07, 36.66, 55.07, 66.07, 30.71, 79.07, 37.66, 23.76, 39.66, 26.88, 36.66, 55.07, 32.25, 17.04, 36.66, 16.03, 73.07, 56.07, 23.76, 74.07, 12.98, 66.07, 68.07, 40.66];94.08999999999999;[3, 3, 2, 1, 2, 3, 2, 3, 1, 1, 2, 1, 3, 1, 1, 4, 2, 2, 1, 2, 5, 1, 1, 1, 1, 1, 3, 4, 1, 2];4
60;60;60;4;True;2000;1;0;0;0;0;0;0;308.064425945282;24.716374158859253;120757.49325071761;114265.20946263791;3415.94616909775;3076.319999999998;[16.31, 72.31, 15.31, 70.31, 96.31, 103.31, 31.31, 26.31, 20.31, 95.31, 14.31, 68.31, 16.31, 45.31, 65.31, 88.31, 53.31, 67.31, 43.31, 35.31, 98.31, 10.4, 31.31, 46.31, 19.31, 35.31, 55.31, 18.31, 57.31, 35.31, 73.31, 39.31, 105.31, 62.31, 46.31, 53.31, 51.31, 31.31, 55.31, 92.31, 45.31, 32.31, 105.31, 65.31, 80.31, 53.31, 67.31, 32.31, 41.31, 23.31, 47.31, 34.31, 84.31, 22.31, 92.31, 60.31, 39.31, 47.31, 28.31, 12.94];94.91;[2, 1, 1, 4, 1, 3, 1, 2, 2, 2, 2, 1, 4, 2, 2, 2, 2, 1, 5, 3, 1, 2, 2, 1, 1, 1, 1, 2, 3, 2, 1];4
60;60;60;5;True;2000;1;0;0;0;0;0;0;342.5512523651123;32.80025386810303;119572.47272064447;111990.60401825966;3626.0739180648743;3955.7000000000016;[58.6, 102.82, 40.6, 75.82, 25.76, 84.82, 57.6, 36.23, 75.82, 31.62, 94.82, 1.0, 54.83, 57.25, 43.61, 90.82, 25.76, 27.72, 73.82, 69.82, 138.82, 95.82, 122.82, 46.01, 2.53, 95.82, 17.09, 34.63, 111.82, 138.82, 50.76, 71.82, 99.82, 64.34, 53.83, 137.82, 12.6, 71.82, 76.82, 52.65, 46.01, 126.82, 65.34, 62.47, 63.47, 21.17, 89.82, 51.76, 71.82, 55.2, 49.16, 37.07, 75.82, 92.82, 53.83, 59.6, 70.82, 43.03, 57.25, 136.82];137.82;[1, 2, 1, 1, 4, 1, 1, 4, 2, 3, 3, 2, 4, 2, 3, 1, 1, 1, 1, 1, 3, 1, 1, 1, 1, 3, 1, 1, 1, 1, 1, 3, 3];3
60;60;60;6;True;2000;1;0;0;0;0;0;0;371.7882056236267;31.311695098876953;125034.11080370696;118137.92210807068;3267.9863140071334;3628.1399999999967;[53.72, 51.72, 65.72, 79.72, 57.72, 125.72, 54.72, 105.72, 71.72, 27.72, 25.55, 50.72, 120.72, 66.72, 39.72, 9.9, 82.72, 35.72, 44.72, 107.72, 38.72, 60.72, 51.72, 26.72, 98.72, 71.72, 84.72, 36.72, 41.72, 29.72, 45.72, 78.72, 50.72, 115.72, 118.72, 56.72, 83.72, 29.72, 34.72, 62.72, 146.72, 20.71, 36.72, 101.72, 84.72, 49.72, 14.72, 21.71, 56.72, 69.72, 104.72, 9.71, 11.85, 34.72, 70.72, 48.72, 120.72, 40.72, 60.72, 25.55];137.01;[2, 1, 2, 2, 4, 1, 2, 1, 1, 4, 1, 3, 1, 3, 2, 1, 1, 2, 1, 1, 4, 1, 1, 1, 3, 1, 1, 3, 2, 2, 3, 2];3
60;70;60;1;True;2000;1;0;0;0;0;0;0;300.871461391449;32.844258069992065;141605.4983563891;133521.8222925564;4173.142791360982;3910.6699999999964;[77.97, 51.97, 42.63, 89.97, 70.97, 53.97, 62.97, 88.97, 59.97, 53.97, 33.68, 58.97, 101.97, 77.97, 74.97, 63.97, 45.79, 70.97, 101.97, 101.97, 71.97, 17.96, 91.97, 55.97, 71.97, 68.97, 42.63, 68.97, 51.97, 101.97, 66.97, 24.85, 58.97, 72.97, 56.97, 79.97, 101.97, 28.02, 38.26, 83.97, 47.97, 73.97, 47.97, 58.97, 34.73, 44.12, 42.63, 76.97, 101.97, 101.97, 44.97, 70.97, 51.97, 40.15, 73.97, 42.63, 101.97, 63.97, 94.97, 50.97];84.00999999999999;[2, 1, 1, 2, 1, 1, 1, 2, 1, 1, 3, 1, 4, 1, 3, 1, 1, 1, 1, 1, 2, 1, 2, 4, 4, 3, 1, 1, 1, 2, 4, 4, 1, 1, 1, 1, 5, 2];4
60;70;60;2;True;2000;1;0;0;0;0;0;0;362.0156798362732;37.539581298828125;140071.42597716834;132636.9553625971;4031.4041843094005;3402.919999999998;[64.33, 110.33, 67.33, 60.33, 40.33, 88.33, 33.74, 23.17, 19.65, 107.33, 35.74, 88.33, 30.74, 62.33, 53.33, 32.74, 20.65, 69.33, 70.33, 26.01, 78.33, 60.33, 43.33, 95.33, 113.33, 53.33, 30.74, 36.74, 23.32, 35.74, 113.33, 26.74, 60.33, 48.33, 49.33, 108.33, 74.33, 50.33, 26.01, 57.33, 32.74, 40.33, 50.33, 69.33, 50.33, 46.33, 44.33, 93.33, 41.33, 113.33, 62.33, 50.33, 55.33, 22.65, 96.33, 78.33, 70.33, 18.2, 40.33, 37.74];95.13;[2, 1, 2, 2, 1, 1, 3, 1, 1, 5, 1, 1, 1, 2, 4, 3, 3, 2, 1, 2, 4, 1, 1, 1, 1, 2, 1, 3, 4, 1, 2, 2, 1, 3, 1, 2, 1];4
60;70;60;3;True;2000;1;0;0;0;0;0;0;422.09784841537476;48.75725984573364;140109.7645441764;131990.61182035215;4032.0576145032815;4087.2000000000016;[66.34, 77.34, 90.34, 146.34, 87.34, 28.89, 31.71, 84.34, 47.07, 99.34, 27.39, 54.64, 147.34, 69.34, 41.69, 57.64, 33.86, 49.75, 33.86, 109.34, 48.07, 62.16, 124.34, 34.86, 39.63, 41.69, 126.34, 22.35, 40.5, 91.34, 25.54, 131.34, 108.34, 87.34, 71.34, 62.16, 77.34, 62.38, 127.34, 71.34, 52.64, 72.34, 60.64, 27.39, 50.75, 36.73, 69.34, 104.34, 42.69, 39.6, 51.64, 29.73, 130.34, 78.34, 37.76, 109.34, 20.63, 59.64, 99.34, 74.34];126.71000000000001;[2, 1, 2, 6, 2, 5, 2, 2, 1, 1, 2, 1, 1, 2, 1, 1, 1, 4, 2, 4, 1, 1, 2, 2, 1, 2, 1, 1, 1, 2, 1, 4, 1, 7];6
60;70;60;4;True;2000;1;0;0;0;0;0;0;375.3058695793152;34.06574034690857;143653.44774894192;135862.65334477738;4286.299746707749;3504.420000000003;[23.19, 78.19, 22.19, 62.19, 87.19, 116.19, 107.19, 37.19, 28.19, 109.19, 25.19, 80.19, 25.19, 51.19, 97.19, 116.19, 57.19, 73.19, 62.19, 42.19, 80.19, 20.19, 33.19, 45.19, 27.19, 37.19, 52.19, 21.19, 74.19, 52.19, 92.19, 45.19, 98.19, 63.19, 62.19, 66.19, 56.19, 40.19, 49.19, 86.19, 48.19, 38.19, 92.19, 87.19, 54.19, 65.19, 92.19, 39.19, 45.19, 30.19, 56.19, 40.19, 73.19, 30.19, 64.19, 67.19, 42.19, 85.19, 36.19, 15.21];100.97999999999999;[2, 1, 6, 3, 4, 1, 2, 1, 3, 1, 1, 1, 4, 3, 2, 1, 1, 1, 1, 3, 3, 1, 1, 1, 2, 3, 1, 1, 3, 2, 3, 1, 1, 1, 2, 1, 1];5
60;70;60;5;True;2000;1;0;0;0;0;0;0;396.77604484558105;38.04769277572632;140683.76128813022;132036.66191463248;4237.521246983939;4409.6100000000015;[63.08, 78.03, 50.19, 70.03, 41.64, 91.54, 76.03, 41.64, 87.03, 45.23, 122.17, 1.0, 51.19, 68.03, 48.52, 125.17, 36.41, 41.64, 62.1, 81.03, 108.54, 132.17, 148.17, 55.16, 24.16, 104.54, 30.96, 50.19, 97.54, 147.17, 71.03, 80.03, 109.17, 81.03, 71.03, 148.17, 32.09, 77.03, 109.17, 57.14, 63.08, 116.17, 52.58, 52.58, 58.12, 28.38, 104.54, 74.03, 85.03, 52.58, 59.12, 49.52, 87.54, 95.54, 49.52, 68.03, 57.14, 52.58, 52.17, 135.17];147.17;[4, 1, 1, 2, 1, 2, 1, 2, 2, 5, 1, 1, 2, 5, 1, 1, 4, 1, 1, 2, 1, 4, 3, 1, 2, 3, 1, 2, 2, 2, 1, 1, 1, 1, 1, 2, 1, 1];4
60;70;60;6;True;2000;1;0;0;0;0;0;0;391.88628673553467;42.28317999839783;148522.38287418592;140300.2988014763;4137.610509243561;4084.5099999999966;[83.2, 55.2, 112.2, 87.2, 76.2, 119.2, 83.2, 94.2, 86.2, 27.19, 33.44, 61.2, 106.2, 56.2, 48.2, 17.96, 68.2, 46.2, 59.2, 98.2, 49.2, 95.2, 64.2, 26.62, 86.2, 62.2, 89.2, 46.2, 55.2, 40.04, 51.2, 78.2, 69.2, 130.2, 113.2, 73.2, 66.2, 39.33, 47.2, 78.2, 131.2, 18.23, 52.2, 116.2, 70.2, 60.2, 35.18, 29.99, 55.2, 131.2, 129.2, 9.59, 18.23, 39.33, 65.2, 50.2, 131.2, 60.2, 57.2, 44.98];121.60999999999999;[2, 2, 2, 2, 2, 5, 3, 1, 2, 4, 1, 1, 1, 1, 6, 1, 1, 1, 1, 2, 1, 1, 2, 1, 3, 1, 4, 1, 1, 1, 1, 4, 2, 1, 4, 1];5
60;80;60;1;True;2000;1;0;0;0;0;0;0;402.86387395858765;47.45664358139038;164398.01553221967;155143.4722771672;4575.812507953938;4678.899999999996;[92.49, 56.03, 54.03, 99.49, 79.49, 61.49, 68.49, 120.49, 69.49, 62.49, 49.12, 65.49, 123.49, 95.49, 84.49, 83.49, 52.46, 60.49, 130.49, 119.49, 82.49, 34.73, 74.49, 102.49, 62.49, 80.49, 53.46, 99.49, 56.36, 92.49, 73.49, 38.62, 65.49, 80.49, 69.49, 91.49, 129.49, 41.96, 50.12, 114.49, 60.49, 102.49, 52.46, 64.49, 48.12, 57.36, 52.46, 88.49, 112.49, 127.49, 60.49, 143.49, 68.49, 45.81, 86.49, 56.03, 107.49, 70.49, 92.49, 58.7];108.76000000000002;[2, 2, 3, 1, 2, 1, 1, 1, 1, 3, 1, 3, 1, 2, 2, 3, 1, 2, 1, 3, 1, 1, 2, 1, 4, 4, 4, 1, 2, 3, 1, 2, 5, 3, 3, 1, 2, 3, 1];4
60;80;60;2;True;2000;1;0;0;0;0;0;0;416.1029100418091;47.92798662185669;162146.66539709448;153252.04375016107;4767.628986088881;4126.969999999996;[67.99, 99.99, 78.99, 48.28, 52.99, 130.99, 43.28, 36.78, 32.17, 115.99, 46.28, 107.99, 41.56, 72.99, 41.56, 57.99, 34.79, 74.99, 81.99, 41.56, 87.99, 89.99, 58.99, 68.99, 119.99, 99.99, 40.56, 48.28, 36.78, 49.28, 130.99, 37.39, 63.99, 55.99, 58.99, 130.99, 102.99, 85.99, 38.56, 67.99, 40.56, 37.56, 63.99, 84.99, 95.99, 59.99, 54.99, 118.99, 50.28, 113.99, 65.99, 53.99, 64.99, 33.17, 113.99, 78.99, 76.99, 29.4, 52.99, 51.28];101.59;[2, 2, 1, 4, 2, 1, 2, 1, 4, 1, 1, 1, 4, 2, 5, 2, 1, 1, 1, 3, 1, 2, 1, 5, 5, 2, 1, 1, 2, 3, 2, 1, 3, 2, 2, 1, 2, 2, 1];4
60;80;60;3;True;2000;1;0;0;0;0;0;0;369.22553730010986;46.33080554008484;158632.0905007849;149824.3531462931;4749.611212389624;4058.180000000003;[68.25, 93.53, 79.53, 91.53, 70.25, 33.09, 33.09, 76.25, 71.25, 73.25, 32.1, 51.06, 117.53, 59.26, 52.06, 60.65, 44.82, 49.43, 35.73, 105.53, 55.03, 72.25, 115.53, 37.82, 49.43, 46.29, 118.53, 35.73, 49.04, 62.65, 32.76, 101.53, 89.53, 88.53, 55.03, 61.65, 78.25, 57.26, 70.25, 79.53, 59.26, 90.53, 59.65, 42.71, 64.25, 46.29, 65.25, 95.53, 53.4, 41.08, 52.06, 31.1, 106.53, 106.53, 41.71, 118.53, 26.37, 109.53, 110.53, 82.53];92.16;[1, 2, 1, 3, 1, 4, 1, 2, 1, 6, 2, 1, 1, 4, 1, 2, 2, 1, 4, 1, 2, 2, 2, 1, 1, 1, 1, 1, 1, 2, 2, 2, 1, 1, 2, 1, 6, 3, 2, 5];5
60;80;60;4;True;2000;1;0;0;0;0;0;0;362.5433111190796;45.93814277648926;165372.75811532786;155984.75312306423;5020.773653435179;4367.269999999999;[35.54, 85.54, 33.54, 91.54, 115.54, 115.54, 115.54, 44.54, 42.54, 106.54, 33.54, 83.54, 34.54, 72.54, 98.54, 74.54, 80.54, 103.54, 78.54, 45.54, 96.54, 30.54, 48.54, 69.54, 51.54, 65.54, 70.54, 38.54, 98.54, 67.54, 115.54, 59.54, 112.54, 85.54, 80.54, 82.54, 86.54, 43.54, 71.54, 82.54, 58.54, 52.54, 115.54, 107.54, 78.54, 106.54, 115.54, 52.54, 58.54, 41.54, 61.54, 52.54, 79.54, 39.54, 86.54, 74.54, 62.54, 95.54, 49.54, 28.41];87.13000000000001;[1, 1, 2, 3, 5, 3, 2, 2, 1, 2, 4, 1, 3, 4, 3, 3, 2, 1, 1, 1, 1, 1, 2, 3, 1, 1, 1, 1, 2, 2, 3, 4, 4, 1, 1, 1, 1, 1, 1, 1, 1, 1];4
60;80;60;5;True;2000;1;0;0;0;0;0;0;405.58603715896606;55.44945192337036;164046.5437196682;154192.4403519116;4842.701261123334;5011.400000000001;[72.5, 104.6, 60.7, 80.5, 36.48, 102.6, 102.6, 52.31, 94.6, 58.77, 131.67, 1.0, 60.7, 85.5, 61.96, 141.78, 50.96, 52.96, 76.5, 91.6, 113.67, 109.6, 141.78, 70.5, 23.7, 104.6, 49.46, 44.51, 118.67, 131.67, 123.67, 78.5, 105.6, 72.5, 91.6, 141.78, 25.44, 90.6, 118.67, 59.96, 62.5, 135.43, 67.5, 64.5, 73.5, 41.6, 100.6, 81.5, 89.6, 72.5, 94.6, 55.96, 110.67, 135.43, 63.5, 84.5, 74.5, 62.5, 61.96, 141.78];140.78;[1, 1, 2, 2, 4, 1, 2, 3, 1, 2, 3, 3, 1, 2, 2, 2, 3, 1, 2, 1, 1, 3, 2, 3, 3, 1, 1, 1, 1, 2, 2, 5, 2, 1, 4, 1, 3, 1, 1, 3];4
60;80;60;6;True;2000;1;0;0;0;0;0;0;388.2452325820923;46.427915811538696;168882.1449243484;159907.7548984794;4623.740252026576;4350.510000000002;[59.09, 56.09, 87.09, 83.09, 90.09, 103.09, 65.09, 96.09, 127.09, 34.19, 39.07, 60.09, 92.09, 120.09, 50.09, 20.52, 81.09, 48.09, 57.09, 127.09, 65.09, 67.09, 65.09, 38.47, 113.09, 95.09, 94.09, 51.09, 49.09, 42.13, 58.09, 86.09, 78.09, 127.09, 121.09, 81.09, 101.09, 43.02, 50.09, 95.09, 113.09, 18.08, 43.54, 91.09, 122.09, 60.09, 44.99, 36.81, 84.09, 106.09, 122.09, 9.59, 29.39, 46.09, 62.09, 54.09, 127.09, 54.09, 63.09, 45.48];117.5;[1, 1, 1, 1, 1, 6, 2, 3, 1, 2, 3, 1, 2, 1, 1, 1, 1, 4, 1, 1, 2, 2, 1, 2, 2, 2, 1, 5, 1, 1, 1, 1, 1, 3, 1, 2, 3, 1, 1, 1, 2, 1, 4, 2, 2];5
60;90;60;1;True;2000;1;0;0;0;0;0;0;348.4576840400696;53.6151602268219;184863.87156363382;175093.3860925243;5192.88005338335;4577.490000000002;[96.9, 59.28, 61.28, 97.9, 87.9, 68.9, 52.83, 97.9, 76.9, 66.9, 54.21, 77.9, 97.9, 90.9, 94.9, 92.9, 55.52, 62.28, 92.9, 74.9, 84.9, 30.21, 73.9, 78.9, 68.9, 85.9, 52.44, 94.9, 66.9, 97.9, 83.9, 33.36, 73.9, 97.9, 71.9, 97.9, 97.9, 36.36, 52.83, 97.9, 64.9, 97.9, 86.9, 67.9, 43.95, 59.28, 57.15, 97.9, 97.9, 97.9, 67.9, 97.9, 68.9, 49.97, 90.9, 60.28, 97.9, 70.9, 97.9, 63.56];67.69;[3, 4, 2, 3, 2, 1, 1, 1, 3, 1, 1, 3, 1, 1, 1, 1, 3, 1, 3, 2, 3, 1, 3, 4, 3, 3, 2, 3, 2, 3, 1, 3, 3, 2, 2, 1, 2, 1, 4, 3, 2, 1];3
60;90;60;2;True;2000;1;0;0;0;0;0;0;470.254075050354;55.30677390098572;184371.50505990876;174663.7826169274;5541.8497997240565;4165.75;[74.48, 135.48, 107.48, 58.48, 53.48, 122.48, 46.95, 41.95, 37.95, 95.48, 59.48, 117.48, 47.95, 82.48, 46.95, 55.48, 38.95, 64.48, 80.48, 43.95, 113.48, 135.48, 61.48, 80.48, 66.48, 66.48, 45.95, 54.48, 40.95, 49.48, 93.48, 43.95, 61.48, 61.48, 55.48, 127.48, 76.48, 82.48, 39.95, 71.48, 45.95, 42.95, 62.48, 68.48, 63.48, 57.48, 51.48, 135.48, 54.48, 100.48, 79.48, 49.48, 59.48, 43.95, 76.48, 88.48, 107.48, 36.38, 53.48, 47.95];99.1;[2, 5, 1, 1, 2, 2, 1, 2, 3, 1, 3, 1, 4, 1, 1, 1, 2, 2, 4, 4, 3, 1, 1, 3, 1, 1, 4, 3, 1, 2, 2, 4, 1, 2, 2, 2, 4, 1, 1, 1, 5, 2];4
60;90;60;3;True;2000;1;0;0;0;0;0;0;380.99749279022217;51.7841010093689;180604.15075378696;170957.0456577339;5368.850096564658;4278.370000000002;[58.34, 79.69, 80.69, 75.69, 62.03, 46.71, 46.71, 86.69, 85.69, 76.69, 45.66, 57.4, 114.69, 69.03, 56.4, 71.69, 50.77, 53.67, 50.77, 88.69, 56.4, 90.69, 105.69, 47.79, 53.67, 56.4, 99.69, 37.36, 56.4, 99.69, 41.83, 94.69, 94.69, 89.69, 65.03, 73.69, 78.69, 62.03, 78.69, 110.69, 68.03, 82.69, 67.03, 49.77, 76.69, 51.67, 65.03, 108.69, 59.34, 46.71, 69.38, 43.75, 83.69, 114.69, 49.68, 114.69, 36.36, 72.69, 95.69, 70.9];78.33;[1, 5, 1, 2, 2, 1, 3, 1, 5, 1, 2, 1, 2, 2, 2, 1, 1, 2, 2, 6, 1, 4, 2, 1, 1, 1, 2, 1, 2, 1, 1, 1, 3, 4, 2, 1, 2, 2, 5, 3, 1, 6];5
60;90;60;4;True;2000;1;0;0;0;0;0;0;432.8178324699402;53.791186571121216;187008.51469727137;176548.7447659838;5600.5229939934725;4859.230000000005;[43.3, 100.3, 42.3, 93.3, 118.3, 124.3, 101.3, 78.3, 50.3, 97.3, 49.3, 76.3, 42.3, 69.3, 135.3, 135.3, 82.3, 107.3, 66.3, 59.3, 130.3, 35.52, 52.3, 68.3, 48.3, 65.3, 94.3, 43.3, 61.3, 58.3, 125.3, 87.3, 102.3, 88.3, 76.3, 75.3, 87.3, 52.3, 74.3, 83.3, 66.3, 57.3, 135.3, 135.3, 86.3, 82.3, 135.3, 57.3, 94.3, 49.3, 63.3, 61.3, 135.3, 47.3, 96.3, 81.3, 81.3, 122.3, 53.3, 37.31];99.78;[1, 3, 2, 3, 5, 2, 3, 1, 2, 3, 1, 5, 2, 1, 1, 2, 2, 1, 1, 1, 2, 1, 1, 3, 1, 2, 3, 1, 1, 1, 2, 2, 3, 3, 1, 2, 3, 4, 1, 2, 1, 1, 1, 1, 1, 1, 1, 1, 1];4
60;90;60;5;True;2000;1;0;0;0;0;0;0;459.88048028945923;44.678669929504395;181910.35091790734;171516.49176019596;5315.9735847600095;5077.969999999998;[68.25, 92.16, 57.28, 80.16, 47.75, 106.16, 91.16, 40.56, 90.16, 50.99, 146.16, 1.0, 57.28, 88.16, 61.77, 170.16, 44.16, 46.14, 114.16, 87.16, 115.16, 121.16, 168.16, 70.25, 24.02, 107.16, 41.56, 45.1, 133.16, 142.16, 112.16, 76.71, 117.16, 78.16, 71.05, 174.16, 32.43, 99.16, 97.16, 71.05, 64.63, 134.16, 69.25, 60.91, 82.16, 35.84, 127.16, 90.16, 79.16, 80.16, 71.05, 55.64, 92.16, 111.16, 58.91, 79.16, 65.44, 56.2, 64.63, 162.16];173.16;[2, 1, 1, 1, 2, 1, 1, 2, 3, 2, 2, 4, 1, 3, 2, 2, 1, 1, 1, 4, 3, 3, 1, 3, 1, 2, 3, 1, 3, 2, 1, 1, 3, 1, 1, 1, 3, 2, 2, 2, 3, 2, 2, 1, 2, 1, 3];3
60;90;60;6;True;2000;1;0;0;0;0;0;0;451.0173749923706;64.94829487800598;193219.33675792802;183303.67853595017;5196.955376360474;4718.839999999999;[70.69, 80.69, 130.69, 90.69, 79.69, 104.69, 67.69, 130.69, 104.69, 37.71, 40.82, 58.74, 119.69, 100.69, 55.32, 33.55, 80.69, 63.69, 76.69, 127.69, 68.69, 73.69, 80.69, 37.71, 104.69, 84.69, 83.69, 62.69, 58.74, 53.54, 64.69, 87.69, 77.69, 115.69, 106.69, 71.69, 95.69, 54.32, 64.69, 93.69, 122.69, 32.01, 51.12, 112.69, 129.69, 67.69, 61.69, 42.81, 69.69, 107.69, 130.69, 9.7, 33.77, 51.88, 86.69, 73.69, 130.69, 70.69, 77.69, 58.74];120.99;[1, 3, 3, 1, 5, 5, 6, 1, 1, 3, 3, 3, 2, 1, 1, 1, 1, 2, 2, 1, 1, 1, 1, 1, 2, 1, 1, 2, 2, 1, 1, 1, 5, 2, 2, 3, 2, 1, 2, 2, 1, 1, 4, 2, 2];5
60;100;60;1;True;2000;1;0;0;0;0;0;0;425.10620403289795;51.504557371139526;204539.3237623976;193880.07826705978;5724.555235648406;4934.490000000001;[115.92, 68.92, 51.23, 123.92, 110.92, 67.92, 76.92, 123.92, 69.92, 69.92, 57.65, 71.92, 121.92, 79.92, 114.92, 87.92, 54.23, 76.92, 85.92, 123.92, 81.92, 22.25, 84.92, 99.92, 95.92, 88.92, 47.5, 98.92, 55.94, 123.92, 91.92, 35.14, 75.92, 78.92, 71.92, 107.92, 123.92, 39.21, 48.36, 123.92, 60.65, 93.92, 57.65, 60.65, 46.46, 58.62, 54.23, 121.92, 110.92, 123.92, 69.92, 105.92, 78.92, 47.5, 94.92, 55.23, 123.92, 59.62, 96.92, 60.65];101.67;[2, 2, 5, 4, 1, 2, 1, 1, 1, 1, 3, 1, 2, 1, 2, 1, 4, 1, 3, 3, 2, 1, 1, 4, 3, 1, 2, 2, 1, 4, 4, 1, 4, 1, 2, 1, 1, 1, 1, 3, 3, 2, 1, 2, 2, 5, 2, 1, 1];4
60;100;60;2;True;2000;1;0;0;0;0;0;0;461.27687644958496;58.90140128135681;205173.699527663;194396.1690915392;6278.8381223127335;4498.7699999999995;[67.71, 124.71, 94.71, 60.71, 66.71, 123.71, 50.95, 50.95, 39.95, 125.71, 55.71, 85.71, 50.95, 86.71, 48.95, 66.71, 40.95, 95.71, 120.71, 44.95, 100.71, 79.71, 59.71, 91.71, 125.71, 89.71, 47.95, 54.71, 43.95, 53.95, 123.71, 45.95, 71.71, 61.71, 71.71, 116.71, 124.71, 78.71, 46.95, 76.71, 124.71, 46.95, 68.71, 72.71, 59.71, 59.71, 49.95, 125.71, 57.71, 95.71, 103.71, 55.71, 63.71, 41.95, 92.71, 87.71, 78.71, 35.8, 53.95, 53.95];89.91;[6, 1, 3, 3, 2, 1, 1, 2, 1, 2, 1, 3, 1, 1, 1, 2, 1, 4, 2, 5, 4, 3, 1, 1, 1, 3, 1, 2, 2, 4, 3, 3, 3, 1, 1, 1, 1, 3, 1, 2, 2, 1, 3, 2, 1, 5, 1, 1];5
60;100;60;3;True;2000;1;0;0;0;0;0;0;548.97434425354;78.74753737449646;209003.1219328593;198013.2837469282;5980.246528194295;5009.540000000001;[83.05, 85.28, 96.65, 110.91, 97.65, 47.95, 43.39, 96.65, 93.65, 108.91, 41.71, 71.26, 132.91, 88.65, 56.25, 65.83, 48.51, 66.14, 50.0, 112.91, 63.31, 89.65, 151.91, 47.95, 59.42, 60.47, 142.91, 44.55, 58.42, 91.87, 43.06, 119.91, 84.05, 99.65, 90.87, 75.18, 85.28, 72.88, 118.91, 89.65, 71.26, 100.65, 78.67, 50.0, 71.26, 59.92, 73.88, 102.64, 65.83, 44.55, 68.43, 43.06, 129.91, 136.91, 51.87, 146.91, 39.17, 149.91, 129.91, 106.64];112.74;[2, 2, 1, 4, 2, 1, 1, 3, 1, 4, 1, 1, 2, 2, 2, 2, 1, 3, 1, 1, 4, 4, 2, 2, 1, 5, 1, 3, 1, 1, 2, 1, 1, 1, 2, 1, 3, 3, 1, 1, 1, 1, 2, 7, 4, 3, 5];6
60;100;60;4;True;2000;1;0;0;0;0;0;0;478.4953680038452;54.0031201839447;207233.86104768486;195874.4847901957;6181.389583842411;5178.109999999995;[50.3, 95.95, 47.17, 109.95, 122.95, 146.95, 90.95, 82.95, 39.25, 144.95, 41.33, 99.95, 49.44, 83.95, 127.95, 90.95, 83.95, 103.95, 78.95, 68.95, 94.95, 34.43, 67.95, 79.95, 54.11, 69.95, 91.95, 45.54, 101.95, 70.95, 87.95, 90.95, 87.95, 114.95, 77.95, 112.95, 92.95, 61.95, 87.95, 123.95, 79.95, 60.95, 117.95, 130.95, 107.95, 96.95, 146.95, 66.95, 102.95, 60.95, 72.95, 64.95, 104.95, 57.95, 118.95, 91.95, 73.95, 88.95, 62.95, 56.09];112.51999999999998;[1, 2, 4, 1, 4, 2, 3, 5, 2, 1, 1, 3, 3, 3, 2, 1, 3, 1, 1, 1, 2, 1, 1, 1, 1, 2, 2, 1, 2, 3, 2, 1, 1, 2, 4, 2, 1, 3, 4, 7, 1, 2, 2, 1, 2, 1, 2, 1, 1];6
60;100;60;5;True;2000;1;0;0;0;0;0;0;429.53947019577026;58.197877645492554;205673.14148824743;194548.01135338523;5950.577045712794;5174.51;[75.78, 122.78, 63.42, 93.78, 56.07, 107.78, 85.78, 55.42, 102.78, 59.45, 128.78, 1.0, 76.78, 102.78, 69.05, 128.78, 53.35, 56.07, 80.78, 94.78, 126.78, 119.78, 128.78, 75.78, 34.26, 111.78, 51.62, 56.65, 128.78, 127.78, 84.78, 92.78, 113.78, 87.78, 79.78, 128.78, 42.21, 88.78, 128.78, 66.92, 67.92, 96.78, 73.78, 74.78, 92.78, 44.19, 114.78, 98.78, 81.78, 79.78, 114.78, 62.24, 98.78, 98.78, 70.05, 80.78, 78.78, 72.32, 72.32, 108.78];127.78;[4, 1, 1, 1, 2, 1, 1, 1, 3, 3, 1, 2, 4, 1, 1, 2, 2, 1, 3, 1, 1, 1, 1, 1, 2, 3, 1, 3, 2, 2, 5, 1, 3, 5, 1, 1, 1, 2, 1, 1, 4, 4, 4, 2, 2, 2, 1, 2, 1, 2, 2];4
60;100;60;6;True;2000;1;0;0;0;0;0;0;538.076934337616;87.44371247291565;217003.12239348996;205037.31506907157;5877.602841937063;6088.159999999995;[102.95, 88.95, 124.95, 117.95, 94.95, 148.95, 92.95, 129.95, 158.95, 63.59, 70.46, 81.7, 143.95, 114.95, 73.2, 53.72, 105.95, 102.95, 84.95, 126.95, 98.95, 113.95, 103.95, 58.79, 133.95, 158.95, 112.95, 72.45, 78.04, 61.76, 86.95, 107.95, 100.95, 131.95, 129.95, 85.95, 142.95, 64.4, 89.95, 115.95, 134.95, 58.31, 76.96, 151.95, 158.95, 80.7, 75.96, 69.07, 108.95, 125.95, 134.95, 42.45, 55.4, 70.46, 99.95, 96.95, 158.95, 79.04, 90.95, 83.7];116.49999999999999;[2, 3, 3, 1, 4, 5, 4, 1, 3, 4, 2, 4, 1, 1, 2, 2, 1, 2, 1, 4, 2, 1, 1, 2, 1, 2, 1, 2, 2, 3, 1, 1, 1, 3, 1, 3, 1, 3, 1, 1, 3, 2, 1, 4, 2, 4, 1];4
70;70;70;1;True;2000;1;0;0;0;0;0;0;362.1544852256775;46.868367433547974;141123.5784063914;133185.57046755546;4223.191218550602;3714.9099999999953;[95.49, 25.63, 33.49, 73.49, 55.49, 51.49, 46.49, 74.49, 53.49, 42.49, 12.3, 59.49, 67.49, 52.49, 55.49, 73.49, 22.63, 40.49, 74.49, 71.49, 55.49, 4.31, 64.49, 40.49, 55.49, 49.49, 26.63, 54.49, 46.49, 115.49, 67.49, 17.44, 58.49, 91.49, 50.49, 63.49, 85.49, 18.65, 24.63, 80.49, 32.49, 84.49, 29.49, 62.49, 21.63, 30.49, 26.63, 115.49, 78.49, 115.49, 34.49, 63.49, 41.49, 24.63, 46.49, 33.49, 101.49, 43.49, 94.49, 46.49, 59.49, 39.49, 63.49, 85.49, 32.49, 45.49, 37.49, 23.63, 19.1, 28.63];111.17999999999999;[3, 2, 1, 1, 2, 3, 2, 3, 1, 1, 1, 1, 1, 1, 1, 1, 4, 1, 3, 1, 3, 1, 4, 1, 1, 1, 1, 1, 2, 5, 3, 1, 1, 4, 1, 2, 2, 1, 1];4
70;70;70;2;True;2000;1;0;0;0;0;0;0;359.92197036743164;49.34323596954346;140573.4119527733;133292.83188104452;4095.977688968043;3184.7300000000027;[45.67, 91.67, 91.67, 31.67, 28.67, 91.67, 23.67, 18.67, 12.67, 63.67, 25.67, 60.67, 26.67, 56.67, 24.67, 16.67, 13.67, 66.67, 49.67, 16.67, 82.67, 49.67, 37.67, 58.67, 91.67, 64.67, 24.67, 35.67, 22.67, 19.67, 65.67, 19.67, 47.67, 36.67, 69.67, 70.67, 76.67, 33.67, 14.67, 40.67, 48.67, 73.67, 40.67, 47.67, 35.67, 29.67, 27.67, 91.67, 39.67, 54.67, 60.67, 33.67, 41.67, 15.67, 48.67, 68.67, 54.67, 9.91, 21.67, 31.67, 34.67, 45.67, 41.67, 75.67, 79.67, 50.67, 65.67, 24.67, 57.67, 11.26];81.76;[5, 1, 1, 2, 1, 1, 1, 1, 1, 1, 2, 1, 1, 1, 3, 5, 3, 1, 3, 1, 2, 2, 4, 1, 3, 1, 1, 3, 2, 1, 1, 2, 1, 1, 1, 1, 3, 2, 1, 1];4
70;70;70;3;True;2000;1;0;0;0;0;0;0;403.1444683074951;60.32428550720215;140687.44145918876;133407.01333697807;4019.8254925994875;3260.830000000002;[40.59, 50.59, 62.59, 50.59, 69.59, 18.46, 19.46, 69.59, 94.59, 53.59, 15.46, 33.59, 111.59, 51.59, 30.59, 40.59, 26.59, 30.59, 14.46, 63.59, 21.46, 44.59, 78.59, 24.59, 34.59, 29.59, 82.59, 15.46, 30.59, 46.59, 12.46, 57.59, 90.59, 117.59, 81.59, 37.59, 62.59, 48.59, 53.59, 64.59, 35.59, 61.59, 35.59, 16.46, 35.59, 20.46, 38.59, 65.59, 40.59, 11.46, 37.59, 10.46, 90.59, 79.59, 25.59, 96.59, 7.18, 89.59, 74.59, 71.59, 60.59, 46.59, 78.59, 1.77, 3.5, 34.59, 42.59, 39.59, 1.0, 23.46];116.59;[1, 1, 3, 1, 3, 2, 4, 1, 1, 1, 1, 1, 1, 2, 2, 2, 4, 5, 1, 1, 1, 1, 1, 1, 1, 2, 1, 2, 1, 5, 1, 1, 4, 3, 2, 2, 2, 1];4
70;70;70;4;True;2000;1;0;0;0;0;0;0;384.9222745895386;57.66333198547363;146284.82225623453;137628.47773271237;4233.4120018574395;4422.799999999996;[22.92, 70.45, 14.85, 97.45, 105.45, 108.45, 61.45, 44.45, 31.54, 77.45, 21.06, 82.45, 19.56, 53.45, 122.45, 46.45, 60.45, 85.45, 69.45, 45.45, 113.45, 9.18, 32.46, 55.45, 39.16, 75.45, 59.45, 18.53, 76.45, 49.45, 117.45, 51.45, 121.45, 57.45, 60.45, 87.45, 98.45, 39.16, 77.45, 64.45, 52.45, 36.58, 122.45, 90.45, 76.45, 65.45, 70.45, 43.45, 54.45, 34.82, 61.45, 52.45, 79.45, 28.94, 86.45, 67.45, 61.45, 75.45, 42.45, 25.81, 11.28, 29.35, 122.45, 44.45, 49.45, 105.45, 53.45, 105.45, 86.45, 41.75];113.27000000000001;[2, 2, 2, 2, 1, 1, 4, 1, 2, 1, 4, 2, 3, 1, 2, 1, 2, 3, 2, 3, 2, 1, 2, 1, 4, 1, 1, 1, 1, 1, 1, 2, 1, 1, 2, 2, 5];4
70;70;70;5;True;2000;1;0;0;0;0;0;0;394.41890478134155;50.899264097213745;140708.04866582958;131904.99914136744;4154.63979157191;4648.6100000000015;[50.22, 125.32, 44.34, 58.32, 23.85, 85.32, 90.32, 29.36, 73.32, 44.99, 146.32, 1.0, 30.41, 50.22, 53.32, 96.32, 34.1, 30.41, 60.32, 67.32, 118.32, 83.32, 135.32, 37.07, 2.43, 114.32, 18.08, 33.17, 146.32, 108.32, 57.32, 67.32, 89.32, 80.32, 48.3, 114.32, 15.01, 66.32, 70.32, 51.32, 34.49, 83.32, 51.32, 44.34, 60.32, 13.18, 87.32, 63.32, 75.32, 59.32, 59.32, 31.29, 73.32, 83.32, 41.92, 62.32, 55.32, 51.22, 46.5, 128.32, 126.32, 62.32, 94.32, 100.32, 70.32, 44.99, 76.32, 69.32, 91.32, 56.32];145.32;[1, 1, 1, 1, 1, 2, 1, 1, 1, 2, 2, 4, 2, 2, 3, 2, 1, 2, 2, 1, 1, 1, 3, 2, 2, 3, 3, 1, 1, 1, 1, 1, 1, 1, 2, 2, 1, 1, 2, 5, 2];4
70;70;70;6;True;2000;1;0;0;0;0;0;0;371.44038438796997;66.43707299232483;148249.05730654555;139759.78355865018;4145.195148255274;4344.020000000002;[91.0, 47.35, 112.0, 72.0, 55.28, 61.28, 54.28, 100.0, 124.0, 29.5, 40.28, 50.44, 85.0, 50.44, 40.28, 10.22, 75.0, 94.0, 47.35, 95.0, 74.0, 51.94, 77.0, 28.17, 84.0, 118.0, 54.28, 38.8, 34.03, 27.98, 47.35, 92.0, 71.0, 124.0, 64.28, 65.28, 98.0, 33.03, 56.28, 67.28, 100.0, 20.92, 37.66, 116.0, 100.0, 60.28, 15.91, 20.92, 38.8, 61.28, 101.0, 9.17, 11.27, 28.17, 84.0, 50.94, 124.0, 41.03, 61.28, 21.85, 36.64, 21.85, 32.48, 57.28, 72.0, 119.0, 53.39, 70.0, 67.28, 68.22];114.83;[2, 4, 1, 1, 2, 2, 3, 3, 1, 2, 2, 1, 2, 2, 1, 1, 2, 1, 3, 1, 4, 2, 1, 2, 1, 1, 1, 3, 3, 1, 1, 1, 4, 1, 1, 3, 1, 1, 1];3
70;80;70;1;True;2000;1;0;0;0;0;0;0;401.8142614364624;60.094571352005005;165232.07249403535;156111.78938704988;4652.147705356397;4468.09;[117.29, 58.29, 35.3, 83.29, 70.29, 63.29, 56.29, 111.29, 62.29, 47.29, 25.53, 68.29, 117.29, 68.29, 49.29, 82.29, 41.3, 44.29, 77.29, 75.29, 71.29, 7.52, 90.29, 49.29, 63.29, 77.29, 34.3, 85.29, 75.29, 117.29, 72.29, 23.92, 77.29, 77.29, 65.29, 85.29, 81.29, 19.53, 37.3, 85.29, 29.47, 94.29, 39.3, 61.29, 34.3, 34.3, 38.3, 117.29, 78.29, 96.29, 47.29, 109.29, 55.29, 28.47, 84.29, 49.29, 82.29, 58.29, 91.29, 50.29, 75.29, 63.29, 74.29, 78.29, 39.3, 57.29, 48.29, 40.3, 20.27, 42.3];109.77000000000001;[5, 2, 2, 3, 1, 2, 3, 1, 2, 1, 1, 2, 2, 4, 1, 2, 3, 1, 4, 2, 4, 1, 1, 1, 1, 2, 2, 5, 1, 2, 5, 2, 2, 1, 1, 2, 1, 1, 1];4
70;80;70;2;True;2000;1;0;0;0;0;0;0;431.545033454895;50.007009506225586;159732.9717983255;151462.83149625568;4794.064112689181;3476.4000000000033;[51.44, 72.44, 114.44, 44.44, 38.44, 125.44, 29.44, 20.44, 16.44, 63.44, 29.44, 58.44, 28.44, 59.44, 32.44, 29.44, 17.44, 50.44, 62.44, 20.44, 69.44, 43.44, 41.44, 47.44, 115.44, 78.44, 26.44, 37.44, 25.44, 31.44, 56.44, 25.44, 45.44, 37.44, 63.44, 85.44, 77.44, 38.44, 22.44, 52.44, 36.44, 75.44, 44.44, 48.44, 28.44, 32.44, 34.44, 100.44, 40.44, 85.44, 62.44, 38.44, 36.44, 20.44, 54.44, 68.44, 73.44, 9.64, 27.44, 30.44, 32.44, 57.44, 42.44, 84.44, 78.44, 52.44, 93.44, 36.44, 50.44, 14.84];115.8;[2, 1, 4, 2, 1, 1, 1, 3, 1, 1, 1, 2, 2, 5, 4, 1, 4, 1, 1, 1, 3, 3, 3, 1, 1, 1, 2, 2, 2, 2, 2, 1, 1, 1, 2, 1, 1, 1, 4, 2, 2, 3];4
70;80;70;3;True;2000;1;0;0;0;0;0;0;413.61353063583374;60.59747076034546;161033.88322300202;153086.3925556072;4779.8634067393805;3167.720000000002;[43.59, 54.59, 51.59, 51.59, 41.59, 20.57, 17.57, 48.59, 61.59, 58.59, 17.57, 33.59, 97.59, 52.59, 27.59, 43.59, 28.59, 33.59, 12.57, 57.59, 25.57, 40.59, 74.59, 30.59, 34.59, 28.59, 84.59, 17.57, 40.59, 45.59, 15.57, 64.59, 74.59, 97.59, 66.59, 37.59, 69.59, 43.59, 78.59, 63.59, 37.59, 69.59, 35.59, 30.59, 50.59, 27.59, 39.59, 59.59, 40.59, 15.57, 30.59, 11.57, 72.59, 80.59, 22.57, 97.59, 8.66, 78.59, 83.59, 62.59, 49.59, 41.59, 55.59, 1.77, 12.57, 44.59, 48.59, 40.59, 1.0, 26.57];96.59;[1, 2, 1, 2, 1, 3, 1, 3, 4, 1, 1, 1, 1, 3, 1, 1, 1, 2, 1, 2, 4, 3, 1, 1, 1, 3, 1, 1, 2, 1, 1, 2, 2, 1, 1, 7, 3, 1, 4, 1, 1, 1, 2, 2];6
70;80;70;4;True;2000;1;0;0;0;0;0;0;423.42202949523926;67.13884353637695;167457.14644588617;157312.7420036944;5067.696087035421;5076.569999999995;[38.67, 87.12, 31.55, 94.12, 126.12, 108.12, 95.12, 54.84, 49.37, 83.12, 36.91, 81.12, 38.67, 56.69, 94.12, 128.12, 82.12, 113.12, 75.12, 49.4, 121.12, 16.66, 58.12, 66.12, 44.69, 88.12, 62.12, 25.83, 66.12, 53.9, 94.12, 53.9, 128.12, 61.12, 58.12, 111.12, 97.12, 48.46, 74.12, 128.12, 63.12, 58.12, 82.12, 73.12, 83.12, 66.12, 113.12, 51.24, 64.12, 43.91, 55.69, 48.44, 125.12, 42.17, 101.12, 72.12, 85.12, 77.12, 47.73, 38.67, 24.11, 43.17, 114.12, 45.69, 51.24, 106.12, 87.12, 106.12, 70.12, 56.69];111.46000000000001;[2, 2, 3, 3, 1, 1, 3, 3, 3, 3, 4, 1, 2, 1, 1, 1, 3, 2, 2, 1, 2, 2, 1, 1, 5, 2, 3, 1, 1, 1, 2, 3, 2, 1, 1, 2, 1, 2, 1, 1, 1, 2];4
70;80;70;5;True;2000;1;0;0;0;0;0;0;405.0302047729492;59.77665948867798;161509.68071495276;151502.9848417477;4855.522271291055;5151.0199999999995;[59.41, 102.72, 55.05, 65.72, 32.97, 91.72, 73.72, 39.65, 79.72, 49.39, 89.72, 1.0, 42.57, 55.05, 55.05, 90.72, 40.55, 38.55, 78.72, 79.72, 130.72, 89.72, 144.72, 46.76, 19.24, 121.72, 27.75, 36.82, 104.72, 134.72, 63.25, 80.72, 113.72, 67.72, 61.87, 148.72, 20.38, 83.72, 77.72, 57.44, 39.28, 100.72, 54.05, 51.7, 74.72, 24.43, 134.72, 66.72, 71.72, 63.25, 89.72, 30.43, 117.72, 101.72, 46.04, 67.72, 56.05, 57.44, 49.7, 137.72, 130.72, 62.25, 102.72, 97.72, 64.31, 48.39, 80.72, 108.72, 101.72, 64.31];147.72;[2, 1, 1, 1, 1, 2, 2, 2, 1, 1, 1, 2, 3, 1, 1, 2, 2, 2, 4, 1, 1, 3, 2, 2, 1, 1, 4, 4, 2, 3, 1, 1, 1, 1, 1, 2, 2, 1, 4, 2, 1, 3, 2, 2];3
70;80;70;6;True;2000;1;0;0;0;0;0;0;455.1894459724426;82.09208059310913;170709.3404023956;161230.5312770894;4581.817676144991;4897.129999999999;[58.58, 59.05, 132.56, 103.56, 77.56, 81.56, 65.31, 86.56, 132.56, 28.93, 50.33, 57.58, 73.28, 71.28, 48.38, 17.03, 79.56, 83.56, 60.06, 104.56, 66.31, 66.31, 64.31, 36.44, 122.56, 84.56, 77.56, 47.36, 43.85, 35.95, 67.31, 66.31, 80.56, 75.56, 94.56, 91.56, 81.56, 43.31, 54.11, 82.56, 73.28, 21.66, 43.85, 132.56, 101.56, 81.56, 26.22, 31.37, 51.33, 132.56, 127.56, 9.14, 19.75, 31.99, 112.56, 55.6, 132.56, 51.33, 59.05, 39.7, 46.36, 37.98, 49.47, 67.31, 56.09, 129.56, 68.31, 101.56, 75.28, 75.56];123.42;[3, 4, 2, 3, 3, 5, 1, 2, 2, 2, 2, 1, 1, 1, 5, 1, 2, 1, 5, 2, 1, 1, 2, 4, 1, 1, 1, 1, 1, 1, 1, 1, 1, 1, 1, 4, 1, 1, 2, 3, 1, 1];4
70;90;70;1;True;2000;1;0;0;0;0;0;0;454.1711268424988;62.92798471450806;185685.33934235395;175880.65389840386;5196.231965175986;4608.35;[77.39, 37.42, 43.39, 100.39, 70.39, 58.39, 62.39, 119.39, 65.39, 46.39, 36.42, 63.39, 137.39, 88.39, 53.39, 79.39, 40.39, 52.39, 73.39, 60.39, 67.39, 24.44, 62.39, 48.39, 61.39, 68.39, 43.39, 85.39, 54.39, 134.39, 72.39, 28.33, 72.39, 71.39, 66.39, 91.39, 80.39, 24.44, 43.39, 116.39, 44.39, 89.39, 43.39, 47.39, 37.42, 41.39, 42.39, 94.39, 106.39, 100.39, 44.39, 86.39, 55.39, 38.18, 76.39, 51.39, 117.39, 54.39, 108.39, 52.39, 58.39, 67.39, 81.39, 112.39, 47.39, 58.39, 47.39, 47.39, 34.52, 39.39];112.94999999999999;[3, 1, 3, 2, 2, 2, 4, 1, 1, 2, 4, 1, 1, 2, 2, 1, 2, 3, 1, 1, 2, 2, 3, 2, 3, 5, 1, 1, 4, 2, 2, 1, 2, 1, 5, 3, 2, 1, 2, 1, 3, 1, 1, 1];4
70;90;70;2;True;2000;1;0;0;0;0;0;0;501.4011402130127;84.2854368686676;187163.8737146009;177069.16676743288;5654.072186638151;4440.510000000003;[66.92, 105.92, 130.92, 72.92, 54.92, 84.92, 48.92, 30.92, 27.92, 82.92, 36.92, 73.92, 37.92, 76.92, 43.92, 52.92, 28.92, 93.92, 78.92, 31.92, 89.92, 51.92, 55.92, 94.92, 130.92, 91.92, 35.92, 44.92, 32.92, 43.92, 78.92, 33.92, 61.92, 49.92, 82.92, 99.92, 87.92, 71.92, 32.92, 62.92, 108.92, 39.92, 74.92, 56.92, 55.92, 41.92, 53.92, 111.92, 46.92, 67.92, 47.92, 43.92, 60.92, 34.92, 83.92, 82.92, 96.92, 9.96, 38.92, 40.92, 40.92, 72.92, 51.92, 129.92, 64.92, 67.92, 81.92, 47.92, 56.92, 24.99];120.95999999999998;[2, 2, 1, 1, 3, 1, 2, 1, 1, 1, 1, 1, 1, 2, 1, 2, 3, 6, 4, 2, 2, 1, 1, 1, 4, 1, 1, 4, 1, 1, 1, 1, 2, 3, 1, 3, 2, 1, 2, 3, 1, 2, 1, 7, 2, 1, 2];6
70;90;70;3;True;2000;1;0;0;0;0;0;0;458.6080832481384;73.50009346008301;182248.90939691244;173182.27979419002;5432.097692452201;3634.639999999997;[41.62, 81.62, 66.62, 96.62, 45.62, 19.4, 25.4, 67.62, 87.62, 66.62, 22.4, 33.62, 111.62, 53.62, 31.62, 36.62, 49.62, 44.62, 24.4, 47.62, 34.62, 50.62, 87.62, 27.4, 38.62, 29.4, 59.62, 21.4, 33.62, 48.62, 19.4, 79.62, 85.62, 111.62, 84.62, 48.62, 57.62, 39.62, 71.62, 64.62, 42.62, 72.62, 40.62, 26.4, 41.62, 29.4, 38.62, 64.62, 34.62, 26.4, 36.62, 22.4, 89.62, 84.62, 28.4, 111.62, 15.4, 82.62, 101.62, 50.62, 111.62, 58.62, 96.62, 2.0, 17.4, 46.62, 47.62, 33.62, 1.0, 29.4];110.62;[2, 5, 4, 1, 3, 2, 3, 2, 1, 2, 1, 2, 1, 1, 3, 1, 2, 3, 1, 3, 4, 1, 1, 3, 1, 1, 1, 1, 1, 3, 1, 2, 1, 1, 5, 1, 2, 5, 3, 1, 3, 3, 1, 1];4
70;90;70;4;True;2000;1;0;0;0;0;0;0;396.9642958641052;66.30452704429626;185908.47204751114;175771.3724052265;5498.17459803333;4639.150000000001;[30.65, 81.9, 28.18, 83.9, 104.9, 104.9, 92.9, 54.9, 45.45, 82.9, 31.35, 66.9, 31.35, 63.9, 104.9, 90.9, 74.9, 75.9, 54.9, 55.9, 81.9, 26.7, 41.6, 59.9, 32.35, 74.9, 79.9, 26.7, 55.9, 50.9, 99.9, 66.9, 104.9, 60.9, 64.9, 74.9, 86.9, 37.01, 54.9, 104.9, 64.9, 52.9, 104.9, 92.9, 93.9, 83.9, 100.9, 42.52, 70.9, 37.01, 58.9, 47.95, 104.9, 35.72, 92.9, 66.9, 77.9, 69.9, 41.11, 34.72, 20.21, 35.72, 90.9, 48.9, 52.9, 98.9, 65.9, 94.9, 58.9, 47.95];84.69;[2, 1, 3, 5, 2, 1, 5, 1, 4, 1, 4, 2, 1, 1, 1, 1, 3, 1, 2, 1, 2, 1, 3, 2, 2, 2, 1, 1, 4, 3, 4, 1, 4, 1, 2, 4, 1, 1, 1, 1, 1, 1, 1, 2, 2];4
70;90;70;5;True;2000;1;0;0;0;0;0;0;477.24972915649414;76.1600890159607;185638.86511222305;174809.6562537529;5304.142390534273;5525.169999999995;[65.04, 73.45, 57.86, 87.45, 38.64, 101.45, 94.45, 37.06, 91.45, 54.93, 115.45, 1.0, 46.88, 64.82, 63.61, 96.45, 42.11, 43.1, 97.45, 85.45, 110.45, 101.45, 146.45, 51.24, 19.85, 142.45, 34.49, 35.2, 143.45, 146.45, 78.45, 91.45, 108.45, 68.25, 71.46, 99.45, 21.63, 81.45, 114.45, 53.89, 45.06, 84.45, 59.61, 63.61, 72.66, 26.74, 99.45, 78.45, 90.45, 70.46, 69.14, 38.64, 82.45, 92.45, 57.62, 64.82, 63.61, 65.04, 63.61, 141.45, 133.45, 81.45, 141.45, 123.45, 75.45, 54.63, 92.45, 146.45, 95.45, 72.66];145.45;[1, 1, 2, 2, 1, 1, 1, 1, 2, 2, 1, 1, 2, 4, 1, 3, 2, 1, 3, 4, 1, 3, 1, 2, 3, 3, 1, 1, 2, 3, 3, 2, 2, 2, 1, 1, 1, 1, 2, 1, 3, 1, 2, 1, 1, 6, 1, 3];5
70;90;70;6;True;2000;1;0;0;0;0;0;0;398.01153326034546;72.19328689575195;190296.7903204976;180044.97513726828;5205.132142539985;5046.800000000002;[73.88, 61.74, 113.84, 101.84, 65.36, 82.84, 64.36, 113.84, 113.84, 32.67, 47.03, 72.88, 94.84, 78.42, 50.91, 24.9, 111.84, 88.84, 50.91, 91.84, 80.84, 59.74, 75.42, 40.54, 113.84, 87.84, 73.88, 53.83, 55.62, 39.42, 60.74, 81.84, 69.72, 76.42, 87.84, 96.84, 85.84, 45.03, 71.27, 113.84, 108.84, 33.47, 46.03, 92.84, 99.84, 61.74, 37.19, 28.46, 63.36, 113.84, 113.84, 9.46, 24.98, 46.03, 103.84, 59.74, 113.84, 50.91, 69.72, 36.09, 47.03, 41.78, 51.88, 42.8, 67.18, 93.84, 61.74, 100.84, 104.84, 113.84];104.38;[2, 3, 5, 3, 2, 2, 2, 4, 2, 1, 5, 3, 1, 2, 1, 2, 6, 2, 1, 2, 1, 1, 1, 2, 1, 1, 2, 1, 2, 2, 2, 2, 2, 1, 1, 1, 5, 1, 1, 1, 2, 1, 4, 1];5
70;100;70;1;True;2000;1;0;0;0;0;0;0;416.7492871284485;75.23095679283142;207545.89975096707;196714.924435346;5800.090586342202;5030.91;[74.82, 56.82, 57.82, 98.82, 86.82, 59.82, 65.82, 103.82, 77.82, 54.82, 47.34, 72.82, 103.82, 85.82, 60.82, 103.82, 45.34, 50.34, 87.82, 64.82, 77.82, 28.73, 66.82, 57.82, 58.82, 82.82, 50.34, 80.82, 60.82, 103.82, 103.82, 35.61, 99.82, 96.82, 90.82, 103.82, 93.82, 44.34, 52.34, 90.82, 53.34, 103.82, 52.34, 53.34, 45.34, 52.34, 50.34, 103.82, 103.82, 103.82, 51.34, 103.82, 64.82, 38.46, 81.82, 48.34, 81.82, 62.82, 103.82, 67.82, 66.82, 69.82, 103.82, 94.82, 62.82, 64.82, 49.34, 56.82, 39.67, 54.34];75.08999999999999;[4, 1, 2, 3, 1, 2, 3, 1, 1, 1, 1, 2, 2, 1, 3, 1, 1, 2, 2, 1, 1, 6, 4, 3, 4, 2, 3, 3, 1, 2, 2, 1, 4, 3, 3, 1, 2, 1, 2, 3, 2, 1, 2, 3, 1, 1, 1, 3];5
70;100;70;2;True;2000;1;0;0;0;0;0;0;478.98591136932373;76.09112763404846;206376.92091835145;195486.04290661565;6421.161440967156;4469.639999999997;[61.43, 109.43, 119.43, 56.43, 55.43, 119.43, 43.43, 35.43, 32.43, 80.43, 42.43, 96.43, 44.43, 81.43, 47.43, 50.43, 33.43, 59.43, 75.43, 35.43, 86.43, 63.43, 54.43, 79.43, 110.43, 69.43, 41.43, 46.43, 36.43, 46.43, 97.43, 38.43, 78.43, 51.43, 66.43, 119.43, 74.43, 76.43, 34.43, 64.43, 43.43, 40.43, 58.43, 63.43, 86.43, 51.43, 54.43, 80.43, 58.43, 96.43, 88.43, 57.43, 56.43, 37.43, 63.43, 70.43, 67.43, 10.9, 47.43, 50.43, 44.43, 73.43, 58.43, 119.43, 82.43, 68.43, 93.43, 51.43, 50.43, 29.5];108.53;[1, 1, 2, 1, 1, 4, 2, 2, 1, 2, 3, 1, 1, 1, 1, 1, 2, 1, 2, 2, 6, 2, 1, 1, 1, 4, 3, 1, 1, 4, 2, 1, 1, 1, 3, 3, 3, 3, 1, 4, 3, 1, 1, 1, 2, 1, 1, 1, 5, 3, 1, 2];5
70;100;70;3;True;2000;1;0;0;0;0;0;0;529.0371074676514;104.39918231964111;212095.2552580399;202116.95087567728;5889.83589375117;4088.7099999999964;[49.7, 66.7, 67.7, 68.7, 56.7, 27.84, 29.84, 74.7, 96.7, 75.7, 30.84, 55.7, 97.7, 58.7, 43.7, 51.7, 54.7, 42.7, 37.84, 72.7, 47.7, 82.7, 85.7, 34.84, 42.7, 38.84, 69.7, 32.84, 42.7, 65.7, 27.84, 62.7, 97.7, 95.7, 90.7, 58.7, 69.7, 52.7, 53.7, 82.7, 60.7, 97.7, 53.7, 34.84, 50.7, 39.7, 45.7, 65.7, 52.7, 33.84, 46.7, 31.84, 90.7, 96.7, 34.84, 97.7, 19.85, 93.7, 93.7, 89.7, 97.7, 74.7, 64.7, 2.0, 25.84, 52.7, 57.7, 46.7, 1.0, 38.84];96.7;[3, 1, 5, 2, 2, 3, 4, 1, 2, 1, 2, 1, 1, 2, 2, 3, 1, 4, 2, 3, 6, 4, 1, 2, 3, 1, 1, 1, 2, 2, 2, 2, 3, 1, 1, 6, 1, 3, 1, 4, 2, 1, 1, 2, 2];5
70;100;70;4;True;2000;1;0;0;0;0;0;0;454.8289713859558;84.43587803840637;209059.6654422207;197088.83638737342;6096.396771526495;5874.4699999999975;[44.3, 104.15, 22.46, 113.15, 129.15, 129.15, 116.15, 72.15, 56.49, 92.15, 36.44, 113.15, 44.3, 77.15, 117.15, 81.15, 97.15, 105.15, 87.15, 60.02, 102.15, 30.36, 60.32, 86.15, 45.71, 93.15, 106.15, 37.92, 74.15, 82.15, 102.15, 86.15, 129.15, 98.15, 105.15, 109.15, 103.15, 53.59, 85.15, 84.15, 85.15, 72.15, 129.15, 107.15, 103.15, 81.15, 113.15, 60.02, 70.15, 52.53, 75.15, 54.53, 120.15, 52.53, 88.15, 87.15, 100.15, 94.15, 70.15, 48.0, 41.87, 50.27, 106.15, 63.63, 64.63, 118.15, 88.15, 129.15, 110.15, 66.2];106.69;[1, 4, 2, 4, 5, 2, 1, 1, 2, 1, 4, 2, 2, 1, 2, 4, 1, 3, 1, 1, 4, 1, 2, 4, 2, 1, 3, 2, 1, 2, 1, 3, 1, 3, 1, 1, 5, 2, 1, 1, 1, 1, 2, 1, 1, 5, 2, 2];4
70;100;70;5;True;2000;1;0;0;0;0;0;0;481.6998677253723;89.89154410362244;207785.03790179876;195960.49876974837;5961.221146118545;5863.1200000000035;[70.89, 88.88, 62.26, 91.88, 39.83, 105.88, 99.88, 51.54, 91.88, 53.89, 92.88, 23.71, 51.54, 68.36, 64.25, 135.88, 47.66, 45.02, 76.28, 88.88, 112.88, 123.88, 135.88, 58.72, 30.18, 101.88, 30.18, 53.31, 117.88, 131.88, 82.88, 93.88, 121.88, 73.99, 93.88, 131.88, 42.84, 84.88, 135.88, 61.13, 53.31, 102.88, 62.9, 64.11, 84.88, 27.0, 92.88, 104.88, 78.88, 74.99, 119.88, 45.81, 82.88, 108.88, 60.27, 70.89, 71.66, 68.73, 68.36, 125.88, 117.88, 82.88, 126.88, 111.88, 80.88, 68.36, 93.88, 135.88, 124.88, 78.71];112.16999999999999;[2, 1, 1, 3, 1, 1, 1, 2, 4, 1, 1, 3, 1, 3, 1, 1, 1, 3, 3, 1, 4, 1, 1, 3, 3, 6, 1, 1, 2, 4, 1, 1, 2, 2, 2, 2, 4, 1, 1, 1, 1, 1, 2, 3, 1, 2, 2, 1, 3, 5, 1];5
70;100;70;6;True;2000;1;0;0;0;0;0;0;480.52952003479004;88.41013717651367;213019.33843187834;201836.31083843007;5763.893791136795;5419.090000000001;[75.12, 63.18, 128.8, 96.8, 79.12, 83.12, 74.12, 120.8, 128.8, 41.79, 56.53, 62.18, 125.8, 85.12, 81.12, 25.83, 123.8, 88.12, 67.93, 91.8, 66.93, 72.12, 75.12, 42.32, 128.8, 122.8, 97.8, 56.53, 55.25, 50.9, 64.46, 93.8, 72.12, 93.8, 123.8, 77.12, 89.12, 49.9, 60.2, 83.12, 85.12, 41.13, 55.53, 128.8, 87.12, 66.4, 32.2, 39.98, 64.46, 128.8, 84.12, 8.78, 23.2, 61.47, 106.8, 60.47, 102.8, 66.4, 69.35, 52.58, 55.25, 50.9, 51.34, 57.65, 64.46, 128.8, 71.57, 96.8, 90.12, 110.8];120.02000000000001;[4, 4, 1, 1, 5, 2, 5, 1, 2, 2, 4, 1, 1, 3, 1, 1, 4, 3, 1, 2, 1, 5, 2, 2, 1, 2, 1, 2, 1, 2, 1, 1, 1, 2, 2, 1, 1, 1, 2, 1, 1, 1, 1, 1, 2, 1, 3, 4, 3, 2, 1];4
80;80;80;1;True;2000;1;0;0;0;0;0;0;411.66350650787354;78.81765246391296;165339.04264663806;156183.9866592646;4713.156692700879;4442.050000000001;[66.21, 24.92, 21.14, 86.21, 68.21, 62.21, 52.21, 67.21, 54.21, 50.21, 10.49, 62.21, 73.21, 46.21, 72.21, 101.21, 15.36, 37.05, 50.21, 73.21, 66.21, 3.56, 57.21, 48.21, 47.21, 57.21, 26.18, 97.21, 44.21, 86.21, 64.21, 11.49, 76.21, 66.21, 57.21, 71.21, 115.21, 12.5, 19.05, 82.21, 26.18, 109.21, 29.25, 48.21, 20.14, 29.25, 28.48, 115.21, 89.21, 97.21, 34.31, 115.21, 35.31, 11.49, 64.21, 38.05, 91.21, 47.21, 72.21, 49.21, 68.21, 56.21, 115.21, 82.21, 40.35, 49.21, 41.21, 22.42, 12.5, 36.06, 42.21, 115.21, 68.21, 15.69, 4.14, 81.21, 102.21, 42.21, 53.21, 40.35];111.64999999999999;[1, 2, 2, 2, 1, 1, 1, 1, 2, 1, 3, 1, 4, 2, 4, 5, 1, 2, 1, 1, 2, 4, 2, 1, 5, 1, 2, 2, 2, 1, 1, 1, 1, 1, 1, 2, 2, 3, 1, 3, 2, 1, 1];4
80;80;80;2;True;2000;1;0;0;0;0;0;0;479.5911068916321;91.85007977485657;164188.26709459367;154969.03463537784;4853.420441527873;4365.51;[55.0, 75.0, 126.0, 53.0, 32.42, 79.0, 30.42, 24.29, 14.61, 86.0, 29.94, 80.0, 32.42, 47.0, 44.0, 19.54, 11.87, 83.0, 66.0, 21.47, 109.0, 81.0, 37.0, 60.0, 130.0, 81.0, 31.42, 41.0, 23.29, 21.47, 99.0, 26.63, 45.0, 43.0, 129.0, 90.0, 71.0, 68.0, 15.46, 41.0, 48.0, 35.0, 51.0, 50.0, 38.0, 49.0, 44.0, 125.0, 55.0, 74.0, 54.0, 54.0, 61.0, 18.55, 60.0, 85.0, 90.0, 11.87, 17.57, 46.0, 32.42, 55.0, 39.0, 120.0, 66.0, 38.0, 112.0, 26.63, 51.0, 10.86, 42.0, 61.0, 62.0, 13.74, 58.0, 22.2, 40.0, 101.0, 32.42, 61.0];119.14;[1, 2, 3, 1, 1, 2, 2, 2, 1, 2, 1, 2, 5, 2, 3, 1, 1, 2, 1, 1, 1, 2, 1, 2, 7, 3, 1, 1, 4, 1, 4, 1, 4, 3, 2, 1, 1, 1, 2, 2];6
80;80;80;3;True;2000;1;0;0;0;0;0;0;447.9533152580261;91.77978372573853;162006.09027080226;152799.45145652557;4834.013107287802;4372.56;[55.82, 75.82, 68.82, 57.82, 97.82, 29.06, 21.27, 58.82, 84.82, 63.82, 18.15, 49.99, 91.82, 56.82, 32.25, 48.99, 30.27, 32.25, 30.27, 75.82, 42.04, 68.82, 81.82, 23.62, 43.1, 39.15, 90.82, 15.25, 43.1, 56.82, 20.41, 112.82, 64.82, 64.82, 87.82, 67.82, 77.82, 53.82, 67.82, 64.82, 47.99, 71.82, 46.99, 44.99, 45.99, 40.12, 56.82, 79.82, 43.1, 14.09, 47.99, 16.92, 49.99, 114.82, 32.25, 125.82, 6.03, 90.82, 107.82, 67.82, 74.82, 67.82, 68.82, 2.84, 9.54, 52.82, 61.82, 48.99, 1.0, 33.22, 32.25, 36.31, 24.26, 52.82, 84.82, 62.82, 61.82, 80.82, 44.1, 50.99];124.82;[4, 2, 3, 3, 1, 4, 2, 1, 2, 1, 2, 1, 3, 1, 5, 1, 2, 2, 3, 1, 1, 1, 2, 2, 1, 1, 2, 1, 6, 1, 1, 1, 2, 1, 1, 1, 1, 1, 1, 1, 1, 4, 2];5
80;80;80;4;True;2000;1;0;0;0;0;0;0;430.8834443092346;87.72917652130127;167558.44970947993;157286.0307470055;5090.769413254285;5181.569999999997;[32.32, 76.08, 18.26, 72.08, 85.08, 41.99, 87.08, 68.08, 16.05, 94.08, 20.0, 69.08, 27.25, 56.08, 89.08, 58.08, 59.08, 81.08, 55.08, 54.08, 112.08, 8.49, 38.6, 55.08, 36.32, 63.08, 58.08, 18.98, 78.08, 43.76, 116.08, 52.08, 127.08, 60.08, 65.08, 61.08, 86.08, 44.62, 67.08, 114.08, 63.08, 28.8, 127.08, 93.08, 75.08, 67.08, 123.08, 34.93, 58.08, 43.76, 50.08, 42.34, 109.08, 28.8, 78.08, 70.08, 44.62, 68.08, 44.27, 26.1, 24.62, 37.59, 107.08, 27.96, 53.08, 104.08, 74.08, 71.08, 80.08, 36.32, 34.93, 67.08, 64.08, 120.08, 48.08, 86.08, 127.08, 103.08, 127.08, 46.57];118.59;[2, 3, 2, 4, 1, 3, 1, 1, 2, 2, 1, 2, 3, 2, 1, 1, 1, 5, 1, 1, 1, 1, 1, 2, 2, 2, 4, 2, 5, 2, 1, 2, 1, 2, 2, 2, 1, 1, 2, 2, 1, 2];4
80;80;80;5;True;2000;1;0;0;0;0;0;0;433.0616965293884;85.43695783615112;167132.09192190878;157913.65119900176;4827.699149195467;4390.729999999995;[40.37, 80.37, 27.77, 65.37, 15.77, 87.37, 72.37, 25.77, 63.37, 33.77, 85.37, 1.0, 18.77, 42.37, 31.77, 102.37, 24.77, 26.77, 50.37, 57.37, 80.37, 84.37, 96.37, 23.77, 2.86, 87.37, 15.77, 28.77, 95.37, 103.37, 57.37, 65.37, 95.37, 48.37, 61.37, 90.37, 10.48, 106.37, 74.37, 39.37, 25.77, 76.37, 28.77, 36.77, 53.37, 8.89, 89.37, 70.37, 77.37, 45.37, 46.37, 20.77, 70.37, 70.37, 31.77, 44.37, 47.37, 43.37, 33.77, 106.37, 80.37, 38.37, 69.37, 81.37, 84.37, 30.77, 65.37, 82.37, 60.37, 61.37, 65.37, 105.37, 71.37, 44.37, 54.37, 2.37, 49.37, 47.37, 12.15, 36.77];105.37;[2, 1, 1, 1, 2, 1, 2, 2, 3, 2, 1, 1, 3, 4, 3, 3, 3, 1, 1, 3, 1, 1, 4, 2, 3, 1, 1, 1, 2, 4, 2, 4, 1, 1, 1, 2, 2, 2, 4, 1];3
80;80;80;6;True;2000;1;0;0;0;0;0;0;447.27154445648193;89.37408351898193;170915.2725947962;161945.93531652985;4690.808722526628;4278.410000000004;[56.32, 52.32, 110.32, 67.32, 66.32, 74.32, 52.32, 102.32, 56.32, 20.32, 34.32, 48.32, 59.32, 89.32, 37.32, 7.69, 64.32, 47.32, 42.32, 95.32, 74.32, 53.32, 52.32, 19.32, 75.32, 95.32, 67.32, 32.32, 35.32, 24.32, 44.32, 50.32, 45.32, 60.32, 65.32, 68.32, 92.32, 22.32, 32.32, 84.32, 75.32, 20.32, 29.32, 87.32, 74.32, 49.32, 11.17, 13.17, 37.32, 98.32, 112.32, 8.8, 9.2, 40.32, 77.32, 37.32, 121.32, 36.32, 57.32, 14.29, 27.32, 32.32, 28.32, 31.32, 31.32, 88.32, 50.32, 82.32, 97.32, 68.32, 87.32, 53.32, 2.8, 66.32, 39.32, 19.32, 25.32, 99.32, 42.32, 17.25];118.52;[6, 2, 3, 2, 3, 3, 2, 1, 3, 2, 2, 1, 1, 2, 3, 2, 1, 2, 1, 1, 1, 2, 1, 2, 3, 1, 1, 5, 1, 1, 1, 3, 1, 4, 2, 1, 1, 1, 1, 1, 2, 1];5
80;90;80;1;True;2000;1;0;0;0;0;0;0;440.02459812164307;84.96243858337402;186658.18876934348;176899.72484937857;5193.602829166189;4564.870000000001;[72.69, 29.71, 39.69, 108.69, 78.69, 50.69, 63.69, 70.69, 69.69, 53.69, 25.88, 53.69, 111.69, 41.69, 47.69, 73.69, 25.88, 32.32, 65.69, 82.69, 63.69, 3.8, 57.69, 44.69, 66.69, 61.69, 32.04, 90.69, 39.69, 66.69, 68.69, 10.95, 59.69, 50.69, 54.69, 72.69, 91.69, 16.61, 30.71, 81.69, 39.69, 109.69, 33.63, 50.69, 27.11, 50.69, 32.04, 87.69, 101.69, 111.69, 32.63, 104.69, 49.69, 16.61, 66.69, 29.4, 111.69, 48.69, 98.69, 46.69, 86.69, 48.69, 81.69, 81.69, 42.69, 52.69, 35.96, 31.04, 10.95, 32.04, 63.69, 80.69, 63.69, 16.92, 4.66, 76.69, 80.69, 37.69, 84.69, 36.96];107.89;[2, 1, 1, 2, 2, 2, 1, 1, 2, 1, 2, 1, 1, 1, 2, 1, 2, 1, 2, 3, 3, 3, 3, 1, 5, 1, 3, 1, 2, 1, 1, 3, 5, 1, 2, 5, 2, 3, 1, 2, 1, 2, 1, 2, 1, 2, 2];4
80;90;80;2;True;2000;1;0;0;0;0;0;0;500.0328640937805;91.99709439277649;185426.52625175664;175076.1896374459;5650.6868982121005;4699.689999999995;[59.66, 66.66, 125.66, 51.66, 44.37, 104.66, 40.06, 29.1, 23.54, 72.66, 33.06, 80.66, 34.06, 52.66, 38.06, 25.89, 19.23, 90.66, 79.66, 30.1, 118.66, 56.66, 51.66, 69.66, 125.66, 100.66, 34.06, 40.06, 31.06, 35.06, 89.66, 32.06, 59.66, 43.37, 115.66, 80.66, 111.66, 47.66, 16.16, 61.66, 44.37, 38.06, 55.66, 54.66, 41.06, 46.37, 48.66, 83.66, 56.66, 87.66, 64.66, 43.37, 64.66, 23.54, 76.66, 93.66, 86.66, 11.21, 36.06, 40.06, 39.06, 57.66, 46.37, 125.66, 73.66, 64.66, 102.66, 40.06, 52.66, 16.24, 51.66, 103.66, 70.66, 23.54, 63.66, 27.23, 42.06, 82.66, 48.66, 46.37];114.44999999999999;[1, 1, 2, 2, 1, 1, 2, 1, 1, 2, 1, 3, 2, 1, 3, 6, 3, 1, 1, 4, 1, 1, 2, 1, 2, 2, 1, 1, 2, 1, 2, 1, 1, 2, 2, 2, 4, 1, 1, 6, 2, 2, 3, 1, 3, 3, 1];5
80;90;80;3;True;2000;1;0;0;0;0;0;0;452.3894901275635;104.37612819671631;183829.7788399281;173662.6041119494;5526.5843156785995;4640.590000000003;[53.02, 86.02, 81.02, 64.02, 69.02, 30.46, 28.49, 60.02, 81.02, 63.02, 21.15, 47.65, 103.02, 56.02, 38.27, 54.02, 38.27, 33.01, 31.33, 76.02, 38.27, 82.02, 119.02, 30.46, 41.65, 43.65, 119.02, 22.62, 49.65, 64.02, 26.65, 87.02, 68.02, 69.02, 87.02, 56.02, 74.02, 45.65, 80.02, 69.02, 49.65, 102.02, 46.65, 41.65, 53.02, 41.65, 56.02, 76.02, 48.65, 24.27, 49.65, 25.73, 90.02, 119.02, 34.01, 113.02, 18.8, 91.02, 102.02, 63.02, 89.02, 67.02, 50.02, 2.84, 18.32, 44.65, 68.02, 45.65, 1.0, 36.73, 35.35, 34.81, 22.62, 54.02, 79.02, 71.02, 82.02, 115.02, 40.17, 49.65];118.02;[3, 2, 2, 2, 5, 1, 2, 1, 3, 1, 1, 1, 1, 4, 2, 3, 1, 1, 4, 3, 1, 2, 2, 2, 1, 1, 1, 1, 1, 1, 1, 2, 4, 2, 2, 1, 3, 1, 2, 2, 1, 1, 1, 1, 5, 5];4
80;90;80;4;True;2000;1;0;0;0;0;0;0;431.82603311538696;84.74734950065613;188495.41650661596;177686.32612139528;5609.973047248845;5198.860000000002;[29.54, 89.81, 23.48, 94.81, 100.81, 102.81, 69.81, 57.81, 32.21, 106.81, 22.48, 96.81, 25.53, 65.81, 82.81, 75.81, 78.81, 75.81, 59.81, 42.12, 94.81, 17.88, 44.81, 56.81, 40.46, 55.81, 57.81, 21.47, 48.81, 44.81, 75.81, 53.81, 88.81, 72.81, 85.81, 56.81, 68.81, 37.18, 69.81, 97.81, 75.81, 38.57, 104.81, 83.81, 82.81, 72.81, 81.81, 40.12, 80.81, 36.26, 67.81, 49.81, 103.81, 32.21, 96.81, 70.81, 58.81, 77.81, 40.46, 12.03, 27.41, 32.79, 92.81, 33.6, 47.81, 110.81, 83.81, 86.81, 67.81, 42.12, 39.34, 76.81, 72.81, 85.81, 49.81, 90.81, 89.81, 80.81, 110.81, 43.62];98.78;[2, 1, 1, 1, 4, 2, 2, 1, 4, 1, 1, 4, 1, 1, 1, 1, 2, 1, 5, 1, 2, 1, 1, 2, 2, 3, 1, 1, 1, 3, 1, 1, 2, 2, 1, 1, 5, 5, 1, 1, 2, 1, 2, 1, 3, 3, 1, 2, 1];4
80;90;80;5;True;2000;1;0;0;0;0;0;0;514.0732126235962;91.83854722976685;187132.46244284775;177047.41900227877;5256.882521542019;4827.910000000002;[49.27, 68.27, 31.66, 63.27, 23.66, 77.27, 71.27, 31.66, 66.27, 31.66, 87.27, 1.0, 27.66, 37.66, 48.27, 91.27, 29.66, 26.66, 55.27, 66.27, 121.27, 96.27, 95.27, 31.66, 17.24, 90.27, 28.66, 35.66, 120.27, 112.27, 53.27, 60.27, 80.27, 61.27, 62.27, 133.27, 15.55, 45.27, 130.27, 31.66, 39.66, 78.27, 29.66, 57.27, 36.66, 21.66, 92.27, 60.27, 55.27, 30.66, 76.27, 28.66, 70.27, 75.27, 33.66, 51.27, 71.27, 37.66, 42.66, 123.27, 97.27, 34.66, 93.27, 69.27, 76.27, 36.66, 71.27, 130.27, 133.27, 47.27, 43.66, 119.27, 70.27, 56.27, 58.27, 2.37, 51.27, 53.27, 19.75, 44.66];132.27;[1, 1, 1, 1, 2, 1, 1, 3, 3, 1, 3, 2, 1, 2, 2, 2, 2, 1, 3, 1, 2, 1, 2, 3, 3, 2, 2, 2, 1, 1, 1, 2, 3, 1, 3, 3, 2, 2, 1, 1, 2, 4, 2, 1, 3, 3, 1, 2];3
80;90;80;6;True;2000;1;0;0;0;0;0;0;505.46120023727417;113.02028799057007;194147.53027901764;184189.79241122538;5274.482493796224;4683.129999999998;[60.6, 47.6, 74.6, 113.6, 54.6, 65.6, 52.6, 101.6, 61.6, 30.6, 44.6, 50.6, 64.6, 110.6, 57.6, 15.1, 69.6, 84.6, 46.6, 91.6, 70.6, 68.6, 58.6, 28.6, 75.6, 106.6, 47.6, 39.6, 49.6, 31.6, 41.6, 78.6, 49.6, 99.6, 61.6, 54.6, 99.6, 30.6, 44.6, 70.6, 117.6, 39.6, 34.6, 76.6, 54.6, 63.6, 21.97, 26.24, 82.6, 87.6, 89.6, 30.6, 16.72, 46.6, 60.6, 38.6, 117.6, 42.6, 56.6, 26.24, 37.6, 40.6, 34.6, 36.6, 30.6, 88.6, 46.6, 78.6, 72.6, 74.6, 80.6, 66.6, 2.95, 60.6, 37.6, 31.6, 29.6, 117.6, 50.6, 27.11];114.64999999999999;[1, 1, 6, 1, 2, 2, 5, 1, 2, 3, 3, 1, 2, 2, 1, 1, 1, 1, 3, 1, 1, 5, 1, 2, 1, 2, 2, 1, 2, 1, 1, 1, 3, 1, 1, 5, 1, 2, 3, 1, 1, 1, 3, 2, 1, 4, 1];5
80;100;80;1;True;2000;1;0;0;0;0;0;0;560.5658507347107;136.89333820343018;212215.92207761868;200636.4225579536;5812.071400622435;5767.2999999999965;[74.94, 38.32, 56.94, 123.94, 90.94, 62.94, 64.94, 129.94, 68.94, 68.94, 32.26, 80.94, 117.94, 58.94, 58.94, 82.94, 33.22, 53.94, 129.94, 81.94, 73.94, 3.8, 74.94, 54.94, 58.94, 70.94, 37.81, 129.94, 62.94, 108.94, 71.94, 17.36, 92.94, 57.94, 76.94, 117.94, 129.94, 26.14, 40.1, 98.94, 42.28, 98.94, 50.25, 67.94, 35.16, 49.26, 40.1, 129.94, 129.94, 129.94, 57.94, 113.94, 54.94, 21.73, 74.94, 48.26, 104.94, 68.94, 81.94, 51.25, 72.94, 96.94, 100.94, 129.94, 50.25, 61.94, 55.94, 38.31, 13.35, 44.27, 69.94, 129.94, 86.94, 30.34, 4.66, 90.94, 129.94, 56.94, 77.94, 53.24];126.14;[2, 1, 3, 2, 2, 1, 3, 2, 1, 1, 2, 1, 1, 1, 1, 2, 1, 3, 3, 3, 1, 2, 4, 2, 1, 4, 1, 3, 1, 4, 2, 4, 1, 1, 4, 1, 1, 1, 2, 1, 1, 1, 2, 2, 2, 1, 2, 3, 3, 1, 5];4
80;100;80;2;True;2000;1;0;0;0;0;0;0;479.94450998306274;85.85448980331421;205043.51557902602;194062.8705101337;6317.127421411981;4663.519999999994;[60.95, 69.95, 111.95, 43.0, 44.0, 116.95, 46.0, 31.12, 25.87, 97.95, 39.0, 92.95, 36.0, 60.95, 37.0, 25.87, 23.87, 72.95, 77.95, 28.12, 79.95, 64.95, 51.08, 98.95, 93.95, 81.95, 34.12, 39.0, 30.12, 37.0, 85.95, 33.12, 65.95, 42.0, 64.95, 116.95, 73.95, 45.0, 15.93, 47.0, 56.95, 37.0, 60.95, 53.95, 52.08, 54.95, 49.0, 107.95, 62.95, 87.95, 58.95, 44.0, 61.95, 29.12, 65.95, 77.95, 60.95, 11.02, 34.12, 39.0, 40.0, 57.95, 47.0, 116.95, 75.95, 69.95, 116.95, 39.0, 59.95, 21.24, 50.0, 71.95, 66.95, 23.57, 86.95, 29.12, 41.0, 94.95, 50.0, 53.08];105.93;[2, 1, 1, 3, 1, 1, 2, 1, 2, 1, 2, 3, 1, 1, 1, 2, 4, 5, 3, 6, 2, 1, 1, 5, 1, 2, 1, 1, 2, 2, 2, 1, 2, 1, 1, 3, 2, 1, 3, 1, 1, 1, 5, 3, 2, 6, 1, 1, 2];5
80;100;80;3;True;2000;1;0;0;0;0;0;0;501.42104625701904;115.53578352928162;210657.25583019626;199661.0047510001;5988.827711239705;5007.219999999996;[61.16, 103.16, 74.16, 60.16, 57.16, 38.31, 35.46, 80.16, 94.16, 65.16, 34.74, 49.97, 111.16, 64.16, 47.1, 65.16, 45.46, 40.18, 36.46, 90.16, 48.53, 86.16, 104.16, 36.46, 49.97, 55.16, 85.16, 29.6, 61.16, 97.16, 35.46, 110.16, 72.16, 81.16, 90.16, 52.97, 77.16, 56.16, 76.16, 83.16, 49.97, 95.16, 52.97, 47.1, 55.16, 45.46, 63.16, 82.16, 52.97, 31.5, 52.97, 34.74, 80.16, 77.16, 42.56, 111.16, 27.49, 80.16, 97.16, 70.16, 99.16, 65.16, 54.16, 2.84, 29.6, 60.16, 68.16, 66.16, 1.0, 43.82, 43.82, 42.82, 32.46, 61.16, 66.16, 73.16, 92.16, 111.16, 48.97, 53.97];110.16;[2, 3, 1, 1, 3, 2, 3, 6, 1, 1, 1, 1, 4, 5, 3, 1, 1, 3, 1, 3, 2, 1, 1, 4, 1, 3, 1, 1, 2, 1, 1, 1, 1, 2, 2, 4, 2, 1, 1, 1, 1, 1, 2, 2, 2, 1, 2, 5, 4, 1];5
80;100;80;4;True;2000;1;0;0;0;0;0;0;423.3375244140625;93.61117386817932;206425.3736143195;194886.12653938783;6232.547466809197;5306.699999999999;[38.87, 80.32, 24.86, 86.32, 106.32, 73.32, 67.32, 56.32, 33.36, 106.32, 27.49, 106.32, 33.9, 66.32, 85.32, 61.32, 65.32, 89.32, 58.32, 55.32, 89.32, 22.08, 52.64, 62.32, 47.55, 61.32, 65.32, 21.08, 74.32, 49.62, 79.32, 60.32, 106.32, 63.32, 72.32, 73.32, 79.32, 55.32, 72.32, 72.32, 69.32, 33.9, 106.32, 82.32, 73.32, 62.32, 64.32, 45.6, 61.32, 47.55, 61.32, 61.32, 106.32, 41.66, 82.32, 77.32, 56.32, 68.32, 55.32, 15.77, 35.34, 42.84, 103.32, 43.63, 55.32, 92.32, 87.32, 106.32, 106.32, 46.82, 49.62, 78.32, 69.32, 66.32, 50.32, 86.32, 81.32, 74.32, 103.32, 53.64];90.55;[3, 3, 2, 2, 2, 3, 3, 3, 1, 1, 3, 1, 1, 3, 1, 1, 1, 1, 1, 3, 3, 1, 2, 4, 2, 4, 2, 1, 1, 3, 3, 1, 1, 2, 1, 1, 5, 1, 2, 3, 3, 2, 1, 3, 1, 3, 1, 2, 2];4
80;100;80;5;True;2000;1;0;0;0;0;0;0;582.3366045951843;124.45052719116211;212855.23969644797;201290.45882347904;5873.091276658774;5691.489999999999;[62.15, 81.15, 49.59, 77.15, 22.25, 97.15, 75.15, 33.42, 76.15, 42.59, 79.15, 1.0, 46.59, 59.15, 55.59, 90.15, 40.59, 37.59, 64.15, 78.15, 121.15, 106.15, 98.15, 41.59, 18.05, 86.15, 32.21, 32.21, 139.15, 112.15, 105.15, 77.15, 105.15, 65.15, 73.15, 139.15, 23.58, 57.15, 138.15, 46.59, 38.59, 82.15, 48.59, 54.59, 60.15, 28.44, 99.15, 74.15, 109.15, 52.59, 82.15, 30.32, 72.15, 110.15, 43.59, 68.15, 65.15, 52.59, 47.59, 109.15, 110.15, 49.59, 101.15, 87.15, 100.15, 51.59, 88.15, 137.15, 132.15, 70.15, 60.15, 137.15, 69.15, 70.15, 79.15, 13.46, 53.59, 74.15, 35.84, 56.59];138.15;[1, 1, 1, 1, 1, 3, 1, 1, 1, 2, 1, 3, 3, 2, 1, 1, 1, 5, 3, 1, 4, 3, 1, 4, 1, 1, 4, 1, 2, 2, 3, 1, 2, 1, 1, 1, 1, 1, 4, 1, 4, 3, 3, 1, 2, 1, 2, 2, 1, 4, 2, 1, 1];4
80;100;80;6;True;2000;1;0;0;0;0;0;0;489.79219150543213;116.26531028747559;214372.11243440208;203379.36247310496;5929.094006839641;5063.699999999996;[67.94, 53.94, 100.94, 68.94, 66.94, 73.94, 66.94, 109.94, 108.94, 30.21, 42.94, 54.94, 55.94, 98.94, 47.94, 16.35, 80.94, 81.94, 51.94, 101.94, 89.94, 65.94, 64.94, 29.2, 83.94, 109.94, 48.94, 43.94, 48.94, 31.91, 46.94, 61.94, 49.94, 98.94, 98.94, 86.94, 108.94, 31.91, 37.94, 86.94, 108.94, 41.94, 39.94, 75.94, 81.94, 65.94, 20.68, 28.91, 74.94, 108.94, 109.94, 31.5, 24.88, 47.94, 63.94, 40.94, 109.94, 53.94, 60.94, 27.91, 37.94, 39.94, 36.94, 56.94, 34.94, 73.94, 59.94, 78.94, 74.94, 84.94, 97.94, 59.94, 2.95, 85.94, 38.94, 35.94, 32.94, 99.94, 67.94, 32.37];106.99;[2, 3, 2, 2, 5, 7, 1, 1, 2, 2, 1, 2, 1, 2, 1, 4, 4, 1, 1, 2, 1, 1, 4, 1, 1, 1, 2, 3, 1, 1, 1, 1, 2, 2, 2, 1, 4, 1, 1, 1, 1, 1, 1, 1, 1, 1, 2, 2, 4, 1, 3, 1, 1, 2];6
90;90;90;1;True;2000;1;0;0;0;0;0;0;541.1775240898132;168.02376580238342;193101.54738728638;182619.18926287393;5282.28841126747;5200.109999999995;[82.98, 41.16, 36.94, 119.98, 84.98, 60.74, 76.38, 79.98, 48.64, 47.64, 10.23, 66.74, 105.98, 58.74, 59.74, 73.74, 16.79, 32.56, 90.98, 57.21, 44.36, 3.8, 62.74, 32.56, 52.69, 59.74, 26.12, 90.98, 39.68, 114.98, 72.74, 14.55, 63.74, 54.69, 65.74, 83.98, 86.98, 10.47, 20.14, 83.98, 31.91, 78.98, 34.3, 73.74, 22.14, 39.68, 25.36, 96.98, 106.98, 105.98, 29.15, 94.98, 46.64, 19.22, 58.74, 26.12, 102.98, 51.69, 119.98, 36.94, 56.21, 69.74, 70.74, 63.74, 32.56, 43.36, 42.73, 24.14, 10.47, 29.08, 43.36, 88.98, 54.69, 13.56, 4.0, 94.98, 119.98, 45.81, 119.98, 41.16, 48.69, 95.98, 117.98, 41.16, 83.98, 8.29, 19.22, 24.14, 74.74, 77.38];116.18;[2, 1, 2, 2, 2, 1, 2, 2, 1, 1, 1, 1, 2, 1, 1, 2, 2, 1, 3, 1, 6, 2, 3, 3, 1, 2, 2, 4, 3, 1, 2, 1, 2, 2, 1, 1, 1, 1, 1, 2, 5, 4, 2, 2, 3, 2];5
90;90;90;2;True;2000;1;0;0;0;0;0;0;560.8631749153137;106.75335192680359;183682.64103020812;173806.09197711307;5624.757128856655;4251.8799999999965;[31.43, 71.27, 81.27, 47.43, 33.43, 84.27, 26.43, 22.16, 17.23, 57.27, 27.43, 114.27, 21.16, 41.43, 42.43, 23.98, 13.29, 75.27, 49.43, 22.16, 94.27, 39.43, 36.43, 67.27, 93.27, 86.27, 23.98, 30.43, 22.98, 24.98, 87.27, 22.98, 43.43, 32.43, 107.27, 62.27, 55.27, 35.43, 16.35, 36.43, 43.43, 23.98, 47.43, 41.43, 32.43, 31.43, 29.43, 77.27, 37.43, 74.27, 82.27, 37.43, 48.43, 21.16, 62.27, 65.27, 58.27, 11.16, 18.78, 27.43, 29.43, 46.43, 38.43, 110.27, 57.27, 34.43, 101.27, 28.43, 36.43, 11.96, 32.43, 40.43, 68.27, 17.23, 87.27, 23.98, 28.43, 45.43, 46.43, 50.43, 45.43, 132.27, 26.43, 24.98, 90.27, 39.43, 28.43, 64.27, 18.78, 54.43];121.11000000000001;[1, 2, 1, 1, 1, 6, 2, 1, 1, 1, 3, 2, 1, 4, 2, 3, 1, 1, 1, 3, 4, 1, 2, 1, 3, 1, 2, 1, 1, 3, 2, 5, 1, 1, 1, 1, 2, 6, 1, 1, 2, 1, 3, 1, 1, 2, 2];5
90;90;90;3;True;2000;1;0;0;0;0;0;0;465.27194261550903;121.67360091209412;182050.39017831534;172206.79241876246;5492.183206474035;4351.35;[49.68, 47.68, 73.46, 53.68, 72.46, 21.84, 20.23, 52.68, 66.46, 52.68, 21.47, 39.08, 105.46, 48.68, 32.1, 36.37, 49.68, 25.32, 25.32, 89.46, 34.0, 58.46, 77.46, 23.09, 39.8, 29.29, 100.46, 17.25, 34.0, 63.46, 36.37, 61.46, 84.46, 73.46, 58.46, 48.68, 58.46, 45.68, 39.08, 68.46, 40.8, 69.46, 39.08, 29.33, 43.68, 39.08, 50.68, 67.46, 40.8, 24.09, 44.68, 17.25, 43.68, 78.46, 30.21, 76.46, 12.94, 90.46, 81.46, 67.46, 62.46, 54.68, 62.46, 2.83, 10.79, 45.68, 49.68, 39.8, 1.0, 30.21, 27.81, 23.09, 16.42, 48.68, 100.46, 57.46, 63.46, 69.46, 32.1, 38.08, 14.78, 88.46, 53.68, 29.29, 51.68, 16.42, 72.46, 43.68, 64.46, 56.68];104.46;[1, 5, 4, 1, 4, 6, 1, 1, 2, 1, 1, 3, 1, 1, 3, 1, 5, 1, 1, 1, 1, 2, 2, 1, 1, 2, 2, 1, 3, 3, 3, 1, 2, 1, 1, 1, 3, 2, 3, 2, 1, 5, 1, 2];5
90;90;90;4;True;2000;1;0;0;0;0;0;0;529.3688836097717;124.9478485584259;189973.21515874573;180173.44930886052;5512.525157551508;4287.209999999991;[22.49, 61.49, 12.87, 68.49, 55.49, 43.49, 71.49, 47.49, 22.49, 97.49, 16.45, 77.49, 20.49, 35.49, 65.49, 31.49, 44.49, 84.49, 35.49, 36.49, 54.49, 7.46, 27.49, 34.49, 23.49, 43.49, 48.49, 17.6, 50.49, 30.49, 79.49, 43.49, 109.49, 61.49, 44.49, 44.49, 54.49, 34.49, 58.49, 59.49, 46.49, 28.49, 113.49, 55.49, 51.49, 51.49, 25.49, 26.49, 39.49, 24.49, 52.49, 34.49, 60.49, 23.49, 68.49, 69.49, 40.49, 47.49, 32.49, 12.04, 17.6, 21.49, 52.49, 24.49, 30.49, 113.49, 62.49, 71.49, 94.49, 33.49, 30.49, 70.49, 63.49, 39.49, 28.49, 65.49, 113.49, 46.49, 57.49, 29.49, 67.49, 58.49, 64.49, 26.49, 80.49, 32.49, 8.41, 50.49, 29.49, 18.6];106.03;[2, 1, 1, 2, 2, 2, 2, 1, 1, 3, 3, 1, 1, 1, 1, 4, 2, 1, 1, 1, 2, 3, 3, 1, 2, 1, 1, 1, 2, 1, 1, 2, 1, 6, 5, 4, 2, 2, 1, 2, 2, 2, 1, 1, 3, 1, 1, 2, 1];5
90;90;90;5;True;2000;1;0;0;0;0;0;0;536.5174775123596;138.4809057712555;190973.7729958936;180560.28567460916;5301.052798802329;5112.449999999996;[40.44, 84.58, 28.91, 55.58, 16.32, 85.58, 62.58, 30.97, 62.58, 25.7, 92.58, 1.0, 27.19, 42.44, 34.42, 107.58, 24.21, 19.74, 58.58, 63.58, 96.58, 72.58, 107.58, 40.44, 2.41, 62.58, 13.88, 29.91, 126.58, 82.58, 75.58, 63.58, 101.58, 51.58, 50.58, 94.58, 10.15, 49.58, 83.58, 29.91, 33.38, 72.58, 29.97, 44.7, 63.58, 11.5, 110.58, 52.58, 89.58, 34.42, 58.58, 21.37, 67.58, 88.58, 30.97, 46.7, 43.7, 39.44, 39.44, 75.58, 75.58, 40.44, 81.58, 57.58, 52.58, 39.44, 65.58, 62.58, 70.58, 64.58, 74.58, 72.58, 85.58, 46.7, 56.58, 2.41, 49.58, 55.58, 17.32, 40.44, 95.58, 129.58, 129.58, 3.93, 35.83, 72.58, 112.58, 54.58, 34.57, 66.58];128.58;[1, 1, 1, 1, 2, 1, 1, 1, 2, 1, 4, 1, 6, 4, 2, 3, 1, 4, 2, 2, 1, 3, 2, 1, 2, 2, 4, 1, 2, 1, 4, 1, 2, 4, 1, 1, 2, 1, 2, 1, 3, 2, 3, 2, 1];5
90;90;90;6;True;2000;1;0;0;0;0;0;0;570.3683571815491;150.36607313156128;195046.35973222178;184619.08487994195;5263.063756872021;5164.360000000001;[54.55, 38.09, 98.32, 75.32, 68.01, 106.32, 51.83, 88.32, 91.32, 20.89, 34.06, 38.09, 55.91, 46.63, 48.03, 9.05, 82.32, 56.91, 46.63, 126.32, 51.83, 49.83, 63.72, 12.9, 88.32, 85.32, 56.91, 41.4, 40.4, 28.66, 54.91, 58.31, 92.32, 71.25, 107.32, 78.32, 132.32, 23.44, 32.79, 83.32, 104.32, 30.4, 30.4, 63.45, 79.32, 51.83, 11.9, 17.89, 34.06, 83.32, 109.32, 21.89, 9.9, 38.09, 77.32, 32.11, 150.65, 38.09, 49.43, 20.89, 27.78, 32.11, 24.93, 25.95, 23.93, 71.25, 63.45, 95.32, 68.01, 78.32, 73.32, 70.25, 2.95, 107.32, 36.09, 17.89, 23.44, 91.32, 53.19, 19.89, 93.32, 72.25, 95.32, 41.4, 39.97, 60.08, 30.4, 11.89, 16.89, 151.04];148.09;[1, 4, 2, 5, 3, 1, 2, 3, 1, 3, 2, 1, 2, 3, 2, 2, 1, 4, 1, 3, 1, 1, 6, 1, 2, 1, 3, 2, 1, 2, 2, 3, 2, 2, 1, 2, 1, 4, 1, 1, 1, 1, 3];5
90;100;90;1;True;2000;1;0;0;0;0;0;0;584.7892217636108;185.46385526657104;214120.61208766396;202590.37694783427;5707.564829868157;5822.790000000001;[76.72, 50.22, 30.84, 126.72, 90.72, 55.23, 65.72, 91.72, 63.72, 63.72, 10.1, 68.72, 101.72, 51.22, 52.98, 80.72, 23.96, 46.12, 89.72, 51.98, 70.72, 3.98, 61.72, 45.12, 48.22, 68.72, 36.35, 129.72, 45.12, 118.72, 94.72, 22.0, 79.72, 101.72, 56.47, 77.72, 102.72, 18.15, 25.92, 129.72, 34.52, 88.72, 37.98, 102.72, 30.84, 47.17, 30.84, 115.72, 115.72, 129.72, 39.52, 97.72, 50.22, 25.9, 73.72, 42.5, 110.72, 47.17, 118.72, 46.12, 69.72, 86.72, 81.72, 67.72, 49.22, 52.98, 40.68, 29.88, 15.66, 40.68, 57.72, 74.72, 63.72, 20.03, 3.98, 76.72, 106.72, 50.22, 58.72, 40.68, 90.72, 107.72, 129.72, 51.98, 98.72, 17.18, 27.23, 32.79, 80.72, 81.72];125.74;[3, 3, 2, 1, 2, 1, 1, 1, 1, 1, 1, 2, 2, 2, 7, 2, 2, 2, 2, 1, 2, 5, 1, 2, 1, 1, 1, 4, 3, 4, 1, 1, 2, 2, 1, 1, 3, 4, 1, 1, 1, 1, 1, 3, 2, 1, 1, 1, 3, 4, 2];6
90;100;90;2;True;2000;1;0;0;0;0;0;0;649.2193713188171;175.09942436218262;214528.19664381148;201953.55530643588;6531.320476643604;6043.259999999998;[58.3, 113.49, 125.07, 57.3, 43.86, 114.49, 34.86, 34.86, 22.91, 74.47, 41.86, 75.32, 29.71, 58.97, 45.86, 50.37, 18.41, 121.07, 76.32, 31.86, 93.53, 107.49, 54.62, 77.32, 129.07, 103.49, 44.86, 46.58, 39.86, 35.86, 117.49, 39.86, 66.17, 50.37, 143.07, 104.49, 91.45, 48.58, 15.49, 57.3, 66.17, 47.58, 86.32, 62.32, 62.32, 46.58, 64.76, 100.49, 58.97, 96.53, 85.32, 50.37, 71.47, 27.0, 111.49, 93.53, 77.32, 10.64, 25.71, 50.37, 43.86, 66.17, 54.62, 142.52, 82.32, 72.47, 104.49, 35.86, 61.65, 15.76, 52.91, 59.97, 84.32, 25.01, 70.59, 46.58, 52.14, 82.32, 54.62, 49.37, 65.76, 154.52, 40.86, 41.86, 96.53, 59.97, 49.37, 112.49, 29.71, 143.07];143.88;[5, 2, 4, 1, 2, 1, 1, 1, 1, 3, 1, 1, 2, 2, 2, 4, 2, 1, 2, 2, 4, 1, 1, 4, 2, 4, 2, 1, 2, 2, 1, 5, 3, 1, 2, 1, 5, 1, 1, 2, 1, 1, 1, 1, 4, 2, 1, 1, 2, 1];4
90;100;90;3;True;2000;1;0;0;0;0;0;0;532.2823672294617;146.6153998374939;206409.25108767702;195307.7427005342;5902.077120280392;5199.42;[52.81, 52.81, 86.86, 60.39, 59.39, 28.01, 25.27, 62.39, 72.39, 60.39, 26.78, 47.56, 117.46, 56.0, 41.1, 51.19, 36.1, 28.66, 28.66, 85.86, 36.1, 67.39, 114.46, 33.9, 51.19, 52.81, 105.46, 21.95, 66.39, 67.39, 39.24, 77.39, 69.39, 87.86, 57.39, 60.39, 60.39, 54.0, 48.9, 83.86, 49.9, 104.46, 42.1, 38.24, 46.06, 36.55, 56.0, 70.39, 46.06, 29.36, 45.58, 22.96, 64.39, 91.46, 36.1, 129.46, 16.43, 110.46, 81.89, 73.39, 80.89, 69.39, 80.39, 2.83, 18.38, 44.58, 58.39, 49.9, 1.0, 30.49, 36.1, 38.24, 23.91, 54.0, 113.46, 68.39, 64.39, 87.46, 36.1, 43.36, 21.08, 116.46, 105.46, 27.28, 66.39, 22.9, 70.39, 77.39, 75.39, 87.86];128.46;[1, 2, 1, 1, 4, 1, 4, 5, 1, 5, 1, 3, 1, 2, 1, 2, 1, 6, 1, 3, 1, 1, 2, 1, 1, 1, 1, 3, 1, 1, 6, 1, 1, 2, 2, 1, 1, 2, 2, 1, 1, 1, 2, 1, 1, 4, 2, 2, 1, 1, 1, 3, 2];5
90;100;90;4;True;2000;1;0;0;0;0;0;0;535.9712562561035;166.7347767353058;212260.18281702127;200319.8825790821;6170.973885665673;5769.369999999995;[30.08, 98.08, 20.88, 76.08, 94.08, 79.08, 81.08, 66.08, 31.08, 116.08, 23.73, 66.08, 27.75, 55.08, 101.08, 49.08, 63.08, 110.08, 75.08, 38.08, 83.08, 8.46, 33.08, 58.08, 31.08, 55.08, 58.08, 25.62, 59.08, 47.08, 90.08, 57.08, 120.08, 75.08, 50.08, 65.08, 59.08, 41.08, 112.08, 69.08, 69.08, 41.08, 129.08, 115.08, 76.08, 76.08, 76.08, 40.08, 48.08, 36.08, 40.08, 50.08, 96.08, 30.08, 79.08, 62.08, 44.08, 71.08, 39.08, 27.75, 26.75, 34.08, 128.08, 34.08, 42.08, 110.08, 71.08, 110.08, 97.08, 49.08, 41.08, 82.08, 63.08, 59.08, 50.08, 99.08, 99.08, 51.08, 129.08, 36.08, 60.08, 95.08, 121.08, 32.08, 85.08, 44.08, 17.2, 65.08, 63.08, 28.75];120.62;[1, 3, 2, 3, 4, 1, 3, 1, 2, 1, 3, 1, 4, 2, 1, 1, 1, 1, 1, 2, 5, 3, 1, 1, 1, 2, 1, 3, 4, 1, 3, 4, 3, 1, 1, 2, 1, 2, 2, 2, 1, 4, 1, 2, 1, 3, 1, 2, 1, 2, 1];4
90;100;90;5;True;2000;1;0;0;0;0;0;0;502.1372504234314;136.04049849510193;207370.99418352224;196029.30137656018;5912.514071198712;5429.139999999996;[47.61, 89.2, 40.1, 64.2, 21.23, 78.2, 57.2, 33.07, 62.2, 36.88, 83.2, 1.0, 27.92, 44.03, 45.03, 80.2, 27.17, 20.21, 56.2, 63.2, 108.2, 93.2, 98.2, 34.05, 2.46, 67.2, 19.14, 34.05, 118.2, 101.2, 58.2, 67.2, 73.2, 73.2, 54.2, 84.2, 17.98, 46.61, 114.2, 33.07, 33.07, 74.2, 38.84, 40.4, 95.2, 15.39, 90.2, 73.2, 104.2, 38.84, 88.2, 29.71, 63.2, 82.2, 35.05, 50.61, 46.61, 47.61, 42.87, 99.2, 93.2, 41.4, 85.2, 62.2, 59.2, 44.03, 70.2, 111.2, 112.2, 65.2, 76.2, 91.2, 66.2, 47.61, 56.2, 2.46, 50.61, 54.2, 22.23, 40.4, 89.2, 112.2, 113.2, 8.69, 37.51, 74.2, 106.2, 44.03, 42.56, 85.2];117.2;[2, 1, 1, 4, 1, 2, 3, 2, 1, 2, 3, 4, 2, 2, 1, 1, 2, 3, 1, 2, 1, 5, 4, 1, 1, 2, 2, 2, 2, 1, 1, 1, 2, 1, 3, 3, 2, 2, 4, 2, 2, 1, 1, 1, 2, 3, 1, 1, 3, 1, 1, 1];4
90;100;90;6;True;2000;1;0;0;0;0;0;0;515.2276539802551;164.5871458053589;217073.21882469597;205190.43549645116;5890.92391274509;5991.91;[73.21, 53.3, 103.0, 87.64, 78.29, 65.22, 69.21, 91.54, 117.43, 30.43, 60.22, 66.22, 76.29, 89.64, 65.22, 10.11, 103.0, 46.35, 65.22, 93.54, 74.21, 71.21, 71.21, 29.43, 109.43, 74.21, 65.22, 50.32, 59.22, 46.35, 64.22, 68.17, 68.17, 84.64, 93.54, 99.85, 94.54, 32.43, 52.3, 86.64, 87.64, 46.35, 38.94, 81.64, 60.22, 82.64, 17.45, 26.43, 53.3, 100.85, 121.43, 29.43, 12.45, 57.22, 100.13, 55.22, 115.43, 57.22, 73.21, 32.43, 42.38, 53.3, 48.33, 41.38, 35.41, 105.71, 83.64, 112.43, 77.29, 102.0, 121.43, 78.29, 2.95, 73.21, 41.38, 26.43, 30.43, 62.22, 67.22, 34.42, 78.64, 95.94, 57.22, 57.22, 61.22, 94.54, 34.42, 24.01, 37.4, 121.43];118.48;[1, 1, 1, 4, 2, 1, 3, 3, 3, 4, 4, 3, 1, 2, 2, 2, 2, 2, 1, 6, 2, 2, 1, 1, 1, 1, 1, 4, 2, 1, 1, 3, 3, 1, 3, 1, 2, 5, 4, 1, 1, 1, 2, 2, 1, 1, 4];5
100;100;100;1;True;2000;1;0;0;0;0;0;0;574.67249584198;199.16892099380493;211106.9278122788;199376.28049660716;5801.986402247001;5928.510000000003;[62.64, 49.83, 35.5, 117.64, 67.64, 47.45, 53.83, 95.64, 60.64, 48.83, 11.73, 81.64, 97.64, 51.83, 65.64, 78.64, 21.64, 54.83, 77.64, 105.64, 84.64, 3.82, 56.83, 47.83, 49.83, 67.64, 32.64, 56.83, 43.53, 61.64, 96.64, 19.59, 56.83, 69.64, 75.64, 87.64, 91.64, 27.58, 33.47, 132.64, 35.5, 81.64, 40.39, 82.64, 20.25, 32.06, 26.56, 103.64, 107.64, 84.64, 38.32, 94.64, 47.45, 20.64, 78.64, 39.32, 69.64, 70.64, 128.64, 48.83, 51.83, 53.83, 109.64, 85.64, 41.54, 54.83, 46.49, 44.53, 15.59, 40.84, 61.64, 73.64, 67.64, 20.25, 4.77, 72.64, 89.64, 62.64, 48.83, 39.32, 65.64, 91.64, 80.64, 46.49, 71.64, 11.73, 26.56, 25.8, 58.64, 70.64, 32.06, 10.03, 12.53, 115.64, 29.81, 51.83, 75.64, 132.64, 41.54, 56.83];128.82;[1, 1, 4, 1, 1, 2, 1, 2, 1, 1, 1, 6, 2, 2, 1, 4, 2, 1, 6, 2, 1, 4, 1, 1, 2, 5, 3, 1, 1, 1, 3, 1, 5, 1, 1, 2, 1, 1, 1, 1, 1, 1, 1, 3, 2, 2, 1, 5, 3, 1, 1];5
100;100;100;2;True;2000;1;0;0;0;0;0;0;634.9828219413757;177.0574791431427;210174.0008114232;198728.75329405212;6443.302038115575;5001.9299999999985;[31.62, 89.87, 78.87, 54.33, 31.62, 85.87, 25.1, 20.34, 13.62, 44.54, 24.89, 71.87, 22.29, 37.83, 30.14, 22.29, 9.96, 77.87, 49.98, 20.83, 55.69, 61.62, 41.76, 140.87, 143.87, 79.87, 21.47, 41.76, 19.13, 23.1, 88.87, 21.08, 55.69, 29.96, 68.87, 66.82, 65.82, 46.9, 18.75, 35.18, 44.54, 25.31, 48.26, 49.98, 36.64, 37.64, 30.62, 115.87, 46.9, 68.87, 48.26, 40.76, 48.26, 18.75, 68.87, 60.4, 56.97, 9.7, 23.89, 27.55, 27.89, 41.76, 36.55, 102.87, 56.25, 32.87, 119.87, 26.61, 38.73, 8.25, 51.98, 43.17, 57.97, 15.62, 62.82, 29.96, 42.17, 95.87, 53.33, 35.18, 60.4, 143.87, 35.18, 26.35, 67.82, 36.18, 25.31, 46.9, 17.32, 79.87, 60.4, 80.87, 31.62, 15.33, 54.33, 72.87, 68.87, 36.18, 115.87, 67.82];135.62;[2, 1, 6, 2, 1, 3, 1, 3, 1, 1, 2, 1, 2, 5, 2, 2, 2, 5, 1, 1, 1, 4, 2, 1, 1, 1, 1, 3, 3, 1, 1, 1, 1, 2, 2, 3, 4, 2, 2, 1, 3, 1, 2, 5, 2, 3, 1, 2];5
100;100;100;3;True;2000;1;0;0;0;0;0;0;482.88138341903687;158.0265257358551;206907.63215049266;196533.53100686753;5886.151507517191;4488.389999999993;[56.87, 41.87, 65.87, 46.87, 83.87, 18.87, 15.86, 52.87, 74.87, 43.87, 16.74, 35.87, 96.87, 47.87, 28.87, 34.87, 46.87, 20.87, 19.87, 69.87, 28.87, 49.87, 75.87, 24.87, 29.87, 36.87, 96.87, 18.87, 33.87, 61.87, 24.87, 58.87, 54.87, 76.87, 53.87, 42.87, 60.87, 36.87, 31.87, 61.87, 46.87, 75.87, 30.87, 26.87, 42.87, 30.87, 43.87, 83.87, 43.87, 24.87, 38.87, 13.64, 44.87, 78.87, 32.87, 80.87, 12.04, 83.87, 67.87, 62.87, 56.87, 45.87, 70.87, 2.88, 14.64, 45.87, 41.87, 33.87, 1.0, 30.87, 25.87, 25.87, 20.87, 45.87, 89.87, 56.87, 66.87, 80.87, 23.87, 40.87, 18.87, 70.87, 58.87, 21.87, 45.87, 19.87, 54.87, 52.87, 47.87, 47.87, 85.87, 60.87, 29.87, 52.87, 6.74, 17.68, 30.87, 36.87, 37.87, 17.87];95.87;[4, 2, 1, 2, 2, 2, 4, 1, 1, 1, 1, 2, 3, 1, 3, 3, 1, 2, 2, 1, 1, 1, 1, 1, 2, 3, 1, 1, 3, 1, 4, 1, 1, 1, 2, 2, 2, 1, 1, 2, 2, 4, 1, 4, 2, 1, 3, 1, 2, 1, 6, 1, 1];5
100;100;100;4;True;2000;1;0;0;0;0;0;0;503.705687046051;181.07855081558228;209085.2903724566;197417.75882711628;6232.616359169524;5434.919999999997;[24.73, 62.64, 10.77, 63.64, 75.64, 84.64, 82.64, 66.64, 24.36, 85.64, 16.33, 68.64, 18.87, 43.19, 81.64, 72.64, 53.61, 98.58, 53.19, 38.58, 63.64, 3.18, 57.54, 39.9, 27.66, 45.19, 53.19, 18.87, 70.64, 44.19, 86.64, 59.54, 81.64, 61.64, 52.19, 54.61, 60.54, 39.9, 61.64, 73.64, 48.19, 28.18, 115.58, 104.58, 56.08, 57.54, 34.38, 36.22, 67.64, 29.43, 40.9, 36.48, 79.64, 27.19, 57.54, 56.08, 50.19, 65.64, 33.15, 12.43, 13.71, 24.36, 94.58, 19.63, 56.08, 72.64, 69.64, 92.58, 50.19, 40.9, 34.15, 62.64, 56.54, 60.64, 33.15, 74.64, 92.58, 48.19, 117.58, 49.19, 72.64, 74.64, 96.58, 31.85, 77.64, 46.19, 6.58, 54.61, 47.19, 20.86, 79.64, 34.15, 46.19, 37.48, 66.64, 30.76, 54.61, 44.19, 38.58, 90.64];114.39999999999999;[3, 1, 1, 2, 1, 1, 2, 1, 3, 4, 1, 1, 2, 1, 2, 1, 2, 2, 1, 1, 4, 3, 3, 3, 1, 1, 2, 1, 1, 1, 1, 3, 3, 1, 3, 3, 1, 1, 2, 2, 2, 2, 2, 1, 1, 3, 4, 3, 2, 1, 1, 2, 1, 1, 1];3
100;100;100;5;True;2000;1;0;0;0;0;0;0;583.2611441612244;227.59616804122925;213651.05915929173;200686.26914375628;5959.304801561826;7005.549999999998;[44.3, 108.29, 48.79, 56.54, 17.16, 84.29, 82.29, 30.07, 69.29, 45.87, 133.29, 1.0, 22.54, 45.67, 57.16, 91.29, 23.54, 30.07, 62.28, 66.08, 126.29, 86.29, 143.29, 53.67, 3.12, 88.29, 14.47, 32.2, 111.29, 104.29, 55.03, 59.37, 99.29, 65.18, 58.51, 113.29, 12.24, 60.75, 93.29, 40.3, 30.95, 79.29, 55.03, 41.65, 82.29, 10.26, 121.29, 66.29, 119.29, 50.71, 92.29, 25.8, 100.29, 88.29, 35.95, 58.22, 70.29, 47.78, 34.89, 97.29, 100.29, 60.75, 103.29, 79.29, 74.29, 40.71, 74.29, 80.29, 91.29, 83.29, 77.29, 127.29, 82.29, 47.78, 46.35, 2.0, 70.29, 73.29, 10.26, 45.67, 115.29, 108.29, 100.29, 3.92, 32.2, 84.29, 128.29, 55.03, 52.28, 94.29, 78.29, 143.29, 122.29, 102.29, 69.29, 142.29, 110.29, 76.29, 102.29, 66.08];142.29;[2, 1, 4, 1, 2, 2, 1, 2, 1, 4, 1, 1, 2, 4, 3, 1, 1, 1, 1, 1, 1, 3, 2, 3, 3, 1, 2, 1, 2, 1, 1, 1, 2, 3, 1, 3, 3, 1, 2, 2, 1, 1, 2, 2, 4, 2, 2, 1, 7, 1, 3];6
100;100;100;6;True;2000;1;0;0;0;0;0;0;570.5326910018921;192.7507724761963;216482.37158429908;204934.28852452073;5846.902560936841;5701.230000000002;[45.65, 39.04, 62.42, 76.42, 66.42, 108.42, 49.99, 114.42, 101.42, 29.14, 33.11, 45.65, 69.42, 130.42, 44.58, 20.79, 59.22, 38.03, 52.17, 110.42, 51.1, 57.22, 59.22, 14.98, 86.42, 103.42, 41.35, 36.64, 35.63, 27.27, 53.76, 72.42, 48.99, 86.42, 74.42, 65.42, 109.42, 24.74, 31.08, 78.42, 72.42, 32.08, 26.32, 58.22, 65.42, 39.04, 11.2, 15.96, 54.76, 83.42, 109.42, 19.79, 10.08, 38.03, 80.42, 34.28, 130.42, 31.08, 71.42, 24.5, 26.32, 30.5, 40.34, 30.14, 26.32, 80.42, 71.42, 111.42, 84.42, 78.42, 123.42, 44.58, 2.8, 99.42, 24.74, 15.96, 17.84, 99.42, 42.38, 18.87, 62.42, 60.42, 65.42, 49.99, 73.42, 73.42, 23.5, 10.08, 19.79, 82.42, 24.5, 93.42, 8.07, 73.42, 40.34, 68.42, 113.42, 103.42, 62.42, 60.0];127.61999999999999;[1, 1, 5, 4, 2, 1, 1, 2, 4, 6, 1, 2, 2, 1, 1, 1, 1, 2, 2, 1, 1, 1, 2, 4, 1, 1, 1, 1, 4, 1, 1, 1, 1, 1, 1, 1, 1, 4, 2, 1, 2, 2, 1, 3, 4, 3, 1, 5, 5, 1, 1];5
