num_implements;num_tasks;num_vehicles;seed;full;time_horizon;num_periods;probabilityTA;probabilityTD;probabilityVA;probabilityVD;probabilityIA;probabilityID;t;toptimization;Obj;PenaltyCost;StaticCost;DistanciaTotal;Distancia_list;DesvDistancia;TaskDone_list;DesvTaskDone
10;20;10;1;True;2000;2;0;0;0;0;0;0;146.9521427154541;0.2275080680847168;17258.75418274382;14539.916383743286;1322.9694167748369;1395.8400000000001;[152.69, 100.66, 126.69, 109.66, 152.69, 142.69, 152.69, 152.69, 152.69, 152.69];52.03;[2, 1, 2, 4, 1, 2, 2, 3, 3];3
10;20;10;2;True;2000;2;0;0;0;0;0;0;108.56201839447021;0.18459010124206543;15965.498903186428;13687.270596981049;1182.204311009724;1096.0000000000002;[112.7, 112.7, 112.7, 112.7, 112.7, 112.7, 112.7, 81.7, 112.7, 112.7];31.0;[2, 1, 1, 4, 1, 2, 3, 2, 2, 2];3
10;20;10;3;True;2000;2;0;0;0;0;0;0;116.20421171188354;0.16144299507141113;14809.552770778717;12489.59928226471;1150.073537490696;1169.91;[102.53, 96.63, 123.46, 123.46, 123.46, 123.46, 106.53, 123.46, 123.46, 123.46];26.83;[1, 1, 2, 1, 4, 1, 3, 2, 2, 3];3
10;20;10;4;True;2000;2;0;0;0;0;0;0;99.83615636825562;0.1716470718383789;14888.97858700612;12894.098491191864;966.734667403578;1028.18;[77.02, 106.12, 102.2, 106.12, 106.12, 106.12, 106.12, 106.12, 106.12, 106.12];29.10000000000001;[2, 2, 1, 1, 1, 3, 2, 2, 2, 4];3
10;20;10;5;True;2000;2;0;0;0;0;0;0;106.6815276145935;0.20006203651428223;14611.359386971571;12390.883092403412;1132.6103678854881;1087.8999999999999;[111.99, 111.99, 90.99, 111.99, 111.99, 111.99, 110.99, 111.99, 101.99, 111.99];21.0;[3, 2, 3, 1, 1, 3, 2, 1, 2, 2];2
10;20;10;6;True;2000;2;0;0;0;0;0;0;112.04549503326416;0.15898990631103516;15978.341106635875;13814.440569400787;1039.2274727595488;1124.6999999999996;[101.57, 82.57, 121.57, 121.57, 104.57, 106.57, 121.57, 121.57, 121.57, 121.57];39.0;[1, 1, 4, 1, 2, 1, 2, 3, 2, 3];3
10;30;10;1;True;2000;2;0;0;0;0;0;0;163.91605043411255;0.3693273067474365;24139.022707010474;20854.328228473663;1814.7245803397063;1470.0;[147.0, 147.0, 147.0, 147.0, 147.0, 147.0, 147.0, 147.0, 147.0, 147.0];0.0;[2, 2, 4, 1, 5, 4, 2, 3, 4, 3];4
10;30;10;2;True;2000;2;0;0;0;0;0;0;148.61363410949707;0.43933653831481934;23366.30420045666;20096.13838338852;1939.7659247364113;1330.3999999999999;[134.04, 134.04, 134.04, 134.04, 134.04, 134.04, 134.04, 124.04, 134.04, 134.04];9.999999999999986;[3, 2, 3, 4, 2, 3, 4, 3, 3, 3];2
10;30;10;3;True;2000;2;0;0;0;0;0;0;169.62525033950806;0.37172579765319824;23244.731565649952;20023.853922843933;1798.7053836988764;1422.1699999999996;[123.32, 126.32, 155.14, 152.32, 155.14, 105.19, 155.14, 139.32, 155.14, 155.14];49.94999999999999;[2, 1, 3, 1, 5, 3, 5, 2, 3, 5];4
10;30;10;4;True;2000;2;0;0;0;0;0;0;146.95151472091675;0.36626124382019043;25134.980943008784;22229.973942279816;1577.3084709671566;1327.7399999999998;[119.04, 134.3, 134.3, 134.3, 134.3, 134.3, 134.3, 134.3, 134.3, 134.3];15.260000000000005;[2, 4, 3, 2, 1, 5, 4, 2, 2, 5];4
10;30;10;5;True;2000;2;0;0;0;0;0;0;134.15333461761475;0.4495999813079834;22710.330579886624;19836.080417633057;1681.5922009605902;1192.7;[121.17, 121.17, 121.17, 121.17, 115.17, 121.17, 121.17, 121.17, 108.17, 121.17];13.0;[1, 4, 4, 5, 1, 2, 4, 3, 3, 3];4
10;30;10;6;True;2000;2;0;0;0;0;0;0;154.78172779083252;0.3606531620025635;24019.97555073018;21183.470629692078;1555.2191209999758;1281.3;[142.73, 81.73, 142.73, 142.73, 141.73, 132.73, 102.73, 142.73, 142.73, 108.73];60.999999999999986;[4, 2, 3, 3, 5, 1, 2, 3, 3, 4];4
10;40;10;1;True;2000;2;0;0;0;0;0;0;203.6291060447693;0.6664879322052002;33525.298711311036;29573.397802352905;2339.303590185631;1612.6199999999997;[162.56, 162.56, 149.58, 162.56, 162.56, 162.56, 162.56, 162.56, 162.56, 162.56];12.97999999999999;[4, 4, 4, 3, 6, 3, 3, 4, 4, 5];3
10;40;10;2;True;2000;2;0;0;0;0;0;0;181.04705142974854;0.558366060256958;32070.609435448932;28169.895058631897;2557.1212675149313;1343.62;[141.87, 141.87, 141.87, 141.87, 141.87, 141.87, 129.87, 78.79, 141.87, 141.87];63.08;[3, 2, 1, 6, 6, 7, 5, 3, 3, 4];6
10;40;10;3;True;2000;2;0;0;0;0;0;0;208.58304119110107;0.5952205657958984;33078.756617231884;29163.61610174179;2307.555843441648;1607.5800000000002;[149.75, 166.19, 159.75, 166.19, 166.19, 134.75, 166.19, 166.19, 166.19, 166.19];31.439999999999998;[2, 3, 4, 1, 6, 6, 4, 4, 3, 7];6
10;40;10;4;True;2000;2;0;0;0;0;0;0;190.9613184928894;0.7057390213012695;33399.16613315645;29668.1129322052;2261.092827672156;1469.9800000000002;[134.44, 153.44, 153.44, 153.44, 153.44, 153.44, 153.44, 153.44, 108.02, 153.44];45.42;[3, 5, 2, 4, 3, 6, 5, 3, 3, 6];4
10;40;10;5;True;2000;2;0;0;0;0;0;0;209.1768674850464;0.5738463401794434;31952.488634591275;27842.210067272186;2461.162855491538;1649.1400000000003;[166.86, 166.86, 166.86, 166.86, 166.86, 147.4, 166.86, 166.86, 166.86, 166.86];19.460000000000008;[1, 4, 6, 4, 4, 2, 5, 5, 4, 5];5
10;40;10;6;True;2000;2;0;0;0;0;0;0;191.2444405555725;0.7139899730682373;34325.59989719583;30518.691035747528;2323.7370308711575;1483.2;[155.72, 125.72, 155.72, 155.72, 150.72, 153.72, 134.72, 155.72, 155.72, 139.72];30.0;[3, 3, 4, 5, 6, 4, 2, 5, 3, 5];4
10;50;10;1;True;2000;2;0;0;0;0;0;0;257.5881915092468;0.8166842460632324;43938.027960400075;39251.88463973999;2848.137624503457;1837.9799999999996;[186.62, 158.4, 186.62, 186.62, 186.62, 186.62, 186.62, 186.62, 186.62, 186.62];28.22;[6, 4, 6, 3, 6, 5, 3, 4, 7, 6];4
10;50;10;2;True;2000;2;0;0;0;0;0;0;240.58449125289917;1.3769888877868652;43443.892522914604;38555.47763442993;3154.6907909711404;1733.73;[178.02, 178.02, 178.02, 178.02, 167.02, 178.02, 178.02, 170.55, 150.02, 178.02];28.0;[5, 5, 2, 9, 5, 7, 6, 4, 2, 5];7
10;50;10;3;True;2000;2;0;0;0;0;0;0;246.05406761169434;0.931596040725708;42368.965163042514;37775.55167675018;2857.3071305379294;1736.13;[150.06, 176.23, 176.23, 176.23, 176.23, 176.23, 176.23, 176.23, 176.23, 176.23];26.169999999999987;[2, 6, 6, 3, 7, 7, 6, 4, 5, 4];5
10;50;10;4;True;2000;2;0;0;0;0;0;0;235.7161741256714;0.9688334465026855;43438.42307054154;38944.42107915878;2777.662218178635;1716.3;[172.53, 172.53, 172.53, 172.53, 170.53, 172.53, 172.53, 172.53, 165.53, 172.53];7.0;[5, 6, 4, 5, 3, 7, 4, 7, 5, 4];4
10;50;10;5;True;2000;2;0;0;0;0;0;0;246.44839429855347;0.8985233306884766;42216.83346390189;37458.55992650986;3103.430642740583;1654.8400000000004;[176.15, 176.15, 129.49, 176.15, 166.15, 176.15, 176.15, 153.15, 176.15, 149.15];46.66;[4, 8, 5, 5, 3, 5, 7, 5, 3, 5];5
10;50;10;6;True;2000;2;0;0;0;0;0;0;240.3661961555481;1.127013921737671;44553.44617082402;40101.41970872879;2796.0797141739404;1655.9000000000003;[165.19, 164.19, 171.19, 171.19, 171.19, 171.19, 171.19, 171.19, 171.19, 128.19];43.0;[4, 3, 7, 3, 7, 7, 3, 7, 4, 5];4
10;60;10;1;True;2000;2;0;0;0;0;0;0;287.0561842918396;1.250859260559082;55701.725542569955;50317.07826805115;3539.9429899498045;1844.7;[184.47, 184.47, 184.47, 184.47, 184.47, 184.47, 184.47, 184.47, 184.47, 184.47];0.0;[7, 5, 4, 4, 8, 6, 5, 8, 8, 5];4
10;60;10;2;True;2000;2;0;0;0;0;0;0;281.12036514282227;1.6901602745056152;54488.31296582865;48947.50516080856;3725.248488659153;1815.6000000000001;[183.46, 183.46, 183.46, 183.46, 183.46, 183.46, 183.46, 164.46, 183.46, 183.46];19.0;[3, 7, 2, 6, 7, 8, 9, 6, 6, 6];7
10;60;10;3;True;2000;2;0;0;0;0;0;0;310.60787439346313;1.365811824798584;53192.008611550606;47786.04182720184;3414.8031300632456;1991.1299999999997;[164.69, 195.88, 203.82, 203.82, 203.82, 203.82, 203.82, 203.82, 203.82, 203.82];39.129999999999995;[4, 7, 4, 4, 8, 4, 8, 7, 5, 9];5
10;60;10;4;True;2000;2;0;0;0;0;0;0;327.5341386795044;1.2210698127746582;57099.1343418353;51497.209414958954;3480.7700827181297;2121.2;[216.72, 219.72, 183.72, 219.72, 219.72, 219.72, 219.72, 219.72, 182.72, 219.72];37.0;[6, 7, 4, 5, 6, 10, 4, 5, 5, 8];6
10;60;10;5;True;2000;2;0;0;0;0;0;0;281.01220083236694;1.3112385272979736;52734.153260073326;47139.02517414093;3762.06745655471;1833.0999999999997;[183.31, 183.31, 183.31, 183.31, 183.31, 183.31, 183.31, 183.31, 183.31, 183.31];0.0;[6, 8, 7, 5, 6, 6, 5, 5, 5, 7];3
10;60;10;6;True;2000;2;0;0;0;0;0;0;297.6764888763428;1.796600341796875;58907.4504591717;53646.92796564102;3319.410861078929;1941.1000000000004;[194.11, 194.11, 194.11, 194.11, 194.11, 194.11, 194.11, 194.11, 194.11, 194.11];0.0;[5, 5, 6, 6, 6, 7, 5, 6, 7, 7];2
10;70;10;1;True;2000;2;0;0;0;0;0;0;386.4851417541504;1.9981486797332764;70733.29436314286;64156.445135593414;4181.8261663365265;2395.0;[241.3, 241.3, 241.3, 236.3, 241.3, 241.3, 228.3, 241.3, 241.3, 241.3];13.0;[9, 7, 7, 6, 9, 4, 5, 7, 8, 8];5
10;70;10;2;True;2000;2;0;0;0;0;0;0;372.53865242004395;2.154917001724243;66522.52653840772;60137.6363863945;4185.086276426987;2199.8;[223.68, 223.68, 223.68, 223.68, 202.68, 223.68, 223.68, 207.68, 223.68, 223.68];21.0;[7, 8, 2, 12, 7, 8, 9, 6, 6, 5];10
10;70;10;3;True;2000;2;0;0;0;0;0;0;340.4427433013916;1.6280407905578613;65687.48564846606;59710.08683347702;3972.3093260287014;2005.1;[202.04, 202.04, 202.04, 186.74, 202.04, 202.04, 202.04, 202.04, 202.04, 202.04];15.299999999999983;[5, 8, 6, 7, 5, 5, 9, 10, 8, 7];5
10;70;10;4;True;2000;2;0;0;0;0;0;0;396.2068386077881;1.5984094142913818;69721.84461003842;62955.02342557907;4389.317974292805;2377.5;[212.55, 247.55, 235.55, 247.55, 247.55, 247.55, 247.55, 247.55, 196.55, 247.55];51.0;[8, 7, 8, 7, 4, 8, 5, 8, 5, 10];6
10;70;10;5;True;2000;2;0;0;0;0;0;0;383.3837466239929;2.0679283142089844;67316.27293172733;60743.09282016754;4380.440018617733;2192.7;[228.57, 228.57, 228.57, 228.57, 228.57, 185.57, 228.57, 178.57, 228.57, 228.57];50.0;[4, 9, 8, 10, 5, 5, 6, 8, 6, 9];6
10;70;10;6;True;2000;2;0;0;0;0;0;0;341.9861125946045;1.7507038116455078;71274.06615323399;65082.20491170883;4158.416966241323;2033.4000000000003;[205.44, 196.44, 205.44, 205.44, 193.44, 205.44, 205.44, 205.44, 205.44, 205.44];12.0;[4, 6, 8, 8, 8, 6, 7, 7, 9, 7];5
10;80;10;1;True;2000;2;0;0;0;0;0;0;395.9978427886963;2.1916797161102295;83152.22804683856;76288.43472957611;4687.240542445842;2176.6000000000004;[217.66, 217.66, 217.66, 217.66, 217.66, 217.66, 217.66, 217.66, 217.66, 217.66];0.0;[10, 8, 10, 3, 10, 7, 6, 7, 9, 10];7
10;80;10;2;True;2000;2;0;0;0;0;0;0;422.0756530761719;2.3471662998199463;80152.7004578447;73080.9962348938;4873.909196196257;2197.75;[228.09, 228.09, 223.09, 204.09, 225.09, 228.09, 228.09, 183.94, 228.09, 221.09];44.150000000000006;[9, 8, 4, 9, 9, 10, 8, 6, 9, 8];6
10;80;10;3;True;2000;2;0;0;0;0;0;0;536.1512145996094;2.8891711235046387;82890.97637422348;75367.80476808548;4734.680959036464;2788.5;[299.31, 224.75, 302.72, 292.64, 251.64, 233.64, 275.64, 302.72, 302.72, 302.72];77.97000000000003;[7, 8, 8, 7, 8, 4, 10, 10, 9, 9];6
10;80;10;4;True;2000;2;0;0;0;0;0;0;458.77668857574463;2.282407522201538;83507.94584794536;75951.68594169617;5127.36469237636;2428.8999999999996;[255.99, 255.99, 231.99, 255.99, 227.99, 255.99, 255.99, 218.99, 213.99, 255.99];42.0;[8, 9, 8, 9, 7, 10, 7, 10, 4, 8];6
10;80;10;5;True;2000;2;0;0;0;0;0;0;404.6613292694092;2.543210983276367;82225.8755300531;75086.33014249802;4987.951927358259;2151.6000000000004;[215.16, 215.16, 215.16, 215.16, 215.16, 215.16, 215.16, 215.16, 215.16, 215.16];0.0;[5, 10, 9, 8, 7, 7, 8, 10, 7, 9];5
10;80;10;6;True;2000;2;0;0;0;0;0;0;372.8695764541626;3.801305055618286;84843.0144146909;78055.47281837463;4775.128821162514;2012.4;[202.74, 202.74, 202.74, 202.74, 202.74, 202.74, 202.74, 202.74, 202.74, 187.74];15.0;[5, 5, 9, 9, 6, 9, 11, 10, 8, 8];6
10;90;10;1;True;2000;2;0;0;0;0;0;0;478.62108993530273;3.2392728328704834;102717.57891601633;95103.75889110565;5185.370658317443;2428.4;[242.84, 242.84, 242.84, 242.84, 242.84, 242.84, 242.84, 242.84, 242.84, 242.84];0.0;[11, 7, 10, 8, 11, 8, 6, 10, 10, 9];5
10;90;10;2;True;2000;2;0;0;0;0;0;0;465.85396432876587;3.109032392501831;94271.28997852463;86376.52688407898;5639.657680739218;2255.1;[191.01, 230.01, 230.01, 230.01, 230.01, 230.01, 230.01, 224.01, 230.01, 230.01];39.0;[7, 5, 5, 11, 12, 14, 11, 8, 9, 8];9
10;90;10;3;True;2000;2;0;0;0;0;0;0;471.2101559638977;2.761091709136963;96591.42764945413;88988.17554092407;5338.052400077717;2265.2000000000003;[233.13, 233.13, 233.13, 221.13, 233.13, 194.03, 233.13, 218.13, 233.13, 233.13];39.099999999999994;[6, 7, 9, 6, 13, 9, 9, 10, 13, 8];7
10;90;10;4;True;2000;2;0;0;0;0;0;0;447.2754511833191;2.909675359725952;98882.79704120122;91096.97411584854;5602.859192477884;2182.98;[203.79, 222.8, 205.79, 222.8, 222.8, 222.8, 222.8, 222.8, 213.8, 222.8];19.01000000000002;[10, 10, 5, 7, 9, 10, 10, 11, 7, 11];6
10;90;10;5;True;2000;2;0;0;0;0;0;0;443.74354124069214;2.875009775161743;96791.72990438907;89087.53756380081;5489.553390776773;2214.6;[221.46, 221.46, 221.46, 221.46, 221.46, 221.46, 221.46, 221.46, 221.46, 221.46];0.0;[8, 12, 13, 8, 5, 12, 7, 10, 6, 9];8
10;90;10;6;True;2000;2;0;0;0;0;0;0;560.6649050712585;4.109527111053467;104075.23830590835;95948.70696592331;5319.645184053049;2806.9;[283.19, 283.19, 283.19, 283.19, 283.19, 283.19, 283.19, 281.19, 280.19, 263.19];20.0;[7, 6, 10, 11, 10, 12, 6, 10, 8, 10];6
10;100;10;1;True;2000;2;0;0;0;0;0;0;625.8875403404236;3.443897008895874;119403.13210504514;110673.20738983154;5770.214285517495;2959.6800000000007;[299.88, 299.88, 272.76, 293.88, 299.88, 299.88, 299.88, 299.88, 293.88, 299.88];27.120000000000005;[12, 9, 11, 6, 12, 10, 9, 11, 9, 11];6
10;100;10;2;True;2000;2;0;0;0;0;0;0;639.7470750808716;3.5849268436431885;113515.90353835381;104144.24303817749;6449.723873468416;2921.96;[287.09, 303.09, 277.63, 298.09, 303.09, 281.09, 303.09, 283.09, 282.61, 303.09];25.45999999999998;[8, 9, 5, 10, 11, 14, 13, 10, 9, 11];9
10;100;10;3;True;2000;2;0;0;0;0;0;0;542.3285675048828;3.956401824951172;114553.88648518958;106287.97684717178;5780.374814526167;2485.58;[251.06, 251.06, 251.06, 251.06, 251.06, 251.06, 251.06, 226.04, 251.06, 251.06];25.02000000000001;[9, 12, 12, 9, 9, 9, 10, 8, 9, 13];5
10;100;10;4;True;2000;2;0;0;0;0;0;0;540.223819732666;4.177654027938843;114667.5279263577;105837.02953863144;6304.613501352759;2525.85;[256.1, 256.1, 220.95, 256.1, 256.1, 256.1, 256.1, 256.1, 256.1, 256.1];35.150000000000034;[8, 11, 7, 6, 10, 11, 14, 12, 12, 9];8
10;100;10;5;True;2000;2;0;0;0;0;0;0;563.6819005012512;4.885197401046753;116139.08366405011;107456.11440992355;6128.565141322373;2554.4500000000003;[261.16, 223.01, 256.16, 261.16, 261.16, 261.16, 261.16, 261.16, 247.16, 261.16];38.150000000000034;[8, 9, 9, 12, 9, 13, 10, 9, 10, 11];5
10;100;10;6;True;2000;2;0;0;0;0;0;0;715.6311941146851;4.970927953720093;122355.76177068007;113308.96699810028;5945.36872629699;3101.3999999999996;[335.74, 335.74, 253.74, 335.74, 289.74, 335.74, 333.74, 335.74, 335.74, 209.74];126.0;[11, 6, 11, 9, 12, 11, 9, 13, 9, 9];7
10;30;10;1;True;2000;3;0;0;0;0;0;0;174.61907577514648;0.7080769538879395;23302.598493671016;19884.59555196762;1810.4470595766643;1607.5799999999997;[162.56, 162.56, 161.55, 162.56, 162.56, 162.56, 162.56, 162.56, 145.55, 162.56];17.00999999999999;[3, 2, 4, 3, 3, 3, 3, 2, 3, 4];2
10;30;10;2;True;2000;3;0;0;0;0;0;0;207.18847799301147;0.45498108863830566;23851.908442389777;20097.629455566406;1908.077792169012;1846.2;[183.52, 195.52, 184.52, 195.52, 195.52, 195.52, 195.52, 109.52, 195.52, 195.52];86.00000000000001;[2, 3, 1, 5, 3, 3, 4, 3, 3, 3];4
10;30;10;3;True;2000;3;0;0;0;0;0;0;159.0213770866394;0.5037791728973389;22654.315963697532;19435.081448078156;1786.0940946207993;1433.1399999999999;[133.68, 140.68, 147.07, 146.68, 147.07, 129.68, 147.07, 147.07, 147.07, 147.07];17.389999999999986;[2, 2, 3, 5, 4, 4, 2, 3, 5];3
10;30;10;4;True;2000;3;0;0;0;0;0;0;123.52430725097656;0.577796459197998;24313.68989470591;21665.694626808167;1573.260619681658;1074.7;[110.48, 110.48, 110.48, 110.48, 110.48, 110.48, 110.48, 110.48, 80.38, 110.48];30.10000000000001;[2, 4, 2, 2, 2, 5, 4, 3, 3, 3];3
10;30;10;5;True;2000;3;0;0;0;0;0;0;146.9390606880188;0.3289668560028076;22265.138878113958;19294.23166847229;1697.9574224911003;1272.98;[135.73, 135.73, 135.73, 135.73, 135.73, 135.73, 135.73, 135.73, 92.41, 94.73];43.31999999999999;[2, 3, 4, 3, 1, 3, 5, 3, 3, 3];4
10;30;10;6;True;2000;3;0;0;0;0;0;0;185.4038381576538;0.3002960681915283;24834.81259846974;21591.747994422913;1569.5684683523275;1673.5000000000005;[176.65, 176.65, 176.65, 176.65, 176.65, 144.65, 115.65, 176.65, 176.65, 176.65];61.0;[2, 2, 4, 3, 5, 3, 2, 4, 2, 3];3
10;40;10;1;True;2000;3;0;0;0;0;0;0;253.3911862373352;0.8846888542175293;33030.69343217533;28761.288801670074;2389.811549237214;1879.58;[213.93, 147.84, 176.84, 175.84, 191.84, 177.84, 185.84, 200.84, 194.84, 213.93];66.09;[4, 4, 6, 1, 7, 4, 3, 3, 4, 4];6
10;40;10;2;True;2000;3;0;0;0;0;0;0;173.274160861969;0.5233702659606934;31927.24869447469;27998.197963237762;2585.94166248342;1343.1000000000004;[135.61, 135.61, 135.61, 135.61, 135.61, 135.61, 135.61, 122.61, 135.61, 135.61];13.000000000000014;[4, 3, 3, 6, 5, 6, 3, 4, 2, 4];4
10;40;10;3;True;2000;3;0;0;0;0;0;0;180.2843885421753;0.6781301498413086;31454.417833526186;27773.524171829224;2316.7252430189205;1364.1899999999996;[104.6, 143.89, 143.89, 143.89, 143.89, 108.47, 143.89, 143.89, 143.89, 143.89];39.28999999999999;[2, 4, 4, 3, 5, 5, 3, 4, 4, 6];4
10;40;10;4;True;2000;3;0;0;0;0;0;0;196.8685302734375;0.7443301677703857;32354.391519232064;28470.780833244324;2294.4881763071617;1589.1299999999997;[143.31, 162.6, 162.6, 156.31, 162.6, 162.6, 162.6, 151.31, 162.6, 162.6];19.289999999999992;[4, 5, 4, 2, 2, 6, 3, 3, 4, 7];5
10;40;10;5;True;2000;3;0;0;0;0;0;0;178.8084740638733;0.6872580051422119;30876.74661777624;27000.404721736908;2457.0469972452356;1419.2600000000002;[144.68, 144.68, 144.68, 144.68, 117.14, 144.68, 144.68, 144.68, 144.68, 144.68];27.540000000000006;[4, 6, 4, 4, 2, 2, 5, 2, 5, 6];4
10;40;10;6;True;2000;3;0;0;0;0;0;0;183.77100896835327;0.545292854309082;34527.792599858374;30653.38325214386;2346.1756063648954;1528.1999999999996;[152.82, 152.82, 152.82, 152.82, 152.82, 152.82, 152.82, 152.82, 152.82, 152.82];0.0;[3, 3, 3, 4, 7, 3, 5, 4, 4, 4];4
10;50;10;1;True;2000;3;0;0;0;0;0;0;237.25355625152588;2.2711338996887207;43674.59088842051;39122.87790489197;2843.1332679826687;1708.6000000000004;[170.86, 170.86, 170.86, 170.86, 170.86, 170.86, 170.86, 170.86, 170.86, 170.86];0.0;[8, 3, 7, 5, 5, 4, 4, 5, 3, 6];5
10;50;10;2;True;2000;3;0;0;0;0;0;0;228.23839807510376;1.4009068012237549;42960.137392846125;38182.35385513306;3142.6528040986123;1635.1599999999999;[168.51, 168.51, 168.51, 168.51, 168.51, 168.51, 151.54, 135.54, 168.51, 168.51];32.97;[3, 6, 4, 8, 5, 6, 6, 3, 3, 6];5
10;50;10;3;True;2000;3;0;0;0;0;0;0;261.01490449905396;1.875952959060669;42227.3701224199;37514.38076925278;2864.5104901794225;1848.4999999999998;[192.06, 192.06, 192.06, 163.51, 192.06, 148.51, 192.06, 192.06, 192.06, 192.06];43.55000000000001;[4, 6, 4, 2, 7, 7, 5, 5, 4, 6];5
10;50;10;4;True;2000;3;0;0;0;0;0;0;292.66967391967773;1.0462160110473633;44018.08192840559;39235.84633398056;2805.2852165151635;1976.9299999999998;[150.25, 219.52, 219.52, 170.52, 219.52, 188.52, 219.52, 215.52, 154.52, 219.52];69.27000000000001;[3, 7, 6, 3, 3, 6, 5, 6, 5, 6];4
10;50;10;5;True;2000;3;0;0;0;0;0;0;239.14478254318237;1.312417984008789;41042.066662145175;36271.59354829788;3116.3523545622143;1654.1000000000001;[171.21, 171.21, 171.21, 171.21, 119.21, 171.21, 171.21, 171.21, 165.21, 171.21];52.000000000000014;[4, 6, 7, 5, 3, 5, 7, 3, 3, 7];4
10;50;10;6;True;2000;3;0;0;0;0;0;0;217.64443731307983;1.4110009670257568;44133.995516392664;39748.96205615997;2801.108677889559;1583.8999999999999;[159.09, 159.09, 159.09, 159.09, 159.09, 159.09, 152.09, 159.09, 159.09, 159.09];7.0;[5, 3, 5, 6, 6, 4, 5, 7, 4, 5];4
10;60;10;1;True;2000;3;0;0;0;0;0;0;384.77736043930054;1.9516630172729492;58633.35293338495;52623.52762699127;3537.5776908075854;2472.2;[256.32, 231.32, 255.32, 224.32, 253.32, 233.32, 256.32, 256.32, 249.32, 256.32];32.0;[6, 7, 9, 3, 7, 5, 6, 6, 5, 6];6
10;60;10;2;True;2000;3;0;0;0;0;0;0;539.2893109321594;1.8897380828857422;53912.89435381113;47829.2187871933;3712.232788701986;2371.4;[187.94, 371.94, 183.94, 196.94, 233.94, 282.94, 213.94, 219.94, 206.94, 272.94];188.0;[7, 8, 4, 9, 4, 8, 7, 6, 2, 5];7
10;60;10;3;True;2000;3;0;0;0;0;0;0;319.4323592185974;1.3700790405273438;53979.02558254539;48452.88002586365;3470.2612099218695;2055.84;[172.93, 209.99, 209.99, 209.99, 209.99, 202.99, 209.99, 209.99, 209.99, 209.99];37.06;[3, 7, 6, 5, 8, 6, 7, 6, 5, 7];5
10;60;10;4;True;2000;3;0;0;0;0;0;0;320.6949577331543;1.2642569541931152;57361.90806997269;52001.037816524506;3373.9483884087795;1986.8900000000003;[205.69, 207.69, 192.69, 207.69, 207.69, 162.68, 207.69, 179.69, 207.69, 207.69];45.00999999999999;[5, 7, 3, 7, 6, 6, 4, 6, 7, 9];6
10;60;10;5;True;2000;3;0;0;0;0;0;0;273.22290420532227;1.8618791103363037;51943.49599320638;46480.72371387482;3727.072694344216;1735.7000000000003;[173.96, 173.96, 173.96, 173.96, 170.06, 173.96, 173.96, 173.96, 173.96, 173.96];3.9000000000000057;[5, 9, 7, 6, 5, 6, 9, 3, 4, 6];6
10;60;10;6;True;2000;3;0;0;0;0;0;0;362.5389475822449;1.9134387969970703;58574.65475085054;52986.60787010193;3336.605543490805;2251.4;[205.73, 184.83, 212.73, 244.73, 244.73, 219.73, 208.73, 244.73, 244.73, 240.73];59.89999999999998;[4, 5, 5, 6, 6, 8, 5, 8, 6, 7];4
10;70;10;1;True;2000;3;0;0;0;0;0;0;331.1447401046753;2.779155731201172;70785.75547701566;64679.98154258728;4141.237579997791;1964.5000000000002;[196.45, 196.45, 196.45, 196.45, 196.45, 196.45, 196.45, 196.45, 196.45, 196.45];0.0;[10, 8, 6, 5, 8, 9, 6, 7, 4, 7];6
10;70;10;2;True;2000;3;0;0;0;0;0;0;370.0409779548645;1.7105581760406494;66070.42517279927;59804.08524799347;4127.051412281708;2139.27;[219.72, 219.72, 219.72, 219.72, 219.72, 219.72, 216.72, 164.79, 219.72, 219.72];54.93000000000001;[7, 8, 5, 7, 5, 10, 9, 7, 7, 5];5
10;70;10;3;True;2000;3;0;0;0;0;0;0;354.72487211227417;2.4718616008758545;66488.35491209835;60440.85350036621;3970.8275217661167;2076.69;[170.85, 211.76, 211.76, 211.76, 211.76, 211.76, 211.76, 211.76, 211.76, 211.76];40.91;[5, 6, 5, 5, 10, 7, 8, 10, 7, 7];5
10;70;10;4;True;2000;3;0;0;0;0;0;0;332.10472297668457;2.6762919425964355;69812.43277832406;63364.42703676224;4431.358476478157;2016.68;[203.2, 203.2, 203.2, 203.2, 203.2, 203.2, 203.2, 203.2, 187.88, 203.2];15.319999999999993;[8, 8, 6, 6, 6, 7, 5, 7, 8, 9];4
10;70;10;5;True;2000;3;0;0;0;0;0;0;363.2169337272644;2.556580066680908;64942.01762269733;58443.11824941635;4355.427289638291;2143.5;[219.75, 219.75, 219.75, 219.75, 219.75, 219.75, 219.75, 219.75, 165.75, 219.75];54.0;[4, 10, 7, 8, 8, 6, 8, 8, 4, 7];6
10;70;10;6;True;2000;3;0;0;0;0;0;0;313.2773380279541;3.3828063011169434;69782.31796519342;63765.50839853287;4160.067189394588;1856.7299999999998;[186.54, 186.54, 186.54, 186.54, 177.87, 186.54, 186.54, 186.54, 186.54, 186.54];8.669999999999987;[6, 6, 9, 6, 9, 6, 6, 10, 6, 6];4
10;80;10;1;True;2000;3;0;0;0;0;0;0;457.67711448669434;3.5451595783233643;89097.5842801914;81980.55567598343;4635.137110340438;2481.9;[248.19, 248.19, 248.19, 248.19, 248.19, 248.19, 248.19, 248.19, 248.19, 248.19];0.0;[6, 7, 11, 8, 11, 8, 7, 6, 8, 8];5
10;80;10;2;True;2000;3;0;0;0;0;0;0;475.5703167915344;3.0235002040863037;81046.4032652449;73669.44504976273;4874.675897403596;2502.3;[240.93, 259.93, 240.93, 237.93, 259.93, 259.93, 224.93, 257.93, 259.93, 259.93];35.0;[8, 9, 7, 7, 9, 10, 8, 7, 8, 7];3
10;80;10;3;True;2000;3;0;0;0;0;0;0;506.91073274612427;3.9294168949127197;83619.24564009295;76137.02843856812;4740.2303242142;2742.0000000000005;[280.3, 233.3, 280.3, 280.3, 280.3, 280.3, 280.3, 266.3, 280.3, 280.3];47.0;[6, 8, 6, 10, 9, 7, 6, 10, 9, 9];4
10;80;10;4;True;2000;3;0;0;0;0;0;0;415.2795920372009;3.0315499305725098;85469.90903701192;78010.43678998947;5175.303008182049;2284.1999999999994;[229.62, 229.62, 229.62, 229.62, 229.62, 229.62, 229.62, 229.62, 217.62, 229.62];12.0;[8, 11, 9, 9, 5, 9, 8, 7, 6, 8];6
10;80;10;5;True;2000;3;0;0;0;0;0;0;487.7219066619873;3.5875699520111084;82205.35851418128;74498.21254205704;5064.031029120928;2643.12;[240.74, 271.82, 250.82, 271.82, 252.82, 271.82, 271.82, 267.82, 271.82, 271.82];31.079999999999984;[6, 10, 8, 11, 7, 5, 9, 7, 9, 9];6
10;80;10;6;True;2000;3;0;0;0;0;0;0;440.51905250549316;4.519895076751709;87445.03567439326;80346.29686784744;4766.701180092342;2332.03;[235.15, 235.15, 235.15, 235.15, 220.85, 235.15, 235.15, 235.15, 235.15, 229.98];14.300000000000011;[7, 4, 10, 9, 9, 9, 7, 8, 10, 7];6
10;90;10;1;True;2000;3;0;0;0;0;0;0;487.8576498031616;3.2501866817474365;100580.52420859404;92980.85178804398;5126.5999267066945;2473.100000000001;[249.11, 244.11, 249.11, 249.11, 249.11, 249.11, 249.11, 249.11, 236.11, 249.11];13.0;[11, 9, 10, 10, 11, 9, 9, 6, 6, 9];5
10;90;10;2;True;2000;3;0;0;0;0;0;0;481.0039610862732;3.374129295349121;96476.41152012972;88401.12767124176;5677.629114615995;2397.7000000000003;[239.77, 239.77, 239.77, 239.77, 239.77, 239.77, 239.77, 239.77, 239.77, 239.77];0.0;[7, 10, 7, 11, 11, 10, 10, 8, 8, 8];4
10;90;10;3;True;2000;3;0;0;0;0;0;0;506.2907385826111;3.395555019378662;95768.49023478315;88052.36396551132;5324.0470520687595;2392.0599999999995;[199.64, 238.6, 237.6, 252.6, 252.6, 207.62, 252.6, 252.6, 252.6, 245.6];52.96000000000001;[8, 10, 8, 6, 10, 9, 11, 8, 9, 11];5
10;90;10;4;True;2000;3;0;0;0;0;0;0;529.5727210044861;7.364304065704346;101580.33371559059;93366.88094806671;5533.14536019132;2680.2999999999997;[269.33, 269.33, 256.33, 269.33, 269.33, 269.33, 269.33, 269.33, 269.33, 269.33];13.0;[8, 8, 7, 9, 9, 11, 9, 8, 9, 12];5
10;90;10;5;True;2000;3;0;0;0;0;0;0;547.7595014572144;5.0678489208221436;98156.63679228642;90003.05698680878;5479.321166225255;2674.28;[272.41, 248.41, 272.41, 272.41, 272.41, 272.41, 269.41, 272.41, 272.41, 249.59];24.00000000000003;[5, 11, 10, 10, 7, 7, 9, 12, 8, 11];7
10;90;10;6;True;2000;3;0;0;0;0;0;0;476.1914954185486;3.315084457397461;102636.65918011084;95081.25053215027;5267.804397581962;2287.61;[233.5, 233.5, 233.5, 233.5, 233.5, 233.5, 233.5, 233.5, 233.5, 186.11];47.389999999999986;[10, 6, 10, 10, 10, 8, 10, 10, 8, 8];4
10;100;10;1;True;2000;3;0;0;0;0;0;0;638.1938242912292;4.1363701820373535;123225.06880972092;114586.87167835236;5703.8148815372215;2934.3500000000004;[237.14, 299.69, 299.69, 299.69, 299.69, 299.69, 299.69, 299.69, 299.69, 299.69];62.55000000000001;[4, 10, 10, 8, 16, 9, 11, 8, 12, 12];12
10;100;10;2;True;2000;3;0;0;0;0;0;0;713.8966684341431;6.800871849060059;115425.07989714989;105870.53832817078;6502.89176331326;3051.6200000000003;[246.07, 274.19, 274.11, 306.19, 342.19, 343.19, 274.11, 343.19, 343.19, 305.19];97.12;[9, 8, 8, 13, 11, 13, 8, 10, 10, 10];5
10;100;10;3;True;2000;3;0;0;0;0;0;0;528.2522964477539;4.563469886779785;113672.40861361027;105492.97260665894;5792.976410210471;2386.4200000000005;[213.82, 241.4, 241.4, 241.4, 241.4, 241.4, 241.4, 241.4, 241.4, 241.4];27.580000000000013;[8, 12, 10, 11, 8, 9, 10, 9, 11, 12];4
10;100;10;4;True;2000;3;0;0;0;0;0;0;671.324734210968;3.4088752269744873;124604.59095031448;115274.68763780594;6187.8455358006895;3142.1000000000004;[287.51, 323.51, 322.51, 316.51, 323.51, 318.51, 323.51, 323.51, 292.51, 310.51];36.0;[12, 11, 11, 12, 10, 8, 9, 11, 6, 10];6
10;100;10;5;True;2000;3;0;0;0;0;0;0;548.3282914161682;5.993933439254761;113490.88613112517;104884.12451171875;6066.721459324155;2540.0;[254.0, 254.0, 254.0, 254.0, 254.0, 254.0, 254.0, 254.0, 254.0, 254.0];0.0;[7, 11, 11, 12, 6, 11, 9, 11, 10, 12];6
10;100;10;6;True;2000;3;0;0;0;0;0;0;555.0660810470581;4.459514617919922;119680.00243941105;111277.40971040726;5914.73784695426;2487.8399999999997;[253.79, 232.26, 253.79, 253.79, 225.26, 253.79, 253.79, 253.79, 253.79, 253.79];28.53;[7, 10, 11, 12, 7, 12, 10, 11, 11, 9];5
10;40;10;1;True;2000;4;0;0;0;0;0;0;408.22609281539917;14.871870040893555;35057.45460479255;30023.73867559433;2399.7001461416257;2634.05;[229.96, 232.96, 207.96, 182.96, 269.65, 346.65, 254.65, 231.96, 341.65, 335.65];163.68999999999997;[4, 4, 5, 2, 6, 4, 3, 3, 6, 3];4
10;40;10;2;True;2000;4;0;0;0;0;0;0;398.2899212837219;4.353541135787964;34044.863381855685;29162.97704410553;2598.013670837742;2283.8500000000004;[219.73, 308.73, 342.73, 252.73, 219.73, 205.73, 215.73, 212.73, 130.28, 175.73];212.45000000000002;[4, 5, 3, 5, 4, 6, 4, 3, 3, 3];3
10;40;10;3;True;2000;4;0;0;0;0;0;0;196.3858027458191;2.9968013763427734;31394.9986173374;27524.97332382202;2283.881568470794;1586.1000000000004;[158.61, 158.61, 158.61, 158.61, 158.61, 158.61, 158.61, 158.61, 158.61, 158.61];0.0;[3, 4, 4, 3, 4, 5, 4, 4, 3, 6];3
10;40;10;4;True;2000;4;0;0;0;0;0;0;253.49519538879395;3.174854040145874;34563.12907868369;30245.91201210022;2304.6152211746494;2012.5599999999995;[209.14, 209.14, 159.3, 209.14, 209.14, 208.14, 209.14, 209.14, 193.14, 197.14];49.839999999999975;[5, 6, 3, 4, 4, 5, 3, 3, 3, 4];3
10;40;10;5;True;2000;4;0;0;0;0;0;0;236.98876476287842;2.16984486579895;31424.14863217496;27161.959980487823;2448.7176719349004;1813.4600000000003;[95.5, 192.44, 192.44, 192.44, 178.44, 192.44, 192.44, 192.44, 192.44, 192.44];96.94;[3, 5, 5, 5, 3, 3, 5, 2, 4, 5];3
10;40;10;6;True;2000;4;0;0;0;0;0;0;233.77360486984253;1.4743080139160156;34772.94415100213;30698.762330055237;2327.0138649153228;1747.1400000000003;[190.68, 94.28, 190.68, 181.02, 190.68, 190.68, 138.08, 190.68, 190.68, 189.68];96.4;[4, 3, 4, 3, 4, 3, 5, 4, 4, 6];3
10;50;10;1;True;2000;4;0;0;0;0;0;0;387.9037036895752;9.196368932723999;50124.99301890325;44394.82059383392;2846.1009197770763;2884.0599999999995;[288.89, 288.89, 287.89, 285.05, 288.89, 288.89, 288.89, 288.89, 288.89, 288.89];3.839999999999975;[4, 5, 6, 4, 5, 6, 4, 5, 6, 5];2
10;50;10;2;True;2000;4;0;0;0;0;0;0;408.91541719436646;2.25555419921875;43019.57416781621;37637.479684352875;3162.364862402799;2219.7100000000005;[150.65, 235.65, 180.65, 127.86, 245.65, 307.65, 274.65, 191.65, 254.65, 250.65];179.78999999999996;[2, 5, 5, 5, 7, 7, 6, 4, 3, 6];5
10;50;10;3;True;2000;4;0;0;0;0;0;0;267.3836131095886;1.3668837547302246;41959.18050964165;37189.48069906235;2875.454498871889;1894.1999999999996;[168.32, 194.32, 194.32, 194.32, 194.32, 192.32, 194.32, 173.32, 194.32, 194.32];26.0;[4, 6, 4, 3, 7, 5, 5, 4, 5, 7];4
10;50;10;4;True;2000;4;0;0;0;0;0;0;271.9039115905762;2.971796989440918;44688.55786069384;39842.13292980194;2827.306371540769;2019.1;[182.51, 204.51, 204.51, 204.51, 204.51, 204.51, 204.51, 204.51, 204.51, 200.51];22.0;[5, 4, 5, 6, 3, 9, 4, 5, 5, 4];6
10;50;10;5;True;2000;4;0;0;0;0;0;0;265.30625772476196;3.059178113937378;41374.58223497103;36432.538789749146;3115.6440596844195;1826.4;[191.74, 191.74, 155.74, 191.74, 191.74, 191.74, 191.74, 136.74, 191.74, 191.74];55.0;[6, 6, 5, 6, 5, 6, 4, 4, 3, 5];3
10;50;10;6;True;2000;4;0;0;0;0;0;0;305.8960485458374;1.5747771263122559;46213.76340799276;41175.10315275192;2799.144155307147;2239.4999999999995;[226.85, 220.85, 226.85, 226.85, 222.85, 226.85, 226.85, 226.85, 226.85, 207.85];19.0;[4, 4, 6, 5, 5, 3, 4, 6, 7, 6];4
10;60;10;1;True;2000;4;0;0;0;0;0;0;355.68442153930664;7.351061105728149;59398.65586539446;53585.963938713074;3493.8382727633416;2318.9;[232.09, 232.09, 230.09, 232.09, 232.09, 232.09, 232.09, 232.09, 232.09, 232.09];2.0;[6, 4, 5, 6, 7, 8, 4, 7, 5, 8];4
10;60;10;2;True;2000;4;0;0;0;0;0;0;452.45488262176514;2.924778938293457;55372.413650991795;48965.40370464325;3719.3791118780637;2687.600000000001;[303.86, 260.86, 302.86, 275.86, 233.86, 303.86, 219.86, 220.86, 303.86, 261.86];84.0;[5, 6, 5, 7, 7, 7, 6, 7, 5, 5];2
10;60;10;3;True;2000;4;0;0;0;0;0;0;373.529981136322;3.624443292617798;54227.29749869652;48343.958465099335;3471.1976867609114;2412.1199999999994;[164.4, 232.6, 252.14, 252.14, 252.14, 250.14, 252.14, 252.14, 252.14, 252.14];87.73999999999998;[4, 7, 9, 4, 7, 5, 6, 6, 6, 6];5
10;60;10;4;True;2000;4;0;0;0;0;0;0;377.3575482368469;8.589006900787354;58329.71573361839;52515.0696105957;3445.869454853826;2368.7999999999997;[208.98, 248.98, 234.98, 248.98, 248.98, 236.98, 248.98, 233.98, 208.98, 248.98];40.0;[6, 7, 5, 5, 7, 7, 5, 5, 6, 7];2
10;60;10;5;True;2000;4;0;0;0;0;0;0;327.4550528526306;6.107470750808716;53123.82416853811;47320.42151784897;3723.0802006308154;2080.33;[211.78, 211.78, 211.78, 186.97, 211.78, 199.12, 211.78, 211.78, 211.78, 211.78];24.810000000000002;[5, 7, 6, 4, 6, 4, 7, 6, 6, 9];5
10;60;10;6;True;2000;4;0;0;0;0;0;0;260.67860317230225;3.202824115753174;57225.27257889188;52202.378729343414;3331.123080610626;1691.8;[169.28, 169.28, 169.28, 169.28, 169.28, 169.28, 169.28, 169.28, 169.28, 168.28];1.0;[5, 4, 8, 6, 7, 8, 6, 7, 4, 5];4
10;70;10;1;True;2000;4;0;0;0;0;0;0;495.6897497177124;13.84680700302124;72283.2964197239;65400.15496778488;4163.929530045872;2719.2;[288.75, 253.75, 213.6, 265.75, 300.75, 304.75, 297.75, 242.6, 263.75, 287.75];91.15;[10, 6, 5, 5, 6, 9, 6, 6, 8, 9];5
10;70;10;2;True;2000;4;0;0;0;0;0;0;359.72605991363525;6.53422999382019;66919.20737555351;60632.85121536255;4141.33439267986;2145.0000000000005;[217.4, 217.4, 208.4, 217.4, 217.4, 217.4, 217.4, 197.4, 217.4, 217.4];20.0;[7, 9, 5, 7, 7, 9, 7, 7, 5, 7];4
10;70;10;3;True;2000;4;0;0;0;0;0;0;460.10037326812744;3.909808874130249;71558.48736494401;64921.58893060684;3998.1005812579588;2638.78;[265.17, 264.17, 277.17, 277.17, 216.68, 277.17, 229.74, 277.17, 277.17, 277.17];60.49000000000001;[6, 7, 10, 5, 5, 7, 5, 8, 8, 9];5
10;70;10;4;True;2000;4;0;0;0;0;0;0;439.59958124160767;15.023385047912598;72333.32924057165;65424.50577926636;4318.039047348193;2590.8000000000006;[267.88, 267.88, 267.88, 267.88, 267.88, 265.88, 267.88, 245.88, 203.88, 267.88];64.0;[4, 8, 7, 7, 5, 5, 9, 10, 6, 9];6
10;70;10;5;True;2000;4;0;0;0;0;0;0;462.90510272979736;6.171623945236206;68359.09507238463;61212.75874567032;4415.4219161161955;2730.9;[283.16, 283.16, 283.16, 247.46, 283.16, 283.16, 283.16, 257.16, 270.16, 257.16];35.70000000000002;[9, 7, 8, 4, 4, 7, 8, 6, 7, 10];6
10;70;10;6;True;2000;4;0;0;0;0;0;0;372.3079776763916;5.4392969608306885;72668.05017486979;66358.50525522232;4178.633344630403;2130.9;[217.79, 200.79, 217.79, 217.79, 217.79, 217.79, 217.79, 217.79, 217.79, 187.79];30.0;[8, 5, 8, 10, 8, 5, 6, 11, 5, 4];7
10;80;10;1;True;2000;4;0;0;0;0;0;0;617.188690662384;10.208528995513916;89810.11126297699;81934.58985185623;4628.882421387841;3246.6100000000006;[349.97, 350.97, 274.62, 255.27, 350.97, 296.93, 320.97, 350.97, 347.97, 347.97];95.70000000000002;[7, 10, 8, 5, 13, 7, 9, 8, 5, 8];8
10;80;10;2;True;2000;4;0;0;0;0;0;0;751.466805934906;9.795608043670654;82728.69411335053;74833.03348445892;4862.8012176771;3032.9;[256.79, 439.79, 329.79, 296.79, 292.79, 310.79, 283.79, 311.79, 261.79, 248.79];191.00000000000003;[5, 10, 7, 10, 7, 10, 8, 8, 6, 9];5
10;80;10;3;True;2000;4;0;0;0;0;0;0;497.29307556152344;6.2521812915802;80332.7403443563;73075.56724786758;4709.733072708584;2547.45;[181.48, 239.33, 275.33, 275.33, 275.33, 275.33, 275.33, 275.33, 275.33, 199.33];93.85;[7, 9, 7, 6, 10, 8, 7, 9, 8, 9];4
10;80;10;4;True;2000;4;0;0;0;0;0;0;663.9057960510254;11.097185134887695;94658.99523727402;85966.71703672409;5165.07492863999;3527.2000000000007;[357.72, 383.72, 340.72, 321.72, 324.72, 381.72, 351.72, 381.72, 299.72, 383.72];84.0;[12, 9, 9, 9, 7, 8, 7, 5, 6, 8];7
10;80;10;5;True;2000;4;0;0;0;0;0;0;511.6175026893616;15.358740091323853;84135.59402184564;76462.37589073181;4981.103025230596;2692.13;[279.0, 279.0, 279.0, 279.0, 250.0, 279.0, 279.0, 218.13, 279.0, 271.0];60.870000000000005;[8, 11, 10, 9, 6, 6, 9, 5, 8, 8];6
10;80;10;6;True;2000;4;0;0;0;0;0;0;569.8292574882507;4.674645900726318;88153.18001033191;80529.89285087585;4739.997628678852;2883.2999999999997;[251.43, 321.43, 321.43, 321.43, 249.43, 281.43, 321.43, 273.43, 299.43, 242.43];79.0;[6, 7, 7, 9, 10, 10, 9, 8, 9, 5];5
10;90;10;1;True;2000;4;0;0;0;0;0;0;948.6792068481445;9.013156652450562;110050.03851853193;101089.34409999847;5192.86817662325;3767.81;[511.19, 338.16, 312.16, 353.19, 375.19, 351.19, 327.16, 412.19, 426.19, 361.19];199.02999999999997;[9, 11, 9, 7, 11, 10, 9, 9, 5, 10];6
10;90;10;2;True;2000;4;0;0;0;0;0;0;730.0590753555298;8.788461923599243;103201.92093416346;94102.55921888351;5778.629183545491;3320.7400000000002;[282.02, 301.02, 336.61, 377.61, 281.02, 379.61, 335.61, 269.02, 379.61, 378.61];110.59000000000003;[9, 10, 8, 8, 11, 11, 10, 9, 7, 8];4
10;90;10;3;True;2000;4;0;0;0;0;0;0;675.938051700592;7.4297637939453125;106284.13249908634;97681.9225282669;5335.00915088231;3267.21;[346.54, 336.54, 303.54, 346.54, 346.54, 327.35, 346.54, 319.54, 346.54, 247.54];99.00000000000003;[8, 10, 8, 6, 9, 8, 9, 12, 10, 10];6
10;90;10;4;True;2000;4;0;0;0;0;0;0;587.1652436256409;5.885171413421631;104040.22304567104;95618.8378458023;5578.308712128649;2843.1;[304.31, 304.31, 234.31, 304.31, 295.31, 301.31, 304.31, 257.31, 233.31, 304.31];71.0;[10, 11, 8, 10, 8, 5, 11, 10, 6, 11];6
10;90;10;5;True;2000;4;0;0;0;0;0;0;747.0335369110107;13.41382884979248;101349.04218081686;92527.60805368423;5535.507890163422;3285.899999999999;[398.39, 285.39, 373.39, 315.39, 284.39, 357.39, 391.39, 301.39, 335.39, 243.39];155.0;[8, 8, 10, 11, 11, 9, 11, 9, 8, 5];6
10;90;10;6;True;2000;4;0;0;0;0;0;0;540.8685736656189;8.885858297348022;102933.0051044719;95090.603454113;5207.0014219791565;2635.3900000000003;[274.72, 258.75, 274.72, 274.72, 274.72, 274.72, 214.85, 274.72, 238.75, 274.72];59.87000000000003;[7, 9, 10, 8, 10, 13, 6, 8, 9, 10];7
10;100;10;1;True;2000;4;0;0;0;0;0;0;776.980131149292;22.05420708656311;142593.3646430304;133179.3208193779;5735.934661925035;3678.0999999999995;[379.12, 371.17, 324.11, 379.12, 328.98, 379.12, 379.12, 379.12, 379.12, 379.12];55.00999999999999;[11, 6, 4, 7, 12, 9, 14, 16, 9, 12];12
10;100;10;2;True;2000;4;0;0;0;0;0;0;795.5085577964783;21.83481001853943;116700.99508598719;107163.73858499527;6411.387852238377;3125.9;[301.59, 342.59, 286.59, 259.59, 382.59, 383.59, 383.59, 214.59, 295.59, 275.59];168.99999999999997;[8, 8, 9, 13, 11, 12, 13, 8, 8, 10];5
10;100;10;3;True;2000;4;0;0;0;0;0;0;716.3351716995239;18.361955881118774;128186.71726287351;118997.04354000092;5846.728298531153;3342.9399999999996;[348.35, 261.79, 348.35, 348.35, 348.35, 348.35, 348.35, 348.35, 348.35, 294.35];86.56;[7, 11, 13, 9, 12, 9, 9, 10, 8, 12];6
10;100;10;4;True;2000;4;0;0;0;0;0;0;1061.5971131324768;15.3350830078125;131665.75987435202;121679.90852737427;6143.699856397646;3842.15;[369.23, 394.23, 316.05, 318.05, 532.23, 258.44, 417.23, 454.23, 404.23, 378.23];273.79;[12, 8, 8, 9, 11, 9, 6, 11, 12, 14];8
10;100;10;5;True;2000;4;0;0;0;0;0;0;812.5311641693115;16.20958423614502;115088.60760893869;105748.63281106949;6106.6840317847;3233.2999999999997;[401.93, 284.93, 402.93, 321.93, 256.93, 359.93, 326.93, 301.93, 221.93, 353.93];181.0;[9, 9, 13, 10, 8, 12, 9, 12, 7, 11];6
10;100;10;6;True;2000;4;0;0;0;0;0;0;657.6142587661743;6.667131662368774;128208.5573443978;119262.75169610977;5831.296966612993;3114.5000000000005;[322.05, 322.05, 322.05, 322.05, 302.05, 302.05, 322.05, 322.05, 294.05, 284.05];38.0;[10, 10, 12, 10, 11, 10, 11, 9, 8, 9];4
20;40;20;1;True;2000;2;0;0;0;0;0;0;152.2937994003296;1.4258379936218262;30609.98899371678;26213.471393585205;2354.443951211048;2042.0200000000004;[117.46, 67.4, 60.82, 117.46, 117.46, 92.4, 112.4, 117.46, 105.4, 71.4, 71.4, 117.46, 117.46, 102.4, 115.4, 117.46, 68.4, 117.46, 117.46, 117.46];56.63999999999999;[3, 1, 1, 2, 3, 1, 2, 3, 3, 1, 1, 3, 2, 1, 1, 2, 1, 2, 3, 4];3
20;40;20;2;True;2000;2;0;0;0;0;0;0;146.2730827331543;1.6159591674804688;30936.042457731117;26406.072885990143;2560.5738023060803;1969.3900000000003;[87.47, 106.47, 106.47, 106.47, 106.47, 106.47, 106.47, 106.47, 106.47, 106.47, 89.47, 106.47, 106.47, 106.47, 106.47, 57.46, 71.47, 106.47, 106.47, 66.47];49.01;[1, 4, 1, 3, 2, 3, 2, 1, 1, 3, 3, 4, 2, 2, 1, 1, 1, 1, 3, 1];3
20;40;20;3;True;2000;2;0;0;0;0;0;0;99.84353923797607;1.6530022621154785;27888.09883768994;24248.281679153442;2297.187615858821;1342.71;[71.49, 71.49, 71.49, 71.49, 71.49, 36.7, 71.49, 71.49, 71.49, 71.49, 30.19, 71.49, 71.49, 71.49, 71.49, 71.49, 64.49, 71.49, 67.49, 71.49];41.3;[1, 3, 2, 4, 4, 1, 4, 2, 1, 1, 1, 2, 2, 2, 1, 2, 1, 2, 2, 2];3
20;40;20;4;True;2000;2;0;0;0;0;0;0;123.22707605361938;1.9925758838653564;30239.645460996682;26305.0773229599;2251.301044491166;1683.1999999999994;[86.06, 87.06, 80.06, 87.06, 87.06, 87.06, 87.06, 87.06, 87.06, 87.06, 58.06, 87.06, 66.06, 87.06, 87.06, 87.06, 87.06, 87.06, 87.06, 87.06];29.0;[2, 4, 1, 2, 1, 1, 1, 1, 2, 3, 2, 1, 2, 3, 2, 3, 2, 3, 2, 2];3
20;40;20;5;True;2000;2;0;0;0;0;0;0;127.62745761871338;1.5609030723571777;28674.944815516577;24513.0691280365;2385.775904038047;1776.180000000001;[93.93, 93.93, 93.93, 93.93, 62.72, 93.93, 93.93, 78.93, 93.93, 93.93, 93.93, 62.72, 85.93, 93.93, 93.93, 93.93, 76.93, 93.93, 93.93, 93.93];31.210000000000008;[4, 4, 3, 1, 2, 3, 1, 1, 3, 3, 1, 1, 2, 2, 2, 1, 1, 2, 3];3
20;40;20;6;True;2000;2;0;0;0;0;0;0;114.22926950454712;2.0146212577819824;31653.135867831686;27653.376076698303;2282.3495881789636;1717.3999999999992;[87.37, 87.37, 87.37, 87.37, 87.37, 87.37, 87.37, 87.37, 87.37, 87.37, 79.37, 87.37, 87.37, 87.37, 67.37, 87.37, 87.37, 85.37, 87.37, 87.37];20.0;[2, 2, 1, 2, 2, 3, 2, 2, 2, 3, 2, 1, 3, 3, 3, 3, 1, 1, 2];2
20;50;20;1;True;2000;2;0;0;0;0;0;0;165.10531091690063;3.175806999206543;39233.07516457443;34397.827023506165;2803.826140340991;2031.4799999999998;[110.08, 65.9, 110.08, 110.08, 110.08, 92.64, 110.08, 110.08, 110.08, 94.64, 81.64, 110.08, 110.08, 110.08, 82.64, 110.08, 72.9, 110.08, 110.08, 110.08];44.17999999999999;[4, 1, 2, 4, 2, 2, 2, 4, 4, 2, 1, 4, 2, 1, 1, 2, 1, 4, 3, 4];3
20;50;20;2;True;2000;2;0;0;0;0;0;0;140.41315841674805;2.6450083255767822;39373.44085792969;34565.045692920685;3127.8306289989346;1680.5700000000008;[87.43, 87.43, 87.43, 87.43, 85.43, 87.43, 87.43, 87.43, 72.43, 87.43, 87.43, 87.43, 87.43, 87.43, 87.43, 73.43, 50.4, 87.43, 87.43, 87.43];37.03000000000001;[1, 5, 1, 3, 2, 3, 5, 2, 1, 3, 2, 5, 2, 2, 2, 1, 1, 3, 4, 2];4
20;50;20;3;True;2000;2;0;0;0;0;0;0;129.57120513916016;2.302914619445801;35782.92427909965;31236.13222169876;2929.1862949279907;1617.5500000000004;[83.21, 83.21, 83.21, 83.21, 83.21, 55.56, 83.21, 83.21, 83.21, 83.21, 69.21, 83.21, 83.21, 83.21, 78.21, 83.21, 83.21, 83.21, 83.21, 83.21];27.64999999999999;[2, 3, 2, 4, 3, 2, 2, 3, 2, 3, 2, 1, 2, 2, 2, 3, 2, 3, 4, 3];3
20;50;20;4;True;2000;2;0;0;0;0;0;0;175.87874126434326;3.6410410404205322;39681.062405101104;34809.749440193176;2778.3204780712194;2092.9400000000005;[93.71, 109.67, 85.71, 109.67, 109.67, 109.67, 109.67, 109.67, 102.71, 109.67, 70.05, 95.71, 109.67, 109.67, 109.67, 109.67, 109.67, 109.67, 109.67, 109.67];39.620000000000005;[2, 5, 1, 3, 1, 1, 2, 3, 2, 3, 2, 1, 2, 4, 2, 3, 4, 4, 3, 2];4
20;50;20;5;True;2000;2;0;0;0;0;0;0;140.39024114608765;3.052353620529175;37093.377198453;32205.088042259216;3052.366483269101;1835.8600000000006;[94.46, 94.46, 94.46, 94.46, 64.79, 94.46, 94.46, 94.46, 94.46, 94.46, 94.46, 70.79, 94.46, 94.46, 94.46, 94.46, 94.46, 94.46, 94.46, 94.46];29.669999999999987;[2, 4, 6, 2, 2, 2, 3, 2, 1, 2, 3, 1, 2, 2, 2, 3, 3, 2, 3, 3];5
20;50;20;6;True;2000;2;0;0;0;0;0;0;133.3900990486145;3.5038788318634033;40201.717056892456;35755.03488302231;2782.3178230750655;1664.4;[85.48, 85.48, 85.48, 85.48, 85.48, 85.48, 85.48, 85.48, 85.48, 78.48, 85.48, 85.48, 85.48, 85.48, 85.48, 49.28, 85.48, 83.48, 85.48, 85.48];36.2;[3, 1, 3, 4, 3, 5, 3, 4, 3, 1, 1, 3, 3, 3, 2, 3, 1, 1, 3];4
20;60;20;1;True;2000;2;0;0;0;0;0;0;153.0584225654602;3.9161148071289062;48026.95145025212;42743.44831943512;3524.220147856854;1759.3600000000004;[88.91, 88.91, 88.91, 88.91, 88.91, 88.91, 88.91, 88.91, 88.91, 70.07, 88.91, 88.91, 88.91, 88.91, 88.91, 88.91, 88.91, 88.91, 88.91, 88.91];18.840000000000003;[3, 2, 3, 3, 4, 4, 1, 6, 4, 2, 1, 5, 3, 2, 2, 2, 2, 3, 4, 4];5
20;60;20;2;True;2000;2;0;0;0;0;0;0;201.85297393798828;2.722780227661133;47909.30169949736;41907.68579673767;3744.630737930987;2256.9599999999996;[112.04, 118.04, 118.04, 118.04, 118.04, 118.04, 118.04, 110.04, 81.04, 118.04, 118.04, 118.04, 118.04, 118.04, 118.04, 105.04, 78.2, 118.04, 118.04, 118.04];39.84;[2, 5, 1, 5, 2, 5, 3, 2, 1, 4, 3, 4, 3, 2, 2, 4, 3, 3, 3, 3];4
20;60;20;3;True;2000;2;0;0;0;0;0;0;178.96793127059937;3.7351510524749756;45184.52741786054;39651.06095981598;3483.2527126862215;2050.2000000000007;[104.39, 104.39, 104.39, 104.39, 104.39, 83.59, 104.39, 104.39, 104.39, 104.39, 87.59, 104.39, 104.39, 104.39, 104.39, 104.39, 104.39, 104.39, 104.39, 104.39];20.799999999999997;[3, 3, 3, 5, 4, 3, 3, 3, 2, 3, 3, 2, 2, 2, 2, 4, 2, 4, 3, 4];3
20;60;20;4;True;2000;2;0;0;0;0;0;0;195.15978956222534;3.391726016998291;50525.38437746548;44842.90313959122;3464.990144149607;2217.48;[96.72, 114.72, 104.72, 114.72, 114.72, 114.72, 110.72, 114.72, 114.72, 114.72, 69.8, 114.72, 114.72, 114.72, 114.72, 114.72, 114.72, 114.72, 114.72, 114.72];44.92;[4, 5, 4, 4, 1, 3, 2, 2, 2, 2, 2, 1, 1, 6, 3, 4, 4, 5, 3, 2];5
20;60;20;5;True;2000;2;0;0;0;0;0;0;172.46895170211792;4.308043956756592;45556.706857901256;39927.75501203537;3664.0192073669;1965.0000000000007;[101.65, 101.65, 101.65, 101.65, 98.65, 101.65, 101.65, 101.65, 101.65, 101.65, 101.65, 67.65, 90.65, 101.65, 101.65, 101.65, 101.65, 84.65, 101.65, 98.65];34.0;[2, 4, 5, 3, 3, 2, 3, 1, 4, 3, 3, 2, 2, 4, 3, 4, 3, 2, 4, 3];4
20;60;20;6;True;2000;2;0;0;0;0;0;0;159.2432131767273;3.924884080886841;51697.8333903179;46641.43017959595;3247.100571501515;1809.2600000000007;[90.88, 90.88, 90.88, 90.88, 90.88, 90.88, 90.88, 90.88, 90.88, 90.88, 90.88, 90.88, 90.88, 90.88, 90.88, 82.54, 90.88, 90.88, 90.88, 90.88];8.33999999999999;[4, 2, 5, 3, 6, 6, 2, 2, 3, 2, 1, 1, 3, 2, 3, 3, 3, 3, 2, 4];5
20;70;20;1;True;2000;2;0;0;0;0;0;0;189.6306004524231;4.917764902114868;58452.16462688694;52381.16817522049;4151.084602558643;1920.0;[97.25, 97.25, 97.25, 97.25, 97.25, 97.25, 72.25, 97.25, 97.25, 97.25, 97.25, 97.25, 97.25, 97.25, 97.25, 97.25, 97.25, 97.25, 97.25, 97.25];25.0;[3, 2, 3, 4, 5, 3, 1, 7, 4, 3, 2, 4, 4, 2, 2, 3, 4, 4, 6, 4];6
20;70;20;2;True;2000;2;0;0;0;0;0;0;205.70398807525635;4.958075046539307;55969.06359976308;49813.164499759674;4201.877358403007;1954.0099999999993;[104.35, 104.35, 104.35, 104.35, 80.35, 104.35, 104.35, 89.35, 104.35, 104.35, 103.35, 104.35, 94.35, 104.35, 99.35, 104.35, 58.36, 100.35, 104.35, 76.35];45.989999999999995;[2, 7, 1, 7, 3, 5, 4, 1, 2, 6, 3, 4, 5, 3, 4, 3, 3, 1, 4, 2];6
20;70;20;3;True;2000;2;0;0;0;0;0;0;191.5555019378662;4.858474969863892;53303.58787133597;47200.545682907104;4060.253649059929;2042.8;[104.24, 104.24, 104.24, 104.24, 104.24, 104.24, 104.24, 104.24, 104.24, 104.24, 83.24, 104.24, 104.24, 104.24, 104.24, 104.24, 104.24, 104.24, 83.24, 104.24];21.0;[5, 5, 5, 5, 4, 2, 2, 3, 1, 4, 4, 3, 3, 5, 2, 2, 1, 4, 5, 5];4
20;70;20;4;True;2000;2;0;0;0;0;0;0;212.3085207939148;5.756057024002075;61199.64760336362;54595.065707206726;4335.3992262063975;2269.1399999999994;[111.49, 115.62, 115.62, 115.62, 115.62, 115.62, 115.62, 115.62, 115.62, 115.62, 76.49, 115.62, 115.62, 115.62, 115.62, 115.62, 115.62, 115.62, 115.62, 115.62];39.13000000000001;[3, 5, 4, 1, 5, 2, 4, 4, 3, 3, 2, 2, 1, 5, 4, 5, 6, 3, 4, 4];5
20;70;20;5;True;2000;2;0;0;0;0;0;0;197.0350489616394;4.947528839111328;56902.67491510928;50557.44449234009;4318.493275884626;2026.7600000000004;[103.71, 103.71, 103.71, 103.71, 92.78, 103.71, 103.71, 75.2, 103.71, 103.71, 103.71, 97.71, 103.71, 103.71, 103.71, 103.71, 101.71, 103.71, 103.71, 103.71];28.50999999999999;[2, 5, 5, 3, 2, 3, 5, 3, 3, 3, 4, 2, 3, 4, 6, 5, 3, 3, 3, 3];4
20;70;20;6;True;2000;2;0;0;0;0;0;0;203.1090054512024;4.421813011169434;62149.51648812489;55908.97361564636;4096.950849637986;2143.63;[111.02, 111.02, 111.02, 111.02, 111.02, 111.02, 111.02, 111.02, 111.02, 111.02, 104.02, 111.02, 111.02, 111.02, 111.02, 65.25, 111.02, 87.02, 111.02, 111.02];45.769999999999996;[3, 2, 6, 4, 5, 4, 4, 2, 4, 5, 1, 1, 3, 2, 4, 4, 4, 3, 4, 5];5
20;80;20;1;True;2000;2;0;0;0;0;0;0;219.21155834197998;5.849531173706055;67973.21876499784;61105.69027328491;4641.946244270718;2225.6;[111.28, 111.28, 111.28, 111.28, 111.28, 111.28, 111.28, 111.28, 111.28, 111.28, 111.28, 111.28, 111.28, 111.28, 111.28, 111.28, 111.28, 111.28, 111.28, 111.28];0.0;[6, 4, 5, 6, 6, 3, 3, 5, 3, 3, 2, 4, 4, 3, 2, 4, 3, 3, 7, 4];5
20;80;20;2;True;2000;2;0;0;0;0;0;0;258.7157998085022;5.554309606552124;68020.97891306631;60764.75458192825;4938.454134092256;2317.8000000000006;[124.69, 124.69, 124.69, 123.69, 124.69, 124.69, 124.69, 124.69, 124.69, 124.69, 98.69, 124.69, 110.69, 124.69, 124.69, 77.69, 87.69, 124.69, 124.69, 73.69];51.0;[4, 5, 1, 5, 5, 5, 3, 3, 3, 3, 6, 6, 5, 3, 4, 2, 4, 5, 6, 2];5
20;80;20;3;True;2000;2;0;0;0;0;0;0;243.98541402816772;5.373016595840454;64788.42091883172;57703.22393655777;4792.72900160356;2292.4399999999996;[119.45, 119.45, 119.45, 119.45, 119.45, 119.45, 87.62, 119.45, 119.45, 119.45, 73.38, 112.62, 119.45, 119.45, 107.62, 119.45, 119.45, 119.45, 119.45, 119.45];46.07000000000001;[4, 6, 4, 4, 5, 3, 4, 3, 4, 3, 3, 3, 3, 3, 3, 5, 4, 5, 5, 6];3
20;80;20;4;True;2000;2;0;0;0;0;0;0;244.9879126548767;7.171246767044067;71508.66679216755;64146.96823501587;5080.0048992941;2281.6;[100.98, 115.98, 111.98, 115.98, 115.98, 115.98, 115.98, 115.98, 115.98, 115.98, 96.98, 115.98, 115.98, 115.98, 115.98, 115.98, 115.98, 115.98, 115.98, 115.98];19.0;[3, 4, 5, 5, 2, 3, 4, 5, 5, 3, 2, 3, 3, 3, 4, 4, 5, 6, 6, 5];4
20;80;20;5;True;2000;2;0;0;0;0;0;0;241.75992393493652;5.630874156951904;66638.2077753842;59503.97992706299;4819.80946479061;2314.49;[99.35, 120.11, 120.11, 120.11, 120.11, 120.11, 120.11, 75.68, 120.11, 120.11, 120.11, 98.35, 119.35, 120.11, 120.11, 120.11, 120.11, 120.11, 120.11, 120.11];44.42999999999999;[2, 6, 6, 3, 3, 3, 5, 3, 3, 6, 6, 2, 2, 3, 4, 5, 4, 4, 7, 3];5
20;80;20;6;True;2000;2;0;0;0;0;0;0;253.98244953155518;6.422011852264404;71842.92108241896;64600.725371837616;4666.631016594221;2575.6;[129.48, 129.48, 129.48, 129.48, 129.48, 129.48, 128.48, 129.48, 129.48, 129.48, 125.48, 129.48, 129.48, 129.48, 129.48, 129.48, 120.48, 129.48, 129.48, 129.48];8.999999999999986;[4, 3, 5, 7, 6, 7, 4, 3, 4, 1, 4, 1, 5, 2, 5, 4, 5, 4, 2, 4];6
20;90;20;1;True;2000;2;0;0;0;0;0;0;285.38829040527344;8.294047355651855;81076.90369512013;73282.81482172012;5162.00542011835;2631.999999999999;[131.6, 131.6, 131.6, 131.6, 131.6, 131.6, 131.6, 131.6, 131.6, 131.6, 131.6, 131.6, 131.6, 131.6, 131.6, 131.6, 131.6, 131.6, 131.6, 131.6];0.0;[8, 4, 5, 5, 4, 5, 3, 7, 6, 4, 3, 5, 6, 3, 2, 5, 2, 4, 5, 4];6
20;90;20;2;True;2000;2;0;0;0;0;0;0;283.7809453010559;9.38275671005249;80842.3711403877;72589.85841035843;5730.728737340659;2521.7599999999998;[131.73, 131.73, 131.73, 131.73, 131.73, 131.73, 131.73, 131.73, 98.8, 131.73, 99.74, 131.73, 131.73, 131.73, 131.73, 131.73, 88.8, 126.74, 131.73, 131.73];42.92999999999999;[2, 5, 3, 5, 4, 6, 4, 5, 2, 5, 6, 6, 7, 2, 5, 4, 5, 5, 5, 4];5
20;90;20;3;True;2000;2;0;0;0;0;0;0;261.21521377563477;6.5455005168914795;75609.91029842144;67850.12845516205;5419.988818597883;2339.7299999999996;[120.29, 120.29, 120.29, 120.29, 120.29, 83.28, 116.27, 120.29, 120.29, 120.29, 98.27, 117.27, 120.29, 120.29, 120.29, 120.29, 120.29, 120.29, 120.29, 120.29];37.010000000000005;[5, 5, 2, 7, 4, 5, 3, 5, 4, 6, 5, 3, 3, 5, 3, 5, 4, 5, 5, 6];5
20;90;20;4;True;2000;2;0;0;0;0;0;0;289.92176580429077;9.923719644546509;82022.48809236003;73901.12353658676;5529.407428612854;2591.949999999999;[130.82, 133.99, 107.82, 133.99, 133.99, 133.99, 121.82, 112.82, 133.99, 133.99, 108.82, 133.99, 133.99, 133.99, 133.99, 133.99, 133.99, 133.99, 133.99, 133.99];26.170000000000016;[4, 7, 3, 6, 4, 4, 5, 5, 3, 4, 3, 3, 4, 8, 4, 4, 5, 4, 6, 4];5
20;90;20;5;True;2000;2;0;0;0;0;0;0;292.1302909851074;7.579576730728149;79905.94869357588;72019.362221241;5313.65504957891;2573.0099999999998;[135.27, 135.27, 135.27, 135.27, 95.27, 135.27, 135.27, 90.88, 135.27, 135.27, 135.27, 135.27, 120.27, 135.27, 135.27, 135.27, 124.27, 135.27, 135.27, 113.27];44.390000000000015;[3, 7, 7, 3, 2, 5, 3, 3, 4, 5, 5, 6, 2, 6, 5, 7, 3, 5, 5, 4];5
20;90;20;6;True;2000;2;0;0;0;0;0;0;250.88210725784302;8.729406595230103;83325.5962770165;75980.10234165192;5171.230004702496;2174.2000000000003;[109.41, 109.41, 109.41, 109.41, 109.41, 109.41, 109.41, 109.41, 109.41, 102.41, 109.41, 109.41, 109.41, 109.41, 109.41, 102.41, 109.41, 109.41, 109.41, 109.41];7.0;[6, 3, 4, 4, 8, 7, 3, 5, 5, 3, 4, 1, 6, 4, 6, 5, 5, 3, 2, 6];7
20;100;20;1;True;2000;2;0;0;0;0;0;0;297.9654173851013;9.916247129440308;94476.82060028223;86360.20820140839;5692.0151980899445;2424.6;[121.23, 121.23, 121.23, 121.23, 121.23, 121.23, 121.23, 121.23, 121.23, 121.23, 121.23, 121.23, 121.23, 121.23, 121.23, 121.23, 121.23, 121.23, 121.23, 121.23];0.0;[5, 4, 4, 5, 6, 6, 5, 7, 7, 5, 2, 6, 7, 3, 3, 6, 2, 5, 5, 7];5
20;100;20;2;True;2000;2;0;0;0;0;0;0;278.49761724472046;9.906402111053467;94133.5920885248;85469.38044261932;6532.3298891255035;2131.9599999999996;[107.58, 107.58, 107.58, 107.58, 107.58, 107.58, 107.58, 103.7, 107.58, 107.58, 107.58, 107.58, 92.7, 107.58, 107.58, 107.58, 106.7, 107.58, 107.58, 107.58];14.879999999999995;[3, 7, 3, 7, 3, 7, 6, 5, 4, 4, 5, 7, 6, 4, 4, 3, 6, 7, 5, 4];4
20;100;20;3;True;2000;2;0;0;0;0;0;0;331.96240758895874;9.24776005744934;92580.80598467914;83892.50372171402;5955.279204040658;2733.0900000000006;[141.94, 141.94, 141.94, 141.94, 141.94, 106.23, 141.94, 141.94, 141.94, 141.94, 124.94, 141.94, 141.94, 131.94, 125.94, 141.94, 141.94, 141.94, 114.94, 141.94];35.709999999999994;[4, 5, 6, 7, 6, 4, 4, 6, 4, 8, 5, 5, 4, 6, 4, 4, 3, 6, 6, 3];5
20;100;20;4;True;2000;2;0;0;0;0;0;0;326.80588722229004;11.280903816223145;94151.19208843143;85197.56517791748;6225.015884177436;2728.5500000000006;[138.71, 138.71, 138.71, 138.71, 138.71, 121.16, 138.71, 138.71, 132.16, 138.71, 117.16, 138.71, 138.71, 138.71, 138.71, 138.71, 138.71, 138.71, 138.71, 138.71];21.55000000000001;[6, 8, 6, 6, 4, 5, 5, 6, 3, 4, 2, 3, 4, 5, 5, 3, 6, 5, 7, 7];6
20;100;20;5;True;2000;2;0;0;0;0;0;0;316.2210760116577;9.028807878494263;93133.57028538726;84742.18920135498;5941.610927552581;2449.8;[124.39, 124.39, 124.39, 124.39, 114.39, 124.39, 124.39, 115.39, 124.39, 124.39, 124.39, 117.39, 121.39, 124.39, 124.39, 124.39, 124.39, 115.39, 124.39, 124.39];10.0;[3, 6, 8, 5, 4, 5, 7, 4, 5, 5, 5, 4, 4, 4, 5, 7, 5, 5, 6, 3];5
20;100;20;6;True;2000;2;0;0;0;0;0;0;266.175639629364;9.06465220451355;93338.96979827314;85304.05840063095;5781.019978320718;2253.7999999999997;[114.04, 114.04, 114.04, 114.04, 114.04, 114.04, 114.04, 114.04, 114.04, 106.04, 114.04, 114.04, 114.04, 114.04, 114.04, 104.04, 114.04, 105.04, 114.04, 114.04];10.0;[6, 6, 7, 6, 7, 9, 4, 3, 6, 2, 5, 2, 3, 5, 6, 5, 7, 3, 3, 5];7
20;60;20;1;True;2000;3;0;0;0;0;0;0;181.41790771484375;5.4120261669158936;47949.52031647857;42284.28246259689;3565.9119259674403;2099.4;[106.52, 106.52, 106.52, 106.52, 106.52, 106.52, 101.52, 106.52, 106.52, 89.52, 106.52, 106.52, 106.52, 106.52, 106.52, 106.52, 97.52, 106.52, 106.52, 106.52];17.0;[5, 3, 3, 3, 4, 4, 2, 4, 4, 2, 1, 3, 5, 1, 2, 3, 1, 3, 3, 4];4
20;60;20;2;True;2000;3;0;0;0;0;0;0;174.55219984054565;5.292732000350952;47616.22256681092;41949.757826805115;3721.9096838520604;1944.5999999999995;[99.83, 99.83, 99.83, 99.83, 99.83, 99.83, 99.83, 99.83, 99.83, 99.83, 99.83, 99.83, 99.83, 99.83, 99.83, 70.83, 99.83, 99.83, 99.83, 76.83];29.0;[3, 5, 1, 3, 3, 3, 3, 2, 3, 4, 3, 5, 3, 2, 3, 2, 3, 5, 2, 2];4
20;60;20;3;True;2000;3;0;0;0;0;0;0;184.22904253005981;5.435010194778442;43888.65481196268;38513.97837018967;3471.4926861687513;1903.12;[102.77, 102.77, 102.77, 102.77, 102.77, 34.49, 102.77, 102.77, 102.77, 102.77, 91.77, 102.77, 102.77, 102.77, 98.77, 102.77, 91.77, 102.77, 44.77, 102.77];68.28;[2, 3, 3, 6, 3, 2, 3, 3, 2, 3, 2, 3, 2, 3, 1, 3, 2, 6, 5, 3];5
20;60;20;4;True;2000;3;0;0;0;0;0;0;205.29345989227295;4.256182909011841;49172.38124749124;43449.35282564163;3397.4671092857425;2325.4799999999996;[70.37, 121.97, 111.97, 121.97, 121.97, 121.97, 107.97, 121.97, 107.97, 121.97, 118.03, 121.97, 101.59, 121.97, 121.97, 121.97, 121.97, 121.97, 121.97, 121.97];51.599999999999994;[3, 3, 3, 4, 2, 2, 2, 2, 3, 2, 2, 2, 3, 4, 4, 3, 3, 6, 4, 3];4
20;60;20;5;True;2000;3;0;0;0;0;0;0;157.41765546798706;3.6559059619903564;44772.35764147812;39274.7886800766;3638.0198947822546;1859.6100000000008;[93.93, 93.93, 93.93, 93.93, 74.94, 93.93, 93.93, 93.93, 93.93, 93.93, 93.93, 93.93, 93.93, 93.93, 93.93, 93.93, 93.93, 93.93, 93.93, 93.93];18.99000000000001;[2, 4, 5, 2, 2, 1, 5, 1, 3, 4, 4, 2, 2, 3, 3, 5, 3, 3, 4, 2];4
20;60;20;6;True;2000;3;0;0;0;0;0;0;286.4656801223755;2.8753271102905273;51395.376821054946;45250.37827253342;3277.4621199324447;2867.6000000000013;[149.88, 100.88, 163.88, 185.88, 146.88, 162.88, 181.88, 159.88, 185.88, 110.88, 85.88, 185.88, 181.88, 120.88, 118.88, 96.88, 185.88, 82.88, 116.88, 142.88];103.0;[3, 2, 3, 3, 4, 4, 3, 5, 4, 2, 1, 2, 4, 2, 3, 3, 4, 2, 2, 4];4
20;70;20;1;True;2000;3;0;0;0;0;0;0;227.4203953742981;6.917611837387085;57524.28328149974;50984.849195957184;4165.643735996029;2373.8000000000006;[124.89, 124.89, 96.89, 124.89, 119.89, 118.89, 106.89, 124.89, 124.89, 124.89, 95.89, 124.89, 124.89, 124.89, 112.89, 124.89, 98.89, 124.89, 124.89, 124.89];29.0;[4, 2, 3, 4, 4, 2, 2, 5, 4, 3, 3, 4, 6, 2, 2, 5, 2, 3, 7, 3];5
20;70;20;2;True;2000;3;0;0;0;0;0;0;235.692476272583;6.258466005325317;55827.3503392328;49259.810465335846;4169.4639941879395;2398.07;[126.98, 130.98, 130.98, 130.98, 100.98, 130.98, 130.98, 105.98, 114.98, 130.98, 106.98, 130.98, 109.98, 122.98, 130.98, 130.98, 77.45, 130.98, 130.98, 90.98];53.52999999999999;[3, 6, 2, 5, 2, 5, 4, 2, 2, 4, 4, 5, 3, 2, 2, 3, 3, 6, 5, 2];4
20;70;20;3;True;2000;3;0;0;0;0;0;0;198.61956644058228;6.213919162750244;52731.92382132074;46609.193724155426;4024.5735142451235;2098.2399999999993;[105.12, 105.12, 105.12, 105.12, 105.12, 105.12, 105.12, 105.12, 105.12, 105.12, 104.96, 102.12, 105.12, 105.12, 105.12, 105.12, 104.12, 105.12, 105.12, 105.12];3.0;[4, 4, 3, 6, 3, 3, 3, 4, 2, 3, 4, 2, 3, 2, 4, 3, 3, 4, 5, 5];4
20;70;20;4;True;2000;3;0;0;0;0;0;0;247.96518421173096;5.957762956619263;59909.90910797948;53007.70160770416;4299.02445338462;2603.1999999999994;[104.32, 139.72, 112.32, 139.72, 139.72, 139.72, 126.32, 121.32, 124.32, 139.72, 73.32, 131.32, 133.32, 139.72, 139.72, 139.72, 139.72, 139.72, 139.72, 139.72];66.4;[2, 5, 3, 6, 1, 2, 4, 4, 3, 2, 3, 2, 2, 6, 3, 4, 5, 4, 5, 4];5
20;70;20;5;True;2000;3;0;0;0;0;0;0;201.94299173355103;5.588815927505493;55906.33982033173;49472.0237364769;4247.252213227103;2187.04;[111.75, 111.75, 111.75, 111.75, 88.43, 111.75, 111.75, 95.43, 111.75, 111.75, 111.75, 111.75, 103.43, 111.75, 111.75, 111.75, 111.75, 111.75, 111.75, 111.75];23.319999999999993;[3, 3, 5, 5, 2, 2, 3, 2, 3, 3, 4, 3, 5, 3, 6, 5, 4, 2, 4, 3];4
20;70;20;6;True;2000;3;0;0;0;0;0;0;227.4320158958435;5.07768988609314;61131.571986549774;54797.87893486023;4062.502082439737;2271.2000000000003;[122.26, 122.26, 122.26, 122.26, 122.26, 122.26, 122.26, 122.26, 122.26, 95.26, 83.26, 122.26, 122.26, 109.26, 107.26, 91.26, 122.26, 80.26, 115.26, 122.26];42.0;[4, 3, 4, 3, 5, 6, 4, 3, 4, 2, 1, 1, 5, 3, 4, 5, 3, 3, 2, 5];5
20;80;20;1;True;2000;3;0;0;0;0;0;0;233.32956838607788;6.3736608028411865;67479.56158144234;60590.04680681229;4610.460849925696;2279.0;[113.95, 113.95, 113.95, 113.95, 113.95, 113.95, 113.95, 113.95, 113.95, 113.95, 113.95, 113.95, 113.95, 113.95, 113.95, 113.95, 113.95, 113.95, 113.95, 113.95];0.0;[6, 4, 4, 6, 5, 4, 2, 5, 3, 3, 3, 4, 6, 3, 2, 4, 3, 3, 6, 4];4
20;80;20;2;True;2000;3;0;0;0;0;0;0;295.3475389480591;6.493646860122681;67108.44286154912;59483.86636304855;4933.223799612389;2691.4000000000005;[122.67, 153.67, 153.67, 153.67, 118.67, 153.67, 127.67, 114.67, 127.67, 153.67, 104.67, 153.67, 101.67, 153.67, 153.67, 124.67, 109.67, 153.67, 148.67, 107.67];51.999999999999986;[4, 5, 3, 7, 4, 4, 3, 3, 4, 4, 3, 7, 4, 3, 5, 3, 3, 4, 5, 2];5
20;80;20;3;True;2000;3;0;0;0;0;0;0;229.23097848892212;6.764971017837524;62108.331522651875;55102.22777557373;4729.780425047461;2276.300000000001;[116.65, 116.65, 116.65, 116.65, 116.65, 93.95, 115.65, 116.65, 116.65, 116.65, 105.65, 103.65, 116.65, 116.65, 116.65, 116.65, 107.65, 116.65, 116.65, 116.65];22.700000000000003;[4, 4, 4, 5, 5, 4, 4, 5, 2, 3, 4, 3, 3, 5, 2, 4, 3, 5, 5, 6];4
20;80;20;4;True;2000;3;0;0;0;0;0;0;256.2332501411438;11.961304426193237;70304.80178724272;62736.962582588196;5148.636395257929;2419.1200000000003;[104.71, 124.51, 114.35, 124.51, 124.51, 124.51, 88.71, 124.51, 121.35, 124.51, 122.35, 124.51, 124.51, 124.51, 124.51, 124.51, 124.51, 124.51, 124.51, 124.51];35.80000000000001;[2, 6, 4, 6, 2, 2, 4, 2, 4, 2, 4, 2, 3, 8, 4, 6, 6, 5, 4, 4];6
20;80;20;5;True;2000;3;0;0;0;0;0;0;237.1449236869812;7.796489000320435;66534.92361363792;59511.912313461304;4809.107254093991;2213.9300000000007;[113.15, 113.15, 113.15, 113.15, 113.15, 113.15, 113.15, 103.15, 113.15, 113.15, 113.15, 74.08, 113.15, 113.15, 113.15, 113.15, 113.15, 113.15, 113.15, 113.15];39.07000000000001;[2, 4, 6, 4, 3, 3, 5, 3, 4, 6, 6, 3, 4, 3, 4, 6, 4, 4, 3, 3];4
20;80;20;6;True;2000;3;0;0;0;0;0;0;251.71668195724487;5.89725399017334;71079.43816537135;64009.13487815857;4607.662107034562;2462.7300000000005;[128.78, 128.78, 128.78, 128.78, 128.78, 128.78, 128.78, 128.78, 128.78, 112.78, 128.78, 96.78, 128.78, 128.78, 128.78, 63.91, 128.78, 128.78, 128.78, 128.78];64.87;[5, 3, 4, 4, 7, 5, 6, 2, 3, 3, 2, 1, 4, 4, 4, 4, 5, 4, 3, 7];6
20;90;20;1;True;2000;3;0;0;0;0;0;0;242.2865219116211;7.916680097579956;79462.16169140402;72311.42525911331;5126.454774854839;2024.2400000000005;[101.42, 101.42, 101.42, 101.42, 101.42, 101.42, 101.42, 101.42, 101.42, 101.42, 97.26, 101.42, 101.42, 101.42, 101.42, 101.42, 101.42, 101.42, 101.42, 101.42];4.159999999999997;[5, 4, 5, 5, 7, 4, 4, 7, 4, 3, 3, 3, 6, 2, 2, 6, 2, 5, 6, 7];5
20;90;20;2;True;2000;3;0;0;0;0;0;0;308.56553888320923;8.633582830429077;79934.97409197503;71667.39686012268;5666.095898779285;2601.4500000000007;[140.4, 141.4, 141.4, 141.4, 139.4, 141.4, 101.4, 141.4, 141.4, 141.4, 111.4, 141.4, 105.4, 141.4, 141.4, 141.4, 82.85, 141.4, 122.4, 101.4];58.55000000000001;[4, 6, 3, 5, 4, 5, 3, 5, 3, 5, 2, 8, 7, 3, 3, 3, 5, 6, 5, 5];6
20;90;20;3;True;2000;3;0;0;0;0;0;0;295.2658476829529;7.470207929611206;74810.64588398828;67007.83194112778;5409.592093948997;2393.25;[132.97, 132.97, 132.97, 132.97, 132.97, 72.82, 98.97, 132.97, 129.97, 132.97, 84.97, 110.97, 132.97, 132.97, 92.97, 102.97, 118.97, 132.97, 117.97, 132.97];60.150000000000006;[5, 6, 7, 7, 5, 2, 5, 4, 2, 4, 4, 4, 4, 5, 2, 6, 3, 5, 5, 5];5
20;90;20;4;True;2000;3;0;0;0;0;0;0;252.13062715530396;10.879292011260986;80533.07461237186;72894.91186285019;5546.952233150717;2091.1899999999996;[91.93, 107.78, 107.78, 107.78, 107.78, 107.78, 107.78, 107.78, 96.93, 107.78, 70.07, 107.78, 107.78, 107.78, 107.78, 107.78, 107.78, 107.78, 107.78, 107.78];37.71000000000001;[4, 8, 4, 8, 2, 3, 4, 3, 3, 5, 4, 2, 3, 6, 4, 5, 7, 4, 7, 4];6
20;90;20;5;True;2000;3;0;0;0;0;0;0;302.3973140716553;7.391235828399658;77221.9862965421;69203.71235084534;5332.23265258668;2685.999999999999;[140.35, 140.35, 140.35, 140.35, 95.35, 140.35, 140.35, 140.35, 140.35, 140.35, 140.35, 90.35, 140.35, 140.35, 140.35, 140.35, 140.35, 140.35, 140.35, 114.35];50.0;[3, 5, 7, 3, 3, 4, 5, 3, 4, 6, 5, 4, 5, 4, 4, 6, 4, 4, 7, 4];4
20;90;20;6;True;2000;3;0;0;0;0;0;0;266.54230880737305;7.449492931365967;81721.80455354827;74275.12050962448;5155.727232214407;2290.9099999999994;[123.33, 123.33, 123.33, 123.33, 112.33, 123.33, 123.33, 123.33, 123.33, 99.33, 93.33, 123.33, 123.33, 123.33, 100.33, 77.09, 123.33, 81.88, 123.33, 123.33];46.239999999999995;[8, 4, 4, 4, 5, 6, 6, 4, 5, 3, 1, 1, 4, 4, 5, 5, 6, 4, 4, 7];7
20;100;20;1;True;2000;3;0;0;0;0;0;0;268.72902154922485;12.83047604560852;90400.8211394056;82488.80922794342;5720.218862874992;2191.7999999999997;[109.59, 109.59, 109.59, 109.59, 109.59, 109.59, 109.59, 109.59, 109.59, 109.59, 109.59, 109.59, 109.59, 109.59, 109.59, 109.59, 109.59, 109.59, 109.59, 109.59];0.0;[8, 5, 4, 5, 7, 5, 3, 8, 6, 5, 3, 4, 6, 3, 2, 4, 3, 6, 7, 6];6
20;100;20;2;True;2000;3;0;0;0;0;0;0;311.1498432159424;8.73639965057373;91670.28420494619;82725.49611377716;6517.964019625416;2426.8000000000006;[127.44, 127.44, 127.44, 127.44, 127.44, 127.44, 111.44, 127.44, 86.44, 127.44, 127.44, 127.44, 127.44, 127.44, 127.44, 127.44, 86.44, 127.44, 127.44, 103.44];41.0;[5, 6, 2, 5, 4, 6, 5, 5, 3, 5, 5, 7, 7, 5, 5, 4, 5, 6, 7, 3];5
20;100;20;3;True;2000;3;0;0;0;0;0;0;324.00545263290405;9.078187227249146;89209.88159934997;80761.13342618942;5962.545899741354;2486.2000000000003;[128.67, 128.67, 128.67, 128.67, 128.67, 100.46, 128.67, 128.67, 128.67, 128.67, 80.06, 128.48, 128.67, 128.67, 118.48, 128.67, 128.67, 128.67, 128.67, 128.67];48.609999999999985;[5, 6, 4, 6, 5, 4, 3, 5, 3, 6, 5, 7, 3, 7, 4, 6, 4, 7, 4, 6];4
20;100;20;4;True;2000;3;0;0;0;0;0;0;352.1490068435669;11.764309883117676;92323.97710612275;83338.32719993591;6197.375308287511;2788.2999999999993;[113.81, 150.39, 120.81, 147.92, 139.92, 139.92, 150.39, 134.92, 133.92, 131.92, 92.81, 150.39, 147.92, 150.39, 150.39, 130.92, 150.39, 150.39, 150.39, 150.39];57.579999999999984;[6, 6, 5, 4, 5, 5, 4, 5, 4, 3, 3, 4, 3, 6, 4, 4, 6, 8, 8, 7];5
20;100;20;5;True;2000;3;0;0;0;0;0;0;263.28700494766235;9.280919075012207;87183.59962954206;79073.33683204651;5951.8323206920295;2158.419999999999;[109.06, 109.06, 109.06, 109.06, 86.28, 109.06, 109.06, 109.06, 109.06, 109.06, 109.06, 109.06, 109.06, 109.06, 109.06, 109.06, 109.06, 109.06, 109.06, 109.06];22.78;[3, 6, 7, 5, 4, 5, 6, 2, 3, 6, 5, 5, 5, 5, 6, 7, 4, 5, 5, 6];5
20;100;20;6;True;2000;3;0;0;0;0;0;0;339.10684633255005;12.569269895553589;95181.89521493882;86667.03687953949;5761.260655147978;2753.5599999999995;[143.2, 143.2, 143.2, 143.2, 103.65, 140.2, 140.2, 143.2, 143.2, 143.2, 143.2, 143.2, 143.2, 143.2, 143.2, 78.31, 143.2, 143.2, 143.2, 143.2];64.88999999999999;[4, 4, 6, 4, 7, 7, 6, 4, 6, 6, 1, 3, 6, 7, 5, 4, 7, 5, 3, 5];6
20;80;20;1;True;2000;4;0;0;0;0;0;0;231.7477731704712;14.920000076293945;67779.242971819;60985.50661563873;4578.36287980545;2215.4;[110.77, 110.77, 110.77, 110.77, 110.77, 110.77, 110.77, 110.77, 110.77, 110.77, 110.77, 110.77, 110.77, 110.77, 110.77, 110.77, 110.77, 110.77, 110.77, 110.77];0.0;[5, 4, 5, 5, 7, 4, 3, 6, 6, 3, 3, 2, 5, 2, 2, 5, 2, 4, 2, 5];5
20;80;20;2;True;2000;4;0;0;0;0;0;0;436.8119807243347;8.457367897033691;69396.29383458923;61268.367809295654;4923.222847828581;3204.6600000000008;[114.19, 218.19, 226.19, 169.19, 104.19, 195.19, 180.19, 106.19, 119.19, 176.19, 193.19, 211.19, 176.19, 159.19, 145.19, 78.67, 186.19, 160.19, 200.19, 85.57];147.51999999999998;[3, 7, 3, 5, 3, 4, 5, 3, 3, 5, 3, 6, 4, 4, 3, 4, 3, 5, 4, 3];4
20;80;20;3;True;2000;4;0;0;0;0;0;0;237.62936067581177;14.839478015899658;61863.207866501674;54793.77643728256;4841.364809428621;2228.0200000000004;[116.67, 116.67, 116.67, 116.67, 116.67, 59.29, 99.67, 116.67, 116.67, 116.67, 100.67, 104.67, 116.67, 116.67, 116.67, 116.67, 116.67, 116.67, 113.67, 116.67];57.38;[3, 5, 3, 5, 5, 4, 2, 4, 3, 6, 3, 4, 3, 5, 3, 4, 2, 6, 5, 5];4
20;80;20;4;True;2000;4;0;0;0;0;0;0;214.1087589263916;15.008103132247925;67743.38980890151;60671.610906124115;5097.314054741685;1974.4999999999995;[99.59, 99.59, 94.59, 99.59, 99.59, 99.59, 99.59, 99.59, 99.59, 99.59, 99.59, 99.59, 87.29, 99.59, 99.59, 99.59, 99.59, 99.59, 99.59, 99.59];12.299999999999997;[3, 4, 5, 3, 4, 3, 3, 3, 3, 4, 4, 3, 3, 7, 4, 6, 5, 5, 5, 3];4
20;80;20;5;True;2000;4;0;0;0;0;0;0;263.7743010520935;8.882323980331421;65988.94521620953;58688.098707675934;4851.5244243976085;2449.31;[129.04, 129.04, 129.04, 129.04, 98.13, 129.04, 129.04, 109.14, 129.04, 129.04, 129.04, 77.26, 100.14, 129.04, 129.04, 129.04, 129.04, 129.04, 129.04, 129.04];51.77999999999999;[3, 6, 5, 4, 4, 3, 5, 3, 3, 6, 5, 3, 4, 3, 4, 4, 3, 3, 5, 4];3
20;80;20;6;True;2000;4;0;0;0;0;0;0;229.95086765289307;10.49340295791626;70214.4790771712;63581.07448863983;4613.491998825653;2019.8799999999992;[107.87, 107.87, 107.87, 107.87, 107.87, 107.87, 107.87, 107.87, 107.87, 87.87, 87.87, 107.87, 107.87, 107.87, 77.87, 88.87, 107.87, 66.35, 100.87, 107.87];41.52000000000001;[6, 5, 5, 3, 6, 7, 5, 3, 5, 2, 3, 2, 5, 2, 2, 4, 5, 3, 2, 5];5
20;90;20;1;True;2000;4;0;0;0;0;0;0;337.1790852546692;18.059990167617798;79953.78147716528;71798.62675142288;5129.2567630381;3025.9000000000015;[157.13, 87.33, 157.13, 157.13, 157.13, 157.13, 157.13, 157.13, 146.13, 157.13, 156.23, 157.13, 157.13, 125.13, 157.13, 157.13, 154.13, 157.13, 157.13, 157.13];69.8;[6, 3, 5, 5, 6, 5, 4, 6, 4, 4, 3, 5, 7, 3, 3, 5, 3, 5, 2, 6];5
20;90;20;2;True;2000;4;0;0;0;0;0;0;282.1556010246277;14.156615018844604;79850.14932506936;71785.04124736786;5689.062542527891;2375.959999999999;[122.37, 122.37, 122.37, 122.37, 122.37, 122.37, 122.37, 122.37, 94.03, 122.37, 122.37, 122.37, 122.37, 122.37, 122.37, 108.37, 93.27, 122.37, 122.37, 122.37];29.10000000000001;[5, 7, 3, 4, 6, 4, 5, 5, 3, 5, 5, 7, 5, 1, 5, 2, 4, 4, 5, 5];6
20;90;20;3;True;2000;4;0;0;0;0;0;0;370.78235912323;9.39486312866211;76218.23161509662;67680.96493530273;5429.900605803525;3107.3400000000006;[169.46, 169.46, 169.46, 169.46, 153.46, 164.07, 139.46, 165.46, 169.46, 155.46, 83.99, 164.46, 169.46, 169.46, 131.46, 117.46, 149.46, 157.46, 169.46, 169.46];85.47000000000001;[6, 6, 5, 7, 4, 4, 4, 6, 4, 3, 5, 3, 4, 5, 4, 4, 3, 5, 5, 3];4
20;90;20;4;True;2000;4;0;0;0;0;0;0;272.2991771697998;18.36638307571411;79704.45800186145;71768.38084316254;5555.367149994985;2380.68;[117.76, 120.04, 114.76, 120.04, 120.04, 120.04, 113.76, 113.76, 120.04, 120.04, 120.04, 120.04, 120.04, 120.04, 120.04, 120.04, 120.04, 120.04, 120.04, 120.04];6.280000000000001;[5, 7, 3, 7, 2, 4, 5, 4, 4, 3, 3, 3, 2, 7, 4, 6, 8, 5, 5, 3];6
20;90;20;5;True;2000;4;0;0;0;0;0;0;313.59575366973877;11.768738031387329;77793.60241521847;69755.45123004913;5365.984516596709;2672.240000000001;[137.88, 137.88, 137.88, 137.88, 137.88, 137.88, 137.88, 130.88, 137.88, 137.88, 137.88, 59.52, 137.88, 137.88, 137.88, 137.88, 137.88, 137.88, 137.88, 137.88];78.35999999999999;[3, 5, 5, 4, 4, 6, 6, 4, 4, 6, 5, 3, 5, 4, 6, 3, 4, 4, 6, 3];3
20;90;20;6;True;2000;4;0;0;0;0;0;0;281.04627895355225;35.87225413322449;82151.35291365242;74585.79596233368;5177.802339649753;2387.77;[125.43, 125.43, 125.43, 125.43, 125.43, 125.43, 125.43, 125.43, 125.43, 115.43, 92.6, 125.43, 125.43, 109.43, 124.43, 113.43, 125.43, 98.43, 103.43, 125.43];32.83000000000001;[7, 5, 4, 4, 6, 7, 7, 3, 5, 5, 1, 2, 5, 3, 2, 4, 5, 4, 5, 6];6
20;100;20;1;True;2000;4;0;0;0;0;0;0;285.5040326118469;19.41049885749817;88688.83893527921;80684.71515846252;5759.795087223628;2244.2599999999993;[115.61, 93.19, 115.61, 115.61, 115.61, 115.61, 115.61, 115.61, 115.61, 107.61, 90.09, 115.61, 115.61, 115.61, 115.61, 115.61, 103.61, 115.61, 115.61, 115.61];25.519999999999996;[7, 4, 6, 6, 5, 6, 4, 7, 6, 4, 3, 6, 6, 3, 2, 6, 3, 5, 4, 7];5
20;100;20;2;True;2000;4;0;0;0;0;0;0;333.86263132095337;19.12222909927368;92081.63617487258;82934.16609764099;6481.080216803241;2666.399999999999;[137.22, 137.22, 137.22, 137.22, 137.22, 137.22, 137.22, 137.22, 137.22, 137.22, 137.22, 137.22, 131.22, 137.22, 137.22, 137.22, 102.22, 137.22, 137.22, 100.22];37.0;[3, 8, 4, 4, 4, 5, 5, 4, 3, 5, 7, 5, 7, 4, 4, 6, 5, 8, 5, 4];5
20;100;20;3;True;2000;4;0;0;0;0;0;0;282.34947538375854;14.047495126724243;84156.68121296592;75925.64574670792;5941.160224497016;2289.9699999999993;[119.36, 119.36, 119.36, 119.36, 119.36, 61.13, 119.36, 119.36, 119.36, 119.36, 108.36, 110.36, 119.36, 119.36, 119.36, 119.36, 119.36, 119.36, 100.36, 119.36];58.23;[5, 6, 5, 6, 4, 3, 4, 6, 4, 6, 5, 4, 4, 6, 4, 5, 3, 6, 8, 6];5
20;100;20;4;True;2000;4;0;0;0;0;0;0;371.34924840927124;28.12728977203369;93931.14238932412;84900.61848545074;6155.836392134474;2874.6000000000013;[122.38, 158.38, 125.38, 155.38, 137.38, 158.38, 158.38, 131.38, 127.38, 158.38, 122.38, 158.38, 146.38, 158.38, 158.38, 147.38, 151.38, 158.38, 121.38, 119.38];39.0;[3, 7, 4, 4, 7, 5, 3, 5, 3, 3, 5, 4, 4, 8, 7, 6, 6, 6, 5, 5];5
20;100;20;5;True;2000;4;0;0;0;0;0;0;340.557156085968;12.659730911254883;91505.74314655854;82827.25886917114;5985.213151766623;2693.3599999999997;[138.7, 138.7, 138.7, 138.7, 131.7, 138.7, 138.7, 121.7, 138.7, 138.7, 138.7, 97.06, 138.7, 138.7, 138.7, 138.7, 138.7, 123.7, 138.7, 138.7];41.639999999999986;[6, 6, 9, 5, 5, 5, 7, 4, 3, 6, 5, 3, 4, 5, 6, 4, 4, 4, 7, 2];7
20;100;20;6;True;2000;4;0;0;0;0;0;0;286.1271262168884;24.547675848007202;91810.29403409391;83782.86254692078;5737.375221345159;2290.1200000000003;[119.71, 119.71, 119.71, 119.71, 119.71, 119.71, 105.48, 119.71, 119.71, 112.71, 78.32, 103.48, 119.71, 119.71, 119.71, 94.48, 119.71, 119.71, 119.71, 119.71];41.39;[6, 4, 6, 5, 5, 8, 7, 4, 5, 4, 3, 6, 6, 4, 2, 5, 6, 3, 3, 8];6
30;60;30;1;True;2000;2;0;0;0;0;0;0;124.11405658721924;5.176074743270874;45466.34267855961;40049.56289052963;3480.920762544909;1935.8;[66.76, 66.76, 54.76, 66.76, 66.76, 64.76, 66.76, 66.76, 66.76, 62.76, 66.76, 66.76, 66.76, 66.76, 66.76, 66.76, 51.76, 66.76, 66.76, 66.76, 66.76, 34.76, 66.76, 66.76, 66.76, 66.76, 64.76, 66.76, 66.76, 66.76];32.00000000000001;[3, 2, 1, 2, 4, 1, 2, 3, 1, 1, 3, 3, 3, 2, 1, 3, 3, 3, 3, 1, 3, 1, 3, 2, 1, 1, 2, 2];3
30;60;30;2;True;2000;2;0;0;0;0;0;0;147.33182954788208;5.545900106430054;44669.085349717825;38670.17229557037;3709.4610364235145;2289.349999999999;[79.81, 80.81, 80.81, 80.81, 80.81, 80.81, 80.81, 75.81, 80.81, 80.81, 80.81, 80.81, 70.81, 80.81, 80.81, 80.81, 25.86, 80.81, 80.81, 70.81, 80.81, 80.81, 80.81, 80.81, 80.81, 80.81, 80.81, 80.81, 56.81, 50.81];54.95;[1, 3, 1, 4, 2, 3, 2, 1, 1, 1, 2, 2, 3, 1, 3, 1, 1, 2, 2, 1, 3, 3, 3, 4, 3, 1, 2, 2, 2];3
30;60;30;3;True;2000;2;0;0;0;0;0;0;124.36326313018799;5.6640331745147705;41935.53750672397;36610.757390499115;3521.5755328828586;1803.0999999999988;[64.07, 64.07, 64.07, 64.07, 64.07, 64.07, 29.07, 64.07, 64.07, 64.07, 34.07, 64.07, 64.07, 64.07, 64.07, 64.07, 64.07, 64.07, 61.07, 64.07, 64.07, 64.07, 64.07, 49.07, 64.07, 64.07, 64.07, 28.07, 64.07, 64.07];35.99999999999999;[1, 2, 2, 3, 1, 2, 2, 2, 1, 3, 1, 2, 1, 4, 2, 2, 1, 2, 4, 1, 1, 2, 2, 2, 2, 2, 3, 1, 2, 4];3
30;60;30;4;True;2000;2;0;0;0;0;0;0;186.53158521652222;6.0065391063690186;48315.17546276807;42423.730684280396;3407.4795703897357;2483.8399999999992;[75.81, 92.81, 41.83, 92.81, 92.81, 92.81, 92.81, 88.81, 85.81, 92.81, 29.07, 92.81, 58.81, 92.81, 92.81, 92.81, 92.81, 92.81, 92.81, 67.81, 92.81, 15.07, 92.81, 92.81, 92.81, 92.81, 92.81, 73.81, 92.81, 90.81];77.74000000000001;[1, 3, 1, 2, 2, 1, 2, 1, 1, 2, 2, 1, 2, 4, 3, 3, 2, 4, 3, 2, 2, 1, 1, 3, 1, 1, 2, 3, 4];3
30;60;30;5;True;2000;2;0;0;0;0;0;0;115.15294075012207;5.395352125167847;42455.82878150944;37316.6245136261;3594.4923018183677;1544.7900000000002;[54.91, 54.91, 54.91, 54.91, 35.91, 54.91, 54.91, 54.91, 54.91, 54.91, 54.91, 3.0, 54.91, 54.91, 54.91, 54.91, 54.91, 49.91, 54.91, 54.91, 54.91, 54.91, 54.91, 54.91, 28.31, 54.91, 54.91, 54.91, 54.91, 54.91];51.91;[2, 2, 4, 2, 2, 1, 2, 1, 1, 2, 3, 2, 2, 4, 2, 1, 1, 3, 2, 3, 3, 2, 1, 1, 3, 2, 2, 4];3
30;60;30;6;True;2000;2;0;0;0;0;0;0;127.17931747436523;5.290349960327148;48645.324803989206;43528.34255743027;3205.9267858050293;1911.009999999999;[68.57, 68.57, 68.57, 68.57, 68.57, 68.57, 68.57, 68.57, 68.57, 32.57, 62.57, 68.57, 68.57, 68.57, 68.57, 32.57, 68.57, 68.57, 68.57, 68.57, 68.57, 68.57, 68.57, 44.57, 68.57, 68.57, 68.57, 61.57, 31.48, 68.57];37.08999999999999;[2, 2, 2, 4, 4, 3, 1, 2, 2, 1, 1, 3, 2, 2, 2, 1, 3, 2, 2, 2, 2, 2, 4, 1, 1, 3, 3, 1];3
30;70;30;1;True;2000;2;0;0;0;0;0;0;196.29919719696045;6.424429178237915;55953.45929070892;49096.900598526;4135.086160644006;2721.5600000000013;[100.13, 56.12, 80.13, 100.13, 100.13, 84.13, 82.13, 100.13, 100.13, 71.13, 59.13, 100.13, 100.13, 100.13, 100.13, 100.13, 60.13, 100.13, 100.13, 100.13, 100.13, 55.8, 100.13, 100.13, 100.13, 100.13, 79.13, 94.13, 97.13, 100.13];44.33;[5, 1, 1, 2, 3, 1, 2, 3, 2, 1, 1, 1, 3, 3, 2, 3, 3, 3, 4, 3, 3, 1, 4, 2, 2, 3, 3, 3, 2];4
30;70;30;2;True;2000;2;0;0;0;0;0;0;140.34546899795532;5.5463457107543945;52731.74703657875;46450.48665142059;4212.661674775701;2068.560000000001;[70.65, 70.65, 70.65, 70.65, 70.65, 70.65, 70.65, 67.65, 70.65, 70.65, 70.65, 70.65, 58.65, 70.65, 70.65, 70.65, 49.71, 70.65, 70.65, 70.65, 70.65, 70.65, 70.65, 70.65, 70.65, 70.65, 70.65, 70.65, 70.65, 55.65];20.940000000000005;[2, 3, 1, 4, 3, 3, 2, 3, 1, 2, 2, 3, 2, 1, 4, 1, 2, 1, 4, 3, 2, 2, 3, 3, 5, 1, 2, 2, 1, 2];4
30;70;30;3;True;2000;2;0;0;0;0;0;0;183.38110399246216;6.628628969192505;51214.104105689636;44737.77875328064;4023.3558028951793;2452.910000000001;[90.15, 90.15, 90.15, 90.15, 90.15, 64.15, 37.15, 88.15, 90.15, 90.15, 52.15, 90.15, 90.15, 90.15, 65.15, 90.15, 89.15, 90.15, 66.15, 90.15, 90.15, 90.15, 90.15, 84.15, 90.15, 90.15, 90.15, 31.56, 72.15, 90.15];58.59;[2, 1, 2, 2, 3, 2, 2, 2, 1, 2, 3, 1, 4, 3, 3, 1, 3, 4, 1, 4, 4, 2, 2, 3, 3, 4, 2, 1, 3];3
30;70;30;4;True;2000;2;0;0;0;0;0;0;156.62652587890625;9.874722957611084;57566.780109229265;51130.20151233673;4264.224418761991;2172.360000000001;[72.94, 74.94, 74.94, 74.94, 74.94, 74.94, 74.94, 74.94, 74.94, 74.94, 30.1, 74.94, 51.94, 74.94, 74.94, 74.94, 74.94, 74.94, 74.94, 74.94, 74.94, 68.94, 74.94, 74.94, 74.94, 74.94, 74.94, 74.94, 74.94, 74.94];44.839999999999996;[2, 2, 2, 2, 3, 1, 1, 4, 1, 2, 2, 2, 1, 4, 3, 3, 4, 3, 1, 4, 2, 2, 1, 2, 1, 2, 3, 1, 5, 4];4
30;70;30;5;True;2000;2;0;0;0;0;0;0;186.21352338790894;8.754342317581177;52886.117954135945;46125.31639432907;4217.255125728791;2543.520000000002;[83.88, 94.88, 94.88, 87.88, 53.88, 94.88, 94.88, 68.88, 88.88, 94.88, 94.88, 3.0, 71.88, 94.88, 94.88, 94.88, 94.88, 90.88, 94.88, 94.88, 94.88, 94.88, 94.88, 73.88, 59.88, 94.88, 73.88, 78.88, 94.88, 94.88];91.88;[2, 2, 3, 3, 2, 1, 3, 1, 1, 4, 2, 3, 3, 4, 3, 1, 1, 5, 3, 2, 2, 3, 2, 1, 3, 2, 1, 3, 4];4
30;70;30;6;True;2000;2;0;0;0;0;0;0;133.93978691101074;7.846587657928467;57956.80671080304;52155.17919969559;4065.230161914518;1736.2900000000004;[61.22, 61.22, 61.22, 61.22, 61.22, 61.22, 61.22, 61.22, 61.22, 38.78, 49.78, 61.22, 61.22, 61.22, 61.22, 34.78, 61.22, 54.78, 61.22, 61.22, 61.22, 61.22, 61.22, 56.78, 61.22, 61.22, 61.22, 61.22, 32.11, 61.22];29.11;[3, 2, 3, 6, 3, 5, 2, 2, 2, 1, 1, 3, 2, 2, 1, 1, 5, 1, 2, 2, 2, 2, 5, 1, 2, 3, 3, 1, 2];5
30;80;30;1;True;2000;2;0;0;0;0;0;0;196.804771900177;7.47014307975769;64757.740782927445;57607.43358659744;4575.9770578553325;2574.3800000000006;[89.89, 82.89, 76.89, 89.89, 89.89, 89.89, 89.89, 89.89, 89.89, 85.89, 79.89, 89.89, 89.89, 89.89, 89.89, 89.89, 53.89, 89.89, 89.89, 89.89, 89.89, 44.57, 89.89, 89.89, 89.89, 89.89, 82.89, 89.89, 89.89, 89.89];45.32;[5, 1, 1, 2, 5, 1, 4, 2, 1, 1, 2, 2, 5, 4, 4, 3, 4, 5, 3, 2, 2, 1, 3, 2, 4, 2, 2, 3, 3, 1];4
30;80;30;2;True;2000;2;0;0;0;0;0;0;210.16555547714233;7.355697870254517;62552.40407925983;54999.70454454422;4891.036633341961;2661.5900000000006;[95.39, 95.39, 95.39, 95.39, 95.39, 95.39, 91.94, 60.69, 85.94, 95.39, 78.94, 95.39, 68.94, 95.39, 95.39, 95.39, 51.38, 95.39, 95.39, 57.69, 95.39, 95.39, 95.39, 95.39, 95.39, 95.39, 95.39, 95.39, 67.94, 94.94];44.01;[2, 3, 1, 2, 3, 5, 3, 2, 2, 3, 3, 3, 3, 1, 3, 4, 3, 3, 4, 2, 2, 3, 3, 3, 4, 2, 2, 2, 2, 2];4
30;80;30;3;True;2000;2;0;0;0;0;0;0;169.5878963470459;11.005383968353271;60111.98797773933;53274.932664871216;4812.684026891987;2024.3199999999995;[70.54, 70.54, 70.54, 70.54, 70.54, 70.54, 47.54, 70.54, 70.54, 70.54, 35.51, 70.54, 70.54, 70.54, 70.54, 70.54, 70.54, 70.54, 66.54, 70.54, 70.54, 70.54, 70.54, 70.54, 70.54, 70.54, 70.54, 40.69, 70.54, 70.54];35.03000000000001;[3, 3, 3, 2, 4, 2, 4, 3, 2, 3, 1, 3, 2, 4, 4, 4, 3, 2, 4, 1, 2, 4, 2, 2, 2, 2, 4, 1, 2, 2];3
30;80;30;4;True;2000;2;0;0;0;0;0;0;172.21051931381226;12.451831102371216;66086.74513595195;58867.80367946625;5063.242278795917;2155.74;[73.02, 73.02, 73.02, 73.02, 73.02, 73.02, 73.02, 73.02, 73.02, 73.02, 64.02, 73.02, 69.02, 73.02, 73.02, 73.02, 73.02, 73.02, 73.02, 73.02, 73.02, 51.16, 73.02, 73.02, 73.02, 73.02, 73.02, 73.02, 73.02, 73.02];21.86;[4, 3, 2, 2, 3, 2, 1, 1, 2, 4, 2, 1, 2, 5, 4, 4, 5, 5, 5, 3, 2, 2, 3, 2, 1, 1, 1, 1, 4, 3];4
30;80;30;5;True;2000;2;0;0;0;0;0;0;178.03447914123535;8.842802286148071;61840.58735284376;54620.92161512375;4786.756679074472;2433.020000000001;[84.44, 84.44, 84.44, 84.44, 55.26, 84.44, 84.44, 84.44, 84.44, 75.44, 84.44, 63.44, 84.44, 84.44, 84.44, 84.44, 74.44, 84.44, 84.44, 84.44, 84.44, 84.44, 84.44, 84.44, 78.44, 84.44, 60.44, 83.44, 84.44, 84.44];29.18;[1, 3, 3, 3, 2, 1, 2, 2, 3, 2, 3, 2, 2, 3, 5, 2, 1, 3, 5, 2, 4, 2, 2, 4, 2, 4, 2, 1, 5, 4];4
30;80;30;6;True;2000;2;0;0;0;0;0;0;231.1003975868225;9.94659686088562;67988.9851433697;60570.90997314453;4619.518310691981;2798.4599999999996;[111.24, 95.24, 111.24, 111.24, 84.24, 111.24, 111.24, 111.24, 111.24, 45.42, 88.24, 63.42, 111.24, 111.24, 111.24, 41.42, 111.24, 76.24, 80.24, 105.24, 111.24, 111.24, 111.24, 52.42, 111.24, 111.24, 104.24, 72.42, 37.42, 72.42];73.82;[4, 2, 3, 4, 3, 5, 4, 2, 4, 2, 2, 4, 3, 3, 2, 1, 3, 1, 4, 2, 4, 1, 6, 1, 2, 4, 3, 1];5
30;90;30;1;True;2000;2;0;0;0;0;0;0;199.42330837249756;10.053849458694458;75704.45186552675;68427.79163360596;5053.02162543272;2223.6299999999987;[75.81, 60.93, 75.81, 75.81, 75.81, 75.81, 75.81, 75.81, 75.81, 75.81, 75.81, 75.81, 75.81, 75.81, 75.81, 75.81, 75.81, 75.81, 75.81, 75.81, 75.81, 43.95, 75.81, 75.81, 75.81, 75.81, 71.88, 75.81, 75.81, 75.81];31.86;[5, 2, 3, 3, 3, 3, 1, 2, 2, 2, 3, 3, 4, 3, 4, 3, 1, 4, 5, 3, 3, 1, 2, 3, 5, 4, 2, 5, 4, 2];4
30;90;30;2;True;2000;2;0;0;0;0;0;0;209.12263536453247;13.266347885131836;72963.91767045269;64692.268837451935;5737.847452847211;2533.7799999999993;[88.33, 88.33, 88.33, 88.33, 88.33, 88.33, 88.33, 58.33, 88.33, 88.33, 79.33, 88.33, 88.33, 88.33, 88.33, 88.33, 44.21, 88.33, 88.33, 85.33, 88.33, 88.33, 88.33, 88.33, 88.33, 88.33, 88.33, 88.33, 88.33, 58.33];44.12;[4, 5, 1, 3, 2, 3, 3, 2, 2, 1, 4, 4, 4, 1, 3, 3, 3, 1, 5, 2, 2, 4, 5, 4, 5, 2, 3, 4, 2, 3];4
30;90;30;3;True;2000;2;0;0;0;0;0;0;193.32513332366943;12.116458177566528;69586.0597579064;61941.406420230865;5509.250135528329;2135.5200000000004;[76.26, 76.26, 76.26, 76.26, 76.26, 63.26, 47.26, 76.26, 76.26, 76.26, 34.56, 76.26, 76.26, 76.26, 66.26, 76.26, 57.26, 76.26, 76.26, 76.26, 76.26, 76.26, 76.26, 76.26, 76.26, 76.26, 76.26, 37.68, 75.26, 76.26];41.7;[2, 3, 3, 2, 4, 1, 3, 2, 2, 3, 1, 3, 2, 4, 3, 5, 2, 4, 4, 1, 4, 5, 4, 3, 2, 3, 4, 4, 2, 5];4
30;90;30;4;True;2000;2;0;0;0;0;0;0;275.30531311035156;13.734742879867554;78128.26833108676;69340.54794979095;5503.582419293979;3284.180000000002;[80.76, 116.76, 102.76, 116.76, 116.76, 116.76, 116.76, 116.76, 108.76, 116.76, 85.76, 116.76, 76.76, 116.76, 116.76, 116.76, 116.76, 116.76, 116.76, 116.76, 116.76, 55.14, 116.76, 116.76, 116.76, 110.76, 116.76, 111.76, 109.76, 106.76];61.620000000000005;[2, 3, 3, 3, 3, 2, 2, 2, 2, 2, 4, 3, 3, 5, 5, 4, 4, 4, 5, 2, 2, 2, 2, 6, 2, 1, 2, 2, 4, 4];5
30;90;30;5;True;2000;2;0;0;0;0;0;0;234.99542617797852;16.223963975906372;73078.41068481994;65133.69080734253;5320.695587547923;2624.110000000001;[98.26, 98.26, 98.26, 98.26, 58.26, 98.26, 98.26, 70.26, 98.26, 98.26, 98.26, 3.0, 73.26, 98.26, 98.26, 98.26, 98.26, 68.26, 98.26, 98.26, 98.26, 98.26, 98.26, 83.26, 38.83, 98.26, 78.26, 87.26, 98.26, 98.26];95.26;[4, 3, 3, 2, 2, 2, 4, 1, 3, 4, 4, 5, 3, 5, 2, 2, 3, 5, 3, 3, 2, 3, 2, 2, 4, 3, 2, 4, 5];4
30;90;30;6;True;2000;2;0;0;0;0;0;0;162.0532078742981;13.25114107131958;76641.87877202008;69586.34400892258;5149.2030248141755;1906.2599999999995;[65.33, 65.33, 65.33, 65.33, 65.33, 65.33, 65.33, 65.33, 65.33, 57.33, 65.33, 65.33, 65.33, 65.33, 65.33, 45.33, 65.33, 65.33, 65.33, 65.33, 65.33, 65.33, 65.33, 65.33, 65.33, 65.33, 65.33, 65.33, 39.69, 65.33];25.64;[3, 3, 4, 3, 4, 4, 3, 4, 4, 3, 3, 5, 3, 3, 3, 3, 3, 1, 4, 4, 3, 1, 5, 2, 3, 3, 4, 1, 1];4
30;100;30;1;True;2000;2;0;0;0;0;0;0;231.69514799118042;15.223594903945923;85231.19645618368;76824.71347761154;5747.135749268437;2659.47;[91.27, 57.77, 54.3, 91.27, 91.27, 91.27, 91.27, 91.27, 91.27, 91.27, 91.27, 91.27, 91.27, 91.27, 91.27, 91.27, 83.19, 91.27, 91.27, 91.27, 91.27, 91.27, 91.27, 91.27, 91.27, 91.27, 91.19, 91.27, 91.27, 91.27];36.97;[6, 2, 1, 4, 4, 4, 4, 4, 2, 2, 2, 4, 4, 2, 4, 3, 5, 4, 3, 3, 7, 3, 4, 2, 4, 3, 2, 3, 3, 2];6
30;100;30;2;True;2000;2;0;0;0;0;0;0;229.0286898612976;17.395278215408325;83651.96483314935;74690.71462202072;6511.802909211881;2449.43;[85.91, 85.91, 85.91, 85.91, 85.91, 85.91, 85.91, 85.91, 82.91, 85.91, 67.91, 85.91, 85.91, 85.91, 76.91, 85.91, 74.91, 85.91, 85.91, 41.04, 85.91, 85.91, 85.91, 85.91, 85.91, 85.91, 85.91, 85.91, 68.91, 60.91];44.87;[3, 6, 1, 6, 3, 4, 5, 4, 1, 3, 3, 3, 4, 1, 2, 1, 4, 2, 5, 3, 3, 5, 5, 5, 6, 2, 3, 4, 1, 2];5
30;100;30;3;True;2000;2;0;0;0;0;0;0;282.50199460983276;13.867307424545288;81934.75669232446;73102.81252527237;6016.044673891296;2815.94;[107.29, 107.29, 107.29, 107.29, 107.29, 107.29, 49.03, 107.29, 107.29, 107.29, 42.39, 107.29, 107.29, 107.29, 71.03, 107.29, 85.03, 95.41, 64.03, 107.29, 78.03, 107.29, 107.29, 78.03, 69.03, 107.29, 107.29, 38.13, 107.29, 107.29];69.16;[5, 3, 3, 1, 5, 2, 3, 2, 2, 5, 2, 3, 3, 6, 4, 5, 3, 3, 5, 2, 3, 3, 4, 2, 5, 4, 4, 3, 2, 3];5
30;100;30;4;True;2000;2;0;0;0;0;0;0;269.04132413864136;17.96575403213501;87191.86641559759;77902.4088716507;6192.641652577471;3096.690000000001;[91.44, 108.44, 100.44, 108.44, 108.44, 93.44, 108.44, 108.44, 108.44, 108.44, 77.44, 108.44, 93.44, 108.44, 108.44, 108.44, 108.44, 108.44, 108.44, 108.44, 108.44, 51.93, 108.44, 108.44, 108.44, 108.44, 108.44, 95.44, 107.44, 108.44];56.51;[4, 3, 4, 3, 2, 3, 2, 3, 2, 4, 2, 3, 3, 5, 5, 4, 4, 3, 2, 5, 3, 2, 3, 7, 5, 2, 4, 1, 4, 3];6
30;100;30;5;True;2000;2;0;0;0;0;0;0;240.39269161224365;16.07456374168396;84386.6837817426;75913.52023077011;5953.748296797397;2519.3500000000004;[90.39, 90.39, 90.39, 90.39, 78.39, 90.39, 90.39, 84.39, 90.39, 90.39, 90.39, 3.0, 90.39, 90.39, 90.39, 90.39, 90.39, 90.39, 90.39, 90.39, 90.39, 90.39, 90.39, 90.39, 70.39, 90.39, 50.43, 63.39, 90.39, 90.39];87.39;[4, 4, 3, 3, 2, 3, 5, 2, 2, 3, 3, 6, 3, 6, 2, 2, 5, 4, 3, 3, 2, 3, 4, 1, 5, 4, 2, 4, 7];6
30;100;30;6;True;2000;2;0;0;0;0;0;0;197.11219453811646;15.381350040435791;87408.99098642392;79565.35559511185;5633.750210669225;2209.9000000000015;[75.13, 75.13, 75.13, 75.13, 75.13, 75.13, 75.13, 75.13, 75.13, 71.13, 74.13, 75.13, 75.13, 75.13, 75.13, 61.13, 75.13, 75.13, 75.13, 75.13, 75.13, 75.13, 75.13, 74.13, 75.13, 75.13, 75.13, 75.13, 51.13, 75.13];23.999999999999993;[3, 4, 4, 6, 4, 6, 3, 3, 3, 2, 2, 5, 3, 3, 3, 3, 5, 2, 5, 3, 3, 2, 6, 2, 2, 3, 6, 2, 1, 1];5
30;90;30;1;True;2000;3;0;0;0;0;0;0;252.8489785194397;9.76665711402893;76290.94687427027;68592.09996891022;5078.798961523939;2620.1099999999997;[96.0, 50.86, 61.91, 96.0, 96.0, 96.0, 96.0, 96.0, 96.0, 96.0, 64.91, 96.0, 96.0, 73.0, 96.0, 96.0, 69.23, 96.0, 96.0, 96.0, 96.0, 15.2, 96.0, 96.0, 96.0, 96.0, 77.0, 96.0, 96.0, 96.0];80.8;[5, 2, 3, 5, 5, 3, 2, 3, 3, 3, 1, 3, 4, 2, 4, 2, 1, 3, 6, 4, 3, 1, 3, 3, 3, 4, 2, 1, 4, 2];5
30;90;30;2;True;2000;3;0;0;0;0;0;0;196.10440492630005;14.327546119689941;70680.77650988821;62736.29327964783;5685.000714145735;2259.5800000000004;[79.43, 79.43, 79.43, 79.43, 79.43, 79.43, 79.43, 36.05, 79.43, 79.43, 79.43, 79.43, 79.43, 79.43, 79.43, 79.43, 27.49, 79.43, 79.43, 79.43, 79.43, 79.43, 79.43, 79.43, 79.43, 79.43, 79.43, 79.43, 78.43, 52.43];51.94000000000001;[3, 4, 1, 5, 3, 4, 3, 2, 2, 4, 4, 3, 2, 1, 4, 2, 2, 2, 4, 3, 3, 4, 5, 4, 4, 2, 2, 4, 2, 2];4
30;90;30;3;True;2000;3;0;0;0;0;0;0;195.66101169586182;13.129409074783325;68033.11162851941;60398.64792633057;5520.8553606867235;2113.7000000000007;[76.94, 76.94, 75.94, 76.94, 76.94, 36.1, 43.1, 76.94, 76.94, 76.94, 32.12, 76.94, 76.94, 76.94, 76.94, 76.94, 76.94, 76.94, 43.78, 76.94, 76.94, 76.94, 76.94, 76.94, 76.94, 76.94, 76.94, 36.1, 76.94, 76.94];44.82;[1, 2, 3, 4, 4, 2, 4, 3, 3, 3, 1, 4, 1, 3, 3, 4, 3, 3, 4, 1, 3, 4, 5, 2, 3, 3, 4, 2, 3, 5];4
30;90;30;4;True;2000;3;0;0;0;0;0;0;217.99522161483765;24.967870950698853;74918.5197629984;66901.86620426178;5546.3193633704905;2470.3200000000006;[58.1, 86.26, 71.26, 86.26, 86.26, 86.26, 86.26, 86.26, 81.26, 86.26, 59.1, 86.26, 85.26, 86.26, 86.26, 86.26, 86.26, 86.26, 86.26, 86.26, 86.26, 50.1, 86.26, 86.26, 86.26, 86.26, 86.26, 86.26, 81.26, 86.26];36.160000000000004;[1, 1, 2, 4, 4, 2, 1, 3, 2, 2, 3, 1, 5, 3, 4, 3, 6, 6, 4, 6, 3, 2, 2, 3, 2, 3, 3, 1, 4, 4];5
30;90;30;5;True;2000;3;0;0;0;0;0;0;189.573721408844;14.192353010177612;70842.52851095085;63489.981091976166;5300.91471786542;2051.6799999999994;[72.54, 72.54, 72.54, 72.54, 61.54, 72.54, 72.54, 72.54, 72.54, 72.54, 72.54, 3.0, 70.54, 72.54, 72.54, 72.54, 72.54, 72.54, 72.54, 72.54, 72.54, 72.54, 72.54, 72.54, 44.56, 72.54, 61.54, 69.54, 72.54, 72.54];69.54;[3, 4, 3, 3, 2, 3, 3, 1, 2, 3, 3, 4, 3, 5, 2, 2, 4, 5, 2, 4, 2, 3, 2, 2, 3, 3, 1, 5, 8];7
30;90;30;6;True;2000;3;0;0;0;0;0;0;187.7515811920166;20.124608039855957;75492.03091871977;68152.07583141327;5129.424502732563;2210.640000000001;[79.92, 79.92, 79.92, 79.92, 75.48, 79.92, 79.92, 79.92, 79.92, 45.04, 52.48, 72.48, 79.92, 79.92, 79.92, 27.48, 79.92, 58.48, 79.92, 79.92, 79.92, 79.92, 79.92, 79.92, 79.92, 79.92, 79.92, 79.92, 41.04, 79.92];52.44;[3, 3, 2, 5, 4, 5, 3, 3, 4, 3, 1, 5, 2, 2, 3, 1, 5, 1, 3, 4, 2, 2, 5, 3, 3, 4, 5, 1, 1, 2];4
30;100;30;1;True;2000;3;0;0;0;0;0;0;284.80824995040894;12.959299087524414;86047.41946423096;77359.62812900543;5666.3085098275415;3021.5400000000004;[107.73, 44.16, 99.73, 107.73, 107.73, 89.73, 107.73, 107.73, 107.73, 75.73, 98.73, 107.73, 107.73, 107.73, 107.73, 107.73, 78.73, 107.73, 107.73, 107.73, 107.73, 81.94, 107.73, 107.73, 107.73, 107.73, 88.73, 107.73, 101.73, 107.73];63.57000000000001;[6, 1, 3, 3, 5, 3, 4, 5, 3, 2, 3, 4, 4, 2, 4, 4, 2, 5, 4, 4, 2, 2, 4, 3, 4, 4, 2, 3, 2, 3];5
30;100;30;2;True;2000;3;0;0;0;0;0;0;238.62090492248535;16.134279012680054;81464.9573539873;72396.47554445267;6516.57211159937;2551.900000000002;[90.63, 90.63, 90.63, 90.63, 90.63, 90.63, 85.63, 90.63, 90.63, 90.63, 84.63, 90.63, 68.63, 90.63, 90.63, 89.63, 61.63, 90.63, 90.63, 48.63, 90.63, 90.63, 90.63, 90.63, 90.63, 90.63, 75.63, 90.63, 81.63, 52.63];41.99999999999999;[3, 4, 2, 6, 3, 3, 5, 3, 2, 3, 4, 3, 3, 2, 4, 3, 3, 2, 5, 4, 4, 4, 5, 4, 5, 3, 1, 4, 1, 2];5
30;100;30;3;True;2000;3;0;0;0;0;0;0;209.64781618118286;13.716184139251709;78749.05709451041;70658.51020812988;5971.021626430845;2119.4799999999996;[75.28, 75.28, 75.28, 75.28, 75.28, 75.28, 36.97, 75.28, 75.28, 75.28, 29.67, 75.28, 75.28, 75.28, 59.28, 75.28, 75.28, 75.28, 56.28, 75.28, 75.28, 75.28, 75.28, 75.28, 75.28, 75.28, 75.28, 55.28, 75.28, 75.28];45.61;[3, 3, 5, 2, 5, 2, 4, 4, 2, 4, 1, 3, 2, 4, 5, 4, 3, 4, 5, 2, 3, 3, 4, 2, 4, 3, 5, 2, 3, 4];4
30;100;30;4;True;2000;3;0;0;0;0;0;0;312.13988065719604;15.566658973693848;86346.62010996902;77038.53271961212;6255.999681272115;3052.0399999999995;[58.88, 115.54, 75.54, 111.54, 115.54, 79.54, 115.54, 115.54, 93.54, 115.54, 100.54, 115.54, 115.54, 87.54, 115.54, 115.54, 115.54, 115.54, 113.54, 107.54, 115.54, 24.04, 115.54, 100.54, 115.54, 109.54, 115.54, 87.54, 77.54, 91.54];91.5;[2, 6, 4, 4, 3, 3, 2, 2, 2, 4, 4, 4, 1, 3, 6, 4, 5, 4, 3, 4, 2, 2, 4, 5, 4, 1, 5, 2, 3, 2];5
30;100;30;5;True;2000;3;0;0;0;0;0;0;205.65075826644897;13.816208124160767;82181.55978179516;74182.51967763901;5910.048731832455;2088.9599999999987;[71.37, 71.37, 71.37, 71.37, 62.37, 71.37, 71.37, 71.37, 71.37, 71.37, 71.37, 35.23, 71.37, 71.37, 71.37, 71.37, 71.37, 71.37, 71.37, 71.37, 71.37, 71.37, 71.37, 71.37, 64.37, 71.37, 71.37, 71.37, 71.37, 71.37];36.14000000000001;[3, 4, 4, 3, 3, 3, 4, 1, 3, 3, 2, 3, 2, 4, 6, 2, 2, 4, 5, 3, 3, 3, 5, 4, 2, 3, 3, 1, 5, 7];6
30;100;30;6;True;2000;3;0;0;0;0;0;0;189.3893780708313;13.245825052261353;84448.72956777723;76707.8273472786;5747.31236081174;1993.5799999999988;[68.56, 68.56, 68.56, 68.56, 68.56, 68.56, 68.56, 68.56, 68.56, 68.56, 68.56, 68.56, 68.56, 68.56, 68.56, 40.56, 68.56, 68.56, 68.56, 68.56, 68.56, 68.56, 68.56, 68.56, 68.56, 68.56, 68.56, 68.56, 37.34, 64.56];31.22;[4, 3, 4, 6, 4, 5, 3, 4, 3, 4, 3, 6, 3, 2, 3, 1, 3, 1, 4, 4, 2, 4, 4, 3, 4, 5, 4, 1, 1, 2];5
40;80;40;1;True;2000;2;0;0;0;0;0;0;168.9163637161255;14.901223182678223;62631.86742613442;55563.65476894379;4596.383215320048;2471.789999999998;[67.87, 67.87, 46.87, 67.87, 67.87, 64.87, 67.87, 67.87, 67.87, 52.87, 52.87, 45.87, 67.87, 67.87, 67.87, 67.87, 46.87, 67.87, 67.87, 67.87, 67.87, 15.22, 67.87, 67.87, 67.87, 67.87, 67.87, 67.87, 67.87, 67.87, 67.87, 25.33, 67.87, 67.87, 55.87, 67.87, 67.87, 33.05, 63.87, 67.87];52.650000000000006;[4, 2, 1, 1, 2, 2, 2, 4, 3, 1, 3, 3, 3, 2, 2, 3, 2, 2, 2, 1, 2, 2, 2, 1, 1, 2, 3, 3, 1, 2, 2, 2, 4, 3, 1, 3, 1];3
40;80;40;2;True;2000;2;0;0;0;0;0;0;144.04497528076172;11.99857473373413;59077.42206459564;52288.9535779953;4804.4433274524445;1983.8800000000012;[54.15, 54.15, 54.15, 54.15, 54.15, 54.15, 54.15, 33.15, 54.15, 54.15, 39.15, 54.15, 47.15, 54.15, 54.15, 39.15, 21.63, 54.15, 54.15, 28.15, 54.15, 54.15, 54.15, 54.15, 54.15, 54.15, 54.15, 54.15, 37.15, 54.15, 54.15, 39.15, 54.15, 54.15, 54.15, 54.15, 54.15, 54.15, 20.55, 54.15];33.599999999999994;[2, 3, 1, 4, 2, 2, 2, 1, 1, 2, 2, 2, 2, 1, 3, 1, 1, 2, 3, 2, 2, 2, 2, 3, 3, 2, 1, 2, 1, 2, 5, 1, 2, 2, 3, 3, 2, 2, 1];4
40;80;40;3;True;2000;2;0;0;0;0;0;0;158.1129913330078;14.761506795883179;57112.3571405687;50018.38187456131;4823.5235284455475;2270.280000000002;[63.13, 63.13, 63.13, 63.13, 63.13, 35.2, 28.87, 63.13, 63.13, 63.13, 31.08, 63.13, 63.13, 63.13, 51.13, 63.13, 53.13, 63.13, 31.08, 63.13, 63.13, 63.13, 63.13, 43.13, 63.13, 27.88, 63.13, 26.75, 63.13, 63.13, 48.13, 63.13, 63.13, 63.13, 63.13, 63.13, 63.13, 63.13, 63.13, 63.13];36.38;[1, 2, 2, 2, 3, 2, 1, 2, 2, 2, 3, 3, 4, 1, 2, 2, 1, 3, 4, 1, 2, 2, 1, 2, 2, 1, 2, 2, 2, 4, 2, 1, 4, 3, 3, 3, 1];3
40;80;40;4;True;2000;2;0;0;0;0;0;0;161.9226975440979;18.182298183441162;63884.28034824135;55982.85115814209;5166.189345469963;2735.3499999999985;[70.06, 70.06, 48.08, 70.06, 70.06, 70.06, 70.06, 70.06, 70.06, 70.06, 70.06, 70.06, 70.06, 70.06, 70.06, 70.06, 70.06, 70.06, 70.06, 70.06, 70.06, 33.99, 70.06, 70.06, 70.06, 70.06, 70.06, 70.06, 70.06, 61.06, 70.06, 70.06, 70.06, 70.06, 70.06, 70.06, 70.06, 70.06, 70.06, 70.06];36.07;[1, 4, 1, 2, 1, 2, 1, 3, 1, 4, 2, 1, 2, 1, 2, 1, 4, 3, 2, 3, 2, 2, 3, 1, 1, 3, 1, 2, 3, 2, 1, 3, 4, 4, 2, 1, 1, 1, 2];3
40;80;40;5;True;2000;2;0;0;0;0;0;0;157.60123825073242;13.783514738082886;60071.02371722503;52693.66794395447;4862.940418424427;2514.329999999999;[68.33, 68.33, 68.33, 68.33, 45.52, 68.33, 68.33, 37.96, 68.33, 68.33, 68.33, 25.02, 66.33, 68.33, 68.33, 68.33, 54.64, 56.33, 68.33, 68.33, 68.33, 68.33, 68.33, 60.33, 25.02, 68.33, 49.64, 55.64, 68.33, 68.33, 68.33, 68.33, 68.33, 68.33, 68.33, 68.33, 56.33, 68.33, 68.33, 68.33];43.31;[2, 3, 3, 1, 2, 1, 2, 1, 1, 2, 3, 1, 2, 2, 3, 2, 1, 1, 3, 1, 2, 1, 1, 2, 1, 2, 2, 1, 3, 5, 3, 1, 3, 2, 2, 3, 2, 3, 3, 1];4
40;80;40;6;True;2000;2;0;0;0;0;0;0;202.24123191833496;10.724612951278687;66172.6019618922;58285.15649461746;4663.439979158741;3224.019999999998;[87.85, 71.21, 94.85, 94.85, 94.85, 94.85, 94.85, 94.85, 94.85, 35.3, 28.86, 64.21, 94.85, 94.85, 53.54, 25.52, 94.85, 61.21, 65.21, 94.85, 94.85, 82.85, 94.85, 44.54, 94.85, 94.85, 94.85, 43.54, 50.54, 56.54, 83.85, 94.85, 94.85, 94.85, 94.85, 94.85, 94.85, 92.85, 94.85, 94.85];69.33;[4, 2, 3, 2, 2, 4, 1, 3, 2, 1, 1, 2, 1, 2, 4, 1, 2, 1, 3, 3, 1, 2, 2, 4, 1, 2, 2, 2, 2, 3, 4, 2, 2, 2, 2, 2, 1];3
40;90;40;1;True;2000;2;0;0;0;0;0;0;205.11098670959473;19.49629282951355;73679.37119308603;65681.059445858;5134.35932158718;2864.049999999999;[79.06, 70.79, 65.46, 79.06, 79.06, 63.46, 75.79, 79.06, 79.06, 54.46, 64.46, 74.79, 79.06, 79.06, 79.06, 79.06, 79.06, 77.79, 79.06, 79.06, 79.06, 20.84, 79.06, 79.06, 79.06, 58.46, 76.79, 79.06, 79.06, 79.06, 79.06, 29.14, 79.06, 79.06, 79.06, 79.06, 79.06, 37.8, 38.46, 79.06];58.22;[5, 2, 1, 2, 2, 1, 2, 4, 2, 1, 2, 2, 3, 3, 3, 4, 3, 4, 3, 1, 1, 3, 1, 2, 1, 3, 2, 3, 3, 1, 2, 3, 3, 5, 2, 1, 2, 2];4
40;90;40;2;True;2000;2;0;0;0;0;0;0;165.02248287200928;16.83361530303955;68995.33671742323;61207.077493190765;5609.059342211169;2179.329999999999;[57.8, 57.8, 57.8, 57.8, 57.8, 57.8, 57.8, 31.8, 57.8, 57.8, 57.8, 57.8, 49.8, 57.8, 57.8, 50.8, 29.8, 57.8, 57.8, 45.8, 57.8, 57.8, 57.8, 57.8, 57.8, 57.8, 57.8, 57.8, 57.8, 38.8, 57.8, 57.8, 57.8, 57.8, 57.8, 57.8, 57.8, 57.8, 25.13, 57.8];32.67;[1, 3, 1, 4, 1, 2, 4, 1, 1, 2, 3, 2, 3, 2, 1, 3, 3, 3, 1, 3, 2, 3, 2, 4, 2, 2, 3, 2, 1, 4, 2, 3, 1, 2, 5, 3, 3, 1, 1];4
40;90;40;3;True;2000;2;0;0;0;0;0;0;197.56252527236938;12.970122337341309;66090.65686979398;57682.611433029175;5489.506658182008;2918.49;[82.39, 82.39, 79.39, 82.39, 82.39, 59.39, 29.15, 73.39, 82.39, 82.39, 34.39, 82.39, 82.39, 82.39, 60.39, 82.39, 48.39, 82.39, 40.39, 82.39, 82.39, 82.39, 82.39, 82.39, 82.39, 73.39, 82.39, 20.52, 69.39, 82.39, 34.39, 82.39, 82.39, 82.39, 82.39, 82.39, 82.39, 82.39, 82.39, 71.39];61.870000000000005;[2, 2, 2, 2, 3, 1, 2, 1, 2, 3, 1, 3, 4, 4, 3, 2, 3, 2, 4, 3, 1, 2, 4, 1, 2, 2, 2, 1, 2, 4, 1, 1, 3, 1, 1, 4, 3, 2, 3, 1];3
40;90;40;4;True;2000;2;0;0;0;0;0;0;175.0908908843994;27.186110019683838;72504.53826485378;64272.44855070114;5495.290282220695;2736.8099999999977;[59.55, 70.99, 70.55, 70.99, 70.99, 70.99, 70.99, 70.99, 67.55, 70.99, 42.33, 70.99, 58.55, 70.99, 70.99, 70.99, 70.99, 70.99, 70.99, 70.99, 70.99, 36.06, 70.99, 70.99, 70.99, 70.99, 70.99, 59.55, 70.99, 70.99, 70.99, 70.99, 70.99, 70.99, 70.99, 70.99, 70.99, 70.99, 70.99, 70.99];34.92999999999999;[3, 3, 1, 2, 2, 4, 1, 2, 1, 5, 1, 1, 2, 3, 4, 2, 5, 4, 4, 4, 1, 2, 2, 4, 1, 1, 3, 1, 2, 2, 1, 1, 3, 2, 3, 2, 1, 1, 1, 2];4
40;90;40;5;True;2000;2;0;0;0;0;0;0;171.97539615631104;17.649441719055176;69217.90196953216;61528.80979394913;5331.815029553916;2357.340000000001;[63.42, 63.42, 63.42, 63.42, 47.42, 63.42, 63.42, 43.42, 63.42, 63.42, 63.42, 26.37, 63.42, 63.42, 63.42, 63.42, 48.42, 44.42, 63.42, 63.42, 63.42, 63.42, 63.42, 56.42, 26.01, 63.42, 55.42, 59.42, 63.42, 63.42, 63.42, 63.42, 63.42, 63.42, 63.42, 63.42, 47.42, 63.42, 63.42, 63.42];37.41;[2, 3, 4, 2, 3, 1, 4, 1, 2, 1, 1, 3, 2, 5, 3, 1, 1, 4, 1, 3, 1, 2, 3, 1, 2, 1, 1, 3, 6, 5, 3, 2, 1, 4, 1, 2, 3, 2];5
40;90;40;6;True;2000;2;0;0;0;0;0;0;237.22332668304443;19.79177689552307;75464.93428692939;66988.54123163223;5205.245868794955;3271.04;[79.16, 68.76, 101.21, 101.21, 101.21, 101.21, 101.21, 101.21, 101.21, 37.69, 29.14, 54.99, 101.21, 101.21, 49.99, 19.58, 101.21, 52.99, 64.76, 101.21, 101.21, 79.16, 73.76, 46.69, 101.21, 101.21, 101.21, 51.99, 37.69, 50.99, 91.16, 101.21, 101.21, 101.21, 101.21, 101.21, 101.21, 62.76, 93.16, 101.21];81.63;[3, 2, 4, 5, 3, 4, 2, 2, 2, 1, 4, 1, 1, 3, 1, 4, 1, 3, 1, 3, 3, 1, 2, 4, 3, 1, 1, 1, 2, 3, 2, 2, 3, 3, 3, 2, 4];4
40;100;40;1;True;2000;2;0;0;0;0;0;0;228.17353439331055;25.295609951019287;83574.12008682697;74790.63184976578;5689.15663204265;3094.32;[83.25, 83.25, 66.25, 83.25, 83.25, 59.25, 83.25, 83.25, 83.25, 47.25, 78.25, 83.25, 83.25, 83.25, 83.25, 83.25, 58.25, 83.25, 83.25, 83.25, 83.25, 34.17, 83.25, 83.25, 83.25, 83.25, 70.25, 83.25, 83.25, 83.25, 83.25, 38.65, 83.25, 83.25, 83.25, 83.25, 83.25, 61.25, 83.25, 83.25];49.08;[3, 3, 1, 2, 2, 1, 2, 4, 2, 1, 1, 3, 3, 3, 3, 3, 4, 4, 3, 2, 2, 1, 3, 2, 3, 2, 1, 3, 3, 4, 2, 2, 3, 4, 5, 5, 2, 2, 1];4
40;100;40;2;True;2000;2;0;0;0;0;0;0;224.28113508224487;20.610029220581055;79986.69908546153;70675.78079271317;6379.37912542019;2931.479999999999;[49.18, 83.18, 83.18, 83.18, 79.18, 83.18, 83.18, 69.18, 80.18, 83.18, 44.18, 83.18, 52.18, 83.18, 77.18, 64.18, 38.21, 83.18, 83.18, 48.18, 83.18, 83.18, 83.18, 83.18, 83.18, 83.18, 77.18, 83.18, 45.18, 39.21, 83.18, 59.18, 83.18, 83.18, 83.18, 83.18, 83.18, 78.18, 34.4, 83.18];48.78000000000001;[2, 3, 1, 5, 1, 2, 5, 1, 2, 2, 3, 5, 3, 1, 1, 2, 2, 3, 2, 1, 1, 3, 2, 5, 4, 2, 2, 2, 1, 1, 5, 2, 4, 2, 3, 4, 3, 3, 1, 3];4
40;100;40;3;True;2000;2;0;0;0;0;0;0;154.6780400276184;21.350553274154663;76752.30918788897;68627.30520486832;6068.747364012841;2056.329999999998;[53.62, 53.62, 53.62, 53.62, 53.62, 53.02, 29.69, 53.62, 53.62, 53.62, 51.02, 53.62, 53.62, 53.62, 49.02, 53.62, 53.62, 53.62, 49.02, 53.62, 53.62, 53.62, 53.62, 53.62, 53.62, 31.28, 53.62, 23.82, 53.62, 53.62, 53.62, 53.62, 53.62, 53.62, 53.62, 53.62, 53.62, 53.62, 53.62, 53.62];29.799999999999997;[3, 2, 3, 2, 3, 1, 4, 2, 1, 5, 2, 3, 3, 4, 3, 2, 3, 2, 3, 4, 1, 3, 4, 2, 3, 1, 2, 2, 1, 3, 2, 3, 2, 1, 4, 3, 2, 4, 2];4
40;100;40;4;True;2000;2;0;0;0;0;0;0;232.89958906173706;24.44885563850403;82085.28111721657;72301.46723365784;6274.179950898841;3509.539999999998;[85.18, 93.18, 67.18, 93.18, 93.18, 93.18, 93.18, 93.18, 86.18, 93.18, 53.18, 93.18, 66.18, 93.18, 93.18, 93.18, 93.18, 93.18, 93.18, 81.18, 93.18, 33.52, 65.18, 93.18, 93.18, 93.18, 93.18, 85.18, 93.18, 91.18, 93.18, 93.18, 93.18, 93.18, 93.18, 93.18, 93.18, 93.18, 93.18, 93.18];59.660000000000004;[2, 5, 3, 2, 1, 1, 4, 4, 1, 4, 3, 2, 1, 4, 4, 2, 3, 2, 2, 2, 2, 2, 4, 4, 2, 1, 3, 2, 3, 4, 2, 1, 3, 2, 3, 3, 2, 2, 3];4
40;100;40;5;True;2000;2;0;0;0;0;0;0;181.80831956863403;21.236588716506958;78764.54301866048;70459.00305700302;5962.772941940885;2342.9199999999996;[62.97, 62.97, 62.97, 62.97, 44.97, 62.97, 62.97, 43.97, 62.97, 62.97, 62.97, 33.48, 58.97, 62.97, 62.97, 62.97, 62.97, 54.97, 62.97, 62.97, 62.97, 62.97, 62.97, 57.97, 26.58, 62.97, 42.97, 50.97, 62.97, 62.97, 62.97, 62.97, 62.97, 62.97, 62.97, 62.97, 38.97, 62.97, 62.97, 62.97];36.39;[2, 4, 3, 2, 2, 1, 4, 1, 1, 3, 4, 2, 2, 2, 4, 2, 2, 2, 4, 2, 3, 1, 1, 7, 1, 2, 1, 5, 5, 2, 3, 3, 2, 2, 3, 1, 4, 3, 2];6
40;100;40;6;True;2000;2;0;0;0;0;0;0;232.95754861831665;22.806965351104736;84472.24498386991;75443.96757555008;5759.897013889272;3268.269999999998;[94.85, 81.85, 94.85, 94.85, 94.85, 94.85, 94.85, 94.85, 94.85, 39.18, 26.79, 67.85, 94.85, 94.85, 58.85, 21.0, 94.85, 94.85, 74.85, 94.85, 94.85, 78.85, 94.85, 39.8, 94.85, 94.85, 94.85, 50.8, 43.8, 61.85, 94.85, 94.85, 94.85, 94.85, 94.85, 94.85, 94.85, 61.85, 94.85, 94.85];73.85;[4, 2, 3, 5, 3, 3, 1, 3, 3, 2, 4, 1, 3, 4, 1, 4, 1, 5, 1, 2, 2, 3, 1, 2, 2, 3, 3, 2, 2, 2, 3, 5, 2, 4, 2, 2, 2, 3];4
50;100;50;1;True;2000;2;0;0;0;0;0;0;191.41215562820435;36.48003649711609;79457.73933546508;70615.08203077316;5703.692305173479;3138.7500000000027;[68.78, 68.78, 68.78, 68.78, 68.78, 68.78, 68.78, 68.78, 68.78, 68.78, 18.62, 68.78, 68.78, 68.78, 68.78, 68.78, 36.78, 68.78, 68.78, 68.78, 68.78, 14.04, 68.78, 68.78, 68.78, 58.78, 64.78, 68.78, 68.78, 68.78, 68.78, 68.78, 68.78, 68.78, 68.78, 68.78, 68.78, 23.77, 43.78, 68.78, 68.78, 68.78, 68.78, 68.78, 29.44, 36.78, 60.78, 68.78, 68.78, 68.78];54.74;[2, 2, 3, 6, 2, 2, 3, 2, 2, 2, 1, 3, 2, 2, 3, 3, 3, 2, 1, 2, 4, 2, 1, 1, 2, 1, 3, 3, 2, 2, 3, 2, 2, 1, 1, 2, 1, 2, 4, 1, 2, 2, 2, 3, 3];5
50;100;50;2;True;2000;2;0;0;0;0;0;0;166.0433793067932;28.939531087875366;77210.56502841171;68193.15018844604;6327.588127961287;2689.6500000000033;[58.13, 58.13, 58.13, 58.13, 51.13, 58.13, 55.13, 41.13, 30.1, 58.13, 38.13, 58.13, 48.13, 58.13, 58.13, 58.13, 15.39, 58.13, 58.13, 30.1, 58.13, 58.13, 58.13, 58.13, 58.13, 58.13, 58.13, 58.13, 50.13, 49.13, 58.13, 58.13, 58.13, 58.13, 58.13, 58.13, 58.13, 58.13, 27.08, 58.13, 58.13, 45.13, 58.13, 58.13, 58.13, 58.13, 58.13, 58.13, 58.13, 58.13];42.74;[3, 2, 1, 2, 1, 3, 4, 1, 2, 1, 2, 1, 2, 1, 2, 1, 2, 3, 2, 1, 2, 3, 3, 3, 2, 2, 2, 2, 1, 3, 4, 2, 1, 3, 2, 1, 1, 2, 2, 1, 4, 2, 2, 2, 3, 3, 3, 2];3
50;100;50;3;True;2000;2;0;0;0;0;0;0;260.46160888671875;34.02671837806702;76929.91375731288;66938.21840143204;5948.795677029735;4043.049999999996;[103.37, 103.37, 103.37, 103.37, 103.37, 30.44, 42.37, 103.37, 103.37, 103.37, 23.3, 83.37, 103.37, 103.37, 48.37, 89.37, 32.85, 94.37, 38.37, 103.37, 83.37, 103.37, 103.37, 54.37, 77.37, 71.37, 103.37, 20.37, 54.37, 103.37, 28.44, 103.37, 103.37, 103.37, 103.37, 77.37, 77.37, 103.37, 103.37, 103.37, 68.37, 100.37, 77.37, 48.37, 76.37, 58.37, 82.37, 103.37, 92.37, 34.37];83.0;[2, 3, 2, 2, 2, 1, 3, 3, 4, 3, 3, 4, 3, 2, 2, 2, 2, 1, 1, 3, 3, 1, 2, 2, 2, 1, 1, 2, 1, 3, 1, 1, 2, 2, 3, 2, 2, 2, 2, 3, 1, 2, 3, 2, 3, 2, 1];3
50;100;50;4;True;2000;2;0;0;0;0;0;0;197.79583501815796;29.57640290260315;78769.90830980655;69062.12160158157;6266.087492786665;3441.51;[51.75, 76.75, 60.75, 76.75, 76.75, 76.75, 76.75, 76.75, 34.47, 76.75, 18.81, 76.75, 20.95, 76.75, 76.75, 76.75, 76.75, 76.75, 76.75, 76.75, 76.75, 16.83, 76.75, 76.75, 69.75, 76.75, 76.75, 20.7, 76.75, 63.75, 76.75, 76.75, 76.75, 76.75, 76.75, 76.75, 74.75, 51.75, 76.75, 76.75, 76.75, 76.75, 76.75, 76.75, 76.75, 76.75, 76.75, 49.75, 73.75, 70.75];59.92;[2, 4, 1, 1, 1, 5, 1, 3, 1, 1, 1, 1, 1, 2, 2, 1, 4, 3, 1, 2, 1, 1, 2, 3, 3, 2, 5, 2, 4, 2, 3, 2, 3, 2, 2, 2, 2, 4, 2, 2, 1, 1, 4, 3, 1, 1, 2];4
50;100;50;5;True;2000;2;0;0;0;0;0;0;176.19378423690796;31.83564305305481;77125.49468227381;68683.20983552933;5964.897854678052;2477.440000000002;[56.01, 56.01, 56.01, 56.01, 31.01, 56.01, 56.01, 46.01, 56.01, 41.01, 56.01, 3.0, 56.01, 56.01, 56.01, 56.01, 24.03, 42.01, 56.01, 56.01, 56.01, 56.01, 56.01, 49.01, 18.5, 56.01, 28.16, 35.01, 56.01, 56.01, 56.01, 56.01, 56.01, 56.01, 56.01, 56.01, 16.89, 56.01, 56.01, 56.01, 56.01, 56.01, 56.01, 56.01, 56.01, 14.42, 56.01, 56.01, 56.01, 56.01];53.01;[1, 4, 3, 3, 1, 1, 1, 2, 1, 4, 1, 3, 3, 3, 1, 3, 2, 2, 1, 1, 3, 1, 3, 1, 2, 2, 5, 4, 3, 3, 2, 2, 1, 3, 2, 2, 1, 1, 3, 1, 3, 1, 4, 2, 2, 2];4
50;100;50;6;True;2000;2;0;0;0;0;0;0;285.7038269042969;36.37265181541443;84629.07628929388;74964.41820240021;5699.301224925939;3965.3100000000018;[104.61, 71.61, 104.61, 104.61, 102.61, 104.61, 64.61, 104.61, 104.61, 27.53, 32.61, 38.61, 104.61, 104.61, 51.61, 18.22, 104.61, 104.61, 71.61, 104.61, 92.61, 65.61, 104.61, 30.61, 104.61, 104.61, 79.61, 46.61, 34.61, 41.61, 54.61, 104.61, 99.61, 104.61, 104.61, 100.61, 104.61, 35.61, 104.61, 104.61, 104.61, 21.37, 54.61, 98.61, 104.61, 70.61, 26.21, 28.53, 98.61, 104.61];86.39;[2, 1, 3, 2, 3, 4, 5, 1, 4, 1, 3, 3, 1, 2, 1, 1, 2, 3, 2, 4, 2, 1, 2, 1, 3, 1, 2, 2, 2, 2, 5, 2, 2, 2, 2, 2, 1, 4, 3, 1, 1, 4, 1, 2, 2];4

