num_implements;num_tasks;num_vehicles;seed;full;time_horizon;num_periods;probabilityTA;probabilityTD;probabilityVA;probabilityVD;probabilityIA;probabilityID;t;toptimization;Obj;PenaltyCost;StaticCost;DistanciaTotal;Distancia_list;DesvDistancia;TaskDone_list;DesvTaskDone
10;20;10;1;True;2000;2;0;0;0;0;0;0;137.73694515228271;0.16124701499938965;16143.132057880019;13435.10648020669;1310.7676652682248;1397.3;[139.73, 139.73, 139.73, 139.73, 139.73, 139.73, 139.73, 139.73, 139.73, 139.73];0.0;[2, 2, 2, 1, 2, 2, 2, 2, 2, 3];2
10;20;10;2;True;2000;2;0;0;0;0;0;0;106.00498580932617;0.17743873596191406;14703.363886827603;12436.939829446475;1188.2936543138742;1078.18;[78.46, 111.08, 111.08, 111.08, 111.08, 111.08, 111.08, 111.08, 111.08, 111.08];32.620000000000005;[1, 1, 1, 4, 2, 2, 3, 2, 1, 3];3
10;20;10;3;True;2000;2;0;0;0;0;0;0;121.39415168762207;0.1548600196838379;13848.891028946722;11505.786533502878;1145.8827884990399;1197.2199999999998;[129.28, 94.46, 129.28, 129.28, 129.28, 102.73, 95.07, 129.28, 129.28, 129.28];34.82000000000001;[1, 2, 1, 4, 3, 2, 2, 3, 2];3
10;20;10;4;True;2000;2;0;0;0;0;0;0;103.63538980484009;0.17233610153198242;13768.641355654518;11799.233648834968;973.9042281812383;995.5200000000001;[74.44, 107.08, 64.44, 107.08, 107.08, 107.08, 107.08, 107.08, 107.08, 107.08];42.64;[2, 3, 1, 1, 1, 3, 1, 2, 2, 4];3
10;20;10;5;True;2000;2;0;0;0;0;0;0;101.41243648529053;0.21260809898376465;13509.425332038505;11376.201436492507;1123.624644032197;1009.5999999999998;[93.16, 103.16, 103.16, 103.16, 103.16, 103.16, 103.16, 98.16, 96.16, 103.16];10.0;[2, 2, 3, 2, 1, 2, 3, 3, 2];2
10;20;10;6;True;2000;2;0;0;0;0;0;0;114.52811336517334;0.20403218269348145;15044.122383180731;12880.221845945644;1039.2274727595488;1124.6999999999996;[101.57, 82.57, 121.57, 121.57, 104.57, 106.57, 121.57, 121.57, 121.57, 121.57];39.0;[1, 1, 4, 1, 2, 1, 2, 3, 2, 3];3
10;30;10;1;True;2000;2;0;0;0;0;0;0;202.05251789093018;0.33917236328125;23436.95772079986;19882.90710393878;1766.8062019988467;1787.2499999999998;[188.1, 177.75, 165.75, 157.75, 188.1, 160.75, 184.75, 188.1, 188.1, 188.1];30.349999999999994;[4, 3, 2, 1, 6, 4, 3, 3, 1, 3];5
10;30;10;2;True;2000;2;0;0;0;0;0;0;213.1329574584961;0.4070401191711426;22929.497618523274;19268.18688267637;1895.4970999650911;1765.8;[131.0, 201.6, 185.0, 201.6, 113.0, 187.0, 168.0, 176.0, 201.0, 201.6];88.6;[2, 3, 3, 4, 2, 4, 3, 2, 3, 4];2
10;30;10;3;True;2000;2;0;0;0;0;0;0;148.51562404632568;0.3098866939544678;22212.361955732165;19048.373371743925;1814.6077593491523;1349.4;[134.24, 135.24, 135.24, 135.24, 135.24, 133.24, 135.24, 135.24, 135.24, 135.24];2.0;[2, 3, 3, 1, 5, 4, 3, 2, 2, 5];4
10;30;10;4;True;2000;2;0;0;0;0;0;0;147.62172317504883;0.37323880195617676;23880.52549247065;20954.178250362722;1590.0439176494845;1336.3000000000002;[133.63, 133.63, 133.63, 133.63, 133.63, 133.63, 133.63, 133.63, 133.63, 133.63];0.0;[3, 4, 4, 1, 1, 4, 3, 3, 2, 5];4
10;30;10;5;True;2000;2;0;0;0;0;0;0;212.30413675308228;0.45495128631591797;22373.035829518256;18993.983343164397;1696.9649897231354;1682.1000000000004;[199.61, 174.61, 167.61, 187.61, 116.61, 181.61, 199.61, 165.61, 139.61, 149.61];83.00000000000001;[3, 3, 4, 4, 1, 2, 4, 4, 2, 3];3
10;30;10;6;True;2000;2;0;0;0;0;0;0;174.6658754348755;0.3784198760986328;23365.41322357192;20363.535999307718;1541.6764702550092;1460.24;[162.58, 106.02, 162.58, 162.58, 162.58, 133.58, 129.58, 162.58, 162.58, 115.58];56.56000000000002;[1, 3, 3, 4, 5, 1, 2, 3, 3, 5];4
10;40;10;1;True;2000;2;0;0;0;0;0;0;210.6591510772705;0.7042930126190186;35165.495269632025;31141.146698070876;2364.5119724730007;1659.83;[166.73, 166.73, 159.26, 166.73, 166.73, 166.73, 166.73, 166.73, 166.73, 166.73];7.469999999999999;[5, 5, 3, 2, 7, 2, 3, 4, 5, 4];5
10;40;10;2;True;2000;2;0;0;0;0;0;0;174.05715131759644;0.6559567451477051;30870.168122607483;26998.842256126252;2611.3470647339623;1259.95;[111.58, 133.58, 133.58, 133.58, 133.58, 133.58, 133.58, 79.73, 133.58, 133.58];53.85000000000001;[5, 2, 1, 7, 5, 6, 5, 3, 3, 3];6
10;40;10;3;True;2000;2;0;0;0;0;0;0;193.58783960342407;0.6475400924682617;33594.75479301519;29772.50760969976;2295.5275023691293;1526.7199999999998;[152.8, 154.89, 154.89, 154.89, 154.89, 134.8, 154.89, 154.89, 154.89, 154.89];20.089999999999975;[2, 3, 4, 2, 6, 6, 4, 4, 3, 6];4
10;40;10;4;True;2000;2;0;0;0;0;0;0;218.49742698669434;0.7421591281890869;33302.4419612359;29270.288452126395;2297.8833141098453;1734.3;[157.73, 179.73, 172.73, 179.73, 163.73, 179.73, 179.73, 179.73, 161.73, 179.73];22.0;[4, 6, 4, 4, 2, 5, 4, 3, 4, 4];4
10;40;10;5;True;2000;2;0;0;0;0;0;0;168.2894344329834;0.6203749179840088;31448.252157615832;27676.546063833026;2456.5315933397474;1315.1999999999996;[133.32, 133.32, 133.32, 133.32, 133.32, 133.32, 133.32, 133.32, 115.32, 133.32];18.0;[2, 4, 7, 3, 5, 3, 4, 4, 3, 5];5
10;40;10;6;True;2000;2;0;0;0;0;0;0;215.4262089729309;0.8399066925048828;35350.446452803044;31411.56228211703;2329.9555428634612;1608.8999999999999;[168.79, 167.79, 168.79, 168.79, 168.79, 168.79, 168.79, 168.79, 168.79, 90.79];77.99999999999999;[2, 3, 4, 4, 5, 5, 5, 4, 3, 5];3
10;50;10;1;True;2000;2;0;0;0;0;0;0;231.23244857788086;0.8360919952392578;47294.5188593254;42784.254293169506;2864.291815794519;1645.94;[165.42, 165.42, 165.42, 157.16, 165.42, 165.42, 165.42, 165.42, 165.42, 165.42];8.259999999999991;[6, 5, 6, 2, 5, 5, 4, 5, 5, 7];5
10;50;10;2;True;2000;2;0;0;0;0;0;0;243.24659538269043;1.2006328105926514;44661.247821766665;39730.4115435141;3166.2237693040756;1764.6000000000001;[176.46, 176.46, 176.46, 176.46, 176.46, 176.46, 176.46, 176.46, 176.46, 176.46];0.0;[5, 4, 2, 8, 5, 7, 6, 5, 4, 4];6
10;50;10;3;True;2000;2;0;0;0;0;0;0;249.62942504882812;0.7829582691192627;48484.707552937034;43846.00714812884;2882.4367732086644;1756.2599999999998;[164.31, 178.08, 178.08, 167.31, 178.08, 178.08, 178.08, 178.08, 178.08, 178.08];13.77000000000001;[4, 5, 7, 4, 5, 4, 5, 4, 5, 7];3
10;50;10;4;True;2000;2;0;0;0;0;0;0;224.58057022094727;1.061016321182251;47013.14145925505;42620.281776579664;2786.4384461211403;1606.3899999999999;[148.39, 162.0, 162.0, 162.0, 162.0, 162.0, 162.0, 162.0, 162.0, 162.0];13.610000000000014;[4, 7, 5, 4, 5, 5, 6, 4, 6, 4];3
10;50;10;5;True;2000;2;0;0;0;0;0;0;253.38802576065063;0.8617901802062988;42541.51160607337;37636.46314350836;3103.5364950716203;1801.5;[182.75, 182.75, 177.75, 182.75, 182.75, 182.75, 182.75, 161.75, 182.75, 182.75];21.0;[2, 8, 5, 5, 4, 6, 5, 4, 5, 6];6
10;50;10;6;True;2000;2;0;0;0;0;0;0;245.2274203300476;1.1616079807281494;45822.5664864232;41373.8488565541;2796.0797141739404;1652.6000000000001;[162.46, 163.46, 171.46, 171.46, 171.46, 171.46, 171.46, 171.46, 171.46, 126.46];45.000000000000014;[4, 3, 7, 3, 7, 7, 3, 7, 4, 5];4
10;60;10;1;True;2000;2;0;0;0;0;0;0;293.6946587562561;1.4719674587249756;68236.3380758808;62803.32656733681;3552.2195853258295;1880.7800000000004;[188.44, 186.63, 186.63, 188.44, 188.44, 188.44, 188.44, 188.44, 188.44, 188.44];1.8100000000000023;[5, 4, 7, 4, 8, 7, 4, 6, 7, 8];4
10;60;10;2;True;2000;2;0;0;0;0;0;0;270.2744598388672;1.2983074188232422;60650.062334582115;55201.413424630315;3724.0890663213645;1724.6;[174.26, 174.26, 174.26, 174.26, 174.26, 174.26, 174.26, 156.26, 174.26, 174.26];18.0;[4, 7, 3, 8, 7, 8, 8, 5, 6, 4];5
10;60;10;3;True;2000;2;0;0;0;0;0;0;277.2452244758606;1.3249702453613281;62540.62982651297;57350.284674570874;3434.849165983926;1755.4900000000002;[149.35, 178.46, 178.46, 178.46, 178.46, 178.46, 178.46, 178.46, 178.46, 178.46];29.110000000000014;[2, 6, 4, 5, 7, 8, 7, 7, 5, 9];7
10;60;10;4;True;2000;2;0;0;0;0;0;0;284.4787406921387;1.4861392974853516;67778.3971413859;62457.30660837278;3457.4798962915334;1863.6000000000001;[179.46, 187.46, 187.46, 187.46, 187.46, 187.46, 187.46, 187.46, 184.46, 187.46];8.0;[6, 7, 6, 5, 6, 7, 5, 6, 5, 7];2
10;60;10;5;True;2000;2;0;0;0;0;0;0;308.5871696472168;1.2229633331298828;62855.261885554646;57144.350239373685;3720.0161956779484;1990.8700000000001;[199.42, 199.42, 199.42, 199.42, 199.42, 199.42, 199.42, 196.09, 199.42, 199.42];3.329999999999984;[6, 8, 6, 8, 6, 5, 5, 6, 5, 5];3
10;60;10;6;True;2000;2;0;0;0;0;0;0;248.67845916748047;1.9577348232269287;64908.274297019874;59947.358362753526;3375.3284117012236;1585.5999999999997;[158.56, 158.56, 158.56, 158.56, 158.56, 158.56, 158.56, 158.56, 158.56, 158.56];0.0;[5, 4, 7, 6, 7, 6, 5, 6, 7, 7];3
10;70;10;1;True;2000;2;0;0;0;0;0;0;424.728479385376;1.8240180015563965;97412.12430998468;90728.10615223249;4258.694997469588;2425.3399999999997;[254.37, 254.37, 203.19, 203.19, 254.37, 254.37, 249.37, 252.37, 250.37, 249.37];51.18000000000001;[9, 6, 8, 3, 8, 8, 6, 7, 7, 8];6
10;70;10;2;True;2000;2;0;0;0;0;0;0;303.96037912368774;2.45459246635437;80112.85967041751;74149.358192384;4208.7795580917345;1754.6999999999998;[176.87, 176.87, 176.87, 176.87, 176.87, 176.87, 176.87, 162.87, 176.87, 176.87];14.0;[7, 8, 3, 11, 8, 8, 8, 7, 6, 4];8
10;70;10;3;True;2000;2;0;0;0;0;0;0;412.4542531967163;1.8276588916778564;94253.295572603;88042.23805914608;3967.473247346657;2243.5600000000004;[242.93, 205.93, 242.93, 242.93, 242.93, 162.18, 214.93, 202.94, 242.93, 242.93];80.75;[7, 7, 7, 3, 11, 6, 7, 8, 8, 6];8
10;70;10;4;True;2000;2;0;0;0;0;0;0;315.3021574020386;2.1473581790924072;89804.18029753247;83614.93587664112;4370.387186297215;1818.8200000000004;[182.66, 182.66, 174.88, 182.66, 182.66, 182.66, 182.66, 182.66, 182.66, 182.66];7.780000000000001;[7, 6, 6, 8, 4, 7, 5, 9, 8, 10];6
10;70;10;5;True;2000;2;0;0;0;0;0;0;341.197377204895;1.9448699951171875;89423.58353091532;83074.6856394557;4364.344713403286;1984.6000000000004;[198.66, 198.66, 198.66, 198.66, 196.66, 198.66, 198.66, 198.66, 198.66, 198.66];2.0;[5, 10, 9, 8, 4, 6, 8, 8, 6, 6];6
10;70;10;6;True;2000;2;0;0;0;0;0;0;366.3356046676636;2.128833055496216;93133.57278825919;86865.04980998403;4142.73760724004;2125.7899999999995;[219.12, 219.12, 219.12, 219.12, 219.12, 219.12, 182.71, 219.12, 219.12, 190.12];36.41;[4, 6, 7, 7, 9, 12, 6, 7, 6, 6];8
10;80;10;1;True;2000;2;0;0;0;0;0;0;390.58977222442627;2.149979829788208;125190.56998950888;118485.2223790246;4680.233511306192;2025.1200000000001;[205.21, 183.2, 205.21, 200.24, 205.21, 205.21, 205.21, 205.21, 205.21, 205.21];22.01000000000002;[9, 6, 9, 3, 12, 9, 7, 7, 7, 11];9
10;80;10;2;True;2000;2;0;0;0;0;0;0;386.48909616470337;2.287341833114624;113072.88756492615;106186.77658280074;4909.149000955561;1976.9499999999998;[201.48, 201.48, 201.48, 201.48, 201.48, 201.48, 201.48, 163.63, 201.48, 201.48];37.849999999999994;[7, 6, 5, 11, 9, 11, 9, 7, 8, 7];6
10;80;10;3;True;2000;2;0;0;0;0;0;0;458.4563593864441;2.881953477859497;131605.52243424283;124619.09097394501;4704.545910696946;2281.8999999999996;[241.51, 213.51, 241.51, 241.51, 241.51, 186.31, 241.51, 211.51, 241.51, 221.51];55.19999999999999;[10, 7, 7, 7, 8, 5, 10, 7, 7, 12];7
10;80;10;4;True;2000;2;0;0;0;0;0;0;404.14857959747314;2.49219012260437;120789.50002143087;113477.80373982993;5224.774037379789;2086.94;[169.23, 214.19, 214.19, 214.19, 214.19, 214.19, 214.19, 214.19, 214.19, 204.19];44.96000000000001;[10, 10, 8, 6, 6, 10, 6, 9, 6, 9];4
10;80;10;5;True;2000;2;0;0;0;0;0;0;450.49753856658936;2.3468270301818848;126271.3693120094;118934.85395290483;4965.773373933891;2370.7699999999995;[244.12, 244.12, 239.12, 244.12, 244.12, 244.12, 244.12, 178.69, 244.12, 244.12];65.43;[7, 10, 7, 10, 8, 6, 9, 7, 7, 9];4
10;80;10;6;True;2000;2;0;0;0;0;0;0;388.8487310409546;2.6167593002319336;123240.55011672349;116545.90126819121;4721.583255906011;1973.1000000000004;[200.41, 200.41, 200.41, 200.41, 200.41, 200.41, 200.41, 200.41, 200.41, 169.41];31.0;[6, 5, 8, 8, 10, 10, 6, 11, 9, 7];6
10;90;10;1;True;2000;2;0;0;0;0;0;0;552.5440592765808;3.41641902923584;190477.6955580288;182552.25184786503;5151.11735422006;2774.3;[282.73, 282.73, 282.73, 259.73, 258.73, 282.73, 282.73, 276.73, 282.73, 282.73];24.0;[11, 9, 9, 7, 7, 9, 9, 7, 11, 11];4
10;90;10;2;True;2000;2;0;0;0;0;0;0;459.2494959831238;2.9791033267974854;145936.53190836878;138084.74311178562;5655.487496361878;2196.3000000000006;[222.63, 222.63, 222.63, 222.63, 222.63, 222.63, 222.63, 222.63, 192.63, 222.63];30.0;[9, 8, 5, 13, 9, 12, 9, 10, 6, 9];8
10;90;10;3;True;2000;2;0;0;0;0;0;0;569.0918574333191;3.074918031692505;175455.52038782765;167521.141463314;5383.0858229874;2551.3000000000006;[234.63, 239.63, 289.63, 284.63, 278.63, 211.63, 248.63, 289.63, 203.63, 270.63];86.0;[10, 8, 10, 8, 11, 7, 11, 10, 5, 10];6
10;90;10;4;True;2000;2;0;0;0;0;0;0;614.2183995246887;3.055006504058838;181167.25476537194;172763.364391672;5578.050959171755;2825.830000000001;[230.72, 309.72, 221.35, 314.72, 308.72, 267.72, 236.72, 314.72, 306.72, 314.72];93.37000000000003;[5, 10, 8, 9, 9, 11, 9, 12, 7, 10];7
10;90;10;5;True;2000;2;0;0;0;0;0;0;529.461226940155;2.690772294998169;174357.82008266824;166233.16947220868;5468.112267680879;2656.5600000000004;[271.3, 262.08, 271.3, 271.3, 271.3, 231.08, 271.3, 264.3, 271.3, 271.3];40.22;[8, 11, 11, 8, 9, 8, 9, 7, 9, 10];4
10;90;10;6;True;2000;2;0;0;0;0;0;0;464.0047130584717;4.0777857303619385;162066.5725475827;154499.09667657665;5320.529168398715;2246.93;[229.99, 229.99, 229.99, 229.99, 229.99, 229.99, 229.99, 229.99, 229.99, 177.02];52.97;[8, 7, 11, 9, 11, 10, 7, 11, 8, 8];4
10;100;10;1;True;2000;2;0;0;0;0;0;0;531.2426700592041;3.4505198001861572;224413.02877061683;216199.98795768575;5802.521127434629;2410.5000000000005;[242.65, 242.65, 242.65, 242.65, 242.65, 242.65, 242.65, 242.65, 226.65, 242.65];16.0;[11, 10, 13, 6, 11, 10, 10, 12, 7, 10];7
10;100;10;2;True;2000;2;0;0;0;0;0;0;555.5165629386902;3.4711835384368896;200737.01356779426;191701.61695301207;6470.683052599045;2564.71;[259.54, 259.54, 259.54, 259.54, 259.54, 228.85, 259.54, 259.54, 259.54, 259.54];30.690000000000026;[7, 10, 7, 11, 11, 12, 11, 10, 9, 12];5
10;100;10;3;True;2000;2;0;0;0;0;0;0;569.757426738739;3.2752037048339844;225963.7990053889;217611.5461147773;5797.105021073744;2555.19;[249.49, 257.49, 257.96, 257.96, 257.96, 242.49, 257.96, 257.96, 257.96, 257.96];15.46999999999997;[6, 13, 8, 11, 12, 7, 12, 12, 10, 9];7
10;100;10;4;True;2000;2;0;0;0;0;0;0;590.4605369567871;3.1730294227600098;207077.14386861573;198076.80462908137;6315.477795234033;2684.9;[271.59, 273.59, 273.59, 273.59, 273.59, 273.59, 273.59, 224.59, 273.59, 273.59];48.99999999999997;[12, 13, 9, 9, 10, 11, 8, 10, 10, 8];5
10;100;10;5;True;2000;2;0;0;0;0;0;0;524.5125193595886;3.608391523361206;212943.15164160047;204463.8062850754;6136.327974613652;2342.9999999999995;[238.1, 238.1, 238.1, 238.1, 238.1, 209.1, 238.1, 229.1, 238.1, 238.1];29.0;[7, 14, 11, 11, 10, 9, 11, 7, 10, 10];7
10;100;10;6;True;2000;2;0;0;0;0;0;0;513.3068108558655;4.174466609954834;198584.51721332635;190302.5401801298;5954.151411954541;2327.7999999999997;[237.58, 237.58, 237.58, 237.58, 237.58, 237.58, 237.58, 226.58, 237.58, 200.58];37.0;[10, 8, 10, 10, 9, 12, 9, 11, 10, 11];4
10;30;10;1;True;2000;3;0;0;0;0;0;0;236.55216121673584;0.4240748882293701;25022.18132450606;21069.941756049957;1789.9925199727768;2162.21;[220.16, 219.03, 220.16, 220.16, 220.16, 211.03, 191.03, 220.16, 220.16, 220.16];29.129999999999995;[3, 3, 3, 3, 4, 3, 2, 3, 3, 3];2
10;30;10;2;True;2000;3;0;0;0;0;0;0;192.02144622802734;0.5442087650299072;22636.98842350455;19065.11328252393;1913.280492566411;1658.6;[169.08, 177.28, 147.08, 177.28, 161.08, 177.28, 158.08, 137.08, 177.08, 177.28];40.19999999999999;[2, 3, 2, 5, 3, 4, 3, 1, 2, 5];4
10;30;10;3;True;2000;3;0;0;0;0;0;0;245.52961015701294;0.5384209156036377;21247.83043709587;17523.69770113426;1802.953046813499;1921.14;[133.19, 140.19, 187.97, 199.97, 217.97, 229.97, 229.97, 210.97, 189.97, 180.97];96.78;[2, 2, 3, 2, 5, 3, 4, 3, 2, 4];3
10;30;10;4;True;2000;3;0;0;0;0;0;0;144.30571937561035;0.4543120861053467;23036.59282217502;20230.758482938025;1582.1687705317627;1223.7;[128.47, 128.47, 128.47, 128.47, 128.47, 128.47, 128.47, 128.47, 67.47, 128.47];61.0;[3, 4, 2, 2, 1, 5, 4, 3, 3, 3];4
10;30;10;5;True;2000;3;0;0;0;0;0;0;138.27304649353027;0.5043840408325195;21166.289080994764;18233.181253599247;1681.2933090390436;1251.8;[126.08, 126.08, 126.08, 126.08, 126.08, 126.08, 126.08, 126.08, 117.08, 126.08];9.0;[1, 4, 5, 4, 2, 2, 4, 3, 2, 3];4
10;30;10;6;True;2000;3;0;0;0;0;0;0;224.47462940216064;0.4199562072753906;24473.69324839115;21132.71388022474;1567.0819939223243;1773.9099999999996;[204.1, 79.01, 168.1, 211.1, 211.1, 194.1, 171.1, 211.1, 188.1, 136.1];132.08999999999997;[2, 2, 3, 4, 5, 2, 3, 3, 2, 4];3
10;40;10;1;True;2000;3;0;0;0;0;0;0;181.70743465423584;1.1541500091552734;31535.13652370544;27683.562042847112;2397.8484176188394;1453.6999999999996;[146.07, 146.07, 146.07, 145.07, 146.07, 146.07, 146.07, 146.07, 146.07, 140.07];6.0;[4, 6, 3, 1, 7, 4, 3, 2, 6, 4];6
10;40;10;2;True;2000;3;0;0;0;0;0;0;162.28994035720825;0.755223274230957;30183.487782041662;26377.62957583418;2604.2953963125447;1201.55;[124.66, 124.66, 124.66, 124.66, 124.66, 124.66, 124.66, 79.61, 124.66, 124.66];45.05;[2, 3, 3, 7, 4, 6, 6, 3, 2, 4];5
10;40;10;3;True;2000;3;0;0;0;0;0;0;193.218355178833;0.7704019546508789;31030.42285276548;27318.96559834668;2280.7733633407634;1430.7200000000005;[101.1, 150.18, 150.18, 150.18, 150.18, 128.18, 150.18, 150.18, 150.18, 150.18];49.08000000000001;[2, 4, 4, 2, 6, 6, 4, 3, 4, 5];4
10;40;10;4;True;2000;3;0;0;0;0;0;0;181.0432801246643;0.8940672874450684;31188.860673060957;27452.83614805027;2305.3877570542163;1430.5999999999997;[144.56, 144.56, 144.56, 144.56, 144.56, 144.56, 144.56, 144.56, 129.56, 144.56];15.0;[5, 5, 4, 3, 3, 5, 3, 4, 3, 5];2
10;40;10;5;True;2000;3;0;0;0;0;0;0;213.4630265235901;0.7673320770263672;30704.7781160006;26597.854750388007;2458.743921535083;1648.2;[116.72, 171.97, 171.97, 171.97, 155.72, 171.97, 171.97, 171.97, 171.97, 171.97];55.25;[3, 6, 5, 4, 3, 2, 5, 4, 2, 6];4
10;40;10;6;True;2000;3;0;0;0;0;0;0;216.06479024887085;0.8660011291503906;32666.684779743697;28656.07353058804;2321.502627646663;1689.1000000000001;[162.71, 169.71, 172.71, 172.71, 172.71, 172.71, 147.71, 172.71, 172.71, 172.71];25.0;[3, 3, 3, 4, 6, 3, 4, 5, 3, 6];3
10;50;10;1;True;2000;3;0;0;0;0;0;0;250.40787267684937;1.30342435836792;48424.61206025582;43813.06757197265;2840.8477681634095;1770.7;[179.49, 155.29, 179.49, 179.49, 179.49, 179.49, 179.49, 179.49, 179.49, 179.49];24.200000000000017;[7, 5, 5, 4, 6, 4, 4, 6, 5, 4];3
10;50;10;2;True;2000;3;0;0;0;0;0;0;241.52258157730103;1.9508788585662842;42775.32908089782;37988.91440323935;3139.0696403357615;1647.3000000000002;[170.87, 170.87, 170.87, 170.87, 170.87, 170.87, 170.87, 109.47, 170.87, 170.87];61.400000000000006;[7, 6, 4, 7, 3, 5, 5, 3, 5, 5];4
10;50;10;3;True;2000;3;0;0;0;0;0;0;225.2259635925293;1.261608600616455;44116.10138902083;39669.0262691055;2849.999336745019;1597.1000000000001;[159.71, 159.71, 159.71, 159.71, 159.71, 159.71, 159.71, 159.71, 159.71, 159.71];0.0;[4, 5, 4, 3, 7, 7, 7, 4, 4, 5];4
10;50;10;4;True;2000;3;0;0;0;0;0;0;273.40404176712036;1.1324877738952637;45289.98875973611;40545.369645589555;2814.304783194962;1930.3;[204.03, 204.03, 166.03, 204.03, 179.03, 204.03, 204.03, 166.03, 200.03, 199.03];38.0;[4, 8, 3, 4, 2, 8, 6, 6, 4, 5];6
10;50;10;5;True;2000;3;0;0;0;0;0;0;275.7371768951416;1.5197117328643799;41766.835841959044;36733.53642142669;3122.5759583183503;1910.77;[199.13, 199.13, 199.13, 199.13, 179.13, 199.13, 199.13, 138.6, 199.13, 199.13];60.53;[4, 7, 7, 5, 4, 4, 4, 4, 4, 7];3
10;50;10;6;True;2000;3;0;0;0;0;0;0;341.2613229751587;1.4527559280395508;45155.536923900894;40332.86644716454;2822.529864783547;2000.1199999999997;[198.31, 117.82, 238.31, 251.31, 253.31, 204.31, 162.31, 249.31, 199.31, 125.82];135.49;[4, 3, 5, 4, 7, 5, 6, 6, 5, 5];4
10;60;10;1;True;2000;3;0;0;0;0;0;0;308.8802309036255;1.8926060199737549;74295.58943534135;68762.4450707768;3506.8466862477835;2026.3000000000004;[202.93, 202.93, 202.93, 202.93, 202.93, 202.93, 202.93, 202.93, 202.93, 199.93];3.0;[6, 6, 7, 8, 7, 5, 6, 6, 5, 4];4
10;60;10;2;True;2000;3;0;0;0;0;0;0;320.0289583206177;1.7620060443878174;61698.86342785906;55906.59646147059;3714.1451478032627;2078.15;[208.25, 208.25, 208.25, 208.25, 208.25, 203.9, 208.25, 208.25, 208.25, 208.25];4.349999999999994;[4, 8, 3, 6, 8, 6, 8, 6, 5, 6];5
10;60;10;3;True;2000;3;0;0;0;0;0;0;447.91594219207764;1.8850600719451904;58618.57955780107;52767.33522647717;3486.743416915995;2364.5;[129.04, 199.54, 307.56, 266.54, 248.54, 195.54, 235.54, 187.54, 288.1, 306.56];178.52;[4, 6, 5, 4, 8, 5, 5, 8, 6, 9];5
10;60;10;4;True;2000;3;0;0;0;0;0;0;364.06043815612793;1.943256139755249;72161.29124371866;66307.59907088391;3479.730411620922;2373.9999999999995;[243.1, 243.1, 235.1, 194.1, 243.1, 243.1, 243.1, 243.1, 243.1, 243.1];49.0;[8, 7, 5, 3, 5, 8, 7, 7, 6, 4];5
10;60;10;5;True;2000;3;0;0;0;0;0;0;291.450071811676;2.028820037841797;59507.330917877254;54066.700592188376;3695.3349584458897;1745.3200000000004;[130.45, 182.43, 182.43, 182.43, 182.43, 182.43, 182.43, 182.43, 155.43, 182.43];51.98000000000002;[5, 8, 7, 8, 7, 5, 7, 3, 4, 6];5
10;60;10;6;True;2000;3;0;0;0;0;0;0;261.99769830703735;2.7857911586761475;61118.205142028;56156.87426951521;3329.9923672546806;1631.3600000000001;[164.71, 148.97, 164.71, 164.71, 164.71, 164.71, 164.71, 164.71, 164.71, 164.71];15.740000000000009;[6, 4, 7, 5, 8, 5, 6, 6, 7, 6];4
10;70;10;1;True;2000;3;0;0;0;0;0;0;389.12444734573364;2.909332036972046;88693.42362266894;82293.20405049075;4190.63436486999;2209.55;[231.51, 223.51, 213.51, 231.51, 177.96, 231.51, 231.51, 231.51, 209.51, 227.51];53.54999999999998;[11, 6, 8, 8, 6, 5, 6, 7, 5, 8];6
10;70;10;2;True;2000;3;0;0;0;0;0;0;545.0109887123108;3.310797929763794;81347.57747903778;74815.3246766853;4120.655515755781;2411.6000000000004;[239.76, 334.76, 203.76, 219.76, 209.76, 257.76, 205.76, 157.76, 272.76, 309.76];177.0;[6, 8, 3, 7, 8, 9, 8, 7, 6, 8];6
10;70;10;3;True;2000;3;0;0;0;0;0;0;445.49902629852295;2.107726812362671;92052.70970439253;85535.85448545488;3993.4415261904796;2523.3999999999996;[210.24, 246.24, 247.24, 265.24, 270.24, 270.24, 248.24, 225.24, 270.24, 270.24];60.0;[4, 8, 7, 6, 9, 6, 9, 8, 6, 7];5
10;70;10;4;True;2000;3;0;0;0;0;0;0;351.40383529663086;3.682302951812744;89293.8626361413;82826.99423689731;4395.216651781284;2071.7000000000003;[209.27, 209.27, 209.27, 209.27, 209.27, 209.27, 209.27, 209.27, 188.27, 209.27];21.0;[9, 10, 7, 7, 5, 7, 6, 7, 5, 7];5
10;70;10;5;True;2000;3;0;0;0;0;0;0;388.09509325027466;3.0272269248962402;88358.28408361477;81673.4116117955;4401.685305639486;2283.2;[229.22, 229.22, 229.22, 229.22, 229.22, 229.22, 229.22, 229.22, 229.22, 220.22];9.0;[7, 8, 9, 8, 5, 7, 8, 5, 6, 8];4
10;70;10;6;True;2000;3;0;0;0;0;0;0;303.49685049057007;3.014859676361084;84066.25604261713;78102.79305474396;4197.145473343884;1766.3000000000002;[176.63, 176.63, 176.63, 176.63, 176.63, 176.63, 176.63, 176.63, 176.63, 176.63];0.0;[5, 4, 6, 7, 8, 9, 6, 9, 8, 8];5
10;80;10;1;True;2000;3;0;0;0;0;0;0;527.8120622634888;2.8840737342834473;145025.21555761248;137572.5204714445;4661.274683671069;2791.3999999999996;[271.74, 295.74, 256.74, 295.74, 291.74, 294.74, 294.74, 256.74, 295.74, 237.74];58.0;[7, 7, 7, 9, 7, 10, 11, 8, 5, 9];6
10;80;10;2;True;2000;3;0;0;0;0;0;0;477.2837953567505;2.1742472648620605;111299.08917150319;103934.51454510861;4875.924594986872;2488.7000000000003;[239.27, 240.27, 216.27, 263.27, 233.27, 263.27, 263.27, 263.27, 243.27, 263.27];46.99999999999997;[7, 5, 4, 10, 12, 10, 9, 7, 8, 8];8
10;80;10;3;True;2000;3;0;0;0;0;0;0;429.74447870254517;4.173625946044922;122512.26079517177;115546.29462733847;4704.7680847591655;2261.19;[184.44, 232.78, 232.78, 232.78, 232.78, 232.78, 232.78, 214.51, 232.78, 232.78];48.34;[6, 9, 8, 8, 9, 7, 8, 9, 8, 8];3
10;80;10;4;True;2000;3;0;0;0;0;0;0;420.8052725791931;2.828000783920288;124909.37281681433;117512.1754767999;5125.527081508449;2271.6499999999996;[228.81, 228.81, 228.81, 228.81, 228.81, 228.81, 228.81, 212.36, 228.81, 228.81];16.44999999999999;[6, 11, 7, 8, 7, 8, 6, 10, 8, 9];5
10;80;10;4;True;2000;3;0;0;0;0;0;0;192.91428899765015;2.1884942054748535;65069.16911655498;57467.327281788566;5162.581166645794;2439.3;[224.03, 253.03, 253.03, 253.03, 253.03, 240.03, 253.03, 253.03, 204.03, 253.03];49.0;[5, 11, 7, 7, 7, 10, 6, 7, 11, 9];6
10;80;10;5;True;2000;3;0;0;0;0;0;0;184.46957874298096;1.8612377643585205;63369.02226363333;56158.04545449653;4985.271470707822;2225.71;[229.45, 229.45, 229.45, 229.45, 229.45, 211.45, 229.45, 229.45, 178.66, 229.45];50.78999999999999;[4, 10, 13, 11, 5, 5, 8, 7, 9, 8];9
10;80;10;6;True;2000;3;0;0;0;0;0;0;181.69979763031006;2.7613518238067627;67931.02888015297;60886.423078787535;4784.751749936408;2259.9;[227.49, 226.49, 227.49, 227.49, 227.49, 227.49, 227.49, 227.49, 227.49, 213.49];14.0;[7, 5, 7, 7, 9, 10, 9, 10, 8, 8];5
10;90;10;1;True;2000;3;0;0;0;0;0;0;244.7979860305786;2.070388078689575;94120.55680000411;85989.48563128836;5173.105311860292;2957.96;[295.8, 295.8, 295.8, 295.8, 295.8, 295.8, 295.8, 295.8, 295.8, 295.76];0.040000000000020464;[9, 12, 11, 6, 11, 11, 8, 7, 9, 6];6
10;90;10;2;True;2000;3;0;0;0;0;0;0;212.28942155838013;2.0048439502716064;73122.67948090208;64975.82130920048;5673.70250756778;2473.1500000000005;[247.61, 247.61, 247.61, 247.61, 247.61, 247.61, 246.66, 247.61, 245.61, 247.61];2.0;[6, 9, 7, 11, 10, 12, 10, 8, 9, 8];6
10;90;10;3;True;2000;3;0;0;0;0;0;0;457.65792894363403;3.5340592861175537;114672.0285888324;106792.82876785718;5270.467412157216;2608.7599999999993;[241.39, 241.39, 259.39, 280.39, 280.39, 201.25, 280.39, 280.39, 280.39, 263.39];79.13999999999999;[7, 8, 9, 10, 10, 8, 11, 9, 9, 9];4
10;90;10;4;True;2000;3;0;0;0;0;0;0;523.5148768424988;4.555257081985474;174165.27916294226;165881.65656342084;5577.4097775051505;2706.18;[271.95, 272.16, 272.16, 272.16, 272.16, 272.16, 256.95, 272.16, 272.16, 272.16];15.210000000000036;[6, 10, 10, 9, 9, 10, 8, 8, 9, 11];5
10;90;10;5;True;2000;3;0;0;0;0;0;0;508.3534588813782;4.783824920654297;156344.2399986248;148252.41279304208;5524.347804527754;2567.44;[260.91, 260.91, 219.25, 260.91, 260.91, 260.91, 260.91, 260.91, 260.91, 260.91];41.660000000000025;[7, 11, 8, 9, 9, 8, 10, 10, 8, 10];4
10;90;10;6;True;2000;3;0;0;0;0;0;0;423.9299564361572;3.7353787422180176;142459.04489540283;135118.216748977;5318.310501545601;2022.5399999999997;[206.6, 170.14, 206.6, 206.6, 206.6, 206.6, 199.6, 206.6, 206.6, 206.6];36.46000000000001;[6, 5, 10, 8, 8, 12, 10, 11, 10, 10];7
10;100;10;1;True;2000;3;0;0;0;0;0;0;636.7266316413879;5.053791284561157;256137.57754144742;247327.00858591156;5768.204960293759;3042.4;[312.54, 312.54, 303.54, 303.54, 285.54, 312.54, 312.54, 312.54, 305.54, 281.54];31.0;[9, 11, 8, 12, 9, 11, 9, 12, 10, 9];4
10;100;10;2;True;2000;3;0;0;0;0;0;0;585.8973412513733;4.337320327758789;192373.25138824174;183235.9485984233;6490.290067897225;2647.0;[236.99, 275.59, 275.59, 275.59, 271.59, 275.59, 263.99, 220.89, 275.59, 275.59];54.69999999999999;[10, 7, 8, 11, 9, 12, 12, 9, 10, 12];5
10;100;10;3;True;2000;3;0;0;0;0;0;0;635.2592115402222;4.363222122192383;227541.46069881515;218784.30264779844;5799.570512966915;2957.5999999999995;[294.47, 308.62, 308.62, 308.62, 308.62, 255.47, 261.47, 298.47, 308.62, 304.62];53.150000000000006;[9, 12, 10, 8, 10, 11, 9, 12, 10, 9];4
10;100;10;4;True;2000;3;0;0;0;0;0;0;556.1697244644165;6.807945728302002;254138.87646891203;245274.8287900986;6176.25036790176;2687.7999999999993;[268.78, 268.78, 268.78, 268.78, 268.78, 268.78, 268.78, 268.78, 268.78, 268.78];0.0;[9, 10, 10, 11, 9, 12, 11, 10, 9, 9];3
10;100;10;5;True;2000;3;0;0;0;0;0;0;678.3583340644836;5.289196014404297;210626.03209552213;201519.49006744334;6098.856185151423;3007.7000000000007;[279.05, 276.94, 237.36, 336.05, 336.05, 336.05, 336.05, 283.05, 305.05, 282.05];98.69;[7, 12, 7, 10, 9, 11, 13, 11, 10, 10];6
10;100;10;6;True;2000;3;0;0;0;0;0;0;612.4765181541443;4.3068687915802;194943.82618927394;186092.98480575727;5896.11095380777;2954.72;[283.59, 260.59, 304.56, 304.56, 295.59, 287.59, 304.56, 304.56, 304.56, 304.56];43.97000000000003;[7, 8, 12, 11, 11, 12, 10, 10, 10, 9];5
10;40;10;1;True;2000;4;0;0;0;0;0;0;442.8607301712036;6.469006061553955;34129.00626368281;29315.892650858514;2375.146471213073;2438.0;[261.0, 227.0, 232.0, 184.0, 383.0, 214.0, 171.0, 298.0, 221.0, 247.0];212.0;[4, 3, 5, 2, 6, 4, 3, 4, 6, 3];4
10;40;10;2;True;2000;4;0;0;0;0;0;0;246.35987329483032;2.171563148498535;31187.22269444948;26837.720140728186;2560.0593431917064;1789.46;[190.78, 192.78, 208.78, 176.78, 137.78, 208.78, 168.78, 134.44, 161.78, 208.78];74.34;[3, 4, 2, 5, 4, 6, 5, 3, 3, 5];4
10;40;10;3;True;2000;4;0;0;0;0;0;0;223.86965990066528;2.1903538703918457;32094.26169789558;27912.96381788887;2298.9283710959635;1882.38;[187.55, 189.16, 189.16, 189.16, 189.16, 189.16, 181.55, 189.16, 189.16, 189.16];7.609999999999985;[3, 5, 4, 2, 5, 4, 4, 4, 4, 5];3
10;40;10;4;True;2000;4;0;0;0;0;0;0;217.83053541183472;2.172373056411743;29902.575619277064;25972.307507697813;2290.0890858397343;1640.1999999999998;[123.18, 184.78, 172.78, 157.78, 184.78, 150.78, 184.78, 161.78, 134.78, 184.78];61.599999999999994;[4, 5, 3, 3, 3, 6, 4, 3, 3, 6];3
10;40;10;5;True;2000;4;0;0;0;0;0;0;172.3586025238037;2.1958084106445312;28645.990636454088;24828.90481179238;2470.3275908025694;1346.8000000000004;[134.68, 137.68, 131.68, 137.68, 137.68, 116.68, 137.68, 137.68, 137.68, 137.68];21.0;[3, 6, 4, 5, 3, 2, 5, 2, 5, 5];4
10;40;10;6;True;2000;4;0;0;0;0;0;0;228.51871919631958;2.2014236450195312;35416.7076323698;31229.15555590619;2330.53261190591;1857.04;[189.51, 173.3, 189.51, 189.51, 172.66, 189.51, 189.51, 189.51, 189.51, 184.51];16.849999999999994;[2, 4, 4, 5, 5, 2, 5, 4, 4, 5];3
10;50;10;1;True;2000;4;0;0;0;0;0;0;414.92614936828613;5.909047842025757;52624.271803513104;46773.888353712515;2843.099035388655;3007.3099999999995;[325.41, 325.41, 307.96, 325.41, 247.78, 309.96, 238.78, 276.78, 324.41, 325.41];86.63000000000002;[4, 4, 5, 4, 5, 6, 5, 5, 6, 6];2
10;50;10;2;True;2000;4;0;0;0;0;0;0;390.85843992233276;3.554360866546631;44555.75187824858;39145.84310816591;3173.096176187681;2236.8000000000006;[187.88, 289.88, 214.88, 278.88, 125.88, 290.88, 247.88, 132.88, 244.88, 222.88];165.0;[3, 5, 5, 7, 4, 7, 7, 4, 4, 4];4
10;50;10;3;True;2000;4;0;0;0;0;0;0;330.8334894180298;2.332911968231201;48728.4634437844;43630.08601628416;2878.0830074732417;2220.3199999999997;[241.84, 221.84, 223.84, 241.84, 241.84, 145.76, 241.84, 204.84, 214.84, 241.84];96.08000000000001;[4, 4, 5, 5, 7, 4, 5, 3, 6, 7];4
10;50;10;4;True;2000;4;0;0;0;0;0;0;324.6122884750366;4.446884632110596;49578.50682071443;44450.70223845541;2756.5300024063904;2371.2999999999997;[238.33, 220.33, 245.33, 245.33, 242.33, 245.33, 245.33, 245.33, 198.33, 245.33];47.0;[4, 6, 5, 5, 3, 5, 7, 4, 5, 6];4
10;50;10;5;True;2000;4;0;0;0;0;0;0;254.58302354812622;3.48315691947937;41599.63140991777;36622.98791727372;3125.3668845890948;1851.3;[186.23, 186.23, 175.23, 186.23, 186.23, 186.23, 186.23, 186.23, 186.23, 186.23];11.0;[3, 7, 6, 5, 2, 4, 6, 4, 6, 7];5
10;50;10;6;True;2000;4;0;0;0;0;0;0;277.89760637283325;1.9561998844146729;50144.14469888845;45293.221109135055;2832.6335010365274;2018.3200000000002;[202.38, 202.38, 202.38, 202.38, 197.38, 202.38, 202.38, 202.38, 202.38, 201.9];5.0;[5, 4, 6, 6, 5, 3, 6, 5, 5, 5];3
10;60;10;1;True;2000;4;0;0;0;0;0;0;433.0256509780884;24.22068500518799;80310.55092489727;73819.5481211191;3575.8687000447208;2915.1400000000003;[295.47, 295.47, 274.91, 295.47, 295.47, 295.47, 295.47, 295.47, 276.47, 295.47];20.560000000000002;[5, 7, 6, 5, 9, 5, 7, 7, 4, 5];5
10;60;10;2;True;2000;4;0;0;0;0;0;0;351.6937084197998;4.200167179107666;62808.82005151218;56910.11970289741;3727.257649061995;2171.4500000000003;[237.46, 237.46, 237.46, 229.46, 183.56, 237.46, 172.56, 237.46, 161.11, 237.46];76.35;[6, 6, 4, 8, 9, 9, 4, 5, 3, 6];6
10;60;10;3;True;2000;4;0;0;0;0;0;0;456.20768451690674;1.9930419921875;73083.5411381379;66918.55499035557;3463.30902120799;2701.6599999999994;[216.14, 283.14, 316.14, 277.14, 315.14, 283.14, 189.4, 241.14, 316.14, 264.14];126.73999999999998;[4, 5, 6, 4, 6, 6, 6, 7, 8, 8];4
10;60;10;4;True;2000;4;0;0;0;0;0;0;323.25910234451294;5.984969139099121;60201.01767873936;54699.36235124878;3449.664387765032;2052.0000000000005;[147.04, 219.44, 186.44, 219.44, 206.44, 219.44, 219.44, 219.44, 195.44, 219.44];72.4;[6, 7, 7, 6, 5, 7, 5, 6, 5, 6];2
10;60;10;5;True;2000;4;0;0;0;0;0;0;372.571551322937;6.200198173522949;51987.813991220195;45915.651475556944;3705.0340723402605;2367.1;[198.21, 226.21, 252.21, 258.21, 237.21, 258.21, 257.21, 253.21, 171.21, 255.21];86.99999999999997;[7, 9, 7, 6, 6, 5, 5, 4, 5, 6];5
10;60;10;6;True;2000;4;0;0;0;0;0;0;331.6124448776245;2.3070318698883057;63177.34109709022;57682.872035255146;3305.3225220505856;2189.1699999999996;[225.12, 172.09, 225.12, 225.12, 218.12, 225.12, 225.12, 225.12, 225.12, 223.12];53.03;[7, 4, 7, 6, 8, 5, 4, 7, 6, 6];4
10;70;10;1;True;2000;4;0;0;0;0;0;0;510.6795516014099;60.12512564659119;92224.23851037202;85297.93141229507;4194.350806612027;2731.94;[278.25, 309.73, 272.25, 266.25, 249.25, 259.25, 206.25, 270.25, 315.73, 304.73];109.48000000000002;[9, 7, 7, 4, 8, 7, 7, 8, 6, 7];5
10;70;10;2;True;2000;4;0;0;0;0;0;0;377.73297023773193;3.269195795059204;79812.91961207608;73488.3049917482;4103.4483170621415;2221.18;[185.58, 234.08, 234.08, 208.27, 225.27, 234.08, 234.08, 197.58, 234.08, 234.08];48.5;[5, 9, 5, 9, 8, 10, 7, 5, 5, 7];5
10;70;10;3;True;2000;4;0;0;0;0;0;0;466.287606716156;3.796922206878662;103197.71790721225;96471.52315194889;4036.5804448501267;2689.600000000001;[287.36, 267.36, 287.36, 233.36, 283.36, 287.36, 211.36, 287.36, 287.36, 257.36];76.0;[5, 8, 8, 4, 6, 7, 6, 11, 9, 6];7
10;70;10;4;True;2000;4;0;0;0;0;0;0;403.33246088027954;11.631539106369019;97568.13607207453;90971.54726442542;4322.228387269508;2274.37;[206.22, 237.56, 182.67, 237.56, 237.56, 237.56, 237.56, 222.56, 237.56, 237.56];54.890000000000015;[6, 8, 4, 7, 8, 8, 7, 7, 6, 9];5
10;70;10;5;True;2000;4;0;0;0;0;0;0;454.23793172836304;7.004591941833496;100468.31370591215;93431.7214434021;4407.44326268588;2629.1;[269.91, 255.91, 269.91, 232.91, 269.91, 269.91, 269.91, 269.91, 269.91, 250.91];37.00000000000003;[8, 10, 8, 4, 6, 9, 8, 4, 5, 8];6
10;70;10;6;True;2000;4;0;0;0;0;0;0;406.4341254234314;4.015932321548462;91571.89552143286;85119.66691455907;4165.590729097874;2286.64;[241.8, 234.8, 241.8, 241.8, 241.8, 190.8, 241.8, 241.8, 241.8, 168.44];73.36000000000001;[6, 4, 8, 7, 8, 9, 6, 8, 7, 7];5
10;80;10;1;True;2000;4;0;0;0;0;0;0;467.45667600631714;7.756792783737183;132870.61805737167;125718.34511296533;4667.1607129448585;2485.13;[259.22, 249.22, 232.22, 259.22, 190.15, 258.22, 259.22, 259.22, 259.22, 259.22];69.07000000000002;[12, 7, 10, 6, 6, 6, 6, 8, 10, 9];6
10;80;10;2;True;2000;4;0;0;0;0;0;0;641.1511483192444;12.679889917373657;139423.7295670324;131279.04138738196;4891.911311017229;3252.8100000000004;[363.46, 361.15, 345.15, 294.15, 330.15, 321.15, 321.15, 317.15, 236.15, 363.15];127.30999999999997;[6, 9, 9, 10, 6, 9, 6, 6, 11, 8];5
10;80;10;3;True;2000;4;0;0;0;0;0;0;513.5142874717712;4.915841102600098;123195.14765661606;115819.82452911639;4757.049096080974;2618.25;[235.02, 254.09, 282.26, 282.26, 247.09, 188.49, 282.26, 282.26, 282.26, 282.26];93.76999999999998;[6, 6, 7, 9, 8, 9, 8, 8, 10, 9];4
10;80;10;4;True;2000;4;0;0;0;0;0;0;528.8853068351746;18.547436952590942;174983.73382263817;166999.43014491076;5144.643738022967;2839.6699999999996;[292.35, 292.35, 292.35, 292.35, 292.35, 292.35, 292.35, 248.85, 263.02, 281.35];43.50000000000003;[9, 9, 7, 7, 9, 9, 9, 4, 8, 9];5
10;80;10;5;True;2000;4;0;0;0;0;0;0;549.8059415817261;23.493361949920654;135449.27689077414;127519.60648874192;4985.239943520267;2944.42;[293.98, 310.98, 273.52, 310.98, 263.52, 277.52, 280.98, 310.98, 310.98, 310.98];47.460000000000036;[5, 10, 10, 8, 6, 8, 9, 9, 6, 9];5
10;80;10;6;True;2000;4;0;0;0;0;0;0;452.55563497543335;13.162302017211914;113726.5878697655;106512.05473495272;4710.041897256811;2504.5;[252.55, 251.55, 252.55, 252.55, 252.55, 252.55, 252.55, 252.55, 248.55, 236.55];16.0;[6, 8, 8, 9, 9, 11, 8, 9, 7, 5];6
10;90;10;1;True;2000;4;0;0;0;0;0;0;627.2977499961853;32.87352514266968;204740.2694863515;196412.54616323116;5130.430834389105;3197.2999999999993;[330.53, 281.53, 321.53, 316.53, 330.53, 330.53, 328.53, 302.53, 326.53, 328.53];49.0;[11, 9, 6, 5, 11, 9, 10, 11, 11, 7];6
10;90;10;2;True;2000;4;0;0;0;0;0;0;467.1739230155945;8.65880298614502;142550.93578961358;134603.152622451;5647.416650630203;2300.34;[203.25, 235.98, 209.25, 235.98, 235.98, 235.98, 235.98, 235.98, 235.98, 235.98];32.72999999999999;[9, 9, 10, 10, 8, 10, 9, 9, 6, 10];4
10;90;10;3;True;2000;4;0;0;0;0;0;0;685.6090388298035;8.9702627658844;235832.39714934555;227163.8009380757;5392.87060716389;3275.72;[312.2, 357.2, 357.2, 357.2, 297.13, 300.13, 357.2, 357.2, 284.13, 296.13];73.07;[7, 12, 9, 8, 10, 8, 10, 10, 9, 7];5
10;90;10;5;True;2000;4;0;0;0;0;0;0;499.97766494750977;14.068473100662231;156151.3453773798;148138.28959249504;5487.649169245863;2525.4;[256.54, 256.54, 256.54, 256.54, 229.54, 256.54, 256.54, 243.54, 256.54, 256.54];27.00000000000003;[8, 11, 9, 11, 6, 8, 10, 8, 10, 9];5
10;90;10;6;True;2000;4;0;0;0;0;0;0;505.06601572036743;9.340759038925171;169719.559554118;161760.60661702696;5290.49077677866;2668.4999999999995;[266.95, 266.95, 266.95, 266.95, 266.95, 266.95, 265.95, 266.95, 266.95, 266.95];1.0;[11, 10, 7, 10, 10, 7, 7, 11, 8, 9];4
10;100;10;1;True;2000;4;0;0;0;0;0;0;792.3262944221497;11.106419801712036;329138.02791447844;319771.61815968656;5779.441545437709;3586.97;[373.31, 308.72, 340.32, 383.31, 383.31, 311.9, 383.31, 383.31, 336.17, 383.31];74.58999999999997;[12, 8, 10, 8, 10, 12, 12, 10, 8, 10];4
10;100;10;2;True;2000;4;0;0;0;0;0;0;918.6922273635864;15.482550621032715;198187.28675499797;188476.8729382375;6415.224886761223;3295.2;[311.59, 300.59, 348.5, 264.59, 286.59, 346.5, 293.59, 262.59, 407.5, 473.16];210.57000000000005;[10, 11, 9, 12, 10, 12, 8, 9, 6, 13];7
10;100;10;3;True;2000;4;0;0;0;0;0;0;643.7919535636902;9.783243894577026;230362.01462291964;221633.65959464552;5815.521489769093;2912.85;[251.4, 246.91, 309.06, 309.06, 309.06, 273.59, 309.06, 286.59, 309.06, 309.06];62.150000000000006;[9, 9, 10, 10, 13, 9, 8, 11, 10, 11];5
10;100;10;4;True;2000;4;0;0;0;0;0;0;623.9789752960205;23.155630350112915;250625.768366904;241487.34551637364;6255.4326944600325;2883.0;[277.42, 296.7, 296.7, 296.7, 280.42, 253.54, 296.7, 296.7, 291.42, 296.7];43.16;[11, 9, 10, 12, 6, 12, 8, 11, 10, 12];6
10;100;10;5;True;2000;4;0;0;0;0;0;0;720.2829856872559;14.292331218719482;245691.5513440616;236145.0575228432;6243.610698865959;3302.9;[346.19, 346.19, 282.19, 346.19, 310.19, 346.19, 346.19, 346.19, 346.19, 287.19];64.0;[11, 12, 12, 8, 9, 9, 12, 8, 9, 11];4
10;100;10;6;True;2000;4;0;0;0;0;0;0;779.9309105873108;12.202954769134521;245753.78174718114;236353.47158163568;6061.718479589355;3338.62;[244.98, 349.96, 336.96, 384.96, 360.96, 325.96, 346.96, 321.96, 340.96, 324.96];139.98;[9, 8, 11, 14, 12, 10, 12, 9, 8, 8];6
20;40;20;1;True;2000;2;0;0;0;0;0;0;131.23876953125;1.6558542251586914;28343.333334078656;24188.773128679364;2372.313631060191;1782.28;[95.5, 70.5, 95.5, 95.5, 95.5, 84.5, 95.5, 95.5, 95.5, 84.5, 51.78, 93.5, 95.5, 85.5, 95.5, 95.5, 70.5, 95.5, 95.5, 95.5];43.72;[3, 1, 1, 2, 6, 1, 3, 3, 3, 2, 1, 1, 4, 1, 1, 1, 1, 2, 3];5
20;40;20;2;True;2000;2;0;0;0;0;0;0;143.96471786499023;2.034358024597168;28906.652614735216;24361.40187368725;2568.9425236922666;1976.3999999999992;[94.12, 105.12, 105.12, 105.12, 105.12, 105.12, 105.12, 105.12, 105.12, 105.12, 105.12, 105.12, 105.12, 105.12, 105.12, 76.12, 53.12, 105.12, 105.12, 71.12];52.00000000000001;[1, 4, 3, 2, 4, 2, 1, 1, 3, 4, 3, 2, 1, 3, 1, 1, 1, 2, 1];3
20;40;20;3;True;2000;2;0;0;0;0;0;0;93.06066465377808;1.8080370426177979;25620.460181153;22071.688208227257;2295.892915768179;1252.8299999999995;[67.07, 67.07, 67.07, 67.07, 67.07, 36.52, 67.07, 67.07, 67.07, 67.07, 30.71, 67.07, 67.07, 67.07, 48.74, 67.07, 67.07, 67.07, 63.74, 67.07];36.35999999999999;[2, 3, 2, 3, 3, 1, 2, 1, 2, 2, 1, 3, 1, 2, 1, 2, 1, 2, 4, 2];3
20;40;20;4;True;2000;2;0;0;0;0;0;0;107.94390201568604;1.4652769565582275;27833.209593031406;24110.91767066373;2252.7670068380144;1469.4999999999998;[71.27, 76.33, 54.27, 76.33, 76.33, 76.33, 76.33, 76.33, 76.33, 76.33, 46.35, 76.33, 76.33, 76.33, 76.33, 76.33, 76.33, 76.33, 76.33, 76.33];29.979999999999997;[2, 2, 1, 2, 1, 1, 1, 1, 2, 2, 2, 1, 2, 4, 2, 4, 3, 3, 2, 2];3
20;40;20;5;True;2000;2;0;0;0;0;0;0;126.69624137878418;1.6589608192443848;26626.540540233225;22487.574793212443;2384.5382275152774;1754.4000000000003;[91.97, 91.97, 91.97, 91.97, 66.97, 91.97, 91.97, 78.97, 91.97, 91.97, 91.97, 72.97, 85.97, 91.97, 91.97, 91.97, 69.97, 91.97, 91.97, 91.97];25.0;[3, 4, 3, 2, 1, 3, 1, 2, 3, 3, 1, 1, 2, 2, 3, 1, 1, 2, 2];3
20;40;20;6;True;2000;2;0;0;0;0;0;0;116.36071491241455;1.5188090801239014;29502.712201637783;25539.26483074437;2249.4956789418266;1713.9000000000003;[87.47, 87.47, 87.47, 87.47, 87.47, 87.47, 87.47, 87.47, 87.47, 86.56, 52.88, 87.47, 87.47, 87.47, 87.47, 87.47, 87.47, 87.47, 87.47, 87.47];34.589999999999996;[2, 2, 1, 2, 2, 3, 2, 2, 2, 1, 1, 3, 3, 3, 1, 3, 3, 1, 1, 2];2
20;50;20;1;True;2000;2;0;0;0;0;0;0;162.8352427482605;2.956228733062744;36919.631197680166;32101.879221980285;2802.92541182137;2014.7999999999995;[109.04, 66.04, 104.04, 109.04, 109.04, 94.04, 109.04, 109.04, 109.04, 95.04, 82.04, 109.04, 109.04, 109.04, 83.04, 109.04, 73.04, 109.04, 109.04, 109.04];43.0;[4, 1, 2, 4, 2, 2, 2, 4, 4, 2, 1, 4, 2, 1, 1, 2, 1, 4, 3, 4];3
20;50;20;2;True;2000;2;0;0;0;0;0;0;150.91433668136597;3.19586181640625;37054.69849273261;31975.10019250688;3160.8669713685126;1918.7999999999995;[99.04, 99.04, 99.04, 99.04, 99.04, 99.04, 96.04, 99.04, 99.04, 99.04, 98.04, 99.04, 99.04, 99.04, 99.04, 99.04, 56.04, 99.04, 99.04, 84.04];43.00000000000001;[2, 4, 1, 2, 3, 4, 3, 2, 2, 2, 4, 4, 2, 2, 2, 1, 1, 4, 4, 1];3
20;50;20;3;True;2000;2;0;0;0;0;0;0;139.24690580368042;2.3779611587524414;33110.601848819744;28364.718321241377;2927.0662098585667;1818.8000000000009;[93.14, 93.14, 93.14, 93.14, 93.14, 59.14, 93.14, 93.14, 93.14, 93.14, 93.14, 93.14, 93.14, 93.14, 83.14, 93.14, 93.14, 93.14, 93.14, 93.14];34.0;[2, 2, 2, 4, 3, 2, 2, 3, 2, 3, 3, 1, 2, 3, 2, 2, 2, 3, 4, 3];3
20;50;20;4;True;2000;2;0;0;0;0;0;0;148.73650979995728;2.4896998405456543;36646.980856584174;31897.502835771902;2756.5117499309067;1992.8899999999992;[96.5, 99.81, 99.81, 99.81, 99.81, 99.81, 99.81, 99.81, 99.81, 99.81, 99.81, 99.81, 99.81, 99.81, 99.81, 99.81, 99.81, 99.81, 99.81, 99.81];3.3100000000000023;[3, 4, 2, 3, 1, 1, 1, 2, 3, 2, 3, 2, 3, 4, 2, 3, 2, 3, 3, 3];3
20;50;20;5;True;2000;2;0;0;0;0;0;0;132.0771074295044;2.9031918048858643;34338.89387073404;29590.82449443468;3048.62397435962;1699.3699999999994;[87.36, 87.36, 87.36, 87.36, 58.53, 87.36, 87.36, 85.36, 87.36, 87.36, 87.36, 70.36, 87.36, 87.36, 87.36, 87.36, 87.36, 87.36, 87.36, 87.36];28.83;[2, 4, 6, 3, 1, 2, 3, 2, 1, 2, 3, 1, 2, 2, 2, 3, 3, 2, 3, 3];5
20;50;20;6;True;2000;2;0;0;0;0;0;0;139.86792182922363;2.613278388977051;37644.884535951314;33035.58612196008;2761.601099599348;1847.7099999999996;[94.33, 94.33, 94.33, 94.33, 94.33, 94.33, 94.33, 94.33, 94.33, 69.44, 94.33, 94.33, 94.33, 94.33, 94.33, 90.33, 94.33, 84.33, 94.33, 94.33];24.89;[3, 2, 3, 4, 3, 4, 4, 2, 3, 2, 3, 1, 3, 2, 2, 4, 1, 1, 3];3
20;60;20;1;True;2000;2;0;0;0;0;0;0;151.32595205307007;3.9192187786102295;44555.60416271034;39284.18853618944;3536.1254450438573;1735.2499999999993;[88.55, 73.8, 88.55, 88.55, 88.55, 88.55, 88.55, 88.55, 88.55, 88.55, 81.55, 88.55, 88.55, 87.55, 82.55, 88.55, 81.55, 88.55, 88.55, 88.55];14.75;[6, 1, 3, 3, 4, 3, 1, 5, 4, 2, 1, 4, 4, 1, 1, 3, 1, 3, 6, 4];5
20;60;20;2;True;2000;2;0;0;0;0;0;0;240.22468948364258;4.182985067367554;47548.35381989034;41478.716703936065;3692.465852417587;2377.13;[99.8, 143.8, 143.8, 143.8, 116.8, 143.8, 122.8, 101.8, 117.8, 143.8, 74.8, 143.8, 95.8, 143.8, 143.8, 78.8, 67.93, 143.8, 118.8, 87.8];75.87;[2, 5, 1, 3, 3, 4, 4, 2, 3, 3, 4, 4, 2, 3, 4, 1, 2, 6, 3, 1];5
20;60;20;3;True;2000;2;0;0;0;0;0;0;219.34757041931152;3.980262041091919;42214.647036854185;36399.762338291315;3515.538856323781;2299.37;[133.83, 133.83, 121.0, 133.83, 133.83, 60.65, 120.0, 127.0, 133.83, 113.0, 48.91, 89.0, 133.83, 103.0, 92.0, 117.0, 125.0, 123.0, 123.0, 133.83];84.92000000000002;[3, 4, 3, 6, 3, 2, 3, 2, 2, 5, 3, 3, 2, 3, 2, 2, 1, 4, 3, 4];5
20;60;20;4;True;2000;2;0;0;0;0;0;0;190.25859260559082;3.957084894180298;49545.55208622222;43977.18234721578;3472.240087870241;2096.2000000000007;[91.26, 108.43, 88.26, 108.43, 108.43, 108.43, 108.43, 108.43, 108.43, 108.43, 73.37, 108.43, 108.43, 108.43, 108.43, 108.43, 108.43, 108.43, 108.43, 108.43];35.06;[3, 6, 3, 1, 3, 2, 1, 2, 4, 4, 2, 3, 6, 4, 3, 2, 4, 4, 3];5
20;60;20;5;True;2000;2;0;0;0;0;0;0;153.6833152770996;4.057541370391846;43313.56673610049;37914.3376359818;3658.9694097524534;1740.3300000000002;[87.99, 87.99, 87.99, 87.99, 72.62, 87.99, 87.99, 87.99, 87.99, 87.99, 87.99, 83.89, 87.99, 87.99, 87.99, 87.99, 87.99, 87.99, 87.99, 87.99];15.36999999999999;[3, 4, 4, 3, 2, 2, 4, 2, 2, 4, 3, 2, 3, 3, 3, 4, 4, 2, 4, 2];2
20;60;20;6;True;2000;2;0;0;0;0;0;0;194.3095474243164;3.8191630840301514;49057.99845146728;43604.28286896612;3301.078592443704;2152.6000000000013;[117.63, 117.63, 117.63, 117.63, 107.63, 117.63, 94.63, 117.63, 117.63, 95.63, 86.63, 116.63, 117.63, 99.63, 99.63, 84.63, 117.63, 73.63, 117.63, 117.63];44.0;[3, 3, 5, 4, 5, 6, 2, 3, 4, 2, 1, 1, 4, 1, 3, 3, 5, 2, 1, 2];5
20;70;20;1;True;2000;2;0;0;0;0;0;0;196.5922074317932;4.985162734985352;57312.680158837145;51106.09016628291;4132.330732480685;2074.1999999999994;[105.36, 105.36, 105.36, 105.36, 105.36, 105.36, 72.36, 105.36, 105.36, 105.36, 105.36, 105.36, 105.36, 105.36, 105.36, 105.36, 105.36, 105.36, 105.36, 105.36];33.0;[6, 4, 2, 5, 2, 3, 1, 5, 5, 3, 3, 4, 4, 2, 2, 3, 4, 3, 5, 4];5
20;70;20;2;True;2000;2;0;0;0;0;0;0;191.7917923927307;4.775733947753906;55994.97237103227;49822.44191221625;4147.0265570134225;2025.5999999999997;[104.78, 104.78, 104.78, 104.78, 104.78, 104.78, 104.78, 104.78, 104.78, 104.78, 104.78, 104.78, 104.78, 104.78, 104.78, 82.78, 86.78, 104.78, 104.78, 74.78];30.0;[2, 6, 1, 3, 4, 3, 4, 2, 3, 4, 6, 5, 4, 2, 5, 3, 3, 4, 4, 2];5
20;70;20;3;True;2000;2;0;0;0;0;0;0;190.74677896499634;5.456367492675781;53971.95598226422;47952.73170568808;4054.639663210194;1964.68;[98.74, 98.74, 98.74, 98.74, 98.74, 96.68, 98.74, 98.74, 98.74, 98.74, 90.68, 98.74, 98.74, 98.74, 98.74, 98.74, 98.74, 98.74, 98.74, 98.74];8.059999999999988;[4, 4, 4, 4, 3, 2, 2, 4, 1, 5, 3, 3, 1, 3, 3, 6, 3, 5, 4, 6];5
20;70;20;4;True;2000;2;0;0;0;0;0;0;262.3146381378174;5.646082162857056;62421.891182931744;55310.322587623625;4353.830447623287;2757.7999999999984;[101.14, 142.89, 100.14, 142.89, 142.89, 142.89, 142.89, 142.89, 142.89, 132.14, 138.14, 142.89, 142.89, 142.89, 142.89, 142.89, 142.89, 142.89, 142.89, 142.89];42.749999999999986;[3, 5, 4, 5, 2, 2, 3, 4, 4, 3, 3, 3, 2, 4, 4, 4, 4, 3, 4, 4];3
20;70;20;5;True;2000;2;0;0;0;0;0;0;285.49780321121216;5.704329967498779;59792.22767339629;52680.61826308994;4223.060681658433;2888.5;[165.27, 158.27, 161.27, 163.27, 82.37, 139.27, 165.27, 138.27, 165.27, 158.27, 165.27, 135.27, 114.27, 116.27, 136.27, 165.27, 140.27, 142.27, 165.27, 111.27];82.9;[2, 4, 5, 4, 2, 2, 6, 1, 5, 5, 3, 2, 2, 3, 5, 6, 2, 3, 3, 5];5
20;70;20;6;True;2000;2;0;0;0;0;0;0;210.92789125442505;6.107455015182495;60511.796291767874;54194.84600288726;4123.756184140208;2193.2000000000003;[111.96, 111.96, 111.96, 111.96, 111.96, 111.96, 100.96, 111.96, 111.96, 111.96, 93.96, 111.96, 111.96, 97.96, 111.96, 108.96, 111.96, 111.96, 111.96, 111.96];18.0;[2, 3, 5, 5, 6, 6, 3, 4, 6, 1, 3, 5, 3, 2, 1, 4, 4, 2, 2, 3];5
20;80;20;1;True;2000;2;0;0;0;0;0;0;217.8303737640381;5.56419563293457;69567.42406529307;62801.1905251855;4614.195814368518;2152.04;[108.59, 98.15, 108.59, 108.59, 108.59, 108.59, 108.59, 108.59, 108.59, 100.15, 108.59, 108.59, 108.59, 108.15, 108.59, 108.59, 108.15, 108.59, 108.59, 108.59];10.439999999999998;[6, 3, 4, 6, 5, 5, 1, 6, 5, 2, 2, 5, 6, 2, 1, 3, 3, 5, 6, 4];5
20;80;20;2;True;2000;2;0;0;0;0;0;0;247.26513671875;6.364807367324829;70337.06964980418;63047.65746936811;4905.3381310859295;2384.1099999999988;[123.12, 123.12, 123.12, 123.12, 123.12, 123.12, 123.12, 109.12, 123.12, 123.12, 123.12, 123.12, 123.12, 123.12, 123.12, 110.12, 115.12, 123.12, 123.12, 79.83];43.290000000000006;[4, 6, 3, 5, 5, 3, 3, 2, 3, 3, 7, 6, 5, 3, 4, 2, 4, 6, 4, 2];5
20;80;20;3;True;2000;2;0;0;0;0;0;0;255.27935600280762;6.258880376815796;65704.71016918245;58603.06756476204;4752.557658512596;2349.090000000001;[124.63, 124.63, 124.63, 124.63, 124.63, 97.63, 94.63, 124.63, 124.63, 124.63, 72.12, 118.63, 124.63, 124.63, 118.63, 124.63, 112.63, 124.63, 114.63, 124.63];52.50999999999999;[3, 6, 5, 4, 4, 2, 5, 3, 2, 4, 3, 4, 3, 3, 3, 4, 3, 8, 5, 6];6
20;80;20;4;True;2000;2;0;0;0;0;0;0;250.09203672409058;7.458359241485596;74757.34731616908;67247.27553794529;5103.5928899415485;2406.45;[104.73, 123.72, 105.73, 123.72, 123.72, 123.72, 123.72, 119.73, 123.72, 123.72, 97.73, 122.73, 123.72, 123.72, 123.72, 123.72, 123.72, 123.72, 123.72, 123.72];25.989999999999995;[4, 6, 3, 6, 3, 5, 3, 6, 4, 3, 2, 2, 2, 4, 4, 5, 5, 5, 5, 3];4
20;80;20;5;True;2000;2;0;0;0;0;0;0;228.48771572113037;5.347390651702881;68391.58268094575;61364.429453221106;4838.623261715055;2188.53;[112.21, 112.21, 112.21, 112.21, 112.21, 112.21, 112.21, 79.54, 112.21, 112.21, 112.21, 102.21, 112.21, 112.21, 112.21, 112.21, 112.21, 112.21, 112.21, 99.21];32.66999999999999;[3, 6, 6, 3, 3, 3, 5, 3, 4, 6, 6, 3, 2, 3, 3, 5, 4, 3, 6, 3];4
20;80;20;6;True;2000;2;0;0;0;0;0;0;211.64888381958008;6.562058925628662;72628.90374998184;65982.68943205061;4639.216921211202;2007.0;[100.75, 100.75, 100.75, 100.75, 100.75, 100.75, 100.75, 100.75, 100.75, 92.75, 100.75, 100.75, 100.75, 100.75, 100.75, 100.75, 100.75, 100.75, 100.75, 100.75];8.0;[2, 3, 5, 5, 7, 7, 3, 6, 5, 2, 2, 2, 4, 2, 4, 5, 5, 4, 2, 5];5
20;90;20;1;True;2000;2;0;0;0;0;0;0;266.9630432128906;7.4901392459869385;88136.70554074712;80555.17462635972;5120.65220747938;2460.95;[123.77, 122.62, 123.77, 123.77, 123.77, 123.77, 123.77, 123.77, 123.77, 123.77, 110.62, 123.77, 123.77, 123.77, 123.77, 123.77, 123.62, 123.77, 123.77, 123.77];13.149999999999991;[8, 3, 5, 7, 5, 4, 3, 7, 5, 3, 3, 5, 5, 3, 2, 4, 2, 4, 7, 5];6
20;90;20;2;True;2000;2;0;0;0;0;0;0;300.76921033859253;8.018049001693726;89202.19331510912;80879.84492565016;5717.3805266989075;2604.9199999999996;[141.64, 141.64, 141.64, 141.64, 141.64, 141.64, 141.64, 113.64, 84.76, 141.64, 97.64, 141.64, 115.64, 141.64, 129.64, 123.64, 104.64, 135.64, 141.64, 141.64];56.87999999999998;[2, 6, 3, 5, 4, 5, 5, 3, 2, 6, 5, 8, 4, 3, 4, 7, 3, 7, 5, 3];6
20;90;20;3;True;2000;2;0;0;0;0;0;0;272.5897812843323;7.804437160491943;83289.91747682457;75426.84374700749;5460.608000820009;2402.499999999999;[124.56, 124.56, 124.56, 124.56, 124.56, 72.56, 124.56, 124.56, 124.56, 124.56, 87.86, 124.56, 124.56, 124.56, 124.56, 124.56, 124.56, 124.56, 124.56, 124.56];52.0;[3, 6, 4, 7, 5, 3, 4, 4, 2, 7, 4, 5, 2, 4, 5, 4, 5, 6, 7, 3];5
20;90;20;4;True;2000;2;0;0;0;0;0;0;262.2348084449768;7.110574007034302;89077.17198730413;81158.46905736485;5594.054172362103;2324.72;[118.09, 118.09, 116.09, 118.09, 118.09, 118.09, 118.09, 118.09, 118.09, 118.09, 83.01, 118.09, 118.09, 118.09, 118.09, 118.09, 118.09, 118.09, 118.09, 118.09];35.08;[5, 6, 5, 6, 2, 4, 5, 4, 3, 4, 3, 3, 2, 6, 4, 6, 5, 6, 5, 6];4
20;90;20;5;True;2000;2;0;0;0;0;0;0;259.382604598999;7.730809211730957;90919.99995236789;83340.61161919901;5334.533034486121;2244.81;[112.73, 112.73, 112.73, 112.73, 112.73, 112.73, 112.73, 112.73, 112.73, 112.73, 112.73, 102.94, 112.73, 112.73, 112.73, 112.73, 112.73, 112.73, 112.73, 112.73];9.790000000000006;[4, 5, 6, 5, 3, 4, 6, 3, 4, 5, 8, 4, 2, 4, 4, 5, 3, 5, 6, 4];6
20;90;20;6;True;2000;2;0;0;0;0;0;0;257.8973460197449;7.512561559677124;88038.93666846288;80502.47929018576;5193.149661636708;2343.22;[118.48, 118.48, 118.48, 118.48, 118.48, 118.48, 118.48, 118.48, 118.48, 118.48, 107.79, 118.48, 118.48, 118.48, 118.48, 102.79, 118.48, 118.48, 118.48, 118.48];15.689999999999998;[4, 4, 5, 5, 5, 8, 5, 6, 4, 3, 4, 1, 5, 3, 4, 5, 6, 3, 4, 6];7
20;100;20;1;True;2000;2;0;0;0;0;0;0;317.6487145423889;10.011303663253784;116470.60680287283;108153.05996199555;5673.939522635399;2643.7;[132.45, 132.45, 132.45, 132.45, 132.45, 132.45, 127.8, 132.45, 132.45, 132.45, 132.45, 132.45, 132.45, 132.45, 132.45, 132.45, 131.8, 132.45, 132.45, 132.45];4.6499999999999915;[5, 4, 5, 7, 6, 4, 2, 7, 9, 4, 3, 4, 5, 2, 2, 7, 5, 8, 6, 5];7
20;100;20;2;True;2000;2;0;0;0;0;0;0;300.9816942214966;9.427334785461426;108414.49130608451;99605.6866401615;6482.753745275328;2326.04;[105.48, 120.48, 120.48, 120.48, 120.48, 120.48, 120.48, 120.48, 120.48, 120.48, 120.48, 120.48, 111.48, 120.48, 120.48, 120.48, 79.92, 120.48, 120.48, 101.48];40.56;[2, 7, 5, 4, 5, 6, 7, 4, 3, 5, 7, 7, 6, 5, 4, 4, 5, 6, 5, 3];5
20;100;20;3;True;2000;2;0;0;0;0;0;0;368.61613178253174;9.355007410049438;109641.97351655194;100666.32232672044;5943.830730353423;3031.870000000001;[163.69, 154.69, 163.69, 163.69, 163.69, 101.76, 163.69, 163.69, 163.69, 163.69, 133.69, 131.69, 163.69, 127.69, 139.69, 163.69, 163.69, 140.69, 137.69, 163.69];61.92999999999999;[4, 6, 6, 6, 7, 5, 4, 6, 5, 8, 4, 6, 3, 4, 3, 4, 3, 6, 5, 5];5
20;100;20;4;True;2000;2;0;0;0;0;0;0;286.47127962112427;12.504354476928711;113970.36117359898;105484.51636308877;6185.922740486136;2299.9799999999996;[116.04, 116.04, 95.22, 116.04, 116.04, 116.04, 116.04, 116.04, 116.04, 116.04, 116.04, 116.04, 116.04, 116.04, 116.04, 116.04, 116.04, 116.04, 116.04, 116.04];20.820000000000007;[4, 7, 4, 6, 3, 3, 8, 6, 4, 4, 4, 2, 2, 8, 8, 7, 6, 4, 5, 5];6
20;100;20;5;True;2000;2;0;0;0;0;0;0;299.28030586242676;9.356029987335205;109868.12124249965;101464.17795974168;5976.505084770505;2427.3999999999996;[121.57, 121.57, 121.57, 121.57, 121.57, 121.57, 121.57, 121.57, 121.57, 121.57, 121.57, 118.57, 121.57, 121.57, 121.57, 121.57, 121.57, 121.57, 121.57, 120.57];3.0;[5, 7, 7, 4, 3, 6, 6, 3, 2, 6, 6, 3, 3, 6, 5, 6, 4, 6, 7, 5];5
20;100;20;6;True;2000;2;0;0;0;0;0;0;251.41141080856323;8.336198806762695;104923.45920299446;97098.29636363016;5798.883408707439;2026.2599999999995;[101.34, 101.34, 101.34, 101.34, 101.34, 101.34, 101.34, 101.34, 101.34, 101.34, 101.34, 101.34, 101.34, 101.34, 101.34, 100.8, 101.34, 101.34, 101.34, 101.34];0.5400000000000063;[4, 4, 6, 5, 7, 6, 7, 5, 5, 2, 5, 2, 5, 4, 6, 4, 6, 4, 4, 9];7
20;60;20;1;True;2000;3;0;0;0;0;0;0;210.9981174468994;4.6266303062438965;46111.751654777516;40148.588211190116;3543.336060736042;2419.779999999999;[130.89, 82.4, 114.04, 130.89, 130.89, 130.89, 112.04, 130.89, 130.89, 92.25, 118.04, 130.89, 130.89, 113.04, 113.04, 130.89, 104.25, 130.89, 130.89, 130.89];48.48999999999998;[3, 2, 3, 4, 6, 3, 2, 4, 4, 2, 1, 3, 4, 1, 2, 3, 1, 3, 4, 5];5
20;60;20;2;True;2000;3;0;0;0;0;0;0;165.6090178489685;4.689062833786011;43839.90691304512;38184.6322355255;3752.459894432506;1902.7999999999995;[98.54, 98.54, 98.54, 98.54, 98.54, 98.54, 98.54, 98.54, 83.54, 98.54, 98.54, 98.54, 98.54, 98.54, 98.54, 84.54, 59.54, 98.54, 98.54, 98.54];39.00000000000001;[2, 5, 2, 3, 3, 4, 5, 2, 1, 3, 6, 5, 3, 1, 2, 2, 2, 4, 3, 2];5
20;60;20;3;True;2000;3;0;0;0;0;0;0;148.01769971847534;3.5117318630218506;40056.3724767323;34841.491226280385;3496.0699446091885;1718.8699999999994;[87.56, 87.56, 87.56, 87.56, 87.56, 87.56, 87.56, 87.56, 87.56, 87.56, 55.23, 87.56, 87.56, 87.56, 87.56, 87.56, 87.56, 87.56, 87.56, 87.56];32.330000000000005;[2, 5, 3, 4, 3, 3, 3, 3, 2, 3, 3, 3, 3, 3, 2, 3, 2, 4, 3, 3];3
20;60;20;4;True;2000;3;0;0;0;0;0;0;253.01463222503662;2.932586193084717;46357.77233602441;40129.512253381494;3459.113046026581;2769.2299999999996;[94.67, 157.62, 127.62, 136.62, 157.62, 148.62, 119.67, 157.62, 91.67, 123.62, 147.2, 157.62, 118.67, 157.62, 157.62, 115.67, 157.62, 157.62, 126.62, 157.62];65.95;[2, 4, 4, 3, 2, 2, 2, 3, 2, 2, 3, 2, 2, 5, 3, 4, 3, 5, 4, 3];3
20;60;20;5;True;2000;3;0;0;0;0;0;0;197.2436180114746;3.323982000350952;42487.308074483924;36639.54330379869;3636.5364818082726;2211.24;[118.83, 118.83, 118.83, 118.83, 65.58, 118.83, 118.83, 85.83, 118.83, 118.83, 118.83, 74.72, 83.83, 118.83, 118.83, 118.83, 118.83, 118.83, 118.83, 118.83];53.25;[2, 3, 5, 3, 3, 2, 5, 2, 3, 5, 4, 1, 2, 3, 4, 3, 3, 2, 3, 2];4
20;60;20;6;True;2000;3;0;0;0;0;0;0;239.53414392471313;4.248389959335327;47820.237631484284;41993.362603562986;3268.093362152439;2558.8;[148.8, 148.8, 148.8, 148.8, 143.8, 148.8, 102.8, 148.8, 148.8, 108.8, 88.8, 90.8, 148.8, 119.8, 116.8, 95.6, 148.8, 77.8, 132.8, 141.8];71.00000000000001;[3, 3, 4, 3, 4, 4, 4, 3, 5, 2, 1, 2, 4, 2, 1, 3, 4, 2, 2, 4];4
20;70;20;1;True;2000;3;0;0;0;0;0;0;173.36004447937012;7.1572489738464355;54346.49026215314;48366.18684129761;4173.028094804795;1807.3500000000001;[90.76, 90.76, 90.76, 90.76, 90.76, 90.76, 90.76, 90.76, 90.76, 90.76, 90.76, 90.76, 90.76, 90.76, 82.91, 90.76, 90.76, 90.76, 90.76, 90.76];7.8500000000000085;[4, 2, 3, 4, 4, 2, 2, 5, 4, 3, 3, 3, 6, 2, 1, 5, 2, 3, 7, 5];6
20;70;20;2;True;2000;3;0;0;0;0;0;0;208.5531530380249;7.746953964233398;52462.841806062555;46192.29806966008;4203.655889420599;2066.800000000001;[108.89, 108.89, 108.89, 108.89, 108.89, 108.89, 108.89, 105.89, 108.89, 108.89, 88.89, 108.89, 108.89, 108.89, 108.89, 70.89, 100.89, 108.89, 108.89, 66.89];42.0;[3, 5, 2, 6, 3, 4, 3, 2, 3, 4, 4, 5, 4, 2, 3, 2, 3, 6, 5, 1];5
20;70;20;3;True;2000;3;0;0;0;0;0;0;168.76138830184937;6.689571857452393;49357.96631971558;43666.0398729287;4016.78774768361;1675.1100000000006;[87.93, 87.93, 87.93, 87.93, 87.93, 87.93, 50.28, 87.93, 87.93, 87.93, 42.09, 87.93, 87.93, 87.93, 87.93, 87.93, 87.93, 87.93, 87.93, 87.93];45.84;[4, 3, 3, 6, 2, 2, 4, 5, 2, 2, 2, 3, 2, 4, 3, 3, 3, 5, 6, 6];4
20;70;20;4;True;2000;3;0;0;0;0;0;0;222.5715456008911;5.401260137557983;57990.793658543436;51307.17794894661;4353.93316966007;2329.5900000000006;[105.43, 119.43, 101.43, 119.43, 119.43, 119.43, 113.43, 119.43, 106.43, 119.43, 119.42, 118.43, 119.43, 119.43, 119.43, 119.43, 119.43, 119.43, 119.43, 112.43];18.0;[2, 6, 3, 5, 2, 2, 2, 4, 3, 3, 4, 1, 2, 6, 4, 4, 4, 5, 5, 3];5
20;70;20;5;True;2000;3;0;0;0;0;0;0;226.74747228622437;6.730462312698364;53801.62404825755;47292.914360099705;4233.341224259465;2275.439999999999;[122.61, 122.61, 122.61, 121.61, 71.85, 122.61, 122.61, 83.61, 122.61, 122.61, 122.61, 122.61, 78.61, 122.61, 122.61, 122.61, 91.61, 122.61, 122.61, 111.61];50.760000000000005;[2, 3, 5, 3, 2, 3, 5, 2, 5, 4, 4, 3, 2, 2, 7, 4, 4, 2, 5, 3];5
20;70;20;6;True;2000;3;0;0;0;0;0;0;198.7689061164856;5.288170337677002;57115.952389903294;50813.25171932273;4078.8095884587087;2223.8000000000006;[112.94, 112.94, 112.94, 112.94, 112.94, 112.94, 112.94, 112.94, 112.94, 112.94, 94.94, 112.94, 112.94, 112.94, 112.94, 112.94, 112.94, 95.94, 112.94, 112.94];18.0;[4, 3, 2, 5, 5, 4, 3, 4, 5, 3, 1, 1, 3, 2, 5, 5, 5, 3, 3, 4];4
20;80;20;1;True;2000;3;0;0;0;0;0;0;223.63497161865234;8.403345823287964;66168.97389203079;59392.13290828881;4618.266906104145;2158.6299999999997;[108.29, 103.7, 108.29, 108.29, 108.29, 108.29, 108.29, 108.29, 108.29, 108.29, 105.71, 108.29, 108.29, 108.29, 108.29, 108.29, 108.29, 108.29, 108.29, 108.29];4.590000000000003;[5, 3, 4, 6, 5, 4, 3, 6, 4, 3, 3, 4, 4, 3, 2, 3, 2, 3, 9, 4];7
20;80;20;2;True;2000;3;0;0;0;0;0;0;244.69910717010498;7.567609071731567;66829.85665581492;59672.79012478283;4889.039129281638;2268.0199999999995;[119.57, 119.57, 119.57, 119.57, 119.57, 119.57, 119.57, 119.57, 119.57, 119.57, 63.22, 119.57, 115.73, 119.57, 119.57, 108.73, 68.06, 119.57, 119.57, 118.73];56.349999999999994;[5, 6, 1, 4, 5, 4, 4, 3, 4, 3, 3, 5, 4, 2, 4, 5, 3, 6, 6, 3];5
20;80;20;3;True;2000;3;0;0;0;0;0;0;225.12705039978027;6.802751302719116;61090.74650035935;54241.43351120649;4756.414114482249;2092.919999999999;[106.6, 106.6, 106.6, 106.6, 106.6, 102.6, 106.6, 106.6, 106.6, 106.6, 84.52, 106.6, 106.6, 106.6, 106.6, 106.6, 101.6, 106.6, 98.6, 106.6];22.08;[4, 4, 3, 5, 5, 2, 4, 4, 3, 5, 4, 3, 4, 4, 3, 3, 3, 5, 6, 6];4
20;80;20;4;True;2000;3;0;0;0;0;0;0;292.1250967979431;8.921988010406494;68391.8317169594;60587.82737709632;5110.11097299374;2693.9100000000008;[99.36, 150.05, 112.05, 113.05, 150.05, 143.05, 131.05, 108.05, 130.05, 142.05, 131.65, 129.05, 126.05, 150.05, 150.05, 149.05, 150.05, 150.05, 150.05, 129.05];50.69000000000001;[4, 6, 4, 6, 2, 3, 1, 5, 4, 3, 4, 2, 2, 7, 4, 4, 6, 5, 5, 3];6
20;80;20;5;True;2000;3;0;0;0;0;0;0;257.1137590408325;6.920928716659546;66564.2913592543;59282.95928233632;4800.923555574702;2480.4300000000003;[131.0, 131.0, 131.0, 131.0, 74.24, 131.0, 131.0, 100.95, 131.0, 131.0, 131.0, 78.24, 131.0, 131.0, 131.0, 131.0, 131.0, 131.0, 131.0, 131.0];56.760000000000005;[3, 4, 5, 4, 3, 3, 5, 2, 3, 5, 5, 3, 5, 4, 4, 5, 3, 4, 6, 4];4
20;80;20;6;True;2000;3;0;0;0;0;0;0;199.27275276184082;8.068539142608643;68380.59604843643;61816.28796671806;4652.31217813618;1912.06;[99.24, 99.24, 99.24, 99.24, 99.24, 99.24, 99.24, 99.24, 99.24, 89.24, 76.24, 99.24, 99.24, 99.24, 99.24, 90.24, 99.24, 68.5, 99.24, 99.24];30.739999999999995;[4, 4, 6, 3, 5, 7, 6, 2, 5, 3, 1, 1, 4, 3, 5, 5, 4, 3, 4, 5];6
20;90;20;1;True;2000;3;0;0;0;0;0;0;273.2494955062866;10.076794147491455;83606.05783051287;75978.88307374244;5141.597175861026;2485.5600000000004;[126.42, 102.42, 126.42, 126.42, 126.42, 126.42, 126.42, 126.42, 126.42, 121.42, 112.58, 126.42, 126.42, 126.42, 126.42, 126.42, 126.42, 126.42, 126.42, 126.42];24.0;[7, 4, 5, 6, 6, 5, 4, 6, 4, 4, 2, 5, 5, 3, 3, 4, 2, 4, 6, 5];5
20;90;20;2;True;2000;3;0;0;0;0;0;0;246.35704612731934;8.802855014801025;80179.12133258453;72302.62423980399;5722.738790898091;2153.7999999999997;[112.58, 112.58, 112.58, 112.58, 112.58, 112.58, 112.58, 112.58, 112.58, 112.58, 70.31, 112.58, 89.58, 112.58, 112.58, 112.58, 80.05, 112.58, 112.58, 112.58];42.269999999999996;[4, 4, 3, 5, 4, 5, 4, 5, 4, 3, 3, 6, 5, 4, 5, 6, 5, 4, 5, 6];3
20;90;20;3;True;2000;3;0;0;0;0;0;0;260.0288848876953;7.348868131637573;77566.60848825294;69831.35816175376;5402.318697025311;2332.9299999999994;[117.49, 117.49, 117.49, 117.49, 117.49, 111.62, 117.49, 117.49, 117.49, 117.49, 117.49, 117.49, 117.49, 106.49, 117.49, 117.49, 117.49, 117.49, 117.49, 117.49];11.0;[5, 4, 5, 6, 5, 5, 4, 6, 3, 4, 4, 5, 4, 3, 4, 6, 3, 5, 5, 4];3
20;90;20;4;True;2000;3;0;0;0;0;0;0;261.29136323928833;12.779064178466797;85026.00556642364;77200.41450319198;5541.4143537109785;2284.17;[95.37, 115.2, 115.2, 115.2, 115.2, 115.2, 115.2, 115.2, 115.2, 115.2, 115.2, 115.2, 115.2, 115.2, 115.2, 115.2, 115.2, 115.2, 115.2, 115.2];19.83;[7, 5, 3, 7, 1, 4, 5, 3, 3, 3, 4, 3, 3, 5, 5, 8, 6, 5, 5, 5];7
20;90;20;5;True;2000;3;0;0;0;0;0;0;278.52702379226685;6.525375843048096;82568.92262361308;74770.53856501955;5342.328161863934;2456.0;[126.5, 126.5, 126.5, 126.5, 126.5, 126.5, 126.5, 101.5, 126.5, 126.5, 126.5, 111.5, 98.5, 126.5, 126.5, 126.5, 126.5, 126.5, 126.5, 120.5];28.0;[3, 7, 6, 4, 4, 4, 5, 2, 4, 5, 5, 4, 3, 3, 5, 6, 4, 4, 7, 5];5
20;90;20;6;True;2000;3;0;0;0;0;0;0;252.9841389656067;8.978233814239502;78710.40925784918;71185.72641990359;5179.804891144754;2344.8199999999993;[119.35, 119.35, 119.35, 119.35, 117.35, 119.35, 119.35, 119.35, 119.35, 119.35, 112.35, 119.35, 119.35, 110.35, 119.35, 118.17, 119.35, 96.35, 119.35, 119.35];23.0;[4, 4, 6, 4, 6, 8, 4, 4, 6, 2, 3, 1, 6, 3, 6, 5, 5, 5, 3, 5];7
20;100;20;1;True;2000;3;0;0;0;0;0;0;302.43148946762085;13.053475141525269;98581.06543670727;90393.26681339;5716.915299506716;2470.9300000000003;[124.46, 106.19, 124.46, 124.46, 124.46, 124.46, 124.46, 124.46, 124.46, 124.46, 124.46, 124.46, 124.46, 124.46, 124.46, 124.46, 124.46, 124.46, 124.46, 124.46];18.269999999999996;[7, 5, 6, 4, 5, 4, 5, 8, 6, 4, 4, 6, 5, 4, 3, 4, 2, 5, 7, 6];6
20;100;20;2;True;2000;3;0;0;0;0;0;0;626.7494297027588;8.426597118377686;102626.41597238014;92767.01972385615;6540.260676736435;3319.2000000000016;[147.26, 297.26, 215.26, 208.26, 158.26, 171.26, 159.26, 148.26, 116.26, 171.26, 121.26, 221.26, 146.26, 240.26, 204.26, 90.26, 97.26, 151.26, 141.26, 113.26];207.0;[5, 8, 3, 5, 6, 7, 6, 5, 2, 4, 6, 7, 6, 5, 5, 4, 6, 3, 4, 3];6
20;100;20;3;True;2000;3;0;0;0;0;0;0;272.2974166870117;9.16028094291687;89975.57246549612;81777.39151412512;5960.067419596008;2238.18;[113.29, 113.29, 113.29, 113.29, 113.29, 111.67, 113.29, 113.29, 113.29, 113.29, 104.29, 96.29, 113.29, 113.29, 113.29, 113.29, 113.29, 113.29, 113.29, 113.29];17.0;[4, 8, 7, 6, 5, 5, 5, 6, 4, 5, 5, 4, 3, 4, 5, 5, 3, 5, 7, 4];5
20;100;20;4;True;2000;3;0;0;0;0;0;0;309.27775955200195;13.594872236251831;109630.08732953259;100775.86692840481;6162.234390800878;2692.0000000000005;[127.76, 134.96, 134.96, 134.96, 134.96, 134.96, 134.96, 134.96, 134.96, 134.96, 134.96, 134.96, 134.96, 134.96, 134.96, 134.96, 134.96, 134.96, 134.96, 134.96];7.200000000000003;[6, 6, 4, 8, 3, 4, 5, 4, 5, 4, 4, 3, 5, 5, 5, 6, 6, 5, 8, 4];5
20;100;20;5;True;2000;3;0;0;0;0;0;0;294.90304470062256;10.071078062057495;95084.6627654831;86646.96216042238;5951.639694930692;2486.13;[127.27, 127.27, 127.27, 127.27, 127.27, 127.27, 127.27, 122.27, 127.27, 127.27, 127.27, 101.27, 127.27, 127.27, 127.27, 127.27, 127.27, 99.0, 127.27, 127.27];28.269999999999996;[3, 6, 8, 4, 4, 5, 6, 3, 5, 6, 4, 4, 5, 3, 5, 6, 6, 5, 6, 6];5
20;100;20;6;True;2000;3;0;0;0;0;0;0;328.27687406539917;9.993373155593872;106090.70889406618;97664.77655567406;5776.808078966816;2649.1999999999994;[138.81, 138.81, 138.81, 138.81, 138.81, 138.81, 138.81, 138.81, 138.81, 126.81, 115.81, 138.81, 138.81, 138.81, 107.81, 120.81, 138.81, 95.81, 138.81, 138.81];43.0;[6, 4, 5, 5, 6, 5, 9, 5, 5, 5, 2, 3, 5, 5, 5, 6, 5, 4, 4, 6];7
20;80;20;1;True;2000;4;0;0;0;0;0;0;268.84724712371826;11.859495162963867;68511.73416671151;61301.536538170025;4588.134300607153;2622.0599999999995;[136.2, 129.26, 136.2, 136.2, 136.2, 136.2, 135.2, 136.2, 136.2, 112.2, 99.2, 136.2, 136.2, 136.2, 126.2, 136.2, 113.2, 136.2, 136.2, 136.2];36.999999999999986;[6, 3, 4, 5, 4, 4, 3, 9, 4, 3, 3, 4, 5, 3, 1, 5, 2, 4, 4, 4];8
20;80;20;2;True;2000;4;0;0;0;0;0;0;305.0344524383545;12.683216094970703;66919.91333274955;59313.878741354994;4885.173934830602;2720.8;[151.09, 151.09, 151.09, 151.09, 151.09, 151.09, 111.09, 124.09, 112.09, 151.09, 127.09, 151.09, 115.09, 151.09, 151.09, 137.09, 97.09, 151.09, 151.09, 84.09];67.0;[3, 5, 2, 5, 4, 4, 3, 4, 3, 6, 4, 7, 3, 4, 4, 3, 3, 4, 6, 3];5
20;80;20;3;True;2000;4;0;0;0;0;0;0;203.87569332122803;12.792441129684448;57010.65542295834;50310.2753349965;4798.336750496665;1901.9600000000005;[97.41, 97.41, 97.41, 97.41, 97.41, 97.14, 97.41, 97.41, 97.41, 97.41, 56.32, 97.41, 97.41, 97.41, 92.53, 97.41, 97.41, 97.41, 97.41, 97.41];41.089999999999996;[3, 6, 3, 6, 4, 3, 2, 4, 4, 4, 3, 4, 3, 4, 2, 5, 2, 6, 7, 5];5
20;80;20;4;True;2000;4;0;0;0;0;0;0;275.44525241851807;10.959531307220459;66472.50066046763;58778.00354467251;5120.791708203479;2573.6399999999994;[102.2, 137.33, 126.33, 125.33, 134.33, 137.33, 137.33, 113.81, 124.33, 137.33, 92.54, 137.33, 113.81, 137.33, 137.33, 137.33, 137.33, 137.33, 137.33, 130.33];44.790000000000006;[3, 6, 5, 2, 4, 3, 3, 4, 2, 3, 4, 3, 2, 6, 5, 5, 5, 5, 5, 5];4
20;80;20;5;True;2000;4;0;0;0;0;0;0;271.47189712524414;5.864468097686768;64496.12630747308;56949.81049195083;4873.908970119875;2672.3400000000006;[130.03, 138.03, 138.03, 130.03, 128.03, 138.03, 138.03, 112.77, 138.03, 138.03, 138.03, 120.03, 127.03, 138.03, 138.03, 138.03, 130.03, 138.03, 138.03, 138.03];25.260000000000005;[3, 6, 4, 4, 4, 3, 6, 3, 3, 6, 5, 2, 3, 5, 4, 4, 4, 3, 5, 3];4
20;80;20;6;True;2000;4;0;0;0;0;0;0;249.34524250030518;18.883137941360474;69745.34342487199;62740.2613961456;4572.380340595556;2432.7200000000007;[125.76, 114.83, 125.76, 125.76, 125.76, 125.76, 125.76, 125.76, 125.76, 101.83, 78.14, 125.76, 125.76, 125.76, 125.76, 125.76, 125.76, 125.76, 125.76, 125.76];47.620000000000005;[4, 3, 4, 5, 7, 5, 4, 4, 6, 3, 1, 3, 5, 4, 1, 5, 2, 5, 4, 5];6
20;90;20;1;True;2000;2;0;0;0;0;0;0;281.1845278739929;7.084705114364624;89442.23227829677;81723.10667533372;5113.6683048325995;2605.37;[130.66, 122.83, 130.66, 130.66, 130.66, 130.66, 130.66, 130.66, 130.66, 130.66, 130.66, 130.66, 130.66, 130.66, 130.66, 130.66, 130.66, 130.66, 130.66, 130.66];7.829999999999998;[9, 3, 4, 7, 7, 6, 3, 6, 5, 4, 3, 5, 5, 3, 1, 5, 2, 4, 4, 4];8
20;90;20;2;True;2000;2;0;0;0;0;0;0;350.72332429885864;6.911338567733765;87353.75756485529;78665.16453573706;5671.540321654112;3017.1;[159.0, 149.0, 166.0, 166.0, 151.0, 166.0, 128.0, 166.0, 142.0, 166.0, 107.0, 166.0, 124.0, 166.0, 163.0, 158.0, 77.1, 166.0, 166.0, 165.0];88.9;[4, 9, 2, 3, 4, 5, 4, 4, 4, 4, 6, 6, 3, 4, 3, 6, 4, 6, 6, 3];7
20;90;20;3;True;2000;2;0;0;0;0;0;0;239.7964310646057;7.963897228240967;83734.15422394894;76138.40766029025;5478.28780895943;2117.3699999999994;[107.05, 107.05, 107.05, 107.05, 107.05, 83.42, 107.05, 107.05, 107.05, 107.05, 107.05, 107.05, 107.05, 107.05, 107.05, 107.05, 107.05, 107.05, 107.05, 107.05];23.629999999999995;[4, 4, 5, 5, 6, 4, 3, 5, 3, 8, 3, 4, 3, 5, 3, 4, 4, 5, 7, 5];5
20;90;20;4;True;2000;2;0;0;0;0;0;0;312.4888024330139;8.951924324035645;94001.62144178052;85701.75473376263;5540.156456616392;2759.7199999999993;[92.23, 144.72, 144.72, 135.01, 136.37, 110.01, 144.72, 144.72, 128.01, 144.72, 132.01, 144.72, 144.72, 144.72, 144.72, 144.72, 144.72, 144.72, 144.72, 144.72];52.489999999999995;[3, 7, 4, 6, 2, 4, 6, 5, 2, 3, 4, 3, 3, 7, 6, 7, 5, 6, 4, 3];5
20;90;20;5;True;2000;2;0;0;0;0;0;0;256.7946639060974;7.925121068954468;88612.91799555189;81007.06937487485;5310.3567277931825;2295.5799999999995;[117.99, 117.99, 117.99, 117.99, 89.79, 117.99, 117.99, 90.97, 117.99, 117.99, 117.99, 117.99, 110.99, 117.99, 117.99, 117.99, 117.99, 117.99, 117.99, 115.99];28.19999999999999;[3, 5, 7, 4, 2, 4, 3, 3, 4, 8, 6, 5, 3, 2, 4, 7, 5, 5, 6, 4];6
20;90;20;6;True;2000;2;0;0;0;0;0;0;227.16101694107056;7.304730176925659;86188.53829800404;78916.77323116013;5194.429514656126;2077.3800000000006;[103.91, 103.91, 103.91, 103.91, 103.91, 103.91, 103.91, 103.91, 103.91, 103.91, 103.91, 103.91, 103.91, 103.91, 103.91, 103.91, 103.91, 103.09, 103.91, 103.91];0.8199999999999932;[5, 4, 6, 4, 7, 8, 5, 5, 5, 1, 4, 1, 4, 4, 6, 5, 6, 3, 3, 4];7
20;100;20;1;True;2000;2;0;0;0;0;0;0;302.66167974472046;9.570146083831787;112035.59202155386;103623.35975469444;5799.626330031793;2612.6000000000013;[130.63, 130.63, 130.63, 130.63, 130.63, 130.63, 130.63, 130.63, 130.63, 130.63, 130.63, 130.63, 130.63, 130.63, 130.63, 130.63, 130.63, 130.63, 130.63, 130.63];0.0;[7, 3, 7, 5, 3, 5, 6, 8, 6, 4, 2, 5, 4, 3, 3, 5, 3, 6, 8, 7];6
20;100;20;2;True;2000;2;0;0;0;0;0;0;285.19868898391724;10.826687097549438;101805.03879219072;93079.50835637511;6484.725714252666;2240.8000000000006;[115.94, 115.94, 115.94, 115.94, 115.94, 115.94, 115.94, 115.94, 115.94, 115.94, 115.94, 115.94, 90.94, 115.94, 110.94, 115.94, 101.94, 115.94, 115.94, 81.94];34.0;[4, 6, 2, 4, 4, 9, 9, 4, 4, 4, 4, 7, 4, 3, 6, 5, 5, 8, 5, 3];7
20;100;20;3;True;2000;2;0;0;0;0;0;0;322.17231941223145;9.989396810531616;108515.46204042307;99866.0476597126;6003.895638064744;2645.5500000000006;[136.69, 136.69, 136.69, 136.69, 136.69, 108.69, 136.69, 135.69, 136.69, 136.69, 114.69, 136.69, 136.69, 136.69, 103.44, 136.69, 136.69, 136.69, 132.69, 136.69];33.25;[4, 9, 5, 5, 7, 5, 3, 5, 3, 6, 4, 5, 4, 7, 3, 5, 3, 6, 7, 4];6
20;100;20;4;True;2000;2;0;0;0;0;0;0;328.3496527671814;11.658403635025024;108846.31855143518;99870.87100750052;6183.515050167085;2791.959999999999;[118.28, 140.72, 140.72, 140.72, 140.72, 140.72, 140.72, 140.72, 140.72, 140.72, 140.72, 140.72, 140.72, 140.72, 140.72, 140.72, 140.72, 140.72, 140.72, 140.72];22.439999999999998;[7, 6, 5, 7, 2, 7, 4, 5, 4, 4, 2, 4, 5, 5, 4, 5, 5, 6, 7, 6];5
20;100;20;5;True;2000;2;0;0;0;0;0;0;277.39746952056885;9.592353582382202;108185.13021963976;99922.8004985198;5989.372644093591;2272.91;[113.77, 113.77, 113.77, 113.77, 111.28, 113.77, 113.77, 113.77, 113.77, 113.77, 113.77, 113.77, 113.77, 113.77, 113.77, 113.77, 113.77, 113.77, 113.77, 113.77];2.489999999999995;[6, 8, 6, 3, 3, 4, 6, 2, 4, 6, 6, 4, 2, 6, 5, 9, 5, 6, 5, 4];7
20;100;20;6;True;2000;2;0;0;0;0;0;0;266.3626446723938;9.319445133209229;106506.66335044787;98570.9265868951;5783.128025958314;2152.600000000001;[107.63, 107.63, 107.63, 107.63, 107.63, 107.63, 107.63, 107.63, 107.63, 107.63, 107.63, 107.63, 107.63, 107.63, 107.63, 107.63, 107.63, 107.63, 107.63, 107.63];0.0;[6, 5, 6, 5, 9, 7, 4, 3, 7, 2, 3, 4, 4, 5, 6, 5, 7, 4, 2, 6];7
20;60;20;1;True;2000;3;0;0;0;0;0;0;149.79616785049438;4.404466867446899;44928.444963495334;39587.16633870694;3581.445714830354;1759.8;[87.99, 87.99, 87.99, 87.99, 87.99, 87.99, 87.99, 87.99, 87.99, 87.99, 87.99, 87.99, 87.99, 87.99, 87.99, 87.99, 87.99, 87.99, 87.99, 87.99];0.0;[6, 3, 3, 3, 3, 3, 2, 4, 3, 3, 1, 3, 4, 1, 2, 4, 2, 3, 4, 3];5
20;60;20;2;True;2000;3;0;0;0;0;0;0;199.54760551452637;3.2000370025634766;44998.28922854116;38968.598390351806;3753.1556723685153;2276.5;[104.47, 120.47, 120.47, 120.47, 120.47, 120.47, 115.47, 110.47, 120.47, 120.47, 120.47, 120.47, 84.4, 120.47, 120.47, 76.71, 98.4, 120.47, 120.47, 120.47];43.760000000000005;[2, 5, 2, 3, 4, 5, 2, 2, 2, 3, 2, 5, 3, 2, 3, 2, 3, 4, 4, 2];3
20;60;20;3;True;2000;3;0;0;0;0;0;0;216.30085945129395;3.779421806335449;40642.871365207626;34758.557749708794;3559.2735667118277;2325.0099999999998;[128.8, 126.8, 128.8, 128.8, 128.8, 80.8, 93.8, 128.8, 128.8, 128.8, 43.81, 119.8, 128.8, 128.8, 91.8, 128.8, 116.8, 128.8, 105.8, 128.8];84.99000000000001;[3, 4, 3, 4, 3, 3, 3, 3, 2, 3, 3, 3, 2, 4, 2, 4, 1, 4, 3, 3];3
20;60;20;4;True;2000;3;0;0;0;0;0;0;285.6275706291199;3.0309300422668457;46149.08635266673;39745.59157247294;3442.3503894629634;2961.149999999999;[89.55, 183.87, 104.55, 140.55, 163.87, 136.55, 124.55, 183.87, 110.55, 125.55, 149.5, 119.55, 105.55, 183.87, 183.87, 149.87, 183.87, 183.87, 153.87, 183.87];94.32000000000001;[4, 4, 3, 3, 1, 2, 2, 3, 3, 2, 3, 2, 2, 5, 3, 4, 3, 4, 4, 3];4
20;60;20;5;True;2000;3;0;0;0;0;0;0;218.85987377166748;3.8860199451446533;43578.43631788226;37497.19083967766;3647.1875706396404;2434.01;[135.34, 135.34, 135.34, 135.34, 83.34, 135.34, 135.34, 83.34, 135.34, 111.34, 135.34, 77.25, 80.64, 135.34, 135.34, 135.34, 125.34, 133.34, 135.34, 115.34];58.09;[2, 3, 4, 3, 3, 2, 5, 1, 3, 4, 4, 1, 2, 3, 4, 6, 3, 2, 4, 1];5
20;60;20;6;True;2000;3;0;0;0;0;0;0;192.05379486083984;3.416145086288452;49370.5782997346;44019.77530102604;3232.5331254854605;2118.21;[113.36, 113.36, 113.36, 113.36, 113.36, 113.36, 100.36, 113.36, 113.36, 104.36, 81.15, 97.15, 113.36, 113.36, 90.15, 94.21, 113.36, 77.15, 113.36, 113.36];36.209999999999994;[3, 3, 4, 3, 4, 4, 4, 4, 4, 2, 1, 1, 3, 2, 2, 3, 3, 2, 2, 6];5
20;70;20;1;True;2000;3;0;0;0;0;0;0;186.66901922225952;6.664899826049805;54593.22970432955;48563.38343514682;4183.879047575249;1845.9200000000008;[96.15, 91.15, 90.15, 96.15, 96.15, 96.15, 96.15, 96.15, 96.15, 79.15, 90.08, 96.15, 96.15, 96.15, 81.15, 96.15, 68.14, 96.15, 96.15, 96.15];28.010000000000005;[6, 3, 2, 3, 5, 5, 1, 4, 6, 2, 2, 3, 6, 2, 1, 4, 1, 3, 6, 5];5
20;70;20;2;True;2000;3;0;0;0;0;0;0;191.10024976730347;6.621377944946289;51897.79256522971;45774.32730887304;4195.260793362444;1928.2699999999995;[102.3, 102.3, 102.3, 102.3, 99.3, 102.3, 102.3, 102.3, 102.3, 102.3, 102.3, 102.3, 102.3, 102.3, 102.3, 72.3, 54.47, 102.3, 102.3, 65.4];47.83;[3, 6, 2, 5, 4, 5, 4, 3, 2, 4, 4, 4, 5, 3, 2, 2, 2, 4, 5, 1];5
20;70;20;3;True;2000;3;0;0;0;0;0;0;178.94550800323486;6.27341103553772;49661.10100144935;43787.02293916526;4022.1324445300606;1851.9700000000005;[94.71, 94.71, 94.71, 94.71, 94.71, 90.71, 94.71, 94.71, 94.71, 94.71, 56.48, 94.71, 94.71, 94.71, 94.71, 94.71, 94.71, 94.71, 94.71, 94.71];38.23;[4, 4, 3, 5, 4, 2, 2, 4, 2, 2, 3, 3, 3, 3, 4, 4, 3, 5, 5, 5];3
20;70;20;4;True;2000;3;0;0;0;0;0;0;215.04795598983765;9.471614837646484;58635.36395531311;52034.74043015861;4316.717695998408;2283.8300000000004;[90.68, 116.68, 105.68, 115.68, 116.68, 116.68, 111.68, 116.68, 116.68, 116.68, 109.91, 116.68, 116.68, 116.68, 116.68, 116.68, 116.68, 116.68, 116.68, 116.68];26.0;[3, 5, 2, 5, 1, 2, 3, 5, 4, 2, 3, 3, 1, 6, 4, 3, 6, 5, 3, 4];5
20;70;20;5;True;2000;3;0;0;0;0;0;0;220.49229431152344;5.496507167816162;54225.16231698807;47682.195677767304;4236.002523295149;2306.9799999999996;[113.79, 120.79, 120.79, 120.79, 87.85, 120.79, 120.79, 83.85, 120.79, 120.79, 120.79, 120.79, 95.85, 120.79, 120.79, 120.79, 120.79, 120.79, 120.79, 113.79];36.94000000000001;[2, 4, 4, 5, 3, 3, 5, 2, 4, 3, 4, 3, 3, 3, 5, 5, 4, 2, 3, 3];3
20;70;20;6;True;2000;3;0;0;0;0;0;0;188.68338108062744;4.680857181549072;57154.44982528607;51252.8465814816;4072.577168023677;1829.07;[96.49, 96.49, 96.49, 96.49, 96.49, 96.49, 96.49, 96.49, 96.49, 96.49, 78.49, 96.49, 96.49, 96.49, 96.49, 41.76, 96.49, 68.49, 96.49, 96.49];54.73;[5, 3, 5, 3, 5, 7, 3, 4, 4, 3, 1, 1, 3, 2, 5, 3, 3, 4, 3, 3];6
20;80;20;1;True;2000;3;0;0;0;0;0;0;272.4114685058594;7.537414073944092;67908.26679970151;60762.65552419851;4609.141441853552;2536.3799999999997;[135.08, 96.08, 135.08, 135.08, 135.08, 114.08, 114.08, 135.08, 135.08, 135.08, 130.86, 135.08, 135.08, 104.08, 125.08, 135.08, 96.08, 135.08, 135.08, 135.08];39.000000000000014;[6, 3, 4, 5, 5, 4, 3, 7, 4, 3, 3, 6, 3, 2, 2, 4, 2, 4, 6, 4];5
20;80;20;2;True;2000;3;0;0;0;0;0;0;257.6001853942871;6.429194211959839;69028.85061444379;61682.64047719132;4885.959850568223;2460.2399999999993;[126.58, 131.58, 131.58, 131.58, 108.58, 131.58, 122.58, 117.58, 131.58, 131.58, 131.58, 131.58, 117.58, 131.58, 131.58, 131.58, 68.22, 131.58, 131.58, 88.58];63.360000000000014;[4, 6, 2, 3, 3, 4, 3, 3, 4, 4, 4, 5, 6, 4, 4, 3, 3, 6, 6, 3];4
20;80;20;3;True;2000;3;0;0;0;0;0;0;208.55902290344238;6.724978685379028;59803.51780478934;53129.36270477696;4830.648533256487;1843.5400000000006;[95.45, 95.45, 95.45, 95.45, 95.45, 55.99, 95.45, 95.45, 95.45, 95.45, 78.45, 95.45, 95.45, 95.45, 94.45, 95.45, 95.45, 95.45, 87.45, 95.45];39.46;[4, 5, 3, 5, 5, 3, 3, 4, 3, 6, 2, 3, 3, 4, 3, 6, 3, 5, 5, 5];4
20;80;20;4;True;2000;3;0;0;0;0;0;0;263.9980731010437;11.282793760299683;71231.20441793409;63625.716531310114;5098.534256140723;2507.0099999999998;[123.2, 129.87, 129.87, 129.87, 125.2, 129.87, 121.2, 129.87, 129.87, 129.87, 66.16, 129.87, 123.2, 129.87, 129.87, 129.87, 129.87, 129.87, 129.87, 129.87];63.71000000000001;[4, 7, 2, 6, 2, 3, 3, 4, 4, 3, 3, 3, 2, 7, 4, 5, 6, 4, 4, 4];5
20;80;20;5;True;2000;3;0;0;0;0;0;0;292.57602167129517;7.096602916717529;69132.4918002494;61386.20686479867;4853.953782764577;2892.3999999999987;[115.12, 149.12, 149.12, 149.12, 149.12, 139.12, 149.12, 149.12, 149.12, 149.12, 149.12, 125.12, 149.12, 149.12, 136.12, 149.12, 140.12, 149.12, 149.12, 149.12];34.0;[2, 4, 4, 4, 4, 2, 6, 2, 4, 4, 6, 4, 4, 3, 5, 7, 4, 4, 3, 4];5
20;80;20;6;True;2000;3;0;0;0;0;0;0;222.24805879592896;9.057831287384033;68938.99839990301;62183.370386998904;4594.192444848234;2161.399999999999;[111.57, 111.57, 111.57, 111.57, 111.57, 111.57, 107.57, 111.57, 111.57, 73.57, 101.57, 111.57, 111.57, 111.57, 111.57, 111.57, 111.57, 93.57, 111.57, 111.57];38.0;[5, 4, 4, 4, 9, 7, 3, 3, 5, 2, 2, 1, 5, 2, 5, 4, 5, 3, 3, 4];8
20;90;20;1;True;2000;3;0;0;0;0;0;0;254.2001461982727;8.844087839126587;81019.92287348898;73693.07103622705;5098.091102336598;2228.75;[111.47, 111.47, 110.82, 111.47, 111.47, 111.47, 111.47, 111.47, 111.47, 111.47, 111.47, 111.47, 111.47, 111.47, 111.47, 111.47, 111.47, 111.47, 111.47, 111.47];0.6500000000000057;[6, 4, 5, 6, 7, 4, 4, 7, 5, 3, 3, 4, 5, 3, 2, 6, 3, 4, 3, 6];5
20;90;20;2;True;2000;3;0;0;0;0;0;0;252.22519493103027;7.312527656555176;80957.31325197438;73085.99619282251;5721.888121717306;2149.370000000001;[111.64, 111.64, 111.64, 111.64, 111.64, 111.64, 111.64, 111.64, 111.64, 111.64, 76.21, 111.64, 109.64, 111.64, 111.64, 111.64, 83.64, 111.64, 111.64, 93.64];35.43000000000001;[4, 8, 4, 5, 7, 3, 4, 4, 3, 4, 4, 6, 5, 4, 4, 4, 4, 4, 5, 4];5
20;90;20;3;True;2000;3;0;0;0;0;0;0;261.57781410217285;7.328616142272949;76154.02052390599;68420.72302337382;5435.080382309917;2298.1999999999994;[118.06, 118.06, 118.06, 118.06, 118.06, 98.06, 118.06, 118.06, 118.06, 118.06, 101.06, 118.06, 118.06, 118.06, 118.06, 118.06, 118.06, 118.06, 92.06, 118.06];26.0;[5, 7, 5, 5, 4, 5, 4, 6, 4, 5, 4, 3, 4, 4, 4, 4, 3, 5, 5, 4];4
20;90;20;4;True;2000;3;0;0;0;0;0;0;290.51234674453735;14.805582761764526;83704.2153938426;75493.03712122483;5578.074429488708;2633.1999999999994;[133.31, 137.31, 129.31, 123.31, 119.31, 137.31, 137.31, 127.31, 105.31, 137.31, 110.31, 137.31, 137.31, 137.31, 137.31, 137.31, 137.31, 137.31, 137.31, 137.31];32.0;[4, 6, 3, 6, 2, 5, 4, 3, 3, 5, 4, 3, 1, 6, 4, 5, 8, 6, 7, 5];7
20;90;20;5;True;2000;3;0;0;0;0;0;0;277.8194508552551;7.743501663208008;81686.49239260613;73878.02611511841;5313.025887443885;2495.4899999999993;[126.85, 126.85, 126.85, 126.85, 126.85, 126.85, 126.85, 126.85, 126.85, 126.85, 126.85, 114.08, 98.11, 126.85, 126.85, 126.85, 126.85, 126.85, 126.85, 126.85];28.739999999999995;[4, 7, 6, 4, 4, 4, 5, 2, 3, 5, 5, 4, 4, 3, 4, 7, 5, 4, 7, 3];5
20;90;20;6;True;2000;3;0;0;0;0;0;0;260.80229330062866;13.435776948928833;85099.71509228273;77673.51366335363;5146.10434450414;2279.999999999999;[102.85, 118.85, 118.85, 118.85, 118.85, 118.85, 118.85, 118.85, 118.85, 118.85, 87.85, 118.85, 118.85, 118.85, 118.85, 108.85, 118.85, 78.85, 118.85, 118.85];40.0;[6, 5, 4, 4, 6, 5, 4, 3, 4, 2, 4, 1, 7, 4, 5, 6, 7, 3, 3, 7];6
20;100;20;1;True;2000;3;0;0;0;0;0;0;323.9538607597351;10.539644241333008;103401.63865886409;94914.35496298794;5740.979529604023;2746.4000000000005;[139.17, 124.17, 139.17, 139.17, 139.17, 139.17, 139.17, 139.17, 139.17, 137.17, 139.17, 139.17, 139.17, 138.17, 120.17, 139.17, 139.17, 139.17, 139.17, 139.17];18.999999999999986;[7, 4, 6, 5, 5, 6, 5, 9, 8, 3, 3, 5, 5, 3, 3, 4, 4, 4, 6, 5];6
20;100;20;2;True;2000;3;0;0;0;0;0;0;286.74962759017944;12.611214876174927;102935.28241146496;94024.36547716596;6510.19912239794;2400.7299999999996;[122.08, 122.08, 122.08, 122.08, 122.08, 122.08, 122.08, 122.08, 111.08, 122.08, 122.08, 122.08, 122.08, 122.08, 122.08, 122.08, 92.21, 122.08, 122.08, 122.08];29.870000000000005;[6, 10, 3, 5, 7, 6, 4, 4, 4, 4, 4, 6, 7, 4, 5, 4, 5, 4, 4, 4];7
20;100;20;3;True;2000;3;0;0;0;0;0;0;318.09426641464233;9.48716115951538;95507.16119363383;87157.32315128771;5955.533478754436;2394.3699999999994;[126.47, 126.47, 126.47, 126.47, 126.47, 67.68, 126.47, 126.47, 126.47, 126.47, 94.85, 123.47, 126.47, 126.47, 126.47, 126.47, 126.47, 126.47, 84.85, 126.47];58.78999999999999;[5, 7, 5, 7, 5, 3, 3, 5, 4, 7, 5, 5, 3, 5, 4, 5, 3, 6, 6, 7];4
20;100;20;4;True;2000;3;0;0;0;0;0;0;298.53112983703613;12.476642370223999;103872.04257208282;95269.45765727521;6135.518889601838;2467.14;[121.82, 126.82, 126.82, 126.82, 126.82, 120.82, 126.82, 126.82, 99.56, 126.82, 108.82, 126.82, 126.82, 126.82, 126.82, 126.82, 126.82, 126.82, 126.82, 113.82];27.25999999999999;[4, 9, 2, 7, 3, 4, 6, 4, 5, 4, 4, 4, 4, 6, 5, 7, 6, 5, 7, 4];7
20;100;20;5;True;2000;3;0;0;0;0;0;0;315.39307737350464;9.21793007850647;97712.69623652997;89222.70290105375;5924.82085964913;2565.1800000000007;[133.94, 133.94, 133.94, 133.94, 113.71, 133.94, 133.94, 110.71, 133.94, 133.94, 133.94, 84.24, 114.71, 133.94, 133.94, 133.94, 132.71, 133.94, 133.94, 133.94];49.7;[5, 4, 7, 5, 4, 5, 7, 3, 3, 7, 5, 4, 5, 3, 6, 6, 6, 4, 6, 5];4
20;100;20;6;True;2000;3;0;0;0;0;0;0;320.6274333000183;11.816693782806396;105502.73620641307;97164.24527270485;5746.90324281508;2591.500000000001;[135.51, 135.51, 135.51, 135.51, 135.51, 135.51, 95.16, 135.51, 135.51, 132.51, 99.16, 135.51, 135.51, 135.51, 116.51, 124.51, 135.51, 126.51, 135.51, 135.51];40.349999999999994;[7, 5, 5, 5, 5, 7, 7, 6, 5, 4, 2, 3, 5, 4, 5, 6, 5, 4, 3, 7];5
20;80;20;1;True;2000;4;0;0;0;0;0;0;315.5632104873657;15.184000730514526;69379.85687690217;61877.84942843018;4577.82236069475;2924.1999999999994;[157.81, 129.81, 158.81, 158.81, 158.81, 123.81, 158.81, 158.81, 158.81, 136.81, 111.81, 158.81, 158.81, 129.81, 116.81, 156.81, 122.81, 149.81, 158.81, 158.81];47.0;[6, 4, 4, 5, 4, 4, 4, 7, 5, 3, 3, 4, 7, 3, 1, 3, 2, 4, 3, 4];6
20;80;20;2;True;2000;4;0;0;0;0;0;0;308.8500461578369;9.728415250778198;62959.33809870775;55333.23550950763;4924.122784566634;2701.9499999999994;[100.35, 159.35, 159.35, 149.35, 113.35, 159.35, 116.35, 131.35, 136.35, 159.35, 126.35, 159.35, 99.35, 159.35, 159.35, 118.35, 85.05, 159.35, 159.35, 91.6];74.3;[3, 6, 3, 6, 4, 5, 4, 4, 3, 5, 4, 5, 4, 3, 3, 2, 4, 5, 5, 2];4
20;80;20;3;True;2000;4;0;0;0;0;0;0;249.15409183502197;10.65068507194519;57704.80926992482;50618.02580302772;4802.987675762899;2283.8399999999997;[122.87, 122.87, 119.08, 122.87, 122.87, 101.87, 115.08, 122.87, 122.87, 122.87, 59.48, 97.97, 122.87, 103.08, 89.97, 122.87, 122.87, 122.87, 122.87, 122.87];63.39000000000001;[3, 6, 4, 6, 4, 3, 3, 4, 3, 4, 3, 4, 3, 4, 2, 4, 3, 6, 7, 4];5
20;80;20;4;True;2000;4;0;0;0;0;0;0;335.6729989051819;17.67521595954895;65829.06762120055;57965.01831145903;5115.979855508988;2748.0699999999993;[92.33, 169.33, 110.33, 117.33, 159.33, 137.33, 169.33, 112.33, 124.33, 169.33, 55.8, 120.33, 131.33, 169.33, 169.33, 137.33, 169.33, 169.33, 139.33, 125.33];113.53000000000002;[5, 7, 3, 2, 4, 4, 4, 4, 2, 4, 3, 3, 3, 6, 4, 4, 5, 6, 4, 3];5
20;80;20;5;True;2000;4;0;0;0;0;0;0;293.3009099960327;8.139798879623413;65986.91471390905;58297.82016685684;4853.503442868264;2835.649999999999;[97.42, 151.81, 151.81, 151.81, 103.69, 151.81, 151.81, 138.81, 110.77, 151.81, 151.81, 151.81, 132.81, 151.81, 151.81, 151.81, 147.81, 130.81, 151.81, 151.81];54.39;[3, 6, 5, 4, 4, 3, 5, 3, 3, 6, 5, 2, 3, 4, 5, 4, 3, 3, 6, 3];4
20;80;20;6;True;2000;4;0;0;0;0;0;0;246.1574478149414;14.100971221923828;66960.4983395201;60196.3431644731;4574.665930550685;2189.5699999999993;[118.33, 118.33, 118.33, 118.33, 107.33, 118.33, 118.33, 118.33, 118.33, 70.3, 118.33, 94.33, 118.33, 118.33, 82.33, 98.33, 118.33, 89.33, 109.33, 118.33];48.03;[4, 5, 4, 5, 6, 5, 5, 3, 6, 1, 2, 6, 4, 3, 2, 4, 4, 4, 2, 5];5
20;90;20;1;True;2000;4;0;0;0;0;0;0;351.8455157279968;17.097711086273193;86135.59204241911;77955.51414445713;5128.653064645751;3051.3999999999987;[164.37, 164.37, 116.37, 164.37, 164.37, 164.37, 164.37, 164.37, 162.37, 121.37, 122.37, 164.37, 164.37, 164.37, 126.37, 143.37, 127.37, 164.37, 164.37, 159.37];48.0;[6, 4, 5, 5, 8, 4, 4, 5, 5, 3, 3, 5, 7, 3, 2, 3, 3, 5, 4, 6];6
20;90;20;2;True;2000;4;0;0;0;0;0;0;340.775842666626;11.095425844192505;94587.34660502728;86039.7282863676;5632.139904085149;2915.5300000000007;[129.05, 151.05, 151.05, 151.05, 151.05, 151.05, 151.05, 151.05, 148.05, 151.05, 151.05, 151.05, 151.05, 151.05, 151.05, 151.05, 90.58, 151.05, 151.05, 131.05];60.47000000000001;[4, 8, 2, 4, 4, 5, 3, 6, 5, 6, 5, 6, 3, 5, 4, 3, 3, 3, 7, 4];6
20;90;20;3;True;2000;4;0;0;0;0;0;0;278.3126382827759;12.374106884002686;70313.73251565761;62505.54295962088;5476.899914292725;2331.3800000000006;[125.43, 125.43, 125.43, 125.43, 125.43, 54.21, 106.43, 125.43, 125.43, 125.43, 91.43, 108.43, 125.43, 125.43, 119.43, 125.43, 125.43, 125.43, 95.43, 125.43];71.22;[3, 7, 4, 6, 5, 4, 3, 4, 4, 6, 4, 3, 3, 5, 4, 4, 3, 5, 7, 6];4
20;90;20;4;True;2000;4;0;0;0;0;0;0;285.60773372650146;15.341600179672241;83746.2990343226;75691.41884959355;5555.958629918276;2498.99;[119.89, 130.2, 130.2, 118.89, 130.2, 130.2, 120.89, 109.36, 130.2, 130.2, 76.96, 130.2, 130.2, 130.2, 130.2, 130.2, 130.2, 130.2, 130.2, 130.2];53.239999999999995;[3, 5, 3, 3, 3, 4, 5, 4, 2, 4, 3, 5, 4, 8, 4, 7, 8, 7, 4, 4];6
20;90;20;5;True;2000;4;0;0;0;0;0;0;315.41944646835327;12.905810117721558;85564.94770993579;77494.90003250373;5382.882682323687;2687.1600000000003;[139.71, 139.71, 139.71, 139.71, 139.71, 127.71, 139.71, 139.71, 139.71, 135.71, 139.71, 60.67, 139.71, 139.71, 131.71, 139.71, 139.71, 135.71, 139.71, 139.71];79.04;[4, 5, 6, 6, 5, 6, 6, 3, 2, 6, 6, 3, 5, 3, 4, 3, 4, 3, 7, 3];5
20;90;20;6;True;2000;4;0;0;0;0;0;0;310.74837350845337;42.7600998878479;82398.11354872173;74649.72370116867;5126.2998662293985;2622.139999999999;[144.62, 144.62, 144.62, 144.62, 144.62, 144.62, 144.62, 144.62, 144.62, 81.99, 99.62, 100.62, 144.62, 134.62, 144.62, 71.99, 144.62, 108.62, 144.62, 144.62];72.63000000000001;[5, 4, 6, 4, 6, 7, 8, 4, 4, 4, 2, 6, 4, 4, 2, 2, 4, 3, 5, 6];6
20;100;20;1;True;2000;4;0;0;0;0;0;0;355.0658669471741;17.212398052215576;98945.65742552203;90357.54406280036;5780.654673966612;2807.4700000000007;[148.44, 111.11, 145.44, 148.44, 148.44, 148.44, 148.44, 148.44, 148.44, 127.44, 118.44, 148.44, 148.44, 148.44, 123.44, 148.44, 114.44, 140.44, 145.44, 148.44];37.33;[7, 5, 6, 5, 5, 4, 5, 8, 5, 5, 4, 4, 5, 5, 2, 6, 3, 7, 2, 7];6
20;100;20;2;True;2000;4;0;0;0;0;0;0;458.96138191223145;16.949941873550415;103492.38660241998;93592.48421982955;6497.9913067567995;3401.8899999999994;[176.81, 181.81, 194.81, 200.81, 171.81, 206.81, 157.81, 157.81, 130.81, 160.81, 194.81, 206.81, 206.81, 164.81, 182.81, 109.81, 98.5, 134.81, 206.81, 155.81];108.31;[5, 6, 4, 5, 7, 6, 4, 5, 4, 5, 6, 6, 5, 5, 3, 4, 5, 7, 6, 2];5
20;100;20;3;True;2000;4;0;0;0;0;0;0;378.0891008377075;15.418623924255371;99866.95531804052;90927.11247032187;5934.032124768773;3005.7700000000004;[160.01, 152.01, 160.01, 160.01, 160.01, 99.45, 155.01, 160.01, 160.01, 160.01, 103.37, 160.01, 160.01, 160.01, 152.01, 130.01, 160.01, 138.01, 155.78, 160.01];60.55999999999999;[6, 7, 5, 7, 4, 4, 4, 4, 4, 8, 5, 3, 5, 5, 6, 3, 4, 5, 5, 6];5
20;100;20;4;True;2000;4;0;0;0;0;0;0;343.3770160675049;19.330102920532227;104659.16103180991;95591.74655534393;6122.732080659713;2944.6;[124.48, 149.48, 130.48, 149.48, 149.48, 149.48, 149.48, 149.48, 148.48, 149.48, 149.48, 149.48, 149.48, 149.48, 149.48, 149.48, 149.48, 149.48, 149.48, 149.48];24.999999999999986;[3, 6, 5, 6, 5, 4, 2, 4, 4, 4, 5, 6, 5, 7, 6, 6, 6, 5, 5, 6];5
20;100;20;5;True;2000;4;0;0;0;0;0;0;315.6495542526245;12.946627140045166;100065.00713836838;91613.57326531007;5965.836172328686;2485.6099999999997;[116.47, 129.47, 129.47, 129.47, 88.62, 129.47, 129.47, 112.85, 129.47, 129.47, 129.47, 96.15, 129.47, 129.47, 129.47, 129.47, 129.47, 129.47, 129.47, 129.47];40.849999999999994;[3, 7, 7, 5, 4, 4, 6, 4, 5, 7, 5, 4, 6, 5, 6, 3, 4, 5, 7, 3];4
20;100;20;6;True;2000;4;0;0;0;0;0;0;294.9765281677246;23.937803030014038;92639.89138948072;84622.95779432582;5764.7943918190995;2252.1400000000003;[120.41, 120.41, 120.41, 120.41, 120.41, 117.41, 102.41, 120.41, 120.41, 100.41, 120.41, 120.41, 117.41, 109.41, 89.22, 76.73, 120.41, 94.22, 120.41, 120.41];43.67999999999999;[6, 5, 4, 4, 5, 6, 7, 6, 6, 6, 2, 3, 6, 4, 6, 4, 5, 3, 4, 8];6
30;60;30;1;True;2000;2;0;0;0;0;0;0;138.00939273834229;5.346119165420532;42521.94108529097;36988.33533211091;3491.6741185827764;2041.9099999999992;[72.84, 55.84, 53.84, 72.84, 72.84, 58.84, 72.84, 72.84, 72.84, 60.84, 62.84, 72.84, 72.84, 72.84, 72.84, 72.84, 48.84, 72.84, 72.84, 72.84, 72.84, 32.55, 72.84, 72.84, 72.84, 72.84, 65.84, 72.84, 72.84, 72.84];40.290000000000006;[4, 1, 1, 1, 4, 1, 2, 3, 1, 1, 1, 1, 3, 3, 3, 2, 1, 2, 3, 3, 3, 1, 3, 1, 2, 2, 3, 3, 1];3
30;60;30;2;True;2000;2;0;0;0;0;0;0;139.93508911132812;6.289716958999634;41116.552891876134;35174.383162453625;3747.6415293580635;2194.5300000000007;[77.51, 77.51, 77.51, 77.51, 77.51, 77.51, 77.51, 65.51, 77.51, 77.51, 77.51, 77.51, 68.51, 77.51, 77.51, 69.51, 27.74, 77.51, 77.51, 66.51, 77.51, 77.51, 77.51, 77.51, 77.51, 77.51, 77.51, 77.51, 59.51, 54.51];49.77000000000001;[2, 3, 1, 4, 2, 2, 2, 2, 1, 1, 3, 2, 2, 3, 1, 1, 2, 3, 1, 2, 1, 2, 4, 4, 3, 1, 3, 2];3
30;60;30;3;True;2000;2;0;0;0;0;0;0;126.01543664932251;5.8469483852386475;38856.53317215273;33515.92045793904;3512.5035862572454;1828.1199999999994;[65.28, 65.28, 65.28, 65.28, 65.28, 65.28, 28.28, 65.28, 65.28, 65.28, 30.28, 65.28, 65.28, 65.28, 65.28, 65.28, 65.28, 65.28, 64.28, 65.28, 65.28, 65.28, 65.28, 45.28, 65.28, 65.28, 65.28, 28.0, 65.28, 65.28];37.28;[1, 2, 2, 2, 1, 2, 2, 2, 1, 3, 1, 2, 1, 4, 2, 2, 1, 4, 4, 1, 1, 2, 2, 2, 1, 2, 3, 1, 2, 4];3
30;60;30;4;True;2000;2;0;0;0;0;0;0;140.5923261642456;5.858037233352661;44841.83654599274;39587.55905464751;3388.9576972123755;1865.389999999999;[57.11, 66.11, 66.11, 66.11, 66.11, 66.11, 66.11, 66.11, 66.11, 66.11, 28.97, 66.11, 64.11, 66.11, 66.11, 66.11, 66.11, 66.11, 66.11, 66.11, 66.11, 15.32, 66.11, 66.11, 66.11, 66.11, 66.11, 47.13, 66.11, 66.11];50.79;[3, 2, 2, 2, 2, 1, 2, 1, 1, 3, 2, 1, 2, 3, 3, 3, 3, 3, 2, 2, 1, 1, 1, 2, 1, 4, 3, 4];3
30;60;30;5;True;2000;2;0;0;0;0;0;0;123.2627420425415;5.18307089805603;39417.55631803083;33974.77843215672;3641.400658885951;1801.4799999999993;[63.83, 63.83, 63.83, 63.83, 48.83, 63.83, 63.83, 63.83, 63.83, 63.83, 63.83, 3.0, 63.83, 63.83, 63.83, 63.83, 63.83, 63.83, 63.83, 63.83, 63.83, 63.83, 63.83, 63.83, 32.24, 63.83, 57.83, 63.83, 63.83, 63.83];60.83;[3, 3, 3, 2, 1, 2, 1, 1, 3, 4, 3, 2, 4, 3, 1, 1, 2, 3, 1, 1, 1, 2, 1, 4, 1, 2, 2, 3];3
30;60;30;6;True;2000;2;0;0;0;0;0;0;183.16020965576172;6.767671346664429;46338.82957213158;40416.755142790906;3200.7080570654794;2721.38;[108.02, 84.02, 108.02, 108.02, 108.02, 108.02, 108.02, 108.02, 108.02, 43.02, 59.02, 83.02, 108.02, 101.02, 108.02, 34.02, 108.02, 71.02, 101.02, 108.02, 108.02, 108.02, 88.02, 47.02, 108.02, 108.02, 108.02, 61.02, 32.8, 80.02];75.22;[3, 2, 2, 2, 1, 5, 1, 2, 2, 1, 2, 3, 2, 2, 2, 1, 2, 1, 3, 1, 3, 1, 6, 1, 1, 2, 4, 1, 1];5
30;70;30;1;True;2000;2;0;0;0;0;0;0;168.7116494178772;10.371640920639038;53234.53344441798;46698.51073241199;4156.271710645764;2379.7299999999996;[84.58, 59.42, 57.42, 84.58, 84.58, 84.57, 84.58, 84.58, 84.58, 80.57, 61.58, 84.58, 84.58, 84.58, 84.58, 84.58, 74.57, 84.58, 84.58, 84.58, 84.58, 47.42, 84.58, 84.58, 84.58, 84.58, 53.42, 84.58, 84.58, 84.58];37.16;[4, 1, 1, 2, 3, 1, 3, 3, 1, 1, 1, 2, 3, 2, 3, 2, 3, 3, 3, 3, 5, 1, 3, 2, 3, 3, 1, 2, 3, 2];4
30;70;30;2;True;2000;2;0;0;0;0;0;0;148.2730836868286;7.2121686935424805;49430.92516823892;43168.48617729802;4172.0887268369215;2090.4100000000003;[73.17, 73.17, 73.17, 73.17, 73.17, 73.17, 73.17, 55.17, 73.17, 73.17, 73.17, 73.17, 71.17, 73.17, 73.17, 73.17, 42.81, 73.17, 73.17, 35.84, 73.17, 73.17, 73.17, 73.17, 73.17, 73.17, 73.17, 73.17, 73.17, 56.17];37.33;[1, 4, 1, 3, 3, 3, 5, 2, 1, 3, 4, 2, 2, 2, 1, 2, 3, 2, 2, 2, 3, 3, 2, 4, 2, 1, 4, 1, 2];4
30;70;30;3;True;2000;2;0;0;0;0;0;0;172.6247754096985;7.94127893447876;47412.4373581658;41023.01104345326;4053.440580190534;2336.0799999999995;[86.04, 86.04, 86.04, 86.04, 86.04, 60.04, 46.04, 86.04, 86.04, 86.04, 35.07, 86.04, 86.04, 86.04, 76.04, 86.04, 79.04, 86.04, 41.89, 86.04, 70.04, 86.04, 86.04, 86.04, 86.04, 82.04, 86.04, 49.04, 76.04, 86.04];50.970000000000006;[3, 2, 3, 4, 3, 1, 2, 3, 1, 2, 1, 3, 1, 4, 4, 3, 1, 2, 3, 1, 2, 3, 2, 1, 3, 2, 3, 2, 1, 4];3
30;70;30;4;True;2000;2;0;0;0;0;0;0;171.70249700546265;10.098874807357788;55369.148623086476;48703.57504819142;4295.451517157383;2370.0099999999984;[77.37, 81.37, 75.37, 81.37, 81.37, 81.37, 81.37, 81.37, 81.37, 81.37, 75.37, 81.37, 79.37, 81.37, 81.37, 81.37, 81.37, 81.37, 81.37, 81.37, 81.37, 32.28, 81.37, 81.37, 81.37, 81.37, 81.37, 81.37, 81.37, 77.37];49.09;[2, 3, 1, 2, 3, 1, 1, 4, 2, 2, 3, 1, 2, 5, 5, 3, 4, 3, 1, 4, 1, 2, 1, 1, 1, 2, 2, 1, 5, 2];4
30;70;30;5;True;2000;2;0;0;0;0;0;0;144.37259149551392;8.4972243309021;49244.444073049046;43039.334465627755;4236.816242433333;1968.350000000001;[69.15, 69.15, 69.15, 69.15, 56.15, 69.15, 69.15, 69.15, 69.15, 69.15, 69.15, 3.0, 69.15, 69.15, 69.15, 69.15, 69.15, 66.15, 69.15, 69.15, 69.15, 69.15, 69.15, 69.15, 60.15, 69.15, 54.15, 69.15, 69.15, 69.15];66.15;[2, 3, 3, 2, 3, 2, 3, 1, 2, 3, 3, 3, 3, 3, 3, 1, 1, 5, 2, 2, 1, 3, 2, 1, 3, 1, 1, 3, 5];4
30;70;30;6;True;2000;2;0;0;0;0;0;0;164.5307822227478;7.6144702434539795;54737.02516843583;48441.20314817145;4113.43463933221;2182.4400000000005;[80.71, 80.71, 80.71, 80.71, 80.71, 80.71, 80.71, 80.71, 80.71, 59.71, 47.71, 77.71, 80.71, 80.71, 80.71, 35.71, 80.71, 59.71, 80.71, 80.71, 80.71, 80.71, 79.71, 39.71, 80.71, 80.71, 80.71, 64.71, 32.85, 70.71];47.85999999999999;[3, 2, 3, 4, 3, 4, 2, 3, 3, 2, 1, 3, 2, 2, 1, 1, 5, 1, 2, 2, 3, 2, 4, 1, 3, 3, 3, 1, 1];4
30;80;30;1;True;2000;2;0;0;0;0;0;0;202.44616651535034;8.321554183959961;61803.00763795889;54685.49691000596;4517.674867694537;2599.8200000000006;[91.84, 53.1, 83.84, 91.84, 91.84, 91.84, 83.84, 91.84, 91.84, 91.84, 66.84, 91.84, 91.84, 91.84, 91.84, 91.84, 91.84, 91.84, 91.84, 91.84, 91.84, 38.2, 91.84, 91.84, 91.84, 91.84, 69.84, 91.84, 91.84, 91.84];53.64;[3, 2, 1, 2, 5, 1, 2, 5, 2, 2, 1, 3, 4, 4, 3, 4, 4, 4, 3, 3, 2, 1, 3, 2, 3, 3, 2, 2, 2, 2];4
30;80;30;2;True;2000;2;0;0;0;0;0;0;187.68400764465332;9.538720846176147;60779.922817596955;53480.014339267684;4940.95529420458;2359.07;[82.28, 82.28, 82.28, 82.28, 82.28, 82.28, 82.28, 54.63, 82.28, 82.28, 82.28, 82.28, 72.32, 82.28, 82.28, 82.28, 46.25, 82.28, 82.28, 46.59, 82.28, 82.28, 82.28, 82.28, 82.28, 82.28, 82.28, 82.28, 82.28, 82.28];36.03;[3, 4, 1, 4, 2, 4, 3, 2, 2, 2, 2, 2, 4, 1, 3, 3, 2, 2, 3, 1, 4, 4, 3, 4, 4, 3, 1, 2, 3, 2];3
30;80;30;3;True;2000;2;0;0;0;0;0;0;240.88460206985474;9.600421667098999;59468.851182451035;51740.67671667383;4840.618008076122;2887.499999999999;[109.29, 109.29, 109.29, 109.29, 109.29, 109.29, 51.29, 91.29, 109.29, 109.29, 36.86, 109.29, 109.29, 109.29, 109.29, 109.29, 78.29, 109.29, 39.83, 109.29, 82.29, 109.29, 109.29, 97.29, 99.29, 97.29, 109.29, 45.98, 91.29, 109.29];72.43;[3, 3, 3, 2, 4, 2, 4, 2, 1, 3, 3, 2, 5, 3, 4, 2, 4, 5, 1, 2, 2, 3, 2, 2, 2, 5, 2, 2, 2];4
30;80;30;4;True;2000;2;0;0;0;0;0;0;193.92117643356323;14.54114580154419;66789.76044978818;59404.76288342991;5069.630977987991;2315.369999999999;[79.58, 79.58, 79.58, 79.58, 79.58, 79.58, 79.58, 79.58, 79.58, 79.58, 72.58, 79.58, 57.11, 79.58, 79.58, 79.58, 79.58, 79.58, 79.58, 79.58, 79.58, 37.02, 79.58, 79.58, 79.58, 79.58, 79.58, 79.58, 79.58, 79.58];42.559999999999995;[2, 3, 3, 4, 2, 1, 2, 2, 2, 4, 3, 5, 2, 5, 4, 3, 4, 4, 3, 4, 2, 2, 2, 2, 2, 1, 2, 1, 3, 1];4
30;80;30;5;True;2000;2;0;0;0;0;0;0;214.35752964019775;11.340990781784058;60612.05802014015;53041.85632004477;4810.686969503734;2759.5399999999995;[101.27, 101.27, 101.27, 101.27, 57.62, 101.27, 101.27, 101.27, 101.27, 101.27, 101.27, 42.14, 67.27, 101.27, 101.27, 101.27, 101.27, 75.27, 101.27, 87.27, 101.27, 100.27, 101.27, 101.27, 61.49, 101.27, 73.27, 68.27, 101.27, 101.27];59.129999999999995;[2, 3, 3, 2, 2, 2, 3, 2, 2, 2, 4, 2, 1, 3, 5, 3, 1, 2, 5, 2, 3, 1, 4, 3, 1, 4, 3, 1, 5, 4];4
30;80;30;6;True;2000;2;0;0;0;0;0;0;254.63880491256714;9.410284042358398;64463.35499292229;56777.045613645285;4564.549420426946;3121.679999999998;[121.99, 121.99, 121.99, 121.99, 89.99, 121.99, 121.99, 121.99, 121.99, 71.99, 71.99, 58.99, 121.99, 121.99, 121.99, 35.4, 121.99, 121.99, 103.99, 121.99, 109.99, 121.99, 121.99, 59.99, 121.99, 121.99, 121.99, 97.99, 30.56, 72.99];91.42999999999999;[4, 3, 2, 4, 3, 5, 2, 2, 3, 3, 2, 5, 2, 3, 2, 2, 3, 1, 3, 2, 3, 2, 5, 3, 2, 3, 4, 1, 1];4
30;90;30;1;True;2000;2;0;0;0;0;0;0;208.5930118560791;13.736805200576782;74212.21641604256;66577.06566922549;5091.939950773896;2543.3500000000004;[86.89, 55.86, 86.89, 86.89, 86.89, 86.89, 86.89, 86.89, 86.89, 86.89, 58.57, 86.89, 86.89, 86.89, 86.89, 86.89, 86.89, 86.89, 86.89, 86.89, 86.89, 82.89, 86.89, 86.89, 86.89, 86.89, 86.89, 86.89, 86.89, 86.89];31.03;[6, 2, 2, 3, 4, 2, 3, 6, 3, 2, 1, 2, 4, 2, 2, 3, 3, 4, 4, 5, 4, 2, 4, 2, 3, 4, 2, 2, 3, 1];5
30;90;30;2;True;2000;2;0;0;0;0;0;0;198.82502126693726;14.079813718795776;69815.75639594247;61840.78749553373;5710.81462648532;2264.109999999999;[80.36, 80.36, 80.36, 80.36, 80.36, 80.36, 80.36, 50.03, 80.36, 80.36, 62.36, 80.36, 62.36, 80.36, 80.36, 80.36, 44.0, 80.36, 80.36, 76.36, 80.36, 80.36, 80.36, 80.36, 80.36, 80.36, 79.36, 80.36, 62.36, 59.36];36.36;[4, 3, 1, 4, 2, 3, 4, 1, 2, 1, 3, 4, 3, 1, 3, 2, 4, 1, 4, 3, 4, 4, 5, 4, 6, 3, 3, 4, 2, 2];5
30;90;30;3;True;2000;2;0;0;0;0;0;0;210.67034435272217;11.230923891067505;68402.0778530882;60669.04542964009;5481.637269529245;2251.3400000000006;[79.68, 79.68, 79.68, 79.68, 79.68, 65.68, 48.68, 79.68, 79.68, 79.68, 79.68, 79.68, 79.68, 79.68, 60.68, 79.68, 75.68, 79.68, 54.68, 79.68, 79.68, 79.68, 79.68, 79.68, 79.68, 79.68, 79.68, 33.62, 79.68, 79.68];46.06000000000001;[2, 3, 3, 2, 4, 2, 4, 3, 2, 2, 1, 3, 2, 5, 4, 5, 2, 4, 4, 1, 5, 3, 4, 3, 2, 3, 4, 3, 1, 4];4
30;90;30;4;True;2000;2;0;0;0;0;0;0;212.25481939315796;12.546239137649536;76394.12819096049;68229.29485587814;5526.981483772974;2637.96;[76.16, 89.75, 89.75, 89.75, 89.75, 89.75, 89.75, 89.75, 89.75, 89.75, 80.16, 89.75, 89.75, 89.75, 89.75, 89.75, 89.75, 89.75, 89.75, 89.75, 89.75, 58.39, 89.75, 89.75, 89.75, 89.75, 89.75, 89.75, 89.75, 89.75];31.36;[2, 2, 3, 4, 3, 4, 1, 3, 2, 2, 3, 3, 2, 5, 4, 4, 5, 4, 4, 3, 2, 2, 2, 6, 2, 2, 3, 1, 3, 4];5
30;90;30;5;True;2000;2;0;0;0;0;0;0;183.1885027885437;14.882575750350952;68178.81031856073;60651.31458495332;5327.335575126844;2200.090000000001;[76.93, 76.93, 76.93, 76.93, 61.71, 76.93, 76.93, 76.71, 76.93, 76.93, 76.93, 3.0, 76.93, 76.93, 76.93, 76.93, 76.93, 76.93, 76.93, 76.93, 76.93, 76.93, 76.93, 76.93, 58.71, 76.93, 76.71, 76.93, 76.93, 76.93];73.93;[4, 3, 3, 2, 2, 2, 3, 1, 2, 3, 2, 5, 3, 5, 4, 2, 4, 5, 2, 5, 2, 3, 2, 2, 3, 3, 1, 6, 6];5
30;90;30;6;True;2000;2;0;0;0;0;0;0;265.10217094421387;13.249150276184082;74683.9839473847;66479.68684746111;5181.952581281835;3022.3000000000006;[114.21, 90.21, 117.21, 117.21, 117.21, 117.21, 117.21, 117.21, 117.21, 57.21, 80.21, 70.21, 117.21, 102.21, 117.21, 47.21, 117.21, 117.21, 77.21, 117.21, 117.21, 117.21, 96.21, 79.21, 117.21, 117.21, 117.21, 98.21, 45.21, 72.21];72.0;[5, 3, 2, 4, 3, 6, 3, 3, 3, 3, 3, 6, 2, 1, 3, 2, 3, 1, 4, 4, 3, 2, 5, 3, 3, 4, 4, 1, 1];5
30;100;30;1;True;2000;2;0;0;0;0;0;0;241.79175472259521;18.566986560821533;91318.2968441648;82902.7464349734;5715.521435565316;2700.0900000000015;[91.4, 84.4, 77.4, 91.4, 91.4, 91.4, 91.4, 91.4, 91.4, 91.4, 91.4, 91.4, 91.4, 91.4, 91.4, 91.4, 88.4, 91.4, 91.4, 91.4, 91.4, 73.49, 91.4, 91.4, 91.4, 91.4, 91.4, 91.4, 91.4, 91.4];17.91000000000001;[6, 2, 1, 5, 4, 5, 4, 4, 3, 1, 2, 4, 4, 2, 3, 3, 4, 4, 4, 4, 5, 2, 5, 2, 3, 3, 2, 4, 3, 2];5
30;100;30;2;True;2000;2;0;0;0;0;0;0;281.02155017852783;13.796541452407837;83581.03244820288;74116.69386920799;6502.198182214429;2962.1600000000017;[112.15, 112.15, 112.15, 103.15, 102.15, 112.15, 96.15, 63.15, 103.15, 112.15, 74.15, 112.15, 78.15, 112.15, 80.15, 101.15, 73.15, 112.15, 112.15, 51.81, 112.15, 112.15, 88.15, 112.15, 112.15, 112.15, 97.15, 112.15, 73.15, 95.15];60.34;[2, 4, 1, 5, 2, 4, 4, 4, 1, 4, 3, 3, 3, 1, 3, 2, 3, 4, 7, 4, 3, 5, 3, 5, 6, 3, 3, 4, 1, 3];6
30;100;30;3;True;2000;2;0;0;0;0;0;0;279.4035396575928;17.792054891586304;83585.32972704046;74480.2457914192;5981.193825030794;3123.8899999999994;[113.29, 113.29, 113.29, 113.29, 113.29, 107.29, 69.29, 113.29, 113.29, 113.29, 50.04, 113.29, 113.29, 113.29, 80.29, 113.29, 103.29, 107.29, 86.29, 113.29, 102.29, 113.29, 113.29, 113.29, 112.29, 93.29, 113.29, 59.73, 113.29, 113.29];63.25000000000001;[6, 3, 5, 2, 4, 2, 4, 3, 2, 4, 2, 3, 2, 3, 5, 6, 3, 3, 5, 2, 2, 5, 4, 3, 3, 2, 5, 2, 2, 3];4
30;100;30;4;True;2000;2;0;0;0;0;0;0;249.95432090759277;21.036340475082397;92423.64297642361;83447.65238078806;6164.565266526015;2811.3300000000013;[95.67, 95.67, 92.48, 95.67, 95.67, 95.67, 95.67, 95.67, 95.67, 95.67, 89.76, 95.67, 84.76, 95.67, 95.67, 95.67, 95.67, 95.67, 95.67, 95.67, 95.67, 56.91, 95.67, 95.67, 95.67, 95.67, 95.67, 95.67, 95.67, 95.67];38.760000000000005;[3, 3, 3, 4, 3, 3, 3, 3, 2, 3, 4, 4, 1, 5, 7, 3, 4, 3, 4, 4, 3, 3, 3, 7, 2, 2, 3, 2, 3, 3];6
30;100;30;5;True;2000;2;0;0;0;0;0;0;224.56542539596558;20.798100471496582;87840.14566406033;79441.96615231677;5979.0766368290215;2419.0;[85.0, 85.0, 85.0, 85.0, 71.0, 85.0, 85.0, 85.0, 85.0, 85.0, 85.0, 3.0, 85.0, 85.0, 85.0, 85.0, 85.0, 85.0, 85.0, 85.0, 85.0, 85.0, 85.0, 85.0, 78.0, 85.0, 78.0, 64.0, 85.0, 85.0];82.0;[3, 4, 4, 2, 2, 2, 4, 2, 3, 4, 4, 7, 4, 4, 4, 4, 4, 3, 2, 4, 4, 3, 3, 3, 5, 1, 1, 5, 5];6
30;100;30;6;True;2000;2;0;0;0;0;0;0;235.06576538085938;18.381717443466187;87536.85497353056;79291.35361707295;5714.236730981439;2531.2999999999997;[91.11, 91.11, 91.11, 91.11, 89.11, 91.11, 91.11, 91.11, 91.11, 62.11, 66.11, 72.11, 91.11, 91.11, 91.11, 51.11, 91.11, 79.11, 91.11, 91.11, 91.11, 91.11, 91.11, 56.11, 91.11, 91.11, 91.11, 91.11, 51.11, 91.11];40.0;[6, 4, 2, 4, 3, 8, 4, 4, 3, 2, 3, 6, 4, 3, 3, 2, 4, 2, 3, 3, 2, 2, 5, 2, 5, 4, 4, 1, 1, 1];7
30;90;30;1;True;2000;3;0;0;0;0;0;0;234.46275806427002;11.692198038101196;74782.70873294417;66990.87282245098;5103.9751914328035;2687.8899999999994;[94.56, 44.75, 76.43, 94.56, 94.56, 84.43, 85.43, 94.56, 94.56, 94.56, 72.43, 94.56, 94.56, 94.56, 94.56, 94.56, 72.43, 90.43, 94.56, 94.56, 94.56, 81.24, 94.56, 94.56, 94.56, 94.56, 94.56, 94.56, 94.56, 94.56];49.81;[4, 1, 3, 4, 3, 2, 2, 5, 2, 3, 2, 3, 5, 2, 2, 4, 2, 4, 4, 4, 3, 2, 6, 3, 3, 3, 2, 2, 2, 3];5
30;90;30;2;True;2000;3;0;0;0;0;0;0;199.27826261520386;11.717322826385498;69203.37247738091;61200.249376270986;5686.804004866899;2316.3900000000003;[78.71, 79.71, 79.71, 79.71, 79.71, 79.71, 79.71, 46.8, 79.71, 79.71, 75.71, 79.71, 79.71, 79.71, 79.71, 79.71, 60.71, 79.71, 79.71, 78.71, 79.71, 79.71, 79.71, 79.71, 79.71, 79.71, 79.71, 79.71, 79.71, 62.71];32.91;[3, 4, 1, 4, 2, 4, 5, 2, 3, 2, 4, 4, 3, 1, 5, 1, 3, 2, 4, 2, 4, 5, 4, 4, 4, 1, 2, 3, 2, 2];4
30;90;30;3;True;2000;3;0;0;0;0;0;0;192.00514793395996;13.898155212402344;63484.26207804349;55992.23659008199;5423.795517747524;2068.2300000000014;[74.88, 74.88, 74.88, 74.88, 74.88, 39.01, 36.44, 74.88, 74.88, 74.88, 31.46, 74.88, 74.88, 74.88, 74.88, 74.88, 74.88, 74.88, 51.88, 74.88, 74.88, 74.88, 74.88, 74.88, 74.88, 74.88, 74.88, 37.44, 74.88, 74.88];43.419999999999995;[4, 4, 3, 3, 3, 2, 3, 3, 2, 3, 1, 3, 3, 4, 3, 4, 2, 3, 5, 1, 3, 2, 5, 2, 3, 2, 5, 2, 3, 4];4
30;90;30;4;True;2000;3;0;0;0;0;0;0;270.7554717063904;15.95076298713684;76608.11656575809;68343.16080892266;5514.156493292743;2750.8199999999993;[57.21, 104.45, 68.45, 97.45, 104.45, 73.45, 104.45, 104.45, 93.45, 104.45, 60.45, 96.45, 67.45, 104.45, 104.45, 104.45, 99.45, 104.45, 104.45, 104.45, 104.45, 27.01, 104.45, 87.45, 104.45, 86.45, 104.45, 96.45, 68.45, 104.45];77.44;[2, 4, 2, 2, 2, 2, 3, 3, 1, 4, 3, 6, 3, 5, 4, 5, 4, 3, 2, 5, 3, 2, 3, 5, 2, 1, 2, 1, 3, 3];5
30;90;30;5;True;2000;3;0;0;0;0;0;0;207.80287647247314;12.460690021514893;68196.36377987244;60786.954185251445;5294.003819634356;2115.37;[75.52, 75.52, 75.52, 75.52, 75.52, 75.52, 75.52, 75.52, 75.52, 75.52, 75.52, 3.0, 70.52, 75.52, 75.52, 75.52, 75.52, 75.52, 75.52, 75.52, 75.52, 75.52, 75.52, 75.52, 55.52, 75.52, 26.81, 71.52, 75.52, 75.52];72.52;[3, 3, 3, 4, 3, 3, 3, 1, 2, 4, 3, 4, 3, 5, 2, 2, 4, 3, 2, 4, 2, 4, 3, 1, 4, 3, 1, 5, 6];5
30;90;30;6;True;2000;3;0;0;0;0;0;0;203.35219192504883;17.685168743133545;73940.55873210197;66541.43717793717;5172.5963100310155;2226.4;[79.96, 79.96, 79.96, 79.96, 79.96, 79.96, 79.96, 79.96, 79.96, 48.96, 79.96, 79.96, 79.96, 79.96, 79.96, 42.86, 79.96, 47.96, 79.96, 79.96, 79.96, 79.96, 79.96, 49.96, 79.96, 79.96, 79.96, 79.96, 37.66, 79.96];42.3;[3, 3, 5, 4, 3, 6, 2, 3, 5, 2, 2, 5, 3, 2, 3, 2, 3, 1, 4, 4, 3, 3, 3, 2, 3, 3, 4, 1, 1, 2];5
30;100;30;1;True;2000;3;0;0;0;0;0;0;211.79698419570923;15.632544994354248;84647.40077784887;76873.17301228878;5728.184199504679;2045.9999999999989;[70.61, 43.81, 36.3, 70.61, 70.61, 70.61, 70.61, 70.61, 70.61, 70.61, 70.61, 70.61, 70.61, 70.61, 70.61, 70.61, 70.61, 70.61, 70.61, 70.61, 70.61, 59.42, 70.61, 70.61, 70.61, 70.61, 70.61, 70.61, 70.61, 70.61];34.31;[6, 1, 1, 4, 4, 5, 4, 3, 2, 3, 3, 3, 3, 5, 3, 4, 3, 5, 5, 5, 3, 2, 3, 3, 3, 3, 2, 2, 4, 3];5
30;100;30;2;True;2000;3;0;0;0;0;0;0;251.97103643417358;20.284651041030884;80805.75748664836;71446.45577896027;6590.725495866933;2768.4799999999996;[101.27, 101.27, 101.27, 101.27, 101.27, 101.27, 84.27, 61.27, 101.27, 101.27, 95.27, 101.27, 78.27, 101.27, 101.27, 101.27, 38.86, 101.27, 101.27, 60.27, 101.27, 101.27, 80.27, 101.27, 101.27, 101.27, 89.27, 101.27, 101.27, 54.06];62.41;[3, 5, 1, 3, 3, 4, 3, 1, 2, 3, 5, 3, 4, 2, 4, 4, 4, 2, 5, 2, 3, 5, 5, 4, 7, 3, 2, 4, 2, 2];6
30;100;30;3;True;2000;3;0;0;0;0;0;0;273.2901315689087;13.826668739318848;78158.34417900136;69352.5320633338;5989.850525228993;2815.860000000001;[102.67, 102.67, 102.67, 102.67, 102.67, 93.67, 69.67, 102.67, 102.67, 102.67, 32.43, 102.67, 102.67, 102.67, 52.67, 102.67, 102.67, 102.67, 82.67, 102.67, 90.67, 102.67, 102.67, 102.67, 94.67, 85.67, 102.67, 57.67, 102.67, 102.67];70.24000000000001;[2, 3, 4, 4, 6, 2, 4, 3, 2, 4, 2, 3, 3, 4, 4, 4, 3, 2, 5, 3, 3, 3, 4, 1, 4, 3, 5, 3, 3, 4];5
30;100;30;4;True;2000;3;0;0;0;0;0;0;215.86047315597534;17.589454174041748;85581.89825421253;77273.13365769525;6205.090169085798;2103.7999999999997;[71.03, 71.03, 71.03, 71.03, 71.03, 71.03, 71.03, 71.03, 71.03, 71.03, 66.03, 71.03, 71.03, 71.03, 71.03, 71.03, 71.03, 71.03, 71.03, 71.03, 71.03, 48.93, 71.03, 71.03, 71.03, 71.03, 71.03, 71.03, 71.03, 71.03];22.1;[3, 4, 3, 5, 3, 5, 2, 2, 1, 3, 3, 3, 2, 5, 5, 4, 5, 5, 4, 3, 3, 3, 3, 3, 3, 2, 4, 2, 3, 4];4
30;100;30;5;True;2000;3;0;0;0;0;0;0;248.73985481262207;16.023189067840576;83412.09056242832;74761.89970682326;5941.008909179767;2709.299999999999;[97.31, 97.31, 97.31, 97.31, 53.81, 97.31, 97.31, 97.31, 97.31, 97.31, 97.31, 78.31, 77.31, 97.31, 97.31, 97.31, 97.31, 97.31, 97.31, 82.31, 97.31, 97.31, 97.31, 73.31, 69.31, 97.31, 75.31, 58.81, 97.31, 97.31];43.5;[3, 4, 5, 3, 2, 2, 3, 2, 3, 3, 3, 3, 2, 4, 5, 2, 3, 3, 3, 3, 6, 4, 5, 3, 2, 4, 3, 1, 4, 7];6
30;100;30;6;True;2000;3;0;0;0;0;0;0;254.20724534988403;30.789971113204956;81288.62610461448;72812.17861730159;5768.520432713064;2708.0299999999993;[101.08, 64.08, 101.08, 101.08, 101.08, 101.08, 101.08, 101.08, 101.08, 45.08, 58.08, 88.08, 101.08, 69.08, 101.08, 31.71, 101.08, 101.08, 101.08, 101.08, 101.08, 101.08, 101.08, 88.08, 101.08, 101.08, 101.08, 101.08, 40.08, 101.08];69.37;[5, 3, 2, 4, 4, 6, 4, 3, 3, 4, 3, 5, 3, 1, 3, 1, 5, 2, 4, 4, 2, 3, 6, 3, 4, 4, 5, 1, 1, 2];5
40;80;40;1;True;2000;2;0;0;0;0;0;0;240.16583728790283;15.276485919952393;61640.5722500333;53507.54291928286;4593.1040495652405;3540.050000000001;[105.61, 105.61, 51.61, 105.61, 105.61, 58.61, 81.61, 105.61, 105.61, 56.61, 62.61, 44.61, 105.61, 105.61, 82.61, 105.61, 52.61, 105.61, 97.61, 105.61, 105.61, 14.27, 105.61, 105.61, 105.61, 105.61, 87.61, 105.61, 105.61, 105.61, 105.61, 22.6, 105.61, 103.61, 57.61, 105.61, 105.61, 36.61, 94.61, 105.61];91.34;[4, 4, 1, 1, 3, 1, 2, 2, 2, 1, 1, 2, 4, 2, 4, 2, 3, 2, 1, 3, 1, 2, 1, 2, 2, 1, 1, 4, 2, 3, 1, 1, 3, 2, 3, 1, 1, 3, 1];3
40;80;40;2;True;2000;2;0;0;0;0;0;0;195.43670511245728;11.743798017501831;56959.81897338458;49397.560440534704;4806.752891495681;2755.32;[80.75, 80.75, 80.75, 80.75, 45.75, 80.75, 80.75, 31.75, 78.75, 80.75, 44.75, 80.75, 49.75, 80.75, 80.75, 57.75, 23.51, 80.75, 76.75, 27.75, 80.75, 69.75, 58.75, 80.75, 80.75, 80.75, 80.75, 78.75, 80.75, 58.75, 80.75, 37.75, 80.75, 59.75, 80.75, 80.75, 80.75, 80.75, 22.31, 75.75];58.44;[2, 3, 1, 2, 2, 3, 1, 1, 1, 3, 2, 2, 1, 2, 1, 1, 2, 3, 1, 3, 2, 2, 3, 3, 2, 1, 3, 2, 2, 4, 1, 3, 2, 3, 4, 2, 3, 1];3
40;80;40;3;True;2000;2;0;0;0;0;0;0;239.96934509277344;16.929046154022217;54301.27723570204;46073.758972532014;4836.763521622101;3390.759999999998;[109.2, 100.2, 70.2, 111.2, 111.2, 42.2, 36.8, 81.2, 111.2, 111.2, 29.89, 58.2, 111.2, 111.2, 42.2, 85.2, 58.2, 91.2, 40.2, 111.2, 91.2, 101.2, 105.2, 84.2, 98.2, 87.2, 111.2, 29.67, 53.2, 111.2, 43.2, 107.2, 111.2, 99.2, 101.2, 71.2, 82.2, 99.2, 111.2, 69.2];81.53;[1, 2, 2, 2, 4, 1, 2, 1, 3, 3, 2, 3, 4, 1, 3, 2, 2, 3, 4, 1, 3, 2, 2, 1, 2, 2, 1, 2, 1, 1, 4, 1, 1, 3, 1, 3, 3, 1];3
40;80;40;4;True;2000;2;0;0;0;0;0;0;207.8729977607727;20.008594274520874;61486.78401471781;52985.49898883137;5071.318172635757;3429.7999999999965;[66.24, 94.24, 56.24, 94.24, 94.24, 94.24, 94.24, 87.24, 44.24, 94.24, 58.24, 94.24, 69.24, 94.24, 94.24, 94.24, 80.24, 94.24, 94.24, 88.24, 94.24, 28.44, 89.24, 94.24, 94.24, 68.24, 94.24, 80.24, 94.24, 77.24, 94.24, 94.24, 94.24, 94.24, 94.24, 94.24, 86.24, 94.24, 94.24, 94.24];65.8;[1, 4, 1, 3, 1, 3, 1, 3, 2, 1, 3, 2, 1, 4, 1, 3, 3, 3, 3, 1, 1, 2, 3, 1, 4, 3, 3, 2, 2, 3, 2, 3, 3, 1, 1, 2];3
40;80;40;5;True;2000;2;0;0;0;0;0;0;133.49394989013672;14.691306352615356;54919.48915244288;47984.08479114471;4834.754270220493;2100.6600000000003;[55.5, 55.5, 55.5, 55.5, 49.16, 55.5, 55.5, 50.5, 55.5, 55.5, 55.5, 35.16, 55.5, 55.5, 55.5, 55.5, 45.16, 55.5, 55.5, 55.5, 55.5, 55.5, 55.5, 40.16, 24.2, 55.5, 42.16, 55.5, 55.5, 55.5, 55.5, 55.5, 55.5, 55.5, 55.5, 55.5, 38.16, 55.5, 55.5, 55.5];31.3;[3, 3, 4, 2, 1, 1, 2, 1, 1, 3, 2, 2, 3, 2, 2, 1, 1, 3, 2, 2, 1, 1, 2, 2, 4, 1, 1, 3, 4, 4, 1, 2, 2, 2, 2, 1, 3, 1, 2];3
40;80;40;6;True;2000;2;0;0;0;0;0;0;209.05807542800903;13.669451236724854;62876.50542687786;54993.22409051914;4672.609134739406;3210.7;[63.77, 68.77, 95.77, 95.77, 95.77, 95.77, 95.77, 95.77, 95.77, 34.5, 28.0, 62.77, 95.77, 95.77, 51.77, 31.71, 95.77, 56.77, 95.77, 75.77, 93.77, 66.77, 95.77, 43.77, 95.77, 95.77, 95.77, 49.77, 41.77, 54.77, 87.77, 95.77, 95.77, 95.77, 95.77, 95.77, 95.77, 95.77, 95.77, 95.77];67.77;[3, 3, 3, 2, 2, 3, 2, 2, 3, 1, 2, 2, 1, 2, 1, 4, 3, 1, 2, 1, 3, 1, 1, 3, 3, 1, 1, 2, 1, 3, 2, 3, 2, 3, 2, 2, 1, 3];3
40;90;40;1;True;2000;2;0;0;0;0;0;0;200.13251447677612;17.830981016159058;68990.08366528114;60929.640424408564;5125.934867782451;2934.6700000000014;[81.05, 81.05, 81.05, 81.05, 81.05, 41.05, 81.05, 81.05, 81.05, 43.05, 68.05, 81.05, 81.05, 81.05, 81.05, 81.05, 81.05, 81.05, 81.05, 81.05, 75.05, 20.83, 81.05, 81.05, 81.05, 62.05, 81.05, 81.05, 81.05, 81.05, 81.05, 28.94, 81.05, 81.05, 81.05, 81.05, 81.05, 41.05, 42.05, 81.05];60.22;[5, 3, 3, 1, 2, 1, 3, 3, 2, 2, 2, 2, 3, 3, 3, 4, 2, 4, 2, 2, 1, 2, 1, 2, 1, 1, 2, 2, 3, 2, 1, 2, 3, 3, 5, 3, 1, 2, 1];4
40;90;40;2;True;2000;2;0;0;0;0;0;0;199.56521368026733;18.29223608970642;64883.21109183124;56523.277652816;5637.120084732999;2722.9300000000026;[76.38, 76.38, 76.38, 76.38, 76.38, 76.38, 68.38, 45.38, 76.38, 76.38, 40.38, 76.38, 41.38, 76.38, 75.38, 50.38, 32.38, 76.38, 76.38, 32.38, 76.38, 76.38, 76.38, 76.38, 76.38, 76.38, 65.38, 76.38, 61.38, 50.38, 76.38, 76.38, 76.38, 76.38, 76.38, 76.38, 76.38, 76.38, 24.11, 73.38];52.269999999999996;[3, 3, 1, 4, 1, 2, 4, 2, 1, 1, 1, 3, 4, 1, 1, 3, 3, 3, 1, 3, 3, 2, 3, 4, 2, 2, 2, 1, 2, 4, 2, 2, 1, 4, 4, 3, 2, 1, 1];3
40;90;40;3;True;2000;2;0;0;0;0;0;0;212.2797245979309;17.309162855148315;62080.40802456793;53695.76786985528;5471.152732723048;2913.42;[85.61, 84.61, 85.61, 85.61, 85.61, 45.82, 35.54, 62.82, 85.61, 85.61, 28.25, 85.61, 85.61, 85.61, 67.82, 76.61, 47.82, 82.61, 29.54, 85.61, 74.61, 85.61, 85.61, 57.82, 85.61, 67.82, 85.61, 19.73, 60.82, 85.61, 31.54, 85.61, 85.61, 85.61, 85.61, 74.61, 85.61, 85.61, 85.61, 81.61];65.88;[2, 2, 2, 2, 3, 3, 1, 2, 2, 3, 4, 4, 3, 4, 3, 2, 4, 3, 1, 4, 3, 1, 2, 1, 2, 1, 2, 3, 1, 1, 4, 1, 1, 3, 3, 3, 3, 1];3
40;90;40;4;True;2000;2;0;0;0;0;0;0;205.86027002334595;22.857335805892944;69515.34435105522;60607.543430175705;5606.364935996985;3301.5300000000016;[61.17, 87.17, 73.17, 87.17, 87.17, 87.17, 87.17, 79.17, 82.17, 87.17, 47.13, 87.17, 71.17, 87.17, 87.17, 87.17, 87.17, 87.17, 87.17, 87.17, 87.17, 30.94, 87.17, 87.17, 83.17, 87.17, 87.17, 84.17, 87.17, 74.17, 87.17, 87.17, 87.17, 87.17, 87.17, 87.17, 87.17, 87.17, 87.17, 87.17];56.230000000000004;[2, 2, 1, 3, 1, 3, 1, 3, 2, 2, 2, 2, 4, 3, 2, 7, 2, 4, 2, 2, 2, 3, 3, 1, 1, 2, 2, 2, 3, 2, 1, 5, 3, 3, 2, 1, 2, 2];6
40;90;40;5;True;2000;2;0;0;0;0;0;0;161.82519149780273;20.105581045150757;65856.90373015222;58193.016699484855;5360.166960704096;2303.670000000002;[61.13, 61.13, 61.13, 61.13, 42.05, 61.13, 61.13, 49.05, 61.13, 61.13, 61.13, 34.87, 51.05, 61.13, 61.13, 61.13, 55.05, 52.05, 61.13, 61.13, 61.13, 61.13, 61.13, 61.05, 26.18, 61.13, 61.13, 61.13, 61.13, 61.13, 61.13, 61.13, 61.13, 61.13, 61.13, 61.13, 37.29, 61.13, 61.13, 61.13];34.95;[2, 3, 3, 2, 2, 1, 3, 1, 2, 3, 4, 2, 3, 5, 3, 1, 1, 3, 1, 2, 1, 1, 4, 2, 2, 1, 2, 3, 5, 4, 2, 2, 2, 1, 2, 1, 5, 1, 2];4
40;90;40;6;True;2000;2;0;0;0;0;0;0;152.90036535263062;16.129392623901367;69384.47234602136;61751.64802114963;5232.692172617519;2399.9500000000016;[64.19, 64.19, 64.19, 64.19, 64.19, 64.19, 64.19, 64.19, 64.19, 44.19, 30.04, 59.19, 64.19, 64.19, 54.19, 19.69, 64.19, 64.19, 64.19, 64.19, 64.19, 64.19, 64.19, 64.19, 64.19, 64.19, 64.19, 59.19, 40.19, 39.19, 64.19, 64.19, 64.19, 64.19, 64.19, 64.19, 64.19, 64.19, 64.19, 64.19];44.5;[3, 4, 4, 4, 2, 4, 2, 3, 2, 1, 3, 1, 1, 3, 1, 3, 1, 4, 1, 1, 3, 3, 2, 2, 2, 3, 2, 1, 1, 2, 3, 2, 2, 3, 2, 2, 3, 4];3
40;100;40;1;True;2000;2;0;0;0;0;0;0;240.28270769119263;27.055026054382324;82986.10877278681;74187.55991442135;5684.089802132897;3114.540000000002;[85.9, 70.9, 74.9, 85.9, 85.9, 70.9, 74.9, 85.9, 85.9, 72.9, 65.9, 85.9, 85.9, 85.9, 85.9, 85.9, 50.9, 77.9, 85.9, 85.9, 85.9, 29.49, 85.9, 85.9, 85.9, 85.9, 75.9, 85.9, 85.9, 85.9, 85.9, 34.85, 85.9, 85.9, 85.9, 85.9, 85.9, 44.9, 50.9, 85.9];56.41000000000001;[5, 2, 1, 3, 6, 2, 2, 3, 2, 2, 4, 3, 4, 3, 4, 2, 3, 2, 3, 1, 1, 2, 1, 2, 2, 1, 3, 4, 2, 2, 1, 2, 3, 3, 5, 4, 1, 2, 2];5
40;100;40;2;True;2000;2;0;0;0;0;0;0;231.6964235305786;22.126896858215332;76961.62420351083;67600.91447955415;6376.082395771327;2984.599999999998;[45.85, 84.85, 84.85, 84.85, 84.85, 84.85, 71.85, 48.85, 61.85, 84.85, 84.85, 84.85, 43.85, 84.85, 71.85, 79.85, 36.85, 84.85, 84.85, 32.15, 84.85, 84.85, 83.85, 84.85, 84.85, 84.85, 80.85, 79.85, 52.85, 45.85, 84.85, 83.85, 84.85, 84.85, 84.85, 84.85, 84.85, 84.85, 29.15, 83.85];55.699999999999996;[2, 2, 1, 4, 2, 2, 4, 2, 1, 2, 2, 5, 2, 1, 1, 2, 4, 2, 2, 2, 3, 3, 5, 6, 2, 2, 3, 1, 2, 4, 2, 5, 3, 2, 5, 2, 3, 1, 1];5
40;100;40;3;True;2000;2;0;0;0;0;0;0;186.10032033920288;23.66757321357727;75044.8453479541;66548.16484492716;6081.2266687348265;2415.5400000000004;[64.98, 64.98, 64.98, 64.98, 64.98, 49.98, 34.28, 64.98, 64.98, 64.98, 47.98, 64.98, 64.98, 64.98, 46.98, 64.98, 64.98, 64.98, 45.98, 64.98, 64.98, 64.98, 64.98, 64.98, 64.98, 28.89, 64.98, 25.11, 64.98, 64.98, 56.98, 64.98, 64.98, 64.98, 64.98, 64.98, 64.98, 64.98, 64.98, 64.98];39.870000000000005;[2, 3, 3, 2, 3, 1, 2, 1, 1, 5, 2, 4, 3, 5, 4, 3, 3, 2, 3, 4, 1, 3, 4, 1, 2, 1, 2, 3, 1, 4, 2, 2, 1, 1, 3, 4, 3, 4, 2];4
40;100;40;4;True;2000;2;0;0;0;0;0;0;185.71243476867676;27.300681829452515;80320.62129067266;71542.45055057554;6199.708065482336;2578.5800000000004;[56.49, 65.84, 65.84, 65.84, 65.84, 65.84, 65.84, 65.84, 65.84, 65.84, 65.84, 65.84, 58.09, 65.84, 65.84, 65.84, 65.84, 65.84, 65.84, 65.84, 65.84, 40.27, 65.84, 65.84, 65.84, 65.84, 65.84, 53.49, 65.84, 65.84, 65.84, 65.84, 65.84, 65.84, 65.84, 65.84, 65.84, 65.84, 65.84, 65.84];25.57;[3, 3, 3, 2, 3, 1, 1, 2, 2, 3, 3, 1, 2, 1, 5, 1, 5, 4, 3, 4, 2, 2, 2, 5, 2, 1, 3, 1, 4, 2, 2, 1, 4, 3, 4, 2, 1, 2, 2, 3];4
40;100;40;5;True;2000;2;0;0;0;0;0;0;187.5287823677063;26.486342668533325;76465.41206038611;67965.56309844975;5999.012577753475;2500.8899999999985;[66.99, 66.99, 66.99, 66.99, 46.88, 66.99, 66.99, 53.99, 66.99, 66.99, 66.99, 34.17, 54.99, 66.99, 66.99, 66.99, 55.99, 47.88, 66.99, 66.99, 66.99, 66.99, 66.99, 66.99, 26.09, 66.99, 66.99, 60.99, 66.99, 66.99, 66.99, 66.99, 66.99, 66.99, 66.99, 66.99, 43.22, 66.99, 66.99, 66.99];40.89999999999999;[3, 4, 2, 2, 3, 1, 5, 1, 2, 3, 4, 2, 4, 3, 5, 2, 2, 1, 4, 1, 3, 1, 1, 4, 1, 2, 2, 1, 4, 5, 2, 2, 1, 2, 2, 3, 1, 4, 3, 2];4
40;100;40;6;True;2000;2;0;0;0;0;0;0;182.37908458709717;18.992838859558105;78676.96833655359;70449.2038330509;5751.713402434356;2476.0699999999993;[67.29, 67.29, 67.29, 67.29, 67.29, 67.29, 67.29, 67.29, 67.29, 34.04, 35.43, 67.29, 67.29, 67.29, 62.29, 26.04, 67.29, 67.29, 67.29, 67.29, 67.29, 67.29, 67.29, 43.43, 67.29, 67.29, 67.29, 40.43, 59.29, 34.84, 67.29, 67.29, 67.29, 67.29, 67.29, 67.29, 67.29, 54.29, 67.29, 67.29];41.25000000000001;[4, 2, 5, 3, 4, 4, 1, 2, 2, 1, 1, 3, 1, 1, 4, 4, 1, 4, 1, 1, 3, 2, 2, 2, 2, 4, 4, 2, 2, 2, 3, 4, 3, 3, 4, 2, 2, 3, 2];4
50;100;50;1;True;2000;2;0;0;0;0;0;0;173.70986890792847;40.305476903915405;75349.02073822844;66740.35463290436;5667.430807875572;2941.2300000000005;[63.71, 63.71, 63.71, 63.71, 63.71, 63.71, 63.71, 63.71, 63.71, 63.71, 20.9, 63.71, 63.71, 63.71, 63.71, 63.71, 50.97, 63.71, 63.71, 63.71, 63.71, 14.02, 63.71, 63.71, 63.71, 55.97, 63.71, 63.71, 63.71, 63.71, 63.71, 49.97, 63.71, 63.71, 63.71, 63.71, 63.71, 24.94, 48.97, 63.71, 39.97, 63.71, 63.71, 63.71, 31.15, 63.71, 55.97, 63.71, 63.71, 63.71];49.69;[5, 2, 1, 3, 5, 3, 1, 1, 4, 2, 3, 1, 3, 2, 2, 3, 4, 3, 1, 1, 2, 3, 3, 1, 1, 1, 1, 2, 3, 1, 1, 1, 2, 2, 3, 1, 1, 2, 2, 3, 1, 2, 1, 1, 2, 4, 3];4
50;100;50;2;True;2000;2;0;0;0;0;0;0;193.30834341049194;40.2608540058136;74220.78153040854;64968.406442594794;6306.371634514605;2945.800000000001;[61.21, 67.21, 67.21, 67.21, 45.21, 67.21, 39.21, 28.03, 30.21, 67.21, 33.21, 67.21, 45.21, 67.21, 67.21, 62.21, 21.39, 67.21, 67.21, 28.03, 67.21, 67.21, 56.21, 67.21, 67.21, 67.21, 67.21, 67.21, 40.21, 49.21, 67.21, 40.21, 67.21, 67.21, 67.21, 67.21, 67.21, 67.21, 26.69, 67.21, 67.21, 54.21, 67.21, 67.21, 67.21, 67.21, 67.21, 67.21, 67.21, 67.21];45.81999999999999;[2, 2, 1, 2, 1, 2, 2, 1, 1, 2, 1, 3, 3, 2, 2, 1, 4, 3, 1, 1, 3, 2, 3, 2, 2, 2, 2, 1, 1, 2, 1, 3, 2, 2, 3, 2, 2, 3, 2, 1, 3, 4, 2, 4, 1, 4, 2, 2];3
50;100;50;3;True;2000;2;0;0;0;0;0;0;269.32325506210327;32.9567654132843;72082.11636065357;62051.87708561756;5981.389220198915;4048.739999999999;[105.04, 105.04, 105.04, 105.04, 103.04, 42.04, 45.04, 105.04, 105.04, 87.04, 27.3, 78.04, 105.04, 105.04, 43.04, 96.04, 33.04, 86.04, 40.04, 105.04, 98.04, 105.04, 105.04, 59.04, 72.04, 68.04, 104.04, 20.26, 56.04, 103.04, 28.3, 105.04, 105.04, 105.04, 105.04, 96.04, 81.04, 104.04, 105.04, 97.04, 68.04, 98.04, 78.04, 46.04, 67.04, 54.04, 76.04, 102.04, 79.04, 32.04];84.78;[2, 4, 2, 1, 1, 1, 1, 3, 3, 4, 4, 2, 3, 1, 3, 2, 2, 2, 2, 1, 2, 3, 2, 1, 3, 1, 1, 1, 2, 3, 2, 1, 3, 1, 2, 4, 1, 3, 2, 3, 2, 4, 2, 4, 2, 1];3
50;100;50;4;True;2000;2;0;0;0;0;0;0;189.24274110794067;35.72070598602295;76350.27471254604;67031.00283196644;6130.37706204108;3188.8700000000017;[56.8, 70.19, 55.8, 70.19, 70.19, 70.19, 70.19, 49.8, 34.62, 70.19, 17.45, 70.19, 21.82, 70.19, 70.19, 70.19, 70.19, 70.19, 70.19, 70.19, 70.19, 14.53, 61.8, 70.19, 63.8, 56.8, 70.19, 18.63, 70.19, 70.19, 70.19, 70.19, 70.19, 70.19, 70.19, 70.19, 70.19, 70.19, 70.19, 70.19, 70.19, 70.19, 70.19, 70.19, 70.19, 70.19, 70.19, 69.8, 70.19, 70.19];55.66;[2, 3, 1, 2, 4, 1, 3, 1, 3, 2, 2, 1, 1, 4, 1, 3, 2, 3, 1, 1, 1, 1, 2, 2, 3, 4, 2, 3, 1, 4, 2, 3, 3, 2, 2, 3, 2, 3, 1, 1, 5, 2, 2, 3, 2];4
50;100;50;5;True;2000;2;0;0;0;0;0;0;160.8079948425293;33.173945903778076;74101.33191124749;65831.86141138425;5976.166696594513;2293.259999999999;[50.29, 50.29, 50.29, 50.29, 29.57, 50.29, 50.29, 47.29, 50.29, 50.29, 50.29, 3.0, 50.29, 50.29, 42.29, 50.29, 30.3, 42.29, 50.29, 50.29, 50.29, 50.29, 50.29, 50.29, 17.16, 50.29, 50.29, 34.29, 50.29, 50.29, 50.29, 50.29, 50.29, 50.29, 50.29, 50.29, 22.75, 50.29, 50.29, 50.29, 48.29, 50.29, 50.29, 50.29, 50.29, 14.72, 50.29, 50.29, 50.29, 50.29];47.29;[1, 3, 2, 3, 1, 1, 1, 2, 3, 4, 1, 2, 3, 2, 1, 2, 1, 2, 2, 1, 3, 2, 2, 2, 2, 5, 2, 1, 3, 2, 1, 2, 2, 4, 2, 2, 1, 2, 4, 3, 4, 1, 4, 3, 2, 1];4
50;100;50;6;True;2000;2;0;0;0;0;0;0;268.71448278427124;37.41232395172119;79114.4794109173;69378.74408685688;5750.664479896258;3985.2199999999975;[103.35, 75.35, 103.35, 103.35, 103.35, 103.35, 64.35, 103.35, 103.35, 45.35, 29.45, 44.35, 103.35, 103.35, 52.35, 13.56, 103.35, 103.35, 60.35, 103.35, 103.35, 67.35, 93.35, 38.26, 103.35, 103.35, 82.35, 49.35, 37.26, 44.35, 64.35, 103.35, 82.35, 103.35, 103.35, 103.35, 103.35, 51.35, 103.35, 103.35, 103.35, 21.34, 43.35, 103.35, 103.35, 78.35, 25.85, 30.45, 103.35, 103.35];89.78999999999999;[2, 1, 2, 2, 1, 2, 5, 3, 3, 1, 3, 2, 1, 3, 1, 3, 1, 3, 3, 2, 2, 4, 1, 2, 1, 1, 1, 1, 1, 2, 3, 5, 1, 1, 3, 2, 2, 5, 3, 1, 2, 1, 4, 2, 3, 2];4
