num_implements;num_tasks;num_vehicles;seed;full;time_horizon;num_periods;probabilityTA;probabilityTD;probabilityVA;probabilityVD;probabilityIA;probabilityID;t;toptimization;Obj;PenaltyCost;StaticCost;DistanciaTotal;Distancia_list;DesvDistancia;TaskDone_list;DesvTaskDone
10;20;10;1;True;2000;2;0;0;0;0;0;0;46.20794057846069;0.12758207321166992;21234.179901090363;18833.6941309601;1307.3287914847904;1093.14;[111.97, 111.97, 85.41, 111.97, 111.97, 111.97, 111.97, 111.97, 111.97, 111.97];26.560000000000002;[2, 2, 1, 1, 4, 3, 2, 1, 2, 2];3
10;20;10;2;True;2000;2;0;0;0;0;0;0;44.529963970184326;0.08323526382446289;19990.73557674327;17730.40329514006;1188.2936543138742;1072.0300000000002;[80.32, 110.19, 110.19, 110.19, 110.19, 110.19, 110.19, 110.19, 110.19, 110.19];29.870000000000005;[1, 1, 1, 4, 2, 2, 3, 2, 1, 3];3
10;20;10;3;True;2000;2;0;0;0;0;0;0;53.45686626434326;0.07184982299804688;19025.39083175197;16687.200299432567;1145.2558371515217;1192.9;[102.67, 94.62, 127.42, 127.42, 127.42, 103.67, 127.42, 127.42, 127.42, 127.42];32.8;[1, 1, 2, 4, 3, 2, 2, 3, 2];3
10;20;10;4;True;2000;2;0;0;0;0;0;0;44.79536771774292;0.08124971389770508;19458.5028899461;17460.78953408628;976.6777068809779;1021.0799999999999;[80.3, 104.81, 102.3, 104.81, 104.81, 104.81, 104.81, 104.81, 104.81, 104.81];24.510000000000005;[2, 3, 1, 1, 1, 3, 2, 2, 1, 4];3
10;20;10;5;True;2000;2;0;0;0;0;0;0;56.415565967559814;0.09102797508239746;19269.78984555964;16920.879258193574;1148.031141687374;1200.91;[62.1, 132.09, 124.09, 129.09, 121.09, 132.09, 132.09, 132.09, 104.09, 132.09];69.99000000000001;[1, 2, 4, 1, 1, 2, 2, 1, 4, 2];3
10;20;10;6;True;2000;2;0;0;0;0;0;0;55.85164833068848;0.08176183700561523;20175.13219298365;17933.53166599876;1048.1900749440013;1193.3999999999999;[101.57, 82.57, 133.02, 133.02, 104.57, 106.57, 133.02, 133.02, 133.02, 133.02];50.45000000000002;[1, 1, 4, 1, 2, 1, 2, 3, 2, 3];3
10;30;10;1;True;2000;2;0;0;0;0;0;0;75.41055011749268;0.17291545867919922;30081.000967598557;26736.93637993377;1803.294765791797;1540.77;[155.77, 138.84, 155.77, 155.77, 155.77, 155.77, 155.77, 155.77, 155.77, 155.77];16.930000000000007;[4, 3, 3, 2, 4, 4, 3, 2, 2, 3];2
10;30;10;2;True;2000;2;0;0;0;0;0;0;85.45273113250732;0.17836689949035645;30510.978795865485;26923.581602898685;1938.7694052699044;1648.6000000000001;[170.96, 170.96, 170.96, 170.96, 170.96, 170.96, 170.96, 128.96, 151.96, 170.96];42.0;[5, 2, 2, 4, 2, 3, 3, 2, 3, 4];3
10;30;10;3;True;2000;2;0;0;0;0;0;0;112.06821823120117;0.23090052604675293;29722.82792058504;26445.1147705835;1798.9713913915073;1478.7099999999998;[125.81, 125.81, 166.28, 154.81, 166.28, 103.07, 166.28, 137.81, 166.28, 166.28];63.21000000000001;[2, 1, 3, 1, 5, 3, 5, 2, 3, 5];4
10;30;10;4;True;2000;2;0;0;0;0;0;0;146.47448635101318;0.37210655212402344;35711.789409872465;32773.48413178241;1593.0916938265168;1345.2499999999998;[118.64, 136.29, 136.29, 136.29, 136.29, 136.29, 136.29, 136.29, 136.29, 136.29];17.64999999999999;[2, 4, 3, 1, 2, 4, 4, 2, 3, 5];4
10;30;10;5;True;2000;2;0;0;0;0;0;0;133.39835357666016;0.44884490966796875;32899.89319329979;29987.806281978686;1728.9887279707655;1183.1000000000001;[118.51, 118.51, 118.51, 118.51, 116.51, 118.51, 118.51, 118.51, 118.51, 118.51];2.0;[1, 5, 5, 3, 1, 1, 4, 2, 4, 4];4
10;30;10;6;True;2000;2;0;0;0;0;0;0;110.58269882202148;0.3853743076324463;33429.812306404245;30893.880426512704;1533.151822803885;1002.8000000000001;[102.48, 80.48, 102.48, 102.48, 102.48, 102.48, 102.48, 102.48, 102.48, 102.48];22.0;[4, 2, 2, 3, 5, 2, 2, 4, 2, 4];3
10;40;10;1;True;2000;2;0;0;0;0;0;0;185.34080696105957;0.5723421573638916;46534.08249462685;42620.54253684202;2366.019680217367;1547.5;[154.75, 154.75, 154.75, 154.75, 154.75, 154.75, 154.75, 154.75, 154.75, 154.75];0.0;[3, 5, 4, 1, 6, 4, 5, 3, 5, 4];5
10;40;10;2;True;2000;2;0;0;0;0;0;0;171.63629913330078;0.615710973739624;46077.99152036743;42225.84032254149;2574.4010852468323;1277.8000000000004;[133.18, 133.18, 133.18, 133.18, 133.18, 133.18, 133.18, 79.18, 133.18, 133.18];54.0;[3, 3, 1, 7, 5, 6, 5, 3, 3, 4];6
10;40;10;3;True;2000;2;0;0;0;0;0;0;180.321702003479;0.5620031356811523;45089.852709617066;41368.372762213505;2291.303666389967;1430.19;[136.35, 143.76, 143.76, 143.76, 143.76, 143.76, 143.76, 143.76, 143.76, 143.76];7.409999999999997;[3, 4, 6, 3, 4, 5, 3, 4, 3, 5];3
10;40;10;4;True;2000;2;0;0;0;0;0;0;187.29901456832886;0.5588741302490234;46356.04264617575;42511.03542379891;2304.5888004828107;1540.3999999999999;[147.34, 155.34, 155.34, 155.34, 155.34, 155.34, 155.34, 155.34, 150.34, 155.34];8.0;[4, 7, 4, 3, 2, 5, 4, 4, 3, 4];5
10;40;10;5;True;2000;2;0;0;0;0;0;0;205.91109228134155;0.5701735019683838;45399.00940076802;41284.75963016998;2461.162855491538;1653.1000000000001;[167.22, 167.22, 167.22, 167.22, 167.22, 148.12, 167.22, 167.22, 167.22, 167.22];19.099999999999994;[1, 4, 6, 4, 4, 2, 5, 5, 4, 5];5
10;40;10;6;True;2000;2;0;0;0;0;0;0;144.00533771514893;0.5823459625244141;47500.90411097906;44058.14131487481;2293.753036057714;1149.0;[114.9, 114.9, 114.9, 114.9, 114.9, 114.9, 114.9, 114.9, 114.9, 114.9];0.0;[3, 2, 3, 4, 6, 4, 3, 4, 4, 7];5
10;50;10;1;True;2000;2;0;0;0;0;0;0;261.0266342163086;0.8797636032104492;59107.23324599801;54440.05426624037;2790.560429414571;1876.6399999999999;[194.29, 164.59, 194.29, 194.29, 194.29, 194.29, 185.01, 167.01, 194.29, 194.29];29.69999999999999;[6, 6, 5, 5, 7, 3, 3, 5, 3, 7];4
10;50;10;2;True;2000;2;0;0;0;0;0;0;216.60571813583374;1.4607110023498535;59623.2402901272;54913.15116307366;3152.4993750768704;1557.6;[157.76, 157.76, 157.76, 157.76, 157.76, 157.76, 157.76, 137.76, 157.76, 157.76];20.0;[4, 6, 2, 7, 7, 7, 6, 4, 3, 4];5
10;50;10;3;True;2000;2;0;0;0;0;0;0;231.2682318687439;0.8976905345916748;56571.89737664626;52137.42635077032;2824.375161754956;1610.1000000000001;[151.41, 162.41, 162.41, 162.41, 162.41, 159.41, 162.41, 162.41, 162.41, 162.41];11.0;[3, 5, 5, 3, 9, 7, 5, 3, 6, 4];6
10;50;10;4;True;2000;2;0;0;0;0;0;0;231.1312689781189;1.0775387287139893;58121.47444219055;53652.86034357311;2810.911010993108;1657.69;[152.53, 167.24, 167.24, 167.24, 167.24, 167.24, 167.24, 167.24, 167.24, 167.24];14.710000000000008;[5, 8, 4, 4, 4, 6, 5, 4, 5, 5];4
10;50;10;5;True;2000;2;0;0;0;0;0;0;251.63188314437866;0.8592121601104736;57135.81690445029;52336.620305894685;3134.9467297938927;1664.23;[178.89, 178.89, 134.89, 178.89, 178.89, 178.89, 178.89, 118.22, 158.89, 178.89];60.66999999999999;[3, 7, 6, 5, 3, 5, 7, 6, 3, 5];4
10;50;10;6;True;2000;2;0;0;0;0;0;0;223.76920700073242;1.028183937072754;60384.69185750679;56031.091004200745;2750.647466513705;1602.9999999999998;[160.3, 160.3, 160.3, 160.3, 160.3, 160.3, 160.3, 160.3, 160.3, 160.3];0.0;[4, 3, 4, 6, 6, 7, 4, 6, 4, 6];4
10;60;10;1;True;2000;2;0;0;0;0;0;0;321.8398537635803;1.5076758861541748;71911.94055261939;66320.56114442459;3535.864935418163;2055.4900000000002;[209.86, 179.49, 209.86, 209.49, 209.86, 209.86, 209.86, 197.49, 209.86, 209.86];30.370000000000005;[10, 5, 6, 3, 7, 5, 5, 6, 7, 6];7
10;60;10;2;True;2000;2;0;0;0;0;0;0;271.23038816452026;1.7711782455444336;71642.6048023951;66200.88396553462;3738.6690120485678;1703.0500000000002;[171.86, 171.86, 171.86, 171.86, 171.86, 171.86, 171.86, 156.31, 171.86, 171.86];15.550000000000011;[4, 7, 4, 8, 7, 7, 6, 6, 6, 5];4
10;60;10;3;True;2000;2;0;0;0;0;0;0;322.61954832077026;1.5826489925384521;70530.48054110174;65215.696294370806;3425.4175318401976;1889.3599999999997;[135.07, 195.81, 206.81, 206.81, 206.81, 189.81, 206.81, 151.81, 206.81, 182.81];71.74000000000001;[4, 5, 6, 3, 9, 5, 8, 7, 5, 8];6
10;60;10;4;True;2000;2;0;0;0;0;0;0;332.6198573112488;1.5382838249206543;72734.80808139763;67183.32981906139;3479.430850698526;2072.0;[177.2, 223.2, 223.2, 223.2, 223.2, 179.2, 223.2, 223.2, 153.2, 223.2];70.0;[7, 7, 5, 4, 4, 6, 6, 8, 6, 7];4
10;60;10;5;True;2000;2;0;0;0;0;0;0;255.66135025024414;1.4373581409454346;69417.1023570163;64113.809523071024;3717.498390058313;1585.79;[161.23, 161.23, 161.23, 161.23, 161.23, 161.23, 161.23, 134.72, 161.23, 161.23];26.50999999999999;[3, 7, 7, 8, 5, 6, 7, 6, 5, 6];5
10;60;10;6;True;2000;2;0;0;0;0;0;0;269.2633447647095;1.9721341133117676;75455.60916563218;70475.74193126435;3328.605994124506;1651.3;[143.53, 172.53, 172.53, 172.53, 172.53, 172.53, 172.53, 172.53, 172.53, 127.53];45.0;[4, 4, 6, 6, 7, 7, 7, 7, 6, 6];3
10;70;10;1;True;2000;2;0;0;0;0;0;0;388.41563272476196;1.914830207824707;86933.34114112207;80437.64467092225;4187.614271221062;2308.1000000000004;[236.01, 209.01, 216.01, 236.01, 236.01, 236.01, 236.01, 236.01, 231.01, 236.01];27.0;[9, 5, 9, 2, 12, 6, 5, 7, 8, 7];10
10;70;10;2;True;2000;2;0;0;0;0;0;0;396.0399007797241;1.9872026443481445;85548.58080589352;79239.74301971891;4181.823316332499;2127.0299999999997;[205.75, 227.75, 209.75, 227.75, 205.75, 227.75, 204.75, 162.28, 227.75, 227.75];65.47;[7, 6, 3, 12, 7, 10, 8, 7, 4, 6];9
10;70;10;3;True;2000;2;0;0;0;0;0;0;349.41906213760376;1.8012058734893799;83738.6593267708;77751.56663472681;4004.4251759670005;1982.6599999999999;[157.4, 203.8, 203.8, 194.86, 203.8, 203.8, 203.8, 203.8, 203.8, 203.8];46.400000000000006;[4, 8, 6, 6, 9, 5, 8, 8, 7, 9];5
10;70;10;4;True;2000;2;0;0;0;0;0;0;369.4112033843994;1.8352255821228027;87431.89319069042;80898.01009870552;4384.3119385148875;2149.6;[221.46, 221.46, 221.46, 221.46, 221.46, 221.46, 221.46, 197.46, 180.46, 221.46];41.0;[7, 8, 7, 8, 5, 8, 5, 10, 5, 7];5
10;70;10;5;True;2000;2;0;0;0;0;0;0;305.82372188568115;1.821662425994873;83894.2042681714;77751.5280154876;4397.060457731061;1745.6199999999997;[178.85, 178.85, 178.85, 178.85, 151.01, 178.85, 178.85, 163.81, 178.85, 178.85];27.840000000000003;[5, 8, 8, 9, 3, 7, 7, 7, 7, 9];6
10;70;10;6;True;2000;2;0;0;0;0;0;0;298.0039930343628;2.026883840560913;89729.67696917277;83856.61015726636;4155.195797161584;1717.8999999999999;[171.79, 171.79, 171.79, 171.79, 171.79, 171.79, 171.79, 171.79, 171.79, 171.79];0.0;[4, 5, 7, 7, 9, 7, 6, 8, 8, 9];5
10;80;10;1;True;2000;2;0;0;0;0;0;0;433.03803968429565;2.1880486011505127;99255.58755138691;92331.78447424187;4599.974586701785;2323.82;[235.57, 226.12, 235.57, 235.57, 235.57, 213.14, 235.57, 235.57, 235.57, 235.57];22.430000000000007;[10, 5, 9, 6, 10, 8, 5, 7, 10, 10];5
10;80;10;2;True;2000;2;0;0;0;0;0;0;402.254328250885;2.372182607650757;99211.38486768478;92180.72592508848;4888.424755947024;2142.2;[214.22, 214.22, 214.22, 214.22, 214.22, 214.22, 214.22, 214.22, 214.22, 214.22];0.0;[6, 6, 5, 10, 6, 12, 10, 8, 8, 9];7
10;80;10;3;True;2000;2;0;0;0;0;0;0;430.1779417991638;2.310166597366333;97701.48412371338;90769.11977401412;4701.34590965713;2231.0100000000007;[228.11, 201.63, 228.11, 228.11, 228.11, 204.5, 228.11, 228.11, 228.11, 228.11];26.480000000000018;[6, 7, 8, 8, 10, 7, 9, 8, 8, 9];4
10;80;10;4;True;2000;2;0;0;0;0;0;0;403.5549273490906;2.391725540161133;100233.62657384398;92918.03090293046;5151.508460234309;2164.09;[208.93, 217.24, 217.24, 217.24, 217.24, 217.24, 217.24, 217.24, 217.24, 217.24];8.310000000000002;[8, 8, 8, 6, 8, 9, 9, 9, 6, 9];3
10;80;10;5;True;2000;2;0;0;0;0;0;0;378.8024425506592;2.6064822673797607;97437.67059370645;90487.8216544375;4971.332413944716;1978.4999999999995;[197.85, 197.85, 197.85, 197.85, 197.85, 197.85, 197.85, 197.85, 197.85, 197.85];0.0;[6, 9, 10, 8, 6, 7, 9, 9, 9, 7];4
10;80;10;6;True;2000;2;0;0;0;0;0;0;403.79641008377075;2.763314962387085;103346.20872559844;96431.13203901472;4748.357427708078;2166.6899999999996;[218.82, 197.31, 218.82, 218.82, 218.82, 218.82, 218.82, 218.82, 218.82, 218.82];21.50999999999999;[6, 6, 10, 9, 10, 7, 9, 8, 8, 7];4
10;90;10;1;True;2000;2;0;0;0;0;0;0;234.98928260803223;1.9295189380645752;103685.21270202455;95768.55708959594;5134.1010802838455;2782.600000000001;[278.86, 278.86, 278.86, 278.86, 278.86, 274.86, 278.86, 278.86, 276.86, 278.86];4.0;[10, 10, 9, 8, 12, 5, 8, 8, 9, 11];7
10;90;10;2;True;2000;2;0;0;0;0;0;0;260.0967206954956;1.597506046295166;101288.03253534362;92575.7138953981;5692.867203915264;3019.5;[311.25, 311.25, 292.25, 311.25, 270.25, 309.25, 303.25, 311.25, 288.25, 311.25];41.0;[9, 6, 6, 10, 8, 12, 11, 10, 9, 9];6
10;90;10;3;True;2000;2;0;0;0;0;0;0;251.39149713516235;1.5918693542480469;100414.72502020803;92387.62073647686;5315.309625069326;2711.7799999999993;[233.33, 233.33, 291.89, 291.89, 291.89, 247.89, 291.89, 245.89, 291.89, 291.89];58.559999999999974;[8, 9, 7, 7, 11, 5, 14, 11, 9, 9];9
10;90;10;4;True;2000;2;0;0;0;0;0;0;225.7269983291626;1.3190321922302246;103707.30663170705;95499.34427525732;5681.811649259931;2526.1900000000005;[256.65, 254.65, 229.34, 245.65, 256.65, 256.65, 256.65, 256.65, 256.65, 256.65];27.309999999999974;[14, 8, 8, 6, 8, 9, 11, 9, 7, 10];8
10;90;10;5;True;2000;2;0;0;0;0;0;0;267.1197829246521;1.5514447689056396;101063.13308250207;92899.68770179477;5459.1108564347205;2704.3100000000004;[274.8, 268.3, 274.8, 274.8, 274.8, 274.8, 274.8, 237.61, 274.8, 274.8];37.19;[8, 9, 11, 10, 9, 12, 8, 6, 8, 9];6
10;90;10;6;True;2000;2;0;0;0;0;0;0;488.9433183670044;3.90099835395813;118065.67092812688;110382.25593948858;5294.306662106679;2389.0699999999997;[231.35, 246.51, 246.51, 246.51, 185.64, 246.51, 246.51, 246.51, 246.51, 246.51];60.870000000000005;[6, 8, 10, 11, 9, 11, 9, 9, 8, 9];5
10;100;10;1;True;2000;2;0;0;0;0;0;0;598.1404972076416;3.694542407989502;128509.06591664212;120077.84754236786;5739.775082849147;2691.47;[278.35, 255.35, 278.35, 278.35, 278.35, 278.35, 278.35, 271.35, 216.32, 278.35];62.03000000000003;[13, 10, 11, 9, 11, 8, 9, 10, 8, 11];5
10;100;10;2;True;2000;2;0;0;0;0;0;0;593.0209250450134;3.467494010925293;129762.25528146494;120570.28716526343;6432.288761009233;2759.7;[279.27, 279.27, 279.27, 279.27, 279.27, 279.27, 279.27, 279.27, 246.27, 279.27];32.99999999999997;[8, 12, 10, 11, 9, 14, 9, 9, 7, 11];7
10;100;10;3;True;2000;2;0;0;0;0;0;0;628.779773235321;3.833981990814209;127828.90668839966;119197.23701810878;5779.942310722195;2851.7200000000003;[287.95, 298.32, 298.32, 246.95, 274.95, 251.95, 298.32, 298.32, 298.32, 298.32];51.370000000000005;[7, 14, 12, 10, 11, 8, 12, 7, 7, 12];7
10;100;10;4;True;2000;2;0;0;0;0;0;0;520.8681302070618;3.4448940753936768;127657.77070453376;118946.50813446492;6276.29741957043;2435.0;[243.5, 243.5, 243.5, 243.5, 243.5, 243.5, 243.5, 243.5, 243.5, 243.5];0.0;[10, 11, 9, 10, 10, 13, 8, 12, 8, 9];5
10;100;10;5;True;2000;2;0;0;0;0;0;0;597.6826901435852;3.937601089477539;126778.0631590671;117876.82004405306;6101.498411760184;2799.7000000000003;[284.67, 255.67, 284.67, 284.67, 284.67, 284.67, 284.67, 284.67, 284.67, 266.67];29.00000000000003;[9, 12, 9, 11, 9, 8, 9, 11, 10, 12];4
10;100;10;6;True;2000;2;0;0;0;0;0;0;585.9239821434021;5.118174076080322;132308.51799324818;123579.4555850015;5913.118404182349;2815.9;[281.79, 281.79, 281.79, 281.79, 279.79, 281.79, 281.79, 281.79, 281.79, 281.79];2.0;[6, 9, 13, 10, 13, 10, 8, 12, 10, 9];7
10;30;10;1;True;2000;3;0;0;0;0;0;0;197.59240674972534;0.7678771018981934;35336.38456454191;31721.43115499814;1815.8021917873784;1799.2000000000003;[186.92, 186.92, 173.92, 186.92, 186.92, 186.92, 155.92, 172.92, 174.92, 186.92];31.0;[5, 3, 3, 2, 5, 4, 2, 2, 2, 2];3
10;30;10;2;True;2000;3;0;0;0;0;0;0;186.10483074188232;0.4678170680999756;33087.65136180882;29455.797145032524;1935.532224099456;1696.3000000000004;[175.93, 175.93, 175.93, 175.93, 175.93, 175.93, 175.93, 150.93, 137.93, 175.93];38.0;[3, 3, 1, 4, 4, 4, 3, 2, 2, 4];3
10;30;10;3;True;2000;3;0;0;0;0;0;0;159.40494966506958;0.48560667037963867;33203.89384839382;29962.35773042482;1815.5924793834479;1425.97;[131.36, 138.36, 147.27, 147.27, 147.27, 125.36, 147.27, 147.27, 147.27, 147.27];21.91000000000001;[2, 2, 3, 1, 5, 4, 3, 2, 3, 5];4
10;30;10;4;True;2000;3;0;0;0;0;0;0;133.76885795593262;0.40760302543640137;35077.25907500744;32300.212165069057;1582.1687705317627;1194.87;[124.1, 124.1, 124.1, 124.1, 124.1, 124.1, 124.1, 124.1, 77.97, 124.1];46.129999999999995;[3, 4, 2, 2, 1, 5, 4, 3, 3, 3];4
10;30;10;5;True;2000;3;0;0;0;0;0;0;172.87237691879272;0.4974808692932129;33272.40429347332;30186.52621650794;1693.419662393429;1392.4600000000003;[157.94, 157.94, 157.94, 157.94, 122.94, 146.94, 157.94, 92.94, 82.0, 157.94];75.94;[1, 3, 5, 3, 2, 2, 5, 2, 3, 4];4
10;30;10;6;True;2000;3;0;0;0;0;0;0;176.4949688911438;0.35553789138793945;35103.525564078125;31900.66574026951;1562.197933374708;1640.6999999999996;[167.07, 167.07, 167.07, 167.07, 167.07, 167.07, 167.07, 167.07, 167.07, 137.07];30.0;[2, 3, 3, 3, 4, 2, 3, 4, 2, 4];2
10;40;10;1;True;2000;3;0;0;0;0;0;0;217.5331425666809;0.8769152164459229;47267.12084798845;43290.059350794596;2330.419848552023;1646.6;[176.76, 133.76, 143.76, 176.76, 181.76, 181.76, 147.76, 164.76, 157.76, 181.76];48.0;[5, 4, 3, 5, 6, 4, 3, 4, 2, 4];4
10;40;10;2;True;2000;3;0;0;0;0;0;0;202.8540744781494;0.8712332248687744;46208.85369090144;42092.75716475005;2609.6221410047274;1506.46;[160.66, 160.66, 160.66, 160.66, 160.66, 160.66, 160.66, 76.52, 144.66, 160.66];84.14;[2, 3, 3, 7, 5, 6, 6, 3, 1, 4];6
10;40;10;3;True;2000;3;0;0;0;0;0;0;205.8518943786621;0.7268610000610352;44780.811439078076;40903.5416484906;2310.0069344834515;1567.2199999999998;[124.02, 127.76, 171.32, 147.76, 171.32, 171.32, 139.76, 171.32, 171.32, 171.32];47.3;[2, 3, 5, 2, 5, 3, 4, 5, 4, 7];5
10;40;10;4;True;2000;3;0;0;0;0;0;0;182.3705449104309;0.6402270793914795;47240.43419964191;43399.75369993439;2333.8969122625213;1506.8100000000002;[126.15, 154.97, 154.97, 154.97, 154.97, 154.97, 154.97, 154.97, 140.9, 154.97];28.819999999999993;[3, 7, 4, 2, 2, 6, 3, 3, 4, 6];5
10;40;10;5;True;2000;3;0;0;0;0;0;0;224.22704219818115;0.9550609588623047;45009.33288612198;40840.99774042714;2432.7816534178805;1735.5299999999997;[184.6, 136.44, 184.6, 184.6, 184.6, 124.29, 184.6, 184.6, 183.6, 183.6];60.30999999999999;[4, 6, 4, 6, 2, 2, 5, 3, 3, 5];4
10;40;10;6;True;2000;3;0;0;0;0;0;0;224.1123685836792;0.8636107444763184;48551.87917390636;44460.64309847339;2334.0437645472202;1757.2000000000003;[186.42, 186.42, 186.42, 186.42, 178.42, 174.42, 186.42, 186.42, 186.42, 99.42];86.99999999999999;[5, 4, 4, 3, 6, 2, 4, 5, 3, 4];4
10;50;10;1;True;2000;3;0;0;0;0;0;0;268.52140855789185;1.2618629932403564;58710.8513447111;53972.37138948303;2822.6453369484657;1915.8399999999997;[198.54, 142.68, 198.54, 198.54, 198.54, 198.54, 184.84, 198.54, 198.54, 198.54];55.859999999999985;[7, 4, 5, 6, 5, 5, 4, 6, 4, 4];3
10;50;10;2;True;2000;3;0;0;0;0;0;0;290.73539686203003;1.1661601066589355;61041.77103306026;55839.01918385797;3182.8257305371126;2019.94;[186.03, 219.03, 218.03, 219.03, 169.03, 219.03, 162.67, 219.03, 189.03, 219.03];56.360000000000014;[6, 5, 4, 8, 2, 7, 6, 4, 3, 5];6
10;50;10;3;True;2000;3;0;0;0;0;0;0;240.19984912872314;1.8583581447601318;56627.49282304995;52012.81541459324;2867.520460048764;1747.1100000000004;[166.56, 175.95, 175.95, 175.95, 175.95, 172.95, 175.95, 175.95, 175.95, 175.95];9.389999999999986;[3, 5, 6, 4, 7, 6, 5, 5, 5, 4];4
10;50;10;4;True;2000;3;0;0;0;0;0;0;252.09209775924683;1.1524112224578857;60276.01632021501;55624.945124938284;2841.620685745655;1809.4600000000003;[185.44, 185.44, 152.97, 185.44, 185.44, 185.44, 185.44, 172.97, 185.44, 185.44];32.47;[6, 7, 4, 3, 2, 8, 4, 5, 5, 6];6
10;50;10;5;True;2000;3;0;0;0;0;0;0;214.91797494888306;1.1467857360839844;57199.029477525175;52591.202412564366;3104.237535476935;1503.6000000000004;[151.86, 153.86, 153.86, 153.86, 120.86, 153.86, 153.86, 153.86, 153.86, 153.86];33.000000000000014;[4, 6, 7, 5, 3, 5, 7, 2, 4, 7];5
10;50;10;6;True;2000;3;0;0;0;0;0;0;271.6393790245056;1.3935019969940186;62308.050389574186;57556.65175512177;2790.613547988366;1960.8199999999997;[198.34, 198.34, 198.34, 198.34, 198.34, 175.76, 198.34, 198.34, 198.34, 198.34];22.580000000000013;[5, 4, 5, 5, 6, 4, 6, 4, 5, 6];2
10;60;10;1;True;2000;3;0;0;0;0;0;0;306.09595251083374;2.123073101043701;75072.70430337184;69595.47374748695;3499.148732091487;1978.0999999999997;[197.81, 197.81, 197.81, 197.81, 197.81, 197.81, 197.81, 197.81, 197.81, 197.81];0.0;[8, 5, 8, 4, 7, 5, 7, 6, 4, 6];4
10;60;10;2;True;2000;3;0;0;0;0;0;0;270.43877840042114;1.637873888015747;72136.10570802001;66667.62193415781;3727.575467523573;1740.9100000000003;[152.77, 176.46, 176.46, 176.46, 176.46, 176.46, 176.46, 176.46, 176.46, 176.46];23.689999999999998;[7, 4, 5, 9, 6, 7, 5, 5, 6, 6];5
10;60;10;3;True;2000;3;0;0;0;0;0;0;305.8283886909485;2.0872092247009277;71129.18092244609;65744.09085849546;3491.5014515381854;1893.6000000000001;[167.46, 185.46, 199.46, 199.46, 199.46, 144.46, 199.46, 199.46, 199.46, 199.46];55.0;[3, 6, 5, 5, 8, 7, 6, 7, 5, 8];5
10;60;10;4;True;2000;3;0;0;0;0;0;0;317.1251654624939;1.417816162109375;75165.3597625814;69633.75291590707;3451.9396622588106;2079.69;[177.69, 215.0, 215.0, 215.0, 215.0, 215.0, 215.0, 215.0, 182.0, 215.0];37.31;[6, 6, 7, 6, 4, 7, 6, 6, 5, 7];3
10;60;10;5;True;2000;3;0;0;0;0;0;0;308.2682785987854;1.8418450355529785;70557.13901452899;64796.37603065196;3726.350638688188;2034.3999999999992;[207.64, 207.64, 207.64, 207.64, 195.64, 207.64, 207.64, 207.64, 183.64, 201.64];24.0;[5, 10, 6, 7, 5, 4, 8, 5, 4, 6];6
10;60;10;6;True;2000;3;0;0;0;0;0;0;278.55053758621216;1.1755402088165283;76588.06814308422;71446.69558555145;3307.4221840519235;1834.0000000000005;[183.4, 183.4, 183.4, 183.4, 183.4, 183.4, 183.4, 183.4, 183.4, 183.4];0.0;[5, 6, 6, 7, 6, 5, 7, 7, 6, 5];2
10;70;10;1;True;2000;3;0;0;0;0;0;0;358.122718334198;3.1950438022613525;87642.09660782402;81415.73219024694;4121.377721859002;2105.0;[210.5, 210.5, 210.5, 210.5, 210.5, 210.5, 210.5, 210.5, 210.5, 210.5];0.0;[5, 8, 5, 6, 8, 7, 8, 9, 5, 9];4
10;70;10;2;True;2000;3;0;0;0;0;0;0;402.0592966079712;1.7729918956756592;86500.40836254036;80110.21018469126;4127.140853308677;2263.1;[195.21, 246.21, 224.21, 246.21, 246.21, 246.21, 240.21, 165.21, 207.21, 246.21];81.0;[6, 8, 5, 7, 8, 10, 7, 7, 6, 6];5
10;70;10;3;True;2000;3;0;0;0;0;0;0;363.94364738464355;2.1810293197631836;85241.04967407591;79137.45408931069;3962.6996554667144;2140.88;[173.28, 181.28, 223.29, 223.29, 223.29, 223.29, 223.29, 223.29, 223.29, 223.29];50.00999999999999;[5, 9, 5, 5, 8, 5, 10, 9, 8, 6];5
10;70;10;4;True;2000;3;0;0;0;0;0;0;337.6970901489258;2.613687038421631;88938.6210168965;82608.41220530237;4345.477522469071;1984.7000000000003;[203.17, 203.17, 203.17, 203.17, 203.17, 203.17, 203.17, 201.17, 158.17, 203.17];45.0;[8, 8, 6, 9, 6, 6, 6, 9, 5, 7];4
10;70;10;5;True;2000;3;0;0;0;0;0;0;349.4930052757263;2.918633222579956;85255.06027626595;78788.79042222345;4389.748487161309;2076.5000000000005;[208.4, 208.4, 208.4, 208.4, 208.4, 208.4, 208.4, 208.4, 200.9, 208.4];7.5;[9, 8, 7, 8, 6, 6, 8, 4, 6, 8];5
10;70;10;6;True;2000;3;0;0;0;0;0;0;396.2746334075928;4.97557520866394;93953.47606573472;87362.48591048284;4221.929403860985;2369.0599999999995;[243.1, 185.16, 243.1, 243.1, 239.1, 243.1, 243.1, 243.1, 243.1, 243.1];57.94;[6, 4, 8, 7, 7, 8, 8, 9, 6, 7];5
10;80;10;1;True;2000;3;0;0;0;0;0;0;460.1638503074646;3.525913953781128;102782.7692734786;95665.50670992596;4574.637797038931;2542.59;[254.96, 254.96, 247.95, 254.96, 254.96, 254.96, 254.96, 254.96, 254.96, 254.96];7.010000000000019;[11, 9, 9, 6, 10, 6, 6, 6, 6, 11];5
10;80;10;2;True;2000;3;0;0;0;0;0;0;427.85748052597046;3.2306160926818848;98723.261279302;91610.82369010622;4865.396202189377;2247.06;[211.53, 236.42, 209.53, 236.42, 236.42, 236.42, 221.42, 186.06, 236.42, 236.42];50.359999999999985;[8, 8, 4, 9, 11, 10, 9, 7, 7, 7];7
10;80;10;3;True;2000;3;0;0;0;0;0;0;530.954728603363;5.533345937728882;98238.9114780471;90802.20701963999;4731.57289237743;2705.1500000000005;[208.83, 279.92, 238.86, 209.83, 301.97, 257.86, 301.97, 301.97, 301.97, 301.97];93.14000000000001;[4, 9, 8, 4, 9, 8, 10, 12, 9, 7];8
10;80;10;4;True;2000;3;0;0;0;0;0;0;411.59677362442017;3.187917947769165;102612.5477791885;95312.89935767907;5115.774458274187;2183.9;[223.79, 223.79, 196.79, 223.79, 223.79, 223.79, 196.79, 223.79, 223.79, 223.79];27.0;[11, 9, 7, 10, 7, 9, 6, 7, 6, 8];5
10;80;10;5;True;2000;3;0;0;0;0;0;0;395.6981739997864;4.166895866394043;99745.82684406385;92583.81043075398;4996.734461024665;2165.3;[216.53, 216.53, 216.53, 216.53, 216.53, 216.53, 216.53, 216.53, 216.53, 216.53];0.0;[5, 9, 11, 10, 7, 5, 8, 6, 10, 9];6
10;80;10;6;True;2000;3;0;0;0;0;0;0;449.3490238189697;3.588679075241089;106420.29479992647;99279.9697224502;4743.508395149393;2396.7999999999997;[234.98, 232.98, 250.98, 250.98, 233.98, 250.98, 250.98, 250.98, 250.98, 188.98];62.0;[5, 7, 10, 10, 9, 7, 9, 10, 7, 6];5
10;90;10;1;True;2000;3;0;0;0;0;0;0;547.6131410598755;3.4486825466156006;118861.87067507689;110898.77078028044;5167.020566291501;2796.0599999999995;[283.03, 283.03, 249.79, 283.03, 283.03, 283.03, 283.03, 283.03, 282.03, 283.03];33.23999999999998;[12, 8, 6, 12, 12, 8, 8, 7, 8, 9];6
10;90;10;2;True;2000;3;0;0;0;0;0;0;591.5944771766663;3.59017276763916;115216.93536730288;106615.98709886764;5689.140049905003;2911.84;[264.52, 309.52, 251.52, 288.52, 312.52, 312.52, 238.16, 312.52, 312.52, 309.52];74.35999999999999;[7, 9, 4, 10, 10, 11, 11, 11, 8, 9];7
10;90;10;3;True;2000;3;0;0;0;0;0;0;531.135639667511;5.728959560394287;113072.72115993036;105201.55084285427;5297.685893236189;2573.4500000000003;[270.46, 270.46, 270.46, 243.41, 270.46, 241.41, 213.41, 270.46, 270.46, 252.46];57.04999999999998;[9, 12, 11, 4, 9, 6, 10, 8, 10, 11];8
10;90;10;4;True;2000;3;0;0;0;0;0;0;541.3672804832458;3.986870050430298;118982.61945782742;110610.18361999973;5604.972884369892;2767.5;[285.75, 285.75, 284.75, 285.75, 285.75, 285.75, 249.75, 285.75, 232.75, 285.75];53.0;[8, 12, 10, 9, 8, 12, 7, 8, 8, 8];5
10;90;10;5;True;2000;3;0;0;0;0;0;0;777.6969923973083;5.483611345291138;116820.61363917206;108047.4197238763;5534.527731285476;3238.7000000000003;[316.17, 296.17, 320.17, 420.17, 302.17, 307.17, 312.17, 359.17, 331.17, 274.17];146.0;[5, 10, 12, 12, 7, 7, 9, 10, 8, 11];7
10;90;10;6;True;2000;3;0;0;0;0;0;0;481.2162551879883;2.8346920013427734;122010.58415785208;114336.14335355455;5297.674198176708;2376.8;[244.18, 229.18, 244.18, 244.18, 238.18, 244.18, 220.18, 244.18, 244.18, 224.18];24.0;[8, 6, 10, 9, 10, 10, 10, 7, 10, 10];4
10;100;10;1;True;2000;3;0;0;0;0;0;0;810.5062122344971;4.300199270248413;133403.63982730627;123979.66571950034;5743.330963947119;3680.6;[385.46, 396.46, 339.46, 396.46, 338.46, 383.46, 347.46, 365.46, 359.46, 368.46];58.0;[3, 10, 11, 14, 12, 9, 8, 13, 11, 9];11
10;100;10;2;True;2000;3;0;0;0;0;0;0;652.4087462425232;6.948433876037598;132121.633713955;122787.06324723792;6437.826851074965;2896.7000000000003;[268.07, 255.07, 291.07, 310.07, 310.07, 310.07, 283.07, 302.07, 257.07, 310.07];55.0;[6, 9, 9, 15, 8, 12, 9, 10, 8, 14];9
10;100;10;3;True;2000;3;0;0;0;0;0;0;645.3327803611755;3.8867480754852295;130395.96099064202;121715.83640005143;5841.058009589438;2839.0700000000006;[255.47, 308.47, 303.47, 308.47, 281.47, 218.84, 308.47, 280.47, 265.47, 308.47];89.63000000000002;[7, 12, 10, 14, 9, 9, 11, 8, 8, 12];7
10;100;10;4;True;2000;3;0;0;0;0;0;0;632.85284948349;4.572159051895142;132923.03765821332;123882.17681334926;6142.424574779916;2898.4400000000005;[250.54, 304.36, 304.36, 260.69, 304.36, 273.69, 304.36, 304.36, 287.36, 304.36];53.82000000000002;[7, 12, 8, 10, 10, 12, 8, 9, 10, 14];7
10;100;10;5;True;2000;3;0;0;0;0;0;0;716.693470954895;4.35218620300293;131371.82293874703;121923.07106306619;6089.470342929912;3359.2800000000007;[345.76, 348.76, 320.76, 350.76, 309.6, 350.76, 310.6, 345.76, 350.76, 325.76];41.15999999999997;[9, 12, 10, 12, 8, 8, 10, 9, 11, 11];4
10;100;10;6;True;2000;3;0;0;0;0;0;0;565.258542060852;11.380733251571655;135845.1153773211;127262.02578045239;5914.23456711578;2668.9;[268.69, 268.69, 268.69, 268.69, 268.69, 268.69, 268.69, 268.69, 268.69, 250.69];18.0;[10, 8, 13, 11, 12, 11, 8, 8, 11, 8];5
10;40;10;1;True;2000;4;0;0;0;0;0;0;311.7482681274414;9.520342111587524;47600.46496505888;42947.359333968554;2371.5731307664178;2281.5;[235.95, 256.95, 231.95, 164.95, 234.95, 226.95, 241.95, 230.95, 258.95, 197.95];94.0;[4, 4, 4, 2, 5, 5, 3, 4, 6, 3];4
10;40;10;2;True;2000;4;0;0;0;0;0;0;360.2900433540344;3.611538887023926;47456.76183343546;42701.74208707902;2574.540179649266;2180.5;[167.45, 234.45, 313.45, 312.45, 113.45, 292.45, 185.45, 255.45, 123.45, 182.45];200.0;[4, 4, 3, 6, 3, 6, 4, 3, 3, 4];3
10;40;10;3;True;2000;4;0;0;0;0;0;0;258.8008852005005;1.1720681190490723;44382.13696369273;39955.38972010714;2296.005251922324;2130.77;[163.5, 218.03, 219.03, 219.03, 219.03, 219.03, 216.03, 219.03, 219.03, 219.03];55.53;[3, 5, 4, 2, 5, 5, 3, 4, 4, 5];3
10;40;10;4;True;2000;4;0;0;0;0;0;0;298.0980725288391;1.6320619583129883;47285.56485586357;42705.22380255812;2281.5491873669844;2298.7599999999998;[255.93, 255.93, 255.93, 255.93, 255.93, 131.39, 249.93, 205.93, 255.93, 175.93];124.54000000000002;[5, 5, 3, 3, 4, 5, 4, 4, 3, 4];2
10;40;10;5;True;2000;4;0;0;0;0;0;0;152.70481967926025;1.4782071113586426;44159.115367753984;40476.89184562234;2478.2501040034076;1203.9399999999998;[120.81, 120.81, 120.81, 120.81, 120.81, 116.65, 120.81, 120.81, 120.81, 120.81];4.159999999999997;[3, 6, 4, 3, 3, 2, 5, 3, 6, 5];4
10;40;10;6;True;2000;4;0;0;0;0;0;0;236.24389934539795;1.7126429080963135;48253.99315540716;44123.105023562726;2328.091251729518;1802.8000000000002;[195.88, 183.88, 195.88, 195.88, 195.88, 195.88, 145.88, 195.88, 195.88, 101.88];94.0;[4, 2, 4, 4, 7, 4, 3, 3, 6, 3];5
10;50;10;1;True;2000;4;0;0;0;0;0;0;559.4182720184326;33.38616490364075;60607.78535546873;54701.001340073926;2828.527502376121;3078.2999999999993;[324.53, 282.53, 299.53, 265.53, 323.53, 301.53, 273.53, 441.53, 271.53, 294.53];176.0;[6, 4, 6, 5, 4, 6, 4, 6, 5, 4];2
10;50;10;2;True;2000;4;0;0;0;0;0;0;384.81907081604004;2.8950486183166504;61203.634153859144;55634.938132897856;3125.219785171363;2443.5;[228.75, 291.75, 198.75, 291.75, 259.75, 290.75, 291.75, 197.75, 166.75, 225.75];125.0;[3, 6, 3, 8, 5, 7, 6, 4, 3, 5];5
10;50;10;3;True;2000;4;0;0;0;0;0;0;374.72893810272217;1.7247509956359863;57156.52469173124;51975.279302676114;2888.6838757258415;2292.6;[184.06, 249.06, 238.06, 210.06, 292.06, 223.06, 232.06, 202.06, 203.06, 259.06];108.0;[3, 5, 6, 4, 6, 5, 5, 5, 6, 5];3
10;50;10;4;True;2000;4;0;0;0;0;0;0;302.24383020401;4.48235011100769;61359.12669142577;56443.636759642366;2782.22228021289;2133.2999999999997;[210.73, 233.73, 233.73, 233.73, 233.73, 206.73, 233.73, 205.73, 153.73, 187.73];80.0;[4, 6, 6, 4, 4, 7, 5, 5, 3, 6];4
10;50;10;5;True;2000;4;0;0;0;0;0;0;280.2211751937866;3.858196973800659;58634.50250903513;53610.59559203625;3105.8692320214577;1918.0400000000004;[160.36, 207.36, 124.8, 207.36, 207.36, 181.36, 207.36, 207.36, 207.36, 207.36];82.56000000000002;[4, 8, 4, 5, 5, 5, 4, 3, 5, 7];5
10;50;10;6;True;2000;4;0;0;0;0;0;0;350.85994720458984;1.2806079387664795;61961.03623858118;56682.837027088215;2802.5262359603416;2475.7;[263.27, 266.27, 266.27, 266.27, 217.27, 259.27, 265.27, 204.27, 259.27, 208.27];61.99999999999997;[4, 5, 7, 6, 5, 4, 4, 5, 5, 5];3
10;60;10;1;True;2000;4;0;0;0;0;0;0;370.5614523887634;17.41851496696472;77226.8402424171;71266.43724672115;3533.8050070231025;2426.6;[248.41, 248.41, 192.91, 248.41, 248.41, 248.41, 248.41, 248.41, 246.41, 248.41];55.5;[8, 6, 5, 4, 8, 6, 8, 6, 4, 5];4
10;60;10;2;True;2000;4;0;0;0;0;0;0;366.1835980415344;3.663282871246338;73129.03500231638;67091.03951949273;3732.0100297331583;2306.0000000000005;[204.4, 237.4, 210.4, 248.4, 225.4, 249.4, 249.4, 236.4, 195.4, 249.4];54.0;[6, 7, 4, 6, 6, 6, 8, 6, 5, 6];4
10;60;10;3;True;2000;4;0;0;0;0;0;0;322.54235792160034;2.4451661109924316;71954.20010873319;66333.53528182498;3471.2417113536267;2149.4100000000003;[185.63, 218.42, 218.42, 218.42, 218.42, 216.42, 218.42, 218.42, 218.42, 218.42];32.78999999999999;[4, 6, 7, 5, 9, 5, 6, 6, 6, 6];5
10;60;10;4;True;2000;4;0;0;0;0;0;0;553.594735622406;6.0477941036224365;76457.30833772097;70509.5005160639;3499.9874392654983;2447.8;[197.18, 388.18, 193.18, 220.18, 212.18, 282.18, 268.18, 227.18, 223.18, 236.18];195.0;[4, 9, 5, 7, 4, 8, 5, 6, 5, 7];5
10;60;10;5;True;2000;4;0;0;0;0;0;0;416.04685163497925;3.4884660243988037;72470.3120202916;66324.9704590172;3682.552586730994;2462.8;[205.78, 224.78, 272.78, 279.78, 239.78, 263.78, 276.78, 280.78, 230.78, 187.78];92.99999999999997;[4, 8, 7, 7, 7, 7, 6, 5, 4, 5];4
10;60;10;6;True;2000;4;0;0;0;0;0;0;337.15730476379395;2.9355154037475586;77832.37024170705;72262.9992080817;3338.9115376395634;2230.5;[219.25, 214.25, 229.25, 229.25, 229.25, 229.25, 229.25, 229.25, 229.25, 192.25];37.0;[4, 5, 7, 8, 8, 6, 7, 4, 7, 4];4
10;70;10;1;True;2000;4;0;0;0;0;0;0;457.0212993621826;8.222862005233765;90922.33497299856;84089.53316289991;4160.388601757842;2672.38;[283.09, 263.09, 239.72, 209.94, 283.09, 283.09, 283.09, 261.09, 283.09, 283.09];73.14999999999998;[10, 7, 4, 4, 9, 7, 6, 9, 5, 9];6
10;70;10;2;True;2000;4;0;0;0;0;0;0;478.8465280532837;5.840502977371216;87121.49169221128;80417.55563355549;4125.630827446911;2578.2799999999997;[171.32, 296.14, 296.14, 255.14, 239.14, 296.14, 296.14, 243.14, 188.84, 296.14];124.82;[5, 9, 6, 7, 6, 10, 7, 7, 5, 8];5
10;70;10;3;True;2000;4;0;0;0;0;0;0;505.20597553253174;4.050726652145386;84630.06215424725;77816.31673887756;4034.821109812817;2778.9;[264.19, 315.19, 316.19, 225.19, 312.19, 252.19, 210.19, 256.19, 316.19, 311.19];106.0;[6, 5, 7, 4, 6, 6, 6, 10, 9, 11];7
10;70;10;4;True;2000;4;0;0;0;0;0;0;446.568772315979;6.0785839557647705;90190.11177260641;83200.6229978704;4331.54171547101;2657.8999999999996;[220.99, 277.99, 256.99, 277.99, 266.99, 272.99, 277.99, 249.99, 277.99, 277.99];57.0;[8, 7, 5, 9, 7, 5, 7, 10, 5, 7];5
10;70;10;5;True;2000;4;0;0;0;0;0;0;369.90846586227417;6.515893936157227;85964.17007272197;79321.94809224454;4415.434198630469;2226.79;[223.57, 223.57, 223.57, 214.66, 223.57, 223.57, 223.57, 223.57, 223.57, 223.57];8.909999999999997;[8, 9, 9, 4, 5, 7, 6, 6, 8, 8];5
10;70;10;6;True;2000;4;0;0;0;0;0;0;338.53292512893677;5.002554893493652;94075.91019516702;87915.5003327358;4198.775111665194;1961.6000000000001;[196.96, 191.96, 196.96, 196.96, 196.96, 196.96, 196.96, 196.96, 196.96, 193.96];5.0;[6, 6, 8, 8, 9, 6, 6, 7, 9, 5];4
10;80;10;1;True;2000;4;0;0;0;0;0;0;510.9313349723816;12.926816940307617;105152.25939120418;97759.5559803767;4622.533358168918;2770.2000000000003;[284.92, 276.92, 277.92, 284.92, 284.92, 275.92, 256.92, 257.92, 284.92, 284.92];28.0;[12, 8, 5, 6, 9, 11, 7, 8, 6, 8];7
10;80;10;2;True;2000;4;0;0;0;0;0;0;465.5413656234741;7.271100759506226;100271.57636594307;92862.18173236166;4875.032203323456;2534.3399999999997;[262.27, 262.27, 259.18, 231.18, 208.09, 262.27, 262.27, 262.27, 262.27, 262.27];54.17999999999998;[6, 10, 6, 10, 7, 8, 7, 10, 8, 8];4
10;80;10;3;True;2000;4;0;0;0;0;0;0;720.6817064285278;10.150238037109375;99357.81821053168;90981.56013523346;4693.321268898626;3682.9300000000003;[421.76, 421.76, 301.97, 373.76, 328.76, 420.76, 305.88, 365.76, 410.76, 331.76];119.78999999999996;[6, 9, 5, 6, 9, 11, 6, 12, 9, 7];7
10;80;10;4;True;2000;4;0;0;0;0;0;0;605.910062789917;9.586312055587769;107232.08996569204;98836.06854577134;5121.055523818332;3274.93;[321.66, 343.66, 343.66, 284.99, 341.66, 322.66, 343.66, 341.66, 287.66, 343.66];58.670000000000016;[10, 7, 5, 8, 8, 8, 9, 6, 7, 12];7
10;80;10;5;True;2000;4;0;0;0;0;0;0;603.094301700592;6.511788845062256;101596.15324266584;93590.89555333334;4988.0383183431095;3017.24;[310.43, 286.43, 224.37, 341.43, 302.43, 321.43, 296.43, 330.43, 341.43, 262.43];117.06;[7, 11, 8, 9, 5, 7, 10, 5, 8, 10];6
10;80;10;6;True;2000;4;0;0;0;0;0;0;498.53240060806274;3.9628989696502686;108507.19829141392;101206.29462164138;4719.252029421221;2581.7000000000003;[254.97, 231.97, 269.97, 270.97, 270.97, 269.97, 258.97, 270.97, 270.97, 211.97];59.00000000000003;[6, 5, 9, 9, 11, 11, 7, 7, 8, 7];6
10;90;10;1;True;2000;4;0;0;0;0;0;0;819.0158643722534;18.779898643493652;120277.80040693984;111790.19609242257;5176.810172840973;3310.7800000000007;[397.98, 310.98, 315.98, 305.98, 388.98, 261.47, 350.98, 333.98, 368.98, 275.47];136.51;[11, 9, 10, 10, 10, 7, 10, 9, 5, 9];6
10;90;10;2;True;2000;4;0;0;0;0;0;0;478.1501975059509;15.70205307006836;117263.24087928119;109155.87524559605;5659.576239759003;2447.8;[248.28, 248.28, 248.28, 248.28, 248.28, 248.28, 248.28, 213.28, 248.28, 248.28];35.0;[9, 9, 8, 11, 7, 10, 11, 8, 8, 9];4
10;90;10;3;True;2000;4;0;0;0;0;0;0;665.7628512382507;6.36051607131958;115916.39241420335;107239.22069915976;5339.09979108598;3338.1000000000004;[350.98, 350.98, 348.98, 350.98, 350.98, 323.98, 350.98, 269.21, 290.05, 350.98];81.77000000000004;[6, 10, 8, 10, 9, 9, 8, 10, 9, 11];5
10;90;10;4;True;2000;4;0;0;0;0;0;0;602.0150637626648;10.475670099258423;121176.9414440136;112639.48200995076;5602.395419720622;2935.0599999999995;[283.37, 307.37, 307.37, 261.37, 307.37, 241.73, 304.37, 307.37, 307.37, 307.37];65.64000000000001;[7, 13, 7, 8, 10, 9, 8, 9, 11, 8];6
10;90;10;5;True;2000;4;0;0;0;0;0;0;592.800576210022;17.389148235321045;117783.02649309866;109289.2880694066;5466.557793650333;3027.2000000000003;[309.32, 309.32, 304.32, 309.32, 248.32, 309.32, 309.32, 309.32, 309.32, 309.32];61.0;[9, 12, 9, 12, 5, 6, 8, 7, 9, 13];8
10;90;10;6;True;2000;4;0;0;0;0;0;0;510.90108346939087;9.00245976448059;120736.10517593892;112791.62007212458;5361.187817367619;2583.2999999999997;[236.93, 262.93, 262.93, 262.93, 262.93, 262.93, 262.93, 262.93, 242.93, 262.93];26.0;[6, 7, 11, 9, 10, 12, 9, 9, 8, 9];6
10;100;10;1;True;2000;4;0;0;0;0;0;0;635.7171568870544;7.908250331878662;131824.81887165978;123019.06814838895;5829.293748854133;2976.42;[310.49, 283.57, 271.96, 282.38, 310.49, 310.49, 310.49, 310.49, 275.57, 310.49];38.53000000000003;[12, 9, 11, 10, 13, 11, 10, 11, 4, 9];9
10;100;10;2;True;2000;4;0;0;0;0;0;0;639.3781952857971;13.508485794067383;133076.1448127371;123678.71313159146;6465.32407296614;2932.149999999999;[267.39, 309.14, 309.14, 309.14, 256.39, 309.14, 244.39, 309.14, 309.14, 309.14];64.75;[8, 11, 9, 11, 8, 13, 11, 9, 9, 11];5
10;100;10;3;True;2000;4;0;0;0;0;0;0;896.4947609901428;18.54295563697815;132830.4319153661;123327.89220393055;5823.934205444343;3678.6099999999997;[457.35, 304.72, 327.72, 348.35, 350.35, 405.35, 362.35, 322.72, 457.35, 342.35];152.63;[6, 12, 10, 9, 12, 11, 6, 11, 10, 13];7
10;100;10;4;True;2000;4;0;0;0;0;0;0;967.8208365440369;11.815133571624756;134363.69610067928;124281.94043513507;6221.288704794256;3860.4999999999995;[370.85, 488.85, 349.85, 345.85, 425.85, 474.85, 365.85, 329.85, 345.85, 362.85];159.0;[13, 13, 10, 11, 11, 7, 8, 11, 6, 10];7
10;100;10;5;True;2000;4;0;0;0;0;0;0;679.7951416969299;8.979261636734009;131882.20224106056;122654.93788627494;6113.446169328652;3113.8100000000004;[276.18, 333.07, 301.07, 333.07, 304.07, 333.07, 333.07, 281.07, 292.07, 327.07];56.889999999999986;[9, 13, 11, 10, 9, 11, 14, 6, 7, 10];8
10;100;10;6;True;2000;4;0;0;0;0;0;0;567.4052157402039;10.489211797714233;136097.01984487983;127539.05443948231;5869.589763387726;2688.3500000000004;[273.8, 254.8, 273.8, 273.8, 273.8, 245.15, 273.8, 273.8, 271.8, 273.8];28.650000000000006;[9, 8, 9, 10, 11, 13, 9, 10, 10, 11];5
20;40;20;1;True;2000;2;0;0;0;0;0;0;138.59206104278564;2.102400064468384;44619.86642630023;40398.54656320756;2363.245167889091;1858.1399999999994;[101.55, 68.55, 92.55, 101.55, 101.55, 85.55, 101.55, 101.55, 101.55, 101.55, 60.69, 97.55, 101.55, 85.55, 76.55, 101.55, 72.55, 101.55, 101.55, 101.55];40.86;[2, 1, 1, 3, 2, 1, 3, 5, 2, 2, 1, 1, 3, 1, 2, 1, 3, 3, 3];4
20;40;20;2;True;2000;2;0;0;0;0;0;0;198.47557592391968;1.8614320755004883;45896.625481064286;40800.773953522745;2578.7395111561946;2517.2000000000007;[115.51, 154.51, 154.51, 116.51, 121.51, 154.51, 86.51, 113.51, 124.51, 148.51, 112.51, 154.51, 132.51, 124.51, 132.51, 141.51, 76.51, 125.51, 154.51, 72.51];81.99999999999999;[2, 3, 1, 2, 2, 3, 2, 1, 1, 3, 3, 3, 2, 1, 2, 1, 1, 2, 4, 1];3
20;40;20;3;True;2000;2;0;0;0;0;0;0;99.90117311477661;2.118730306625366;41784.80652520031;38056.12450617944;2306.7073245610886;1422.0000000000005;[74.95, 74.95, 74.95, 74.95, 74.95, 54.95, 74.95, 74.95, 74.95, 74.95, 49.95, 74.95, 74.95, 74.95, 50.95, 74.95, 74.95, 74.95, 66.95, 74.95];25.0;[2, 3, 2, 3, 3, 1, 2, 1, 2, 1, 1, 3, 1, 3, 1, 2, 1, 2, 4, 2];3
20;40;20;4;True;2000;2;0;0;0;0;0;0;122.71313428878784;1.9545133113861084;44732.05989807118;40759.982782763036;2252.9104611794296;1719.19;[59.84, 89.51, 76.84, 89.51, 89.51, 89.51, 89.51, 89.51, 89.51, 89.51, 60.84, 89.51, 89.51, 89.51, 89.51, 89.51, 89.51, 89.51, 89.51, 89.51];29.67;[2, 4, 2, 1, 2, 2, 2, 2, 1, 1, 3, 5, 2, 4, 2, 2, 2, 1];4
20;40;20;5;True;2000;2;0;0;0;0;0;0;96.31612396240234;1.7446444034576416;41524.92551430628;37799.820865658425;2381.49622105376;1343.6000000000008;[67.18, 67.18, 67.18, 67.18, 67.18, 67.18, 67.18, 67.18, 67.18, 67.18, 67.18, 67.18, 67.18, 67.18, 67.18, 67.18, 67.18, 67.18, 67.18, 67.18];0.0;[4, 3, 2, 2, 1, 3, 1, 2, 3, 3, 1, 1, 2, 2, 3, 1, 2, 2, 2];3
20;40;20;6;True;2000;2;0;0;0;0;0;0;140.59494400024414;2.017428159713745;46114.561537171365;41786.428453300185;2288.204013087108;2039.999999999999;[108.35, 108.35, 108.35, 108.35, 99.35, 108.35, 97.35, 108.35, 108.35, 84.35, 102.35, 108.35, 108.35, 108.35, 86.35, 87.35, 91.35, 91.35, 108.35, 108.35];24.0;[2, 2, 1, 2, 2, 3, 2, 4, 2, 1, 1, 1, 2, 3, 2, 3, 3, 1, 1, 2];3
20;50;20;1;True;2000;2;0;0;0;0;0;0;172.02707958221436;2.863661050796509;56280.21829190392;51345.27943837601;2819.8129711445886;2115.2000000000003;[116.41, 66.41, 75.41, 116.41, 116.41, 96.41, 116.41, 116.41, 116.41, 83.41, 94.41, 115.41, 116.41, 116.41, 86.41, 116.41, 100.41, 116.41, 116.41, 116.41];50.0;[4, 1, 2, 4, 3, 2, 2, 4, 4, 2, 2, 4, 4, 1, 1, 1, 1, 2, 3, 3];3
20;50;20;2;True;2000;2;0;0;0;0;0;0;134.22804641723633;3.088009834289551;57327.24574145543;52499.681122287526;3182.6980280761422;1644.9600000000005;[84.44, 84.44, 84.44, 84.44, 84.44, 84.44, 84.44, 84.44, 84.44, 84.44, 84.44, 84.44, 84.44, 84.44, 84.44, 84.44, 52.6, 84.44, 84.44, 72.44];31.839999999999996;[2, 5, 1, 2, 3, 4, 3, 2, 2, 2, 4, 3, 2, 2, 3, 1, 1, 4, 4];4
20;50;20;3;True;2000;2;0;0;0;0;0;0;124.7100338935852;2.7547128200531006;53138.30345653131;48586.59329990672;2929.0654975452812;1622.6000000000001;[83.48, 83.48, 83.48, 83.48, 83.48, 58.48, 83.48, 83.48, 83.48, 83.48, 76.48, 83.48, 83.48, 83.48, 83.48, 83.48, 83.48, 83.48, 68.48, 83.48];25.000000000000007;[2, 3, 3, 5, 4, 2, 2, 1, 1, 2, 2, 1, 2, 2, 2, 3, 2, 3, 4, 4];4
20;50;20;4;True;2000;2;0;0;0;0;0;0;148.1760926246643;2.674438953399658;55992.41878930472;51325.67322232711;2736.491479232987;1930.2000000000005;[90.16, 98.16, 98.16, 98.16, 98.16, 98.16, 98.16, 98.16, 98.16, 98.16, 73.16, 98.16, 98.16, 98.16, 98.16, 98.16, 98.16, 98.16, 98.16, 98.16];25.0;[2, 3, 1, 3, 1, 1, 2, 2, 3, 3, 2, 2, 3, 5, 2, 3, 3, 4, 3, 2];4
20;50;20;5;True;2000;2;0;0;0;0;0;0;147.20368194580078;2.5910298824310303;54512.489963190004;49608.21669831345;3048.4277309337726;1855.7999999999995;[95.29, 95.29, 95.29, 95.29, 73.29, 95.29, 95.29, 95.29, 95.29, 95.29, 95.29, 90.29, 95.29, 95.29, 95.29, 95.29, 95.29, 72.29, 95.29, 95.29];23.0;[1, 4, 4, 4, 2, 2, 2, 1, 2, 4, 3, 1, 2, 3, 2, 4, 2, 1, 4, 2];3
20;50;20;6;True;2000;2;0;0;0;0;0;0;191.57942628860474;3.028242826461792;57571.69550788409;52346.54686926293;2785.4494571706387;2439.6000000000004;[120.53, 135.53, 135.53, 135.53, 116.53, 135.53, 103.53, 135.53, 135.53, 117.53, 87.53, 135.53, 135.53, 118.53, 99.53, 111.53, 135.53, 90.53, 118.53, 135.53];48.0;[2, 2, 3, 4, 3, 2, 4, 4, 2, 2, 3, 1, 4, 2, 2, 3, 1, 2, 4];3
20;60;20;1;True;2000;2;0;0;0;0;0;0;148.6992311477661;3.956503391265869;68764.06910472947;63535.58198751562;3555.8252510219822;1672.6000000000008;[85.68, 69.68, 85.68, 85.68, 85.68, 85.68, 85.68, 85.68, 85.68, 85.68, 75.68, 85.68, 85.68, 85.68, 82.68, 85.68, 73.68, 85.68, 85.68, 85.68];16.0;[4, 1, 4, 4, 5, 4, 2, 4, 4, 2, 1, 4, 3, 2, 1, 2, 1, 2, 6, 4];5
20;60;20;2;True;2000;2;0;0;0;0;0;0;183.9192271232605;4.041197299957275;69202.52766411196;63337.03357448267;3784.6426520482855;2080.7999999999993;[110.09, 110.09, 110.09, 110.09, 88.09, 110.09, 110.09, 110.09, 110.09, 110.09, 104.09, 110.09, 106.09, 110.09, 110.09, 74.09, 80.09, 110.09, 110.09, 87.09];36.0;[3, 5, 1, 5, 4, 2, 3, 2, 3, 2, 4, 3, 4, 2, 3, 1, 2, 6, 4, 1];5
20;60;20;3;True;2000;2;0;0;0;0;0;0;144.5125756263733;3.3316328525543213;65756.78721737614;60660.21600713706;3492.7915815080883;1603.7000000000007;[84.18, 84.18, 84.18, 84.18, 84.18, 45.42, 84.18, 84.18, 84.18, 84.18, 43.04, 84.18, 84.18, 84.18, 84.18, 84.18, 84.18, 84.18, 84.18, 84.18];41.14000000000001;[3, 3, 3, 4, 3, 3, 3, 2, 2, 5, 2, 4, 2, 3, 2, 3, 2, 4, 4, 3];3
20;60;20;4;True;2000;2;0;0;0;0;0;0;152.2613821029663;3.4869611263275146;69803.48170436313;64600.173848167105;3462.340028251901;1740.9999999999993;[87.05, 87.05, 87.05, 87.05, 87.05, 87.05, 87.05, 87.05, 87.05, 87.05, 87.05, 87.05, 87.05, 87.05, 87.05, 87.05, 87.05, 87.05, 87.05, 87.05];0.0;[3, 6, 4, 3, 1, 2, 2, 2, 3, 3, 3, 2, 2, 6, 2, 4, 4, 3, 3, 2];5
20;60;20;5;True;2000;2;0;0;0;0;0;0;162.81902027130127;4.272505044937134;66364.8136609437;60802.3708413158;3632.4561360211987;1930.049999999999;[98.11, 98.11, 98.11, 98.11, 76.26, 98.11, 98.11, 98.11, 98.11, 98.11, 98.11, 87.81, 98.11, 98.11, 98.11, 98.11, 98.11, 98.11, 98.11, 98.11];21.849999999999994;[2, 4, 5, 3, 3, 1, 3, 1, 3, 4, 3, 2, 2, 3, 3, 6, 4, 1, 4, 3];5
20;60;20;6;True;2000;2;0;0;0;0;0;0;170.3565673828125;3.267825126647949;72195.07074018741;66910.225647294;3265.9762107531833;2018.8;[105.99, 105.99, 105.99, 105.99, 105.99, 105.99, 97.99, 105.99, 105.99, 105.99, 88.99, 105.99, 105.99, 105.99, 93.99, 68.99, 105.99, 78.99, 105.99, 105.99];37.0;[2, 3, 5, 5, 5, 5, 2, 3, 3, 3, 1, 3, 3, 2, 3, 4, 2, 2, 4];4
20;70;20;1;True;2000;2;0;0;0;0;0;0;219.22652101516724;5.266226053237915;82564.73464987135;76069.99967913123;4154.515357174829;2340.1600000000003;[119.71, 119.71, 119.71, 119.71, 119.71, 119.71, 75.67, 119.71, 119.71, 116.71, 115.71, 119.71, 119.71, 119.71, 119.71, 119.71, 116.71, 119.71, 119.71, 119.71];44.03999999999999;[5, 3, 3, 4, 3, 2, 1, 6, 4, 3, 3, 3, 5, 3, 2, 2, 4, 4, 5, 5];5
20;70;20;2;True;2000;2;0;0;0;0;0;0;198.90540075302124;5.564579010009766;80111.37891130378;73809.56918043942;4188.046586474339;2113.7000000000003;[109.26, 109.26, 109.26, 109.26, 109.26, 109.26, 109.26, 109.26, 109.26, 109.26, 109.26, 109.26, 109.26, 109.26, 109.26, 109.26, 64.76, 109.26, 109.26, 82.26];44.5;[3, 6, 1, 6, 3, 4, 3, 2, 2, 4, 5, 5, 5, 2, 4, 3, 3, 4, 3, 2];5
20;70;20;3;True;2000;2;0;0;0;0;0;0;190.55670738220215;6.148090839385986;77359.10478099967;71287.77230563413;4031.156875944091;2040.1999999999991;[105.36, 105.36, 105.36, 105.36, 105.36, 70.36, 105.36, 105.36, 105.36, 105.36, 82.36, 96.36, 105.36, 105.36, 105.36, 105.36, 105.36, 105.36, 105.36, 105.36];35.0;[3, 4, 3, 5, 4, 3, 4, 5, 2, 6, 3, 2, 2, 2, 3, 4, 3, 5, 3, 4];4
20;70;20;4;True;2000;2;0;0;0;0;0;0;233.85885429382324;6.226757764816284;84288.47404455552;77607.66590661599;4313.742903479113;2367.07;[91.5, 124.55, 101.5, 124.55, 124.55, 124.55, 124.55, 112.5, 124.55, 124.55, 68.77, 124.55, 124.55, 124.55, 124.55, 124.55, 124.55, 124.55, 124.55, 124.55];55.78;[3, 6, 3, 5, 3, 2, 3, 4, 4, 3, 2, 3, 2, 5, 3, 3, 4, 3, 5, 4];4
20;70;20;5;True;2000;2;0;0;0;0;0;0;227.07546663284302;5.84760308265686;79931.806899492;73271.23607503243;4222.3811652701415;2438.15;[121.98, 125.55, 125.55, 125.55, 97.98, 125.55, 125.55, 116.98, 125.55, 125.55, 125.55, 94.98, 125.55, 125.55, 125.55, 125.55, 125.55, 122.98, 125.55, 125.55];30.569999999999993;[3, 4, 5, 3, 3, 3, 4, 1, 4, 3, 3, 3, 3, 2, 5, 5, 4, 2, 7, 3];6
20;70;20;6;True;2000;2;0;0;0;0;0;0;191.9598903656006;4.493251800537109;84948.7907960224;78801.73982728184;4005.3503795683905;2141.6200000000003;[110.26, 110.26, 110.26, 110.26, 110.26, 110.26, 110.26, 110.26, 110.26, 86.27, 70.67, 110.26, 110.26, 110.26, 110.26, 110.26, 110.26, 110.26, 110.26, 110.26];39.59;[3, 2, 5, 4, 5, 5, 4, 3, 3, 2, 3, 6, 2, 3, 1, 3, 5, 3, 3, 5];5
20;80;20;1;True;2000;2;0;0;0;0;0;0;240.56479024887085;5.975161075592041;94138.89461867877;87206.72399886939;4599.523202546435;2332.6399999999994;[119.37, 96.68, 119.37, 119.37, 119.37, 119.37, 99.68, 119.37, 119.37, 111.68, 114.68, 119.37, 119.37, 119.37, 119.37, 119.37, 119.37, 119.37, 119.37, 119.37];22.689999999999998;[7, 3, 3, 7, 5, 3, 4, 5, 5, 2, 2, 6, 6, 2, 1, 3, 2, 5, 5, 4];6
20;80;20;2;True;2000;2;0;0;0;0;0;0;229.00041675567627;7.087525129318237;93321.79299879185;86296.48315417071;4863.047592200614;2162.2000000000003;[111.41, 111.41, 111.41, 111.41, 111.41, 111.41, 111.41, 111.41, 111.41, 111.41, 111.41, 111.41, 111.41, 111.41, 111.41, 83.41, 81.41, 111.41, 111.41, 103.41];30.0;[3, 5, 2, 7, 5, 3, 4, 3, 3, 3, 7, 6, 5, 2, 3, 2, 3, 5, 6, 3];5
20;80;20;3;True;2000;2;0;0;0;0;0;0;293.5074234008789;7.002508878707886;91226.2773381891;83608.90323589336;4795.195074488695;2822.2000000000007;[152.26, 152.26, 125.26, 152.26, 152.26, 124.26, 111.26, 152.26, 152.26, 152.26, 88.26, 152.26, 152.26, 152.26, 148.26, 152.26, 121.26, 152.26, 124.26, 152.26];63.999999999999986;[4, 5, 3, 6, 5, 2, 6, 4, 3, 6, 3, 4, 2, 4, 5, 3, 2, 5, 3, 5];4
20;80;20;4;True;2000;2;0;0;0;0;0;0;237.33328247070312;7.657005548477173;94739.52315935865;87537.87656595069;5052.5059508668;2149.0800000000004;[109.96, 109.96, 100.31, 109.96, 109.96, 109.96, 109.96, 109.96, 109.96, 109.96, 69.49, 109.96, 109.96, 109.96, 109.96, 109.96, 109.96, 109.96, 109.96, 109.96];40.47;[4, 5, 4, 5, 3, 3, 2, 7, 4, 4, 2, 2, 1, 5, 3, 5, 5, 5, 6, 5];6
20;80;20;5;True;2000;2;0;0;0;0;0;0;207.81241416931152;5.493476867675781;91952.94558324781;85147.75647570747;4867.961663289497;1937.1999999999994;[97.56, 97.56, 97.56, 97.56, 97.56, 97.56, 97.56, 85.56, 97.56, 97.56, 97.56, 95.56, 97.56, 97.56, 97.56, 97.56, 97.56, 97.56, 97.56, 97.56];12.0;[3, 6, 6, 5, 3, 3, 4, 3, 4, 7, 6, 3, 3, 3, 4, 5, 4, 2, 4, 2];5
20;80;20;6;True;2000;2;0;0;0;0;0;0;185.82772827148438;7.107353687286377;96816.05912326253;90376.32043769452;4606.5243233050305;1833.2000000000005;[91.66, 91.66, 91.66, 91.66, 91.66, 91.66, 91.66, 91.66, 91.66, 91.66, 91.66, 91.66, 91.66, 91.66, 91.66, 91.66, 91.66, 91.66, 91.66, 91.66];0.0;[4, 4, 4, 6, 8, 8, 4, 4, 4, 3, 1, 3, 3, 4, 3, 5, 3, 4, 5];7
20;90;20;1;True;2000;2;0;0;0;0;0;0;268.3781008720398;8.759528875350952;108108.37445277061;100546.03047489458;5150.914005098451;2411.48;[122.3, 105.78, 122.3, 122.3, 122.3, 122.3, 122.3, 122.3, 122.3, 115.3, 122.3, 119.3, 122.3, 122.3, 122.3, 122.3, 114.3, 122.3, 122.3, 122.3];16.519999999999996;[8, 3, 5, 7, 4, 6, 3, 6, 5, 4, 2, 5, 5, 3, 2, 6, 2, 3, 5, 6];6
20;90;20;2;True;2000;2;0;0;0;0;0;0;254.0517611503601;7.942270278930664;107774.09208790073;99950.38506679618;5720.603017781703;2103.0300000000007;[108.2, 108.2, 108.2, 108.2, 108.2, 108.2, 108.2, 108.2, 94.2, 108.2, 108.2, 108.2, 101.2, 108.2, 108.2, 99.2, 77.23, 108.2, 108.2, 108.2];30.97;[4, 6, 1, 5, 4, 5, 4, 5, 1, 5, 6, 8, 6, 3, 5, 1, 4, 7, 6, 4];7
20;90;20;3;True;2000;2;0;0;0;0;0;0;252.90022611618042;8.18233036994934;103774.12241098189;96097.29738200012;5422.442259126217;2254.3700000000003;[115.95, 115.95, 115.95, 115.95, 115.95, 71.32, 115.95, 115.95, 115.95, 115.95, 111.95, 115.95, 115.95, 115.95, 115.95, 115.95, 115.95, 115.95, 99.95, 115.95];44.63000000000001;[4, 6, 5, 5, 5, 5, 4, 5, 3, 7, 3, 4, 3, 3, 5, 4, 3, 4, 7, 5];4
20;90;20;4;True;2000;2;0;0;0;0;0;0;285.7206072807312;9.32748293876648;108904.7163039022;100667.41808573116;5572.811440043167;2664.439999999999;[122.13, 135.62, 132.13, 131.13, 135.62, 135.62, 135.62, 135.62, 135.62, 135.62, 109.13, 135.62, 135.62, 135.62, 135.62, 135.62, 135.62, 135.62, 135.62, 135.62];26.49000000000001;[4, 6, 6, 6, 2, 4, 5, 4, 3, 3, 3, 3, 2, 6, 5, 5, 4, 5, 8, 6];6
20;90;20;5;True;2000;2;0;0;0;0;0;0;273.5404987335205;8.066463232040405;105566.15206799791;97694.49590483312;5295.470396228591;2576.2000000000007;[129.26, 129.26, 129.26, 129.26, 129.26, 129.26, 129.26, 129.26, 129.26, 127.26, 129.26, 122.26, 129.26, 129.26, 129.26, 129.26, 129.26, 129.26, 129.26, 129.26];6.999999999999986;[2, 9, 7, 4, 3, 4, 6, 4, 4, 3, 4, 4, 4, 3, 4, 6, 4, 5, 6, 4];7
20;90;20;6;True;2000;2;0;0;0;0;0;0;252.76855325698853;9.32603907585144;110816.96330707028;103278.44067711926;5198.36104611403;2340.1500000000005;[119.53, 119.53, 119.53, 119.53, 119.53, 119.53, 119.53, 119.53, 119.53, 119.53, 104.64, 119.53, 119.53, 116.64, 115.64, 109.64, 119.53, 100.64, 119.53, 119.53];18.89;[6, 4, 5, 4, 6, 9, 5, 2, 5, 6, 2, 1, 4, 3, 4, 5, 6, 3, 4, 6];8
20;100;20;1;True;2000;2;0;0;0;0;0;0;326.43174839019775;9.601467847824097;122099.75790493414;113550.81678727;5767.167203252597;2781.840000000001;[140.36, 128.02, 140.36, 140.36, 140.36, 139.02, 140.36, 140.36, 140.36, 133.02, 140.36, 140.36, 140.36, 140.36, 140.36, 140.36, 136.02, 140.36, 140.36, 140.36];12.340000000000003;[9, 4, 4, 5, 5, 5, 5, 7, 5, 3, 3, 4, 6, 4, 1, 5, 3, 7, 9, 6];8
20;100;20;2;True;2000;2;0;0;0;0;0;0;291.9804983139038;10.328655242919922;121524.82630524495;112711.8840398216;6513.4219397392235;2299.6000000000004;[118.93, 118.93, 118.93, 118.93, 118.93, 118.93, 118.93, 118.93, 118.93, 118.93, 116.93, 118.93, 118.93, 118.93, 90.93, 118.93, 107.93, 118.93, 118.93, 80.93];38.0;[3, 6, 3, 4, 5, 4, 3, 4, 4, 4, 5, 8, 7, 4, 5, 8, 4, 9, 7, 3];6
20;100;20;3;True;2000;2;0;0;0;0;0;0;351.57622146606445;9.591905117034912;121148.46342168673;112355.48142440851;5954.9567979740505;2838.0100000000007;[149.53, 149.53, 149.53, 149.53, 149.53, 82.94, 149.53, 149.53, 149.53, 149.53, 122.53, 119.53, 149.53, 142.53, 149.53, 149.53, 138.53, 149.53, 138.53, 149.53];66.59;[5, 8, 4, 5, 7, 5, 5, 6, 2, 5, 5, 5, 5, 4, 6, 5, 2, 5, 6, 5];6
20;100;20;4;True;2000;2;0;0;0;0;0;0;298.4141592979431;12.337375164031982;122536.25573506445;113896.48074131251;6196.795783212278;2443.06;[103.98, 123.32, 123.32, 123.32, 123.32, 123.32, 123.32, 123.32, 123.32, 123.32, 119.32, 123.32, 123.32, 123.32, 123.32, 123.32, 123.32, 123.32, 123.32, 123.32];19.33999999999999;[3, 7, 4, 7, 2, 8, 6, 5, 3, 4, 5, 3, 6, 7, 4, 5, 5, 3, 8, 5];6
20;100;20;5;True;2000;2;0;0;0;0;0;0;367.39279794692993;10.19277024269104;119259.61867304564;110204.56190441422;5931.836248677355;3123.2000000000003;[164.71, 164.71, 164.71, 164.71, 156.71, 164.71, 164.71, 122.71, 164.71, 135.71, 164.71, 128.71, 150.71, 164.71, 164.71, 164.71, 164.71, 140.71, 164.71, 146.71];42.000000000000014;[5, 5, 8, 5, 3, 5, 6, 2, 4, 5, 5, 6, 3, 5, 7, 7, 4, 5, 7, 3];6
20;100;20;6;True;2000;2;0;0;0;0;0;0;318.6937437057495;8.882326364517212;124093.4631875739;115648.30536599582;5800.222831817916;2644.999999999999;[136.6, 136.6, 136.6, 136.6, 136.6, 136.6, 136.6, 136.6, 136.6, 136.6, 114.6, 136.6, 136.6, 136.6, 112.6, 104.6, 136.6, 127.6, 136.6, 136.6];32.0;[4, 4, 6, 6, 7, 9, 7, 4, 8, 3, 4, 2, 4, 6, 5, 5, 6, 4, 2, 4];7
20;60;20;1;True;2000;3;0;0;0;0;0;0;175.05141735076904;4.959707736968994;69569.59196158727;64049.98289849947;3536.0102109619156;1983.6400000000006;[102.92, 75.73, 87.73, 102.92, 102.92, 102.92, 102.92, 102.92, 102.92, 92.73, 102.92, 102.92, 102.92, 102.92, 80.73, 102.92, 102.92, 102.92, 102.92, 102.92];27.189999999999998;[5, 2, 3, 3, 7, 3, 2, 3, 3, 2, 1, 3, 4, 2, 1, 3, 2, 4, 3, 4];6
20;60;20;2;True;2000;3;0;0;0;0;0;0;188.31360387802124;3.872544050216675;69476.27546663824;63644.56493979043;3733.1551408914243;2098.6;[105.73, 110.73, 110.73, 110.73, 110.73, 110.73, 110.73, 108.73, 101.73, 110.73, 110.73, 110.73, 104.73, 110.73, 110.73, 91.73, 70.73, 110.73, 110.73, 75.73];40.0;[1, 5, 2, 4, 3, 3, 4, 2, 1, 4, 6, 6, 2, 2, 2, 2, 2, 4, 4, 1];5
20;60;20;3;True;2000;3;0;0;0;0;0;0;206.95482206344604;3.673954963684082;63967.889999329294;58140.604678816504;3476.2133362353834;2351.0799999999995;[124.81, 111.81, 124.81, 124.81, 124.81, 91.81, 118.81, 124.81, 124.81, 124.81, 50.69, 124.81, 124.81, 123.81, 124.81, 124.81, 124.81, 124.81, 106.81, 124.81];74.12;[3, 2, 3, 4, 3, 3, 4, 3, 3, 3, 3, 3, 3, 2, 2, 3, 2, 4, 4, 3];2
20;60;20;4;True;2000;3;0;0;0;0;0;0;209.82485437393188;4.001082181930542;68896.79800824562;62967.63297864715;3447.952282874709;2481.2200000000003;[83.51, 129.73, 111.01, 129.73, 129.73, 129.73, 126.73, 129.73, 112.01, 129.73, 127.01, 124.73, 114.73, 129.73, 129.73, 129.73, 124.73, 129.73, 129.73, 129.73];46.219999999999985;[4, 4, 3, 3, 2, 2, 2, 3, 3, 2, 3, 2, 2, 5, 3, 4, 2, 4, 4, 3];3
20;60;20;5;True;2000;3;0;0;0;0;0;0;206.84821796417236;4.194147109985352;64882.21311577139;58925.98036221027;3624.808265415035;2331.4400000000005;[125.96, 125.96, 125.96, 125.96, 91.5, 125.96, 125.96, 80.5, 125.96, 125.96, 125.96, 78.5, 83.5, 125.96, 125.96, 125.96, 125.96, 108.5, 125.96, 125.5];47.459999999999994;[2, 5, 4, 3, 3, 3, 4, 1, 3, 4, 3, 1, 2, 2, 3, 5, 3, 2, 4, 3];4
20;60;20;6;True;2000;3;0;0;0;0;0;0;222.4837350845337;4.091358184814453;72634.87992481847;67047.71928009666;3281.7215417604157;2305.3999999999996;[116.57, 136.57, 136.57, 136.57, 100.57, 136.57, 107.57, 136.57, 136.57, 114.57, 83.57, 133.57, 136.57, 88.57, 101.57, 83.57, 136.57, 69.57, 105.57, 107.57];67.0;[3, 2, 4, 1, 4, 6, 3, 3, 5, 3, 1, 1, 4, 2, 3, 3, 5, 2, 2, 3];5
20;70;20;1;True;2000;3;0;0;0;0;0;0;188.97545623779297;5.198864936828613;82595.04316082563;76518.85281051778;4177.00105945172;1899.1999999999994;[98.56, 66.56, 76.56, 98.56, 98.56, 98.56, 98.56, 98.56, 98.56, 97.56, 98.56, 98.56, 98.56, 98.56, 81.56, 98.56, 98.56, 98.56, 98.56, 98.56];32.0;[6, 2, 3, 4, 5, 4, 2, 6, 4, 2, 3, 4, 4, 2, 1, 4, 1, 4, 5, 4];5
20;70;20;2;True;2000;3;0;0;0;0;0;0;221.10231828689575;7.093860149383545;81416.34721665714;75129.3083752671;4208.979297916972;2078.0299999999997;[106.74, 115.74, 115.74, 115.74, 101.74, 115.74, 115.74, 113.74, 115.74, 115.74, 84.74, 115.74, 84.74, 115.74, 115.74, 71.74, 52.97, 115.74, 115.74, 72.74];62.769999999999996;[3, 6, 2, 4, 4, 5, 4, 2, 3, 4, 3, 4, 5, 2, 3, 2, 2, 5, 5, 2];4
20;70;20;3;True;2000;3;0;0;0;0;0;0;244.16828393936157;6.404485702514648;78854.03645069517;72234.06552967294;4024.2010516403357;2595.829999999999;[137.1, 137.1, 137.1, 137.1, 137.1, 63.47, 127.1, 137.1, 137.1, 137.1, 129.56, 120.1, 137.1, 137.1, 120.1, 137.1, 116.1, 137.1, 137.1, 137.1];73.63;[4, 5, 3, 5, 3, 3, 3, 3, 2, 2, 3, 3, 2, 3, 3, 4, 3, 5, 6, 5];4
20;70;20;4;True;2000;3;0;0;0;0;0;0;178.40267944335938;10.102447509765625;83614.88819702459;77465.04406974762;4327.469686481718;1822.45;[86.01, 92.26, 84.01, 92.26, 92.26, 92.26, 92.26, 92.26, 92.26, 92.26, 84.01, 92.26, 92.26, 92.26, 92.26, 92.26, 92.26, 92.26, 92.26, 92.26];8.25;[2, 6, 3, 5, 3, 2, 2, 4, 3, 3, 3, 2, 2, 7, 4, 3, 5, 6, 3, 2];5
20;70;20;5;True;2000;3;0;0;0;0;0;0;195.41015815734863;5.141200065612793;81392.08965515833;75065.89551805658;4289.204651171956;2037.0499999999995;[104.55, 104.55, 104.55, 104.55, 75.58, 104.55, 104.55, 86.6, 104.55, 104.55, 104.55, 104.55, 97.52, 104.55, 104.55, 104.55, 104.55, 104.55, 104.55, 104.55];28.97;[2, 4, 4, 5, 3, 2, 3, 3, 3, 4, 5, 2, 4, 3, 5, 5, 4, 2, 4, 3];3
20;70;20;6;True;2000;3;0;0;0;0;0;0;171.38347864151;5.347373008728027;85377.27498380933;79584.83759197766;4045.7359167201166;1746.8000000000006;[89.19, 89.19, 89.19, 89.19, 89.19, 89.19, 89.19, 89.19, 89.19, 89.19, 87.19, 89.19, 89.19, 89.19, 89.19, 67.19, 89.19, 76.19, 89.19, 89.19];22.0;[5, 3, 4, 3, 4, 6, 4, 3, 4, 2, 1, 4, 4, 3, 1, 4, 4, 3, 3, 5];5
20;80;20;1;True;2000;3;0;0;0;0;0;0;227.890625;9.079206943511963;97457.13808321496;90647.7307453088;4638.839993981157;2170.6599999999994;[109.35, 109.35, 109.35, 109.35, 109.35, 109.35, 109.35, 109.35, 109.35, 93.16, 109.2, 109.35, 109.35, 109.35, 109.35, 109.35, 109.35, 109.35, 109.35, 109.35];16.189999999999998;[5, 3, 5, 5, 5, 4, 3, 6, 4, 4, 3, 6, 3, 2, 2, 4, 2, 4, 7, 3];5
20;80;20;2;True;2000;3;0;0;0;0;0;0;250.50642108917236;8.341914176940918;96537.88877523974;89389.74767551005;4885.88590036875;2262.1799999999994;[119.81, 119.81, 119.81, 119.81, 119.81, 119.81, 119.81, 119.81, 119.81, 119.81, 80.79, 119.81, 119.81, 119.81, 119.81, 72.81, 71.81, 119.81, 119.81, 119.81];48.0;[3, 5, 2, 4, 3, 3, 4, 4, 3, 5, 6, 7, 5, 3, 2, 3, 3, 6, 6, 3];5
20;80;20;3;True;2000;3;0;0;0;0;0;0;277.5358200073242;7.274380922317505;91935.50143067802;84622.47331239896;4813.280960836786;2499.7199999999993;[142.83, 142.83, 142.83, 142.83, 142.83, 90.83, 56.95, 142.83, 142.83, 139.83, 83.83, 101.83, 142.83, 136.83, 94.83, 139.83, 106.83, 141.83, 120.83, 142.83];85.88000000000001;[4, 6, 4, 5, 5, 1, 4, 4, 2, 4, 3, 3, 4, 5, 3, 5, 3, 6, 5, 4];5
20;80;20;4;True;2000;3;0;0;0;0;0;0;233.6820969581604;10.74086308479309;95409.22532571034;88037.89344969137;5130.365029871347;2241.0400000000004;[94.75, 115.19, 115.19, 115.19, 106.75, 112.75, 115.19, 115.19, 115.19, 115.19, 83.75, 115.19, 115.19, 115.19, 115.19, 115.19, 115.19, 115.19, 115.19, 115.19];31.439999999999998;[3, 6, 3, 6, 2, 3, 4, 4, 3, 4, 3, 3, 2, 8, 3, 6, 6, 3, 3, 5];6
20;80;20;5;True;2000;3;0;0;0;0;0;0;295.2099504470825;6.0866782665252686;93694.83213673861;86139.15926032167;4848.039856687495;2707.7;[149.75, 149.75, 143.75, 149.75, 89.07, 149.75, 149.75, 76.34, 128.75, 149.75, 149.75, 79.54, 149.75, 149.75, 149.75, 149.75, 149.75, 93.75, 149.75, 149.75];73.41;[3, 6, 6, 4, 3, 3, 5, 2, 3, 6, 5, 3, 5, 3, 3, 5, 4, 2, 5, 4];4
20;80;20;6;True;2000;3;0;0;0;0;0;0;225.99103212356567;8.386109828948975;97941.85989989583;91157.26170916067;4578.517446479745;2206.000000000001;[113.4, 113.4, 113.4, 113.4, 113.4, 113.4, 113.4, 113.4, 113.4, 112.4, 108.4, 108.4, 113.4, 113.4, 113.4, 101.4, 113.4, 74.4, 113.4, 113.4];39.0;[5, 3, 5, 4, 7, 6, 5, 3, 4, 2, 3, 4, 5, 3, 1, 5, 4, 3, 3, 5];6
20;90;20;1;True;2000;3;0;0;0;0;0;0;264.0982608795166;6.919277906417847;108599.15584136269;101117.6905045024;5133.383559616426;2348.0;[120.2, 97.2, 115.2, 120.2, 120.2, 120.2, 120.2, 120.2, 120.2, 120.2, 102.2, 120.2, 120.2, 120.2, 110.2, 120.2, 120.2, 120.2, 120.2, 120.2];23.0;[6, 4, 5, 6, 5, 5, 4, 8, 5, 4, 3, 4, 4, 2, 2, 7, 3, 4, 4, 5];6
20;90;20;2;True;2000;3;0;0;0;0;0;0;248.2341184616089;9.560842275619507;108487.73857462665;100602.27631877396;5753.848351254481;2131.6;[100.73, 110.73, 110.73, 110.73, 110.73, 110.73, 110.73, 110.73, 110.73, 110.73, 92.73, 110.73, 102.73, 110.73, 110.73, 110.73, 85.73, 110.73, 110.73, 88.73];25.0;[3, 6, 3, 5, 5, 5, 4, 5, 4, 3, 2, 8, 7, 3, 4, 6, 4, 5, 6, 2];6
20;90;20;3;True;2000;3;0;0;0;0;0;0;267.2330975532532;6.8767077922821045;101778.22605455371;93947.7968307267;5443.220185943321;2387.28;[123.3, 123.3, 123.3, 123.3, 123.3, 77.08, 110.8, 123.3, 123.3, 123.3, 123.3, 123.3, 123.3, 123.3, 115.8, 110.8, 123.3, 123.3, 123.3, 123.3];46.22;[5, 2, 5, 6, 5, 5, 3, 5, 2, 7, 5, 5, 3, 4, 3, 6, 3, 5, 5, 6];5
20;90;20;4;True;2000;3;0;0;0;0;0;0;305.9250473976135;12.216729879379272;110600.47495828108;102472.07966713648;5540.515216436366;2587.9500000000003;[90.38, 139.73, 116.73, 139.73, 139.73, 139.73, 110.73, 111.73, 93.43, 139.73, 114.73, 139.73, 139.73, 139.73, 139.73, 139.73, 133.73, 139.73, 139.73, 139.73];49.349999999999994;[3, 7, 3, 6, 3, 3, 5, 3, 4, 4, 4, 4, 2, 6, 3, 6, 6, 4, 8, 6];6
20;90;20;5;True;2000;3;0;0;0;0;0;0;258.412211894989;7.17624306678772;107348.81329020207;99713.27158539946;5344.183068574106;2291.3999999999987;[116.62, 116.62, 116.62, 116.62, 115.62, 116.62, 116.62, 96.62, 116.62, 116.62, 116.62, 105.62, 116.62, 116.62, 116.62, 116.62, 116.62, 116.62, 116.62, 107.62];20.0;[3, 7, 7, 4, 3, 3, 6, 3, 4, 3, 4, 4, 4, 4, 4, 6, 5, 4, 7, 5];4
20;90;20;6;True;2000;3;0;0;0;0;0;0;296.11500215530396;7.368371963500977;113635.2442991803;105872.08614422599;5210.519145315835;2552.7199999999993;[132.49, 132.49, 132.49, 132.49, 132.49, 132.49, 132.49, 132.49, 132.49, 132.49, 132.49, 132.49, 132.49, 132.49, 132.49, 66.41, 132.49, 101.49, 132.49, 132.49];66.08000000000001;[5, 4, 6, 3, 5, 6, 6, 4, 5, 5, 2, 1, 4, 4, 6, 5, 5, 4, 3, 7];6
20;100;20;1;True;2000;3;0;0;0;0;0;0;313.3398766517639;13.135072231292725;125154.50352290815;116833.01610672704;5724.624793765908;2596.8;[129.84, 129.84, 129.84, 129.84, 129.84, 129.84, 129.84, 129.84, 129.84, 129.84, 129.84, 129.84, 129.84, 129.84, 129.84, 129.84, 129.84, 129.84, 129.84, 129.84];0.0;[7, 5, 5, 4, 6, 5, 6, 7, 5, 4, 4, 6, 5, 3, 3, 5, 3, 4, 7, 6];4
20;100;20;2;True;2000;3;0;0;0;0;0;0;324.5452404022217;7.813546895980835;123272.27988861698;114067.96488902072;6536.815253327363;2667.4;[137.77, 142.77, 142.77, 142.77, 128.77, 142.77, 142.77, 142.77, 137.77, 142.77, 107.77, 142.77, 142.77, 142.77, 142.77, 119.77, 85.77, 142.77, 142.77, 93.77];57.000000000000014;[6, 6, 4, 5, 5, 5, 6, 5, 3, 5, 4, 7, 6, 5, 6, 5, 4, 3, 7, 3];4
20;100;20;3;True;2000;3;0;0;0;0;0;0;286.8190817832947;11.942059993743896;119967.79804570622;111714.46460947959;5915.780436969844;2337.6000000000004;[118.03, 118.03, 118.03, 118.03, 118.03, 118.03, 118.03, 118.03, 118.03, 118.03, 102.03, 118.03, 118.03, 118.03, 111.03, 118.03, 118.03, 118.03, 118.03, 118.03];16.0;[5, 4, 7, 9, 7, 5, 4, 4, 4, 7, 5, 5, 2, 4, 4, 5, 3, 4, 6, 6];7
20;100;20;4;True;2000;3;0;0;0;0;0;0;306.3244113922119;11.27925419807434;123210.37530427171;114449.38594253865;6198.443138051108;2562.5299999999997;[129.33, 129.33, 129.33, 129.33, 127.64, 129.33, 129.33, 113.64, 129.33, 129.33, 122.64, 129.33, 129.33, 129.33, 129.33, 129.33, 129.33, 129.33, 129.33, 129.33];15.690000000000012;[6, 7, 2, 6, 2, 4, 6, 5, 5, 5, 5, 2, 3, 6, 4, 8, 6, 7, 5, 6];6
20;100;20;5;True;2000;3;0;0;0;0;0;0;285.8902072906494;7.256684064865112;121921.67728467447;113667.08524604837;5950.4591996795925;2304.1800000000007;[115.9, 115.9, 115.9, 115.9, 115.9, 115.9, 115.9, 115.9, 115.9, 115.9, 115.9, 102.08, 115.9, 115.9, 115.9, 115.9, 115.9, 115.9, 115.9, 115.9];13.820000000000007;[5, 8, 7, 4, 4, 5, 5, 3, 4, 5, 5, 5, 4, 4, 4, 6, 7, 4, 6, 5];5
20;100;20;6;True;2000;3;0;0;0;0;0;0;281.9544916152954;10.877145051956177;125600.13748320343;117518.38609962961;5773.871175299221;2307.85;[121.23, 121.23, 121.23, 121.23, 121.23, 121.23, 121.23, 121.23, 121.23, 103.92, 91.8, 121.23, 121.23, 111.92, 121.23, 75.84, 121.23, 105.92, 121.23, 121.23];45.39;[6, 4, 5, 4, 5, 7, 8, 4, 6, 4, 2, 2, 7, 3, 7, 5, 5, 4, 4, 8];6
20;80;20;1;True;2000;4;0;0;0;0;0;0;220.44166898727417;13.940307140350342;95641.18223845966;88943.90119204379;4575.652610999511;2121.6;[107.98, 107.98, 107.98, 107.98, 107.98, 105.98, 107.98, 107.98, 107.98, 90.98, 91.98, 107.98, 107.98, 107.98, 107.98, 107.98, 104.98, 107.98, 107.98, 107.98];17.0;[8, 3, 4, 6, 4, 2, 4, 8, 4, 3, 3, 4, 5, 3, 1, 5, 2, 4, 3, 4];7
20;80;20;2;True;2000;4;0;0;0;0;0;0;542.4837856292725;9.463929891586304;93828.37273583956;85218.01862634969;4922.248399953913;3688.0700000000015;[167.8, 202.8, 235.8, 291.8, 134.8, 280.8, 186.8, 212.8, 140.8, 207.8, 178.8, 181.8, 100.16, 148.8, 220.8, 147.8, 125.51, 182.8, 210.8, 128.8];191.64000000000001;[4, 5, 3, 6, 4, 5, 4, 4, 3, 5, 5, 4, 3, 5, 3, 3, 3, 3, 5, 3];3
20;80;20;3;True;2000;4;0;0;0;0;0;0;243.6821789741516;8.58978796005249;86650.9245199406;79529.81056451141;4818.4838133732455;2302.590000000001;[118.63, 118.63, 118.63, 118.63, 118.63, 70.62, 118.63, 118.63, 118.63, 118.63, 110.63, 114.63, 118.63, 118.63, 118.63, 118.63, 118.63, 118.63, 108.63, 118.63];48.00999999999999;[4, 4, 3, 5, 3, 4, 4, 4, 3, 4, 5, 4, 3, 4, 3, 4, 4, 5, 4, 6];3
20;80;20;4;True;2000;4;0;0;0;0;0;0;265.55983304977417;14.55653190612793;94930.22934282896;87356.73838616078;5073.276972392815;2500.1299999999997;[78.8, 131.57, 131.57, 131.57, 106.82, 131.57, 131.57, 130.57, 131.57, 131.57, 131.57, 118.57, 99.82, 131.57, 131.57, 131.57, 131.57, 131.57, 131.57, 123.57];52.769999999999996;[4, 6, 4, 4, 2, 2, 2, 3, 3, 4, 4, 2, 4, 6, 5, 6, 5, 5, 5, 4];4
20;80;20;5;True;2000;4;0;0;0;0;0;0;298.2495856285095;10.365602254867554;92417.87341300848;84786.83979516878;4866.00807215362;2765.100000000001;[122.92, 153.92, 153.92, 125.92, 87.92, 153.92, 153.92, 110.92, 153.92, 147.92, 153.92, 74.62, 110.92, 153.92, 153.92, 153.92, 153.92, 136.92, 153.92, 153.92];79.29999999999998;[2, 5, 6, 3, 4, 2, 5, 3, 5, 6, 5, 3, 4, 4, 4, 3, 3, 4, 6, 3];4
20;80;20;6;True;2000;4;0;0;0;0;0;0;240.5843563079834;15.857335090637207;97610.93046049343;90713.76004723027;4596.892909259966;2300.25;[118.23, 118.23, 118.23, 118.23, 118.23, 118.23, 118.23, 118.23, 118.23, 118.23, 118.23, 118.23, 118.23, 118.23, 118.23, 99.23, 118.23, 72.88, 118.23, 118.23];45.35000000000001;[4, 4, 5, 3, 7, 4, 4, 6, 3, 6, 2, 4, 5, 3, 1, 4, 3, 3, 3, 6];6
20;90;20;1;True;2000;4;0;0;0;0;0;0;288.2622995376587;17.08863592147827;108739.51681949513;101169.59667483096;5122.756234066454;2447.2;[125.11, 113.11, 125.11, 125.11, 125.11, 125.11, 125.11, 125.11, 125.11, 116.11, 117.11, 125.11, 125.11, 125.11, 122.11, 125.11, 102.11, 125.11, 125.11, 125.11];23.0;[7, 4, 4, 5, 5, 5, 4, 8, 6, 3, 3, 5, 5, 3, 2, 3, 3, 5, 4, 6];6
20;90;20;2;True;2000;4;0;0;0;0;0;0;401.80654430389404;24.226736307144165;108668.7315497927;99425.62237367683;5745.458233328857;3497.62;[166.21, 193.21, 176.21, 193.21, 174.21, 193.21, 193.21, 193.21, 193.21, 193.21, 131.21, 189.21, 122.22, 193.21, 163.21, 159.21, 112.62, 193.21, 193.21, 171.21];80.59;[4, 7, 2, 4, 5, 6, 5, 4, 4, 4, 4, 5, 4, 3, 7, 4, 3, 5, 6, 4];5
20;90;20;3;True;2000;4;0;0;0;0;0;0;294.69120025634766;11.29961109161377;103695.68534106147;95730.14647506851;5409.315852024183;2556.29;[131.51, 131.51, 131.51, 131.51, 131.51, 99.51, 131.51, 131.51, 131.51, 131.51, 89.6, 131.51, 131.51, 131.51, 131.51, 131.51, 131.51, 131.51, 131.51, 131.51];41.91;[7, 5, 3, 5, 6, 3, 4, 4, 4, 6, 5, 2, 3, 3, 5, 5, 4, 7, 5, 4];5
20;90;20;4;True;2000;4;0;0;0;0;0;0;349.8368091583252;19.683329105377197;110393.54424994707;101998.92084599538;5563.696816188704;2830.890000000001;[73.07, 164.78, 116.78, 164.78, 116.78, 130.78, 121.78, 136.78, 125.78, 164.78, 107.78, 164.78, 136.78, 164.78, 164.78, 164.78, 164.78, 164.78, 144.78, 136.78];91.71000000000001;[3, 8, 3, 6, 2, 5, 5, 5, 2, 4, 5, 3, 2, 6, 4, 6, 6, 5, 6, 4];6
20;90;20;5;True;2000;4;0;0;0;0;0;0;301.1817717552185;9.420268058776855;106686.10248990946;98915.38708844487;5331.740736634752;2438.969999999999;[131.12, 131.12, 131.12, 131.12, 98.85, 131.12, 131.12, 95.12, 131.12, 131.12, 131.12, 92.62, 103.52, 131.12, 131.12, 131.12, 128.12, 85.06, 131.12, 131.12];46.06;[4, 6, 6, 4, 3, 3, 6, 2, 4, 6, 6, 4, 4, 5, 5, 6, 3, 3, 7, 3];5
20;90;20;6;True;2000;4;0;0;0;0;0;0;285.4993019104004;65.61678957939148;112399.4166946714;104722.71059957988;5197.7049594900445;2479.09;[127.28, 127.28, 127.28, 127.28, 127.28, 127.28, 127.28, 127.28, 127.28, 127.28, 116.28, 127.28, 127.28, 127.28, 127.28, 127.28, 127.28, 71.77, 127.28, 127.28];55.510000000000005;[4, 4, 5, 3, 6, 5, 6, 6, 6, 4, 2, 5, 4, 4, 3, 7, 5, 3, 2, 6];5
20;100;20;1;True;2000;4;0;0;0;0;0;0;324.3365354537964;20.655470371246338;122736.53977940006;114382.2179689004;5681.151594940372;2673.1999999999994;[135.56, 128.56, 135.56, 135.56, 135.56, 126.56, 135.56, 135.56, 135.56, 135.56, 131.56, 135.56, 135.56, 135.56, 135.56, 135.56, 128.56, 134.56, 125.56, 135.56];10.0;[7, 5, 4, 5, 7, 5, 4, 8, 7, 5, 4, 6, 6, 3, 3, 5, 3, 5, 2, 6];6
20;100;20;2;True;2000;4;0;0;0;0;0;0;700.3714299201965;16.68618106842041;123858.09890658279;113806.34274752346;6517.732093039576;3534.0;[144.75, 191.75, 223.75, 163.75, 184.75, 223.75, 256.75, 142.75, 134.75, 164.75, 152.75, 330.75, 189.75, 149.75, 167.75, 128.75, 116.75, 216.75, 149.75, 99.75];231.0;[4, 6, 5, 5, 6, 5, 6, 3, 3, 6, 6, 9, 7, 4, 3, 2, 5, 7, 4, 4];7
20;100;20;3;True;2000;4;0;0;0;0;0;0;259.9282283782959;12.977370977401733;122348.08157434239;114596.34918909572;5919.014443350721;1832.6699999999996;[94.34, 94.34, 94.34, 94.34, 94.34, 54.21, 94.34, 94.34, 94.34, 94.34, 94.34, 89.34, 94.34, 94.34, 94.34, 94.34, 94.34, 94.34, 85.34, 94.34];40.13;[5, 5, 5, 8, 4, 4, 6, 5, 4, 6, 4, 4, 4, 6, 4, 6, 3, 4, 8, 5];5
20;100;20;4;True;2000;4;0;0;0;0;0;0;304.110782623291;21.50726890563965;123117.08062072117;114454.91892615419;6129.1987231928815;2532.9200000000005;[127.71, 127.71, 127.71, 127.71, 127.71, 127.71, 127.71, 127.71, 127.71, 127.71, 106.43, 127.71, 127.71, 127.71, 127.71, 127.71, 127.71, 127.71, 127.71, 127.71];21.279999999999987;[5, 7, 3, 3, 8, 4, 6, 4, 3, 3, 4, 3, 4, 9, 5, 7, 7, 5, 3, 7];6
20;100;20;5;True;2000;4;0;0;0;0;0;0;587.3116717338562;10.184306859970093;120643.76466829746;111032.89663760658;5947.65360460323;3663.150000000001;[112.98, 197.9, 162.9, 195.9, 175.9, 179.9, 273.9, 171.9, 207.9, 140.9, 247.9, 88.97, 161.9, 197.9, 156.9, 259.9, 183.9, 168.9, 193.9, 182.9];184.92999999999998;[3, 6, 8, 5, 5, 5, 6, 3, 4, 7, 6, 4, 6, 4, 4, 6, 5, 5, 5, 3];5
20;100;20;6;True;2000;4;0;0;0;0;0;0;348.5290970802307;18.865049839019775;127620.34640240595;118929.47467451624;5720.448902779094;2970.359999999999;[154.6, 154.6, 154.6, 154.6, 154.6, 154.6, 132.6, 154.6, 154.6, 140.6, 154.6, 154.6, 141.6, 154.6, 154.6, 154.6, 154.6, 83.96, 152.6, 154.6];70.64;[5, 5, 6, 3, 7, 4, 8, 4, 6, 6, 3, 6, 6, 5, 2, 6, 5, 3, 3, 7];6
30;60;30;1;True;2000;2;0;0;0;0;0;0;143.73017120361328;5.723747968673706;67048.25730825434;61435.0219390645;3480.4818048451325;2132.69;[76.73, 54.73, 53.73, 76.73, 76.73, 76.73, 74.73, 76.73, 74.73, 62.73, 62.73, 76.73, 76.73, 76.73, 76.73, 76.73, 50.73, 62.73, 76.73, 76.73, 76.73, 32.52, 76.73, 76.73, 76.73, 75.73, 69.73, 76.73, 76.73, 76.73];44.21;[4, 1, 1, 1, 4, 1, 2, 3, 1, 1, 1, 1, 3, 3, 3, 2, 1, 2, 3, 3, 3, 1, 3, 1, 3, 2, 3, 2, 1];3
30;60;30;2;True;2000;2;0;0;0;0;0;0;170.8731393814087;5.44720458984375;65814.50260019151;59552.12199779102;3726.391459361059;2535.9999999999986;[92.1, 92.1, 92.1, 92.1, 92.1, 92.1, 92.1, 81.1, 80.1, 92.1, 92.1, 92.1, 76.1, 92.1, 92.1, 81.1, 53.1, 92.1, 92.1, 52.1, 92.1, 92.1, 92.1, 92.1, 92.1, 92.1, 83.1, 92.1, 57.1, 38.1];53.99999999999999;[2, 3, 1, 2, 1, 3, 2, 1, 1, 2, 3, 2, 4, 1, 2, 1, 1, 1, 2, 1, 3, 3, 3, 3, 4, 2, 1, 3, 1, 1];3
30;60;30;3;True;2000;2;0;0;0;0;0;0;128.60850763320923;6.557837963104248;62655.18942393654;57323.74438680246;3484.082299028062;1847.2999999999988;[64.81, 64.81, 64.81, 64.81, 64.81, 64.81, 31.81, 64.81, 64.81, 64.81, 32.81, 64.81, 64.81, 64.81, 64.81, 64.81, 64.81, 64.81, 64.81, 64.81, 64.81, 64.81, 64.81, 64.81, 64.81, 64.81, 64.81, 32.81, 64.81, 64.81];33.0;[2, 1, 1, 3, 3, 1, 4, 1, 2, 2, 2, 2, 5, 2, 2, 1, 2, 4, 1, 2, 2, 2, 1, 2, 1, 3, 1, 1, 4];4
30;60;30;4;True;2000;2;0;0;0;0;0;0;178.96042919158936;6.054439067840576;69314.30115916912;63396.77124198786;3354.26432823583;2563.21;[75.18, 94.18, 71.18, 94.18, 94.18, 94.18, 94.18, 94.18, 86.18, 94.18, 36.71, 94.18, 64.18, 94.18, 94.18, 94.18, 94.18, 94.18, 94.18, 73.18, 94.18, 16.46, 94.18, 94.18, 94.18, 94.18, 94.18, 94.18, 69.18, 93.18];77.72;[1, 1, 1, 2, 3, 1, 2, 1, 1, 1, 2, 1, 2, 3, 6, 3, 3, 3, 3, 2, 1, 1, 1, 3, 1, 1, 4, 2, 4];5
30;60;30;5;True;2000;2;0;0;0;0;0;0;134.79937934875488;5.139272928237915;64507.89078715861;58924.30139429422;3618.6591458923135;1964.8100000000006;[70.41, 70.41, 70.41, 70.41, 48.41, 70.41, 70.41, 65.41, 70.41, 70.41, 70.41, 3.0, 70.41, 70.41, 70.41, 70.41, 70.41, 69.41, 70.41, 70.41, 70.41, 70.41, 70.41, 70.41, 30.33, 70.41, 58.41, 70.41, 70.41, 70.41];67.41;[2, 2, 2, 2, 2, 2, 1, 1, 3, 3, 3, 2, 4, 3, 1, 1, 2, 2, 3, 2, 2, 2, 1, 3, 1, 2, 2, 4];3
30;60;30;6;True;2000;2;0;0;0;0;0;0;131.7572422027588;5.779682874679565;70287.35454958424;65040.5679298374;3202.5714090315814;2044.2299999999993;[73.53, 73.53, 73.53, 73.53, 73.53, 73.53, 73.53, 73.53, 73.53, 33.53, 49.53, 73.53, 73.53, 73.53, 73.53, 33.53, 73.53, 73.53, 73.53, 73.53, 73.53, 73.53, 73.53, 57.53, 73.53, 73.53, 73.53, 73.53, 31.86, 73.53];41.67;[2, 3, 3, 3, 2, 3, 1, 2, 2, 1, 1, 3, 2, 1, 2, 1, 3, 2, 3, 2, 2, 2, 4, 2, 1, 3, 3, 1];3
30;70;30;1;True;2000;2;0;0;0;0;0;0;155.8144326210022;6.229538202285767;80061.95593615841;73718.98919896288;4149.607456850171;2193.2300000000014;[76.63, 51.63, 64.63, 76.63, 76.63, 76.63, 76.63, 76.63, 76.63, 76.63, 36.94, 76.63, 76.63, 76.63, 76.63, 76.63, 76.63, 76.63, 76.63, 76.63, 76.63, 47.65, 76.63, 76.63, 76.63, 76.63, 76.63, 76.63, 76.63, 76.63];39.69;[4, 1, 1, 1, 2, 1, 3, 4, 2, 3, 1, 3, 3, 2, 2, 1, 4, 5, 4, 3, 2, 1, 3, 1, 3, 2, 2, 2, 3, 1];4
30;70;30;2;True;2000;2;0;0;0;0;0;0;136.60977029800415;6.3626549243927;75942.78619894436;69878.92921000371;4144.4015565732925;1919.4499999999987;[66.57, 66.57, 66.57, 66.57, 66.57, 66.57, 66.57, 56.57, 66.57, 66.57, 66.57, 66.57, 65.57, 66.57, 66.57, 66.57, 28.39, 66.57, 66.57, 39.1, 66.57, 66.57, 66.57, 66.57, 66.57, 66.57, 66.57, 66.57, 65.57, 66.57];38.17999999999999;[2, 3, 1, 3, 1, 3, 2, 2, 1, 2, 4, 3, 2, 1, 3, 2, 2, 2, 4, 2, 3, 2, 4, 5, 4, 2, 1, 2, 1, 1];4
30;70;30;3;True;2000;2;0;0;0;0;0;0;194.02159357070923;7.456636428833008;75770.67576470211;69162.55704550516;4070.647031182371;2537.56;[97.07, 97.07, 97.07, 97.07, 97.07, 46.07, 35.33, 97.07, 97.07, 97.07, 30.07, 97.07, 97.07, 97.07, 63.07, 97.07, 94.07, 97.07, 48.07, 97.07, 82.07, 97.07, 97.07, 97.07, 86.07, 84.07, 97.07, 38.27, 86.07, 97.07];67.0;[2, 2, 3, 3, 3, 1, 4, 2, 1, 2, 4, 2, 3, 3, 4, 1, 2, 3, 1, 2, 3, 2, 2, 2, 2, 4, 1, 1, 5];4
30;70;30;4;True;2000;2;0;0;0;0;0;0;142.42398357391357;11.411993265151978;82264.70848144524;75916.60798008503;4262.593517361371;2085.5599999999995;[70.84, 70.84, 70.43, 70.84, 70.84, 70.84, 70.84, 70.84, 70.84, 70.84, 31.61, 70.84, 70.84, 70.84, 70.84, 70.84, 70.84, 70.84, 70.84, 70.84, 70.84, 70.84, 70.84, 70.84, 70.84, 70.84, 70.84, 70.84, 70.84, 70.84];39.230000000000004;[3, 2, 1, 1, 3, 1, 1, 4, 2, 2, 2, 1, 2, 5, 4, 2, 6, 2, 1, 3, 1, 2, 1, 3, 1, 2, 3, 1, 5, 3];5
30;70;30;5;True;2000;2;0;0;0;0;0;0;148.63597917556763;9.258687973022461;75769.91631065088;69425.7946266878;4223.1028496821455;2121.0600000000004;[72.48, 72.48, 72.48, 72.48, 60.48, 72.48, 72.48, 72.48, 72.48, 72.48, 72.48, 67.48, 72.48, 72.48, 72.48, 72.48, 72.48, 72.48, 72.48, 72.48, 72.48, 72.48, 72.48, 72.48, 42.14, 72.48, 66.48, 72.48, 72.48, 72.48];30.340000000000003;[2, 4, 4, 2, 3, 1, 2, 2, 1, 2, 1, 1, 3, 6, 4, 1, 1, 5, 2, 1, 2, 2, 3, 1, 3, 2, 1, 3, 5];5
30;70;30;6;True;2000;2;0;0;0;0;0;0;167.00472974777222;7.116796255111694;84723.23593699788;78390.38705788903;4067.536421079927;2265.34;[82.23, 82.23, 82.23, 82.23, 82.23, 82.23, 82.23, 82.23, 82.23, 41.23, 50.23, 78.23, 82.23, 82.23, 82.23, 38.22, 82.23, 82.23, 82.23, 82.23, 82.23, 82.23, 82.23, 61.23, 82.23, 82.23, 82.23, 82.23, 32.68, 72.23];49.550000000000004;[3, 3, 1, 4, 3, 4, 1, 3, 2, 3, 2, 3, 2, 2, 1, 1, 5, 1, 2, 2, 3, 2, 3, 2, 4, 3, 3, 1, 1];4
30;80;30;1;True;2000;2;0;0;0;0;0;0;149.68018627166748;11.224973917007446;92607.532434238;85993.41917873015;4655.154727299275;1958.999999999999;[65.3, 65.3, 65.3, 65.3, 65.3, 65.3, 65.3, 65.3, 65.3, 65.3, 65.3, 65.3, 65.3, 65.3, 65.3, 65.3, 65.3, 65.3, 65.3, 65.3, 65.3, 65.3, 65.3, 65.3, 65.3, 65.3, 65.3, 65.3, 65.3, 65.3];0.0;[5, 1, 4, 1, 2, 2, 3, 5, 2, 1, 2, 2, 3, 5, 4, 3, 1, 6, 3, 3, 5, 1, 2, 2, 3, 2, 1, 2, 3, 1];5
30;80;30;2;True;2000;2;0;0;0;0;0;0;166.3198709487915;7.8093531131744385;88317.70730250434;81177.35283694426;4891.997256714108;2248.3700000000013;[76.65, 76.65, 76.65, 76.65, 76.65, 76.65, 76.65, 64.65, 76.65, 76.65, 76.65, 76.65, 76.65, 76.65, 76.65, 76.65, 52.52, 76.65, 76.65, 62.65, 76.65, 76.65, 76.65, 76.65, 76.65, 76.65, 76.65, 76.65, 75.65, 76.65];24.130000000000003;[4, 4, 1, 2, 2, 3, 2, 2, 1, 3, 3, 3, 3, 1, 3, 2, 3, 4, 3, 2, 3, 4, 4, 4, 3, 3, 3, 2, 2, 1];3
30;80;30;3;True;2000;2;0;0;0;0;0;0;175.68829154968262;11.186163902282715;87662.45225964797;80666.49535651265;4819.731975696831;2176.2599999999998;[75.78, 75.78, 75.78, 75.78, 75.78, 75.78, 75.78, 75.78, 75.78, 75.78, 36.27, 75.78, 75.78, 75.78, 75.78, 75.78, 68.78, 75.78, 42.15, 75.78, 75.78, 75.78, 75.78, 75.78, 75.78, 75.78, 75.78, 58.78, 75.78, 75.78];39.51;[3, 3, 3, 2, 2, 2, 3, 3, 2, 3, 2, 2, 5, 4, 4, 2, 2, 5, 1, 4, 2, 2, 2, 4, 2, 3, 2, 2, 4];4
30;80;30;4;True;2000;2;0;0;0;0;0;0;244.34269380569458;11.909181118011475;95400.79910089236;86967.78337474527;5076.931041941408;3356.1999999999994;[120.04, 120.04, 87.04, 120.04, 120.04, 120.04, 120.04, 120.04, 117.04, 120.04, 85.04, 120.04, 72.04, 120.04, 120.04, 120.04, 120.04, 120.04, 120.04, 107.04, 120.04, 54.04, 120.04, 120.04, 120.04, 120.04, 120.04, 108.04, 95.04, 110.04];66.0;[3, 2, 2, 3, 2, 1, 3, 4, 2, 2, 3, 2, 1, 5, 5, 3, 6, 4, 2, 5, 2, 2, 2, 2, 1, 2, 2, 1, 3, 3];5
30;80;30;5;True;2000;2;0;0;0;0;0;0;196.59871196746826;9.061182975769043;90527.66941924732;83144.63307126056;4784.68562725737;2598.440000000001;[93.69, 93.69, 93.69, 93.69, 57.69, 93.69, 93.69, 93.69, 93.69, 93.69, 93.69, 43.43, 93.69, 93.69, 93.69, 93.69, 93.69, 75.69, 93.69, 93.69, 93.69, 93.69, 93.69, 62.69, 69.69, 93.69, 57.69, 76.69, 93.69, 93.69];50.26;[1, 3, 4, 3, 3, 1, 2, 2, 4, 3, 3, 2, 2, 3, 5, 2, 2, 1, 5, 3, 3, 1, 2, 3, 2, 4, 2, 1, 4, 4];4
30;80;30;6;True;2000;2;0;0;0;0;0;0;194.5066695213318;10.58922553062439;95729.38339680088;88705.17009167811;4603.249597283518;2421.1;[88.73, 88.73, 88.73, 88.73, 81.73, 88.73, 88.73, 88.73, 88.73, 42.73, 66.73, 75.73, 88.73, 88.73, 88.73, 36.83, 88.73, 88.73, 79.73, 88.73, 88.73, 88.73, 88.73, 64.73, 88.73, 88.73, 88.73, 88.73, 33.83, 75.73];54.900000000000006;[4, 3, 3, 3, 3, 4, 2, 5, 2, 3, 1, 3, 3, 3, 2, 1, 4, 1, 3, 2, 3, 2, 6, 3, 2, 3, 4, 1, 1];5
30;90;30;1;True;2000;2;0;0;0;0;0;0;210.96255540847778;11.114225625991821;103960.27648667317;96422.04344299457;5097.545355959353;2440.5899999999992;[84.49, 50.61, 84.49, 84.49, 84.49, 74.49, 84.49, 84.49, 84.49, 84.49, 84.49, 84.49, 84.49, 84.49, 84.49, 84.49, 69.49, 84.49, 84.49, 84.49, 84.49, 75.26, 84.49, 84.49, 84.49, 84.49, 58.49, 84.49, 84.49, 84.49];33.879999999999995;[5, 1, 2, 3, 5, 3, 3, 4, 2, 2, 2, 3, 4, 3, 2, 4, 2, 2, 4, 4, 5, 2, 4, 4, 5, 2, 1, 2, 3, 2];4
30;90;30;2;True;2000;2;0;0;0;0;0;0;190.76779794692993;12.145575046539307;102397.4149802605;94455.01362921983;5709.973302716339;2232.520000000001;[78.14, 78.14, 78.14, 78.14, 78.14, 78.14, 78.14, 52.61, 78.14, 78.14, 61.14, 78.14, 69.14, 78.14, 78.14, 78.14, 38.99, 78.14, 78.14, 78.14, 78.14, 78.14, 78.14, 78.14, 78.14, 78.14, 76.14, 78.14, 78.14, 59.14];39.15;[3, 2, 2, 4, 1, 3, 5, 2, 2, 2, 3, 3, 2, 1, 3, 3, 4, 1, 5, 4, 3, 3, 6, 4, 6, 2, 2, 5, 2, 2];5
30;90;30;3;True;2000;2;0;0;0;0;0;0;185.92739057540894;11.604592084884644;99691.34011492474;92170.95017267324;5490.6889399114;2029.7800000000007;[71.66, 71.66, 71.66, 71.66, 71.66, 71.66, 46.01, 71.66, 71.66, 71.66, 31.81, 71.66, 71.66, 71.66, 71.66, 71.66, 71.66, 69.66, 55.01, 71.66, 71.66, 71.66, 71.66, 71.66, 71.66, 71.66, 71.66, 35.79, 71.66, 71.66];39.849999999999994;[3, 4, 3, 2, 4, 2, 3, 4, 2, 4, 1, 2, 1, 6, 3, 3, 1, 2, 4, 2, 4, 3, 4, 2, 3, 4, 4, 3, 2, 5];5
30;90;30;4;True;2000;2;0;0;0;0;0;0;203.48447179794312;13.74524998664856;104487.30526164804;96503.3939422639;5553.133283363049;2430.7700000000004;[81.93, 81.93, 81.93, 81.93, 81.93, 81.93, 81.93, 81.93, 81.93, 81.93, 81.93, 81.93, 81.93, 81.93, 81.93, 81.93, 81.93, 81.93, 81.93, 81.93, 81.93, 54.8, 81.93, 81.93, 81.93, 81.93, 81.93, 81.93, 81.93, 81.93];27.13000000000001;[2, 5, 2, 2, 2, 4, 1, 1, 1, 3, 4, 4, 2, 5, 3, 4, 4, 5, 2, 4, 3, 2, 3, 5, 2, 1, 4, 1, 5, 4];4
30;90;30;5;True;2000;2;0;0;0;0;0;0;170.50616216659546;16.784116983413696;101366.86440351419;94067.8842712691;5317.751832712784;1981.249999999999;[69.37, 69.37, 69.37, 69.37, 66.37, 69.37, 69.37, 69.37, 69.37, 69.37, 69.37, 3.0, 69.37, 69.37, 69.37, 69.37, 69.37, 62.37, 69.37, 69.37, 69.37, 69.37, 69.37, 69.37, 45.89, 69.37, 69.37, 69.37, 69.37, 69.37];66.37;[3, 3, 2, 2, 3, 2, 3, 1, 2, 2, 4, 6, 3, 5, 4, 3, 3, 4, 2, 3, 2, 3, 3, 2, 4, 3, 1, 6, 6];5
30;90;30;6;True;2000;2;0;0;0;0;0;0;179.97216844558716;14.69303584098816;108379.2412139846;101044.28321256462;5137.725950023208;2197.3499999999995;[76.35, 76.35, 76.35, 76.35, 76.35, 76.35, 76.35, 76.35, 76.35, 49.92, 76.35, 76.35, 76.35, 76.35, 76.35, 45.92, 76.35, 76.35, 76.35, 76.35, 76.35, 76.35, 76.35, 71.92, 76.35, 76.35, 76.35, 76.35, 44.92, 75.92];31.429999999999993;[3, 3, 3, 4, 3, 5, 2, 3, 3, 4, 2, 6, 3, 2, 2, 2, 4, 1, 4, 4, 3, 2, 7, 2, 4, 3, 4, 1, 1];6
30;100;30;1;True;2000;2;0;0;0;0;0;0;242.49193859100342;20.570037841796875;118426.32016941969;109972.70580725302;5725.976127063109;2727.619999999999;[92.58, 85.53, 55.95, 92.58, 92.58, 92.58, 92.58, 92.58, 92.58, 86.53, 92.58, 92.58, 92.58, 92.58, 92.58, 92.58, 92.58, 92.58, 92.58, 92.58, 92.58, 92.53, 92.58, 92.58, 92.58, 92.58, 92.58, 92.58, 92.58, 92.58];36.629999999999995;[8, 2, 1, 4, 3, 3, 4, 3, 3, 3, 2, 4, 4, 3, 4, 3, 3, 5, 4, 3, 5, 2, 4, 3, 4, 3, 1, 3, 3, 3];7
30;100;30;2;True;2000;2;0;0;0;0;0;0;235.73712348937988;16.385120391845703;116880.99436227437;107748.62982758196;6530.369222127543;2602.009999999999;[93.72, 93.72, 93.72, 93.72, 93.72, 93.72, 84.72, 75.72, 90.72, 93.72, 61.68, 93.72, 93.72, 93.72, 93.72, 80.72, 53.87, 93.72, 93.72, 57.02, 93.72, 93.72, 93.72, 93.72, 93.72, 93.72, 81.72, 93.72, 67.72, 73.72];39.85;[5, 3, 2, 6, 3, 3, 4, 3, 3, 4, 3, 5, 4, 1, 3, 2, 3, 1, 4, 3, 3, 5, 3, 5, 6, 3, 3, 4, 1, 2];5
30;100;30;3;True;2000;2;0;0;0;0;0;0;253.7638487815857;15.800212860107422;115822.12613056139;107139.90587391895;5957.976829849602;2724.210000000001;[97.28, 97.28, 97.28, 97.28, 97.28, 97.28, 97.28, 97.28, 97.28, 97.28, 42.23, 97.28, 97.28, 97.28, 97.28, 97.28, 79.28, 97.28, 61.01, 97.28, 97.28, 97.28, 97.28, 74.01, 97.28, 97.28, 97.28, 35.68, 97.28, 97.28];61.6;[2, 3, 3, 3, 4, 3, 3, 3, 3, 4, 2, 3, 2, 5, 5, 4, 2, 2, 5, 2, 5, 4, 4, 2, 4, 4, 5, 3, 3, 3];3
30;100;30;4;True;2000;2;0;0;0;0;0;0;258.2155747413635;20.405595064163208;118293.99199727055;109355.80938335432;6064.190612952951;2873.9799999999987;[89.56, 99.56, 95.56, 99.56, 99.56, 99.56, 99.56, 98.56, 99.56, 99.56, 72.56, 99.56, 85.56, 99.56, 99.56, 99.56, 99.56, 99.56, 99.56, 99.56, 99.56, 55.74, 99.56, 99.56, 99.56, 99.56, 99.56, 99.56, 99.56, 86.56];43.82;[1, 3, 3, 5, 3, 1, 2, 3, 3, 3, 2, 3, 3, 4, 7, 5, 4, 5, 5, 5, 2, 2, 3, 5, 2, 2, 6, 2, 3, 3];6
30;100;30;5;True;2000;2;0;0;0;0;0;0;229.32861804962158;19.29866886138916;115247.17895119096;106828.02187298205;6004.104358300359;2415.0600000000004;[84.14, 84.14, 84.14, 84.14, 84.14, 84.14, 84.14, 69.14, 84.14, 84.14, 84.14, 3.0, 84.14, 84.14, 84.14, 84.14, 84.14, 84.14, 84.14, 84.14, 84.14, 84.14, 84.14, 84.14, 84.14, 84.14, 73.14, 82.14, 84.14, 84.14];81.14;[4, 5, 4, 3, 2, 3, 6, 2, 2, 3, 3, 6, 4, 5, 4, 1, 4, 3, 2, 4, 3, 3, 4, 1, 3, 3, 2, 6, 5];5
30;100;30;6;True;2000;2;0;0;0;0;0;0;198.56030893325806;16.201745986938477;121558.79697949327;113437.79310122118;5723.384569983465;2397.74;[82.77, 74.77, 82.77, 82.77, 82.77, 82.77, 82.77, 82.77, 82.77, 70.77, 82.77, 82.77, 82.77, 82.77, 82.77, 53.59, 82.77, 82.77, 82.77, 82.77, 82.77, 82.77, 82.77, 75.77, 82.77, 82.77, 82.77, 82.77, 53.59, 82.77];29.179999999999993;[5, 5, 2, 5, 5, 6, 3, 4, 2, 3, 4, 4, 3, 3, 3, 2, 5, 2, 4, 2, 3, 2, 5, 2, 2, 5, 4, 2, 1, 2];5
30;90;30;1;True;2000;3;0;0;0;0;0;0;186.2216010093689;11.571346998214722;103188.70057912666;95983.32789006317;5103.425130688876;2101.969999999999;[70.57, 70.57, 70.57, 70.57, 70.57, 70.57, 70.57, 70.57, 70.57, 70.57, 70.57, 70.57, 70.57, 70.57, 70.57, 70.57, 70.57, 70.57, 70.57, 70.57, 70.57, 55.44, 70.57, 70.57, 70.57, 70.57, 70.57, 70.57, 70.57, 70.57];15.129999999999995;[6, 2, 3, 3, 4, 2, 3, 5, 2, 3, 2, 2, 4, 3, 2, 3, 2, 4, 4, 4, 3, 2, 4, 2, 5, 3, 2, 2, 3, 1];5
30;90;30;2;True;2000;3;0;0;0;0;0;0;223.5785460472107;12.600992202758789;102544.42950119973;94297.1008557445;5692.153530967784;2555.24;[80.52, 90.52, 90.52, 90.52, 86.52, 90.52, 90.52, 56.07, 78.52, 90.52, 90.52, 90.52, 89.52, 90.52, 90.52, 90.52, 68.0, 90.52, 90.52, 70.52, 90.52, 90.52, 88.52, 90.52, 90.52, 90.52, 90.52, 79.52, 71.52, 66.13];34.449999999999996;[3, 3, 2, 5, 2, 4, 3, 3, 2, 4, 4, 3, 2, 2, 4, 2, 3, 2, 3, 3, 3, 4, 4, 4, 4, 2, 1, 5, 2, 2];4
30;90;30;3;True;2000;3;0;0;0;0;0;0;192.23254776000977;11.510295867919922;98464.4605399908;90930.91656198165;5499.2152394874765;2034.419999999999;[75.57, 75.57, 71.57, 75.57, 75.57, 35.09, 62.57, 75.57, 75.57, 75.57, 34.37, 63.57, 75.57, 75.57, 44.57, 75.57, 61.57, 75.57, 42.57, 75.57, 75.57, 75.57, 75.57, 75.57, 75.57, 75.57, 75.57, 39.57, 67.57, 75.57];41.199999999999996;[4, 4, 3, 3, 4, 1, 3, 4, 1, 4, 1, 3, 2, 4, 3, 5, 2, 4, 5, 1, 2, 4, 4, 2, 3, 3, 4, 2, 2, 3];4
30;90;30;4;True;2000;3;0;0;0;0;0;0;216.60436296463013;13.690202236175537;104930.50099259288;96851.0004120539;5481.46560443009;2598.09;[54.54, 88.14, 88.14, 88.14, 88.14, 88.14, 88.14, 88.14, 88.14, 88.14, 78.14, 88.14, 88.14, 88.14, 88.14, 88.14, 88.14, 88.14, 88.14, 88.14, 88.14, 85.63, 88.14, 88.14, 88.14, 88.14, 88.14, 88.14, 88.14, 88.14];33.6;[2, 2, 2, 4, 3, 3, 1, 3, 1, 3, 4, 2, 2, 5, 4, 5, 5, 5, 2, 4, 3, 3, 2, 4, 3, 1, 3, 2, 4, 3];4
30;90;30;5;True;2000;3;0;0;0;0;0;0;209.72470664978027;14.59875202178955;105130.69663392419;97608.61242201446;5314.702195458569;2207.4900000000007;[80.19, 80.19, 80.19, 80.19, 80.19, 80.19, 80.19, 80.19, 80.19, 80.19, 80.19, 3.0, 59.19, 80.19, 80.19, 80.19, 80.19, 46.76, 80.19, 80.19, 80.19, 80.19, 80.19, 80.19, 80.19, 80.19, 35.6, 58.19, 80.19, 80.19];77.19;[3, 3, 3, 3, 3, 3, 2, 2, 2, 3, 3, 4, 3, 6, 2, 2, 3, 4, 1, 3, 3, 3, 3, 1, 4, 3, 2, 6, 7];6
30;90;30;6;True;2000;3;0;0;0;0;0;0;192.21490240097046;13.318944931030273;109304.22748788161;101889.87600560753;5113.009386935176;2301.4;[83.28, 83.28, 83.28, 83.28, 75.28, 83.28, 83.28, 83.28, 83.28, 65.28, 55.28, 68.28, 83.28, 83.28, 83.28, 54.28, 83.28, 54.28, 80.28, 83.28, 83.28, 83.28, 83.28, 68.28, 83.28, 83.28, 83.28, 83.28, 42.28, 72.28];41.0;[4, 5, 3, 4, 3, 5, 2, 3, 4, 2, 2, 5, 3, 3, 3, 2, 3, 1, 3, 3, 3, 3, 5, 2, 3, 3, 5, 1, 1, 1];4
30;100;30;1;True;2000;3;0;0;0;0;0;0;231.8749074935913;17.275625944137573;118706.65481018163;110527.189978723;5655.893278486535;2523.4800000000005;[87.46, 87.46, 36.38, 87.46, 87.46, 87.46, 87.46, 87.46, 87.46, 80.46, 87.46, 87.46, 87.46, 87.46, 87.46, 87.46, 82.46, 87.46, 87.46, 87.46, 87.46, 73.22, 87.46, 87.46, 87.46, 87.46, 69.46, 87.46, 82.46, 87.46];51.07999999999999;[6, 3, 1, 3, 4, 2, 4, 5, 3, 2, 3, 3, 3, 3, 4, 4, 2, 4, 3, 3, 3, 2, 5, 4, 5, 5, 2, 3, 3, 3];5
30;100;30;2;True;2000;3;0;0;0;0;0;0;267.03838300704956;12.26450490951538;117281.15027212835;107977.42413187673;6545.072798278347;2758.7000000000007;[100.92, 100.92, 100.92, 100.92, 100.92, 100.92, 88.92, 57.92, 68.92, 100.92, 100.92, 100.92, 100.92, 100.92, 95.92, 91.92, 100.92, 100.92, 100.92, 47.02, 100.92, 100.92, 100.92, 100.92, 100.92, 100.92, 71.92, 100.92, 64.92, 51.92];53.9;[3, 5, 1, 4, 3, 4, 3, 3, 2, 3, 4, 3, 5, 2, 5, 4, 4, 3, 4, 3, 3, 5, 4, 4, 5, 3, 2, 2, 2, 2];4
30;100;30;3;True;2000;3;0;0;0;0;0;0;225.40645551681519;14.71715521812439;114191.00650772326;105849.43074180167;5929.0798504531895;2412.6099999999997;[87.52, 87.52, 87.52, 87.52, 87.52, 87.52, 34.39, 87.52, 87.52, 87.52, 34.39, 87.52, 87.52, 87.52, 63.52, 87.52, 87.52, 87.52, 59.52, 87.52, 87.52, 87.52, 87.52, 50.79, 87.52, 87.52, 87.52, 69.52, 87.52, 87.52];53.129999999999995;[3, 4, 3, 2, 6, 2, 5, 4, 2, 6, 2, 3, 3, 4, 4, 4, 3, 3, 4, 2, 2, 4, 3, 2, 4, 3, 5, 3, 2, 3];4
30;100;30;4;True;2000;3;0;0;0;0;0;0;251.7381672859192;21.471211910247803;118721.55412619081;109837.18255633827;6166.108265836052;2718.23;[71.75, 93.75, 93.75, 93.75, 93.75, 93.75, 93.75, 93.75, 93.75, 93.75, 87.75, 93.75, 76.75, 93.75, 93.75, 93.75, 93.75, 93.75, 93.75, 93.75, 93.75, 44.48, 93.75, 93.75, 93.75, 93.75, 93.75, 93.75, 93.75, 93.75];49.27;[2, 5, 4, 3, 1, 3, 2, 2, 2, 4, 4, 6, 3, 4, 7, 4, 3, 4, 2, 3, 3, 3, 3, 6, 4, 2, 2, 2, 4, 3];6
30;100;30;5;True;2000;3;0;0;0;0;0;0;233.99871397018433;14.599548101425171;119645.24778939039;111188.54580019492;5945.260545693985;2511.4600000000005;[89.28, 89.28, 89.28, 89.28, 59.77, 89.28, 89.28, 61.77, 89.28, 89.28, 89.28, 34.3, 80.32, 89.28, 89.28, 89.28, 89.28, 89.28, 89.28, 80.32, 89.28, 89.28, 89.28, 89.28, 65.77, 89.28, 75.77, 89.28, 89.28, 89.28];54.980000000000004;[2, 4, 4, 3, 3, 3, 4, 1, 3, 4, 5, 3, 2, 4, 5, 2, 2, 4, 5, 2, 3, 3, 3, 4, 2, 3, 3, 2, 4, 8];7
30;100;30;6;True;2000;3;0;0;0;0;0;0;222.81969165802002;27.62283420562744;121115.18481739744;112957.34146831887;5713.27660431382;2444.5599999999995;[88.22, 88.22, 88.22, 88.22, 88.22, 88.22, 88.22, 88.22, 88.22, 48.22, 64.22, 88.22, 88.22, 88.22, 88.22, 32.18, 88.22, 51.22, 88.22, 88.22, 88.22, 88.22, 88.22, 88.22, 88.22, 88.22, 88.22, 88.22, 43.22, 88.22];56.04;[4, 4, 2, 5, 3, 4, 4, 3, 4, 3, 4, 4, 2, 2, 3, 1, 4, 1, 4, 5, 2, 3, 7, 3, 4, 4, 6, 1, 2, 2];6
40;80;40;1;True;2000;2;0;0;0;0;0;0;241.34618186950684;16.24315881729126;94175.54526492626;86272.99360914073;4604.54284105304;3298.0999999999976;[100.37, 100.37, 57.37, 100.37, 100.37, 85.37, 65.37, 100.37, 100.37, 49.37, 55.37, 35.37, 100.37, 100.37, 100.37, 100.37, 20.66, 66.37, 100.37, 100.37, 100.37, 14.19, 100.37, 100.37, 100.37, 100.37, 64.37, 100.37, 100.37, 100.37, 99.37, 30.14, 100.37, 100.37, 57.37, 100.37, 100.37, 17.79, 70.37, 100.37];86.18;[4, 3, 1, 1, 3, 3, 2, 1, 2, 1, 1, 3, 3, 3, 4, 2, 3, 2, 1, 2, 1, 2, 2, 2, 2, 1, 3, 2, 3, 1, 3, 2, 3, 3, 1, 3, 1];3
40;80;40;2;True;2000;2;0;0;0;0;0;0;147.322434425354;11.660770893096924;88261.98857427076;81194.80264254058;4870.030907597179;2197.3099999999995;[58.74, 58.74, 58.74, 58.74, 58.74, 58.74, 58.74, 35.74, 58.74, 58.74, 42.74, 58.74, 56.74, 58.74, 58.74, 58.74, 33.74, 58.74, 58.74, 31.74, 58.74, 58.74, 58.74, 58.74, 58.74, 58.74, 58.74, 58.74, 47.74, 58.74, 58.74, 45.74, 58.74, 58.74, 58.74, 58.74, 58.74, 58.74, 23.45, 58.74];35.290000000000006;[2, 3, 1, 4, 1, 2, 2, 2, 1, 1, 3, 3, 4, 1, 3, 2, 1, 2, 3, 1, 1, 2, 3, 2, 3, 2, 1, 3, 1, 2, 3, 1, 1, 2, 2, 3, 3, 2, 1];3
40;80;40;3;True;2000;2;0;0;0;0;0;0;145.18672132492065;14.100314140319824;84617.89741029337;77464.75742293471;4869.763205587718;2283.479999999999;[62.11, 62.11, 62.11, 62.11, 62.11, 37.82, 27.88, 62.11, 62.11, 62.11, 28.88, 62.11, 62.11, 62.11, 48.81, 62.11, 62.11, 62.11, 46.82, 62.11, 57.81, 62.11, 62.11, 62.11, 62.11, 28.88, 62.11, 25.36, 62.11, 62.11, 55.81, 62.11, 62.11, 62.11, 62.11, 62.11, 62.11, 62.11, 62.11, 62.11];36.75;[2, 2, 2, 1, 3, 2, 2, 2, 1, 2, 1, 2, 3, 5, 2, 2, 2, 2, 3, 3, 2, 2, 3, 2, 1, 3, 1, 1, 2, 1, 2, 1, 1, 3, 4, 3, 3, 1];4
40;80;40;4;True;2000;2;0;0;0;0;0;0;199.06491327285767;19.09302282333374;92717.70654213964;84254.46156027519;5082.769672112939;3380.6400000000035;[86.01, 91.01, 69.01, 91.01, 91.01, 91.01, 91.01, 90.01, 44.95, 91.01, 60.01, 91.01, 68.01, 91.01, 91.01, 91.01, 91.01, 91.01, 91.01, 85.01, 91.01, 23.31, 91.01, 91.01, 91.01, 69.01, 91.01, 79.01, 85.01, 73.01, 91.01, 91.01, 91.01, 91.01, 91.01, 91.01, 91.01, 91.01, 91.01, 91.01];67.7;[2, 2, 2, 1, 4, 1, 2, 4, 2, 1, 2, 1, 4, 2, 4, 3, 4, 2, 1, 1, 1, 3, 1, 1, 3, 1, 2, 3, 3, 1, 3, 1, 2, 2, 1, 2, 2, 3];3
40;80;40;5;True;2000;2;0;0;0;0;0;0;152.82796478271484;10.685935020446777;86889.98472553835;79597.35646246742;4845.384359686447;2447.0800000000004;[63.23, 67.23, 67.23, 67.23, 46.23, 67.23, 67.23, 37.23, 67.23, 67.23, 67.23, 23.84, 50.23, 67.23, 67.23, 67.23, 67.23, 30.89, 67.23, 67.23, 67.23, 67.23, 67.23, 67.23, 23.84, 67.23, 42.23, 50.23, 67.23, 67.23, 67.23, 67.23, 67.23, 67.23, 67.23, 67.23, 62.23, 67.23, 67.23, 67.23];43.39;[2, 3, 2, 1, 1, 1, 2, 1, 2, 2, 3, 1, 2, 3, 4, 2, 2, 1, 3, 1, 1, 1, 2, 1, 3, 1, 1, 4, 5, 3, 2, 3, 2, 1, 3, 2, 3, 2, 1];4
40;80;40;6;True;2000;2;0;0;0;0;0;0;213.92432403564453;14.029046773910522;94228.82634807238;86153.79320909087;4656.711448452383;3418.24;[99.5, 66.29, 99.5, 99.5, 99.5, 99.5, 99.5, 99.5, 99.5, 34.81, 26.82, 79.5, 99.5, 99.5, 53.17, 30.81, 99.5, 64.29, 99.5, 99.5, 99.5, 77.29, 99.5, 44.84, 99.5, 99.5, 99.5, 65.29, 43.84, 57.29, 93.5, 99.5, 99.5, 99.5, 99.5, 99.5, 99.5, 99.5, 93.5, 99.5];72.68;[4, 1, 3, 2, 3, 4, 1, 3, 2, 1, 3, 1, 2, 2, 1, 4, 1, 2, 2, 3, 2, 1, 2, 2, 2, 2, 1, 2, 1, 2, 2, 3, 3, 2, 3, 2, 1, 2];3
40;90;40;1;True;2000;2;0;0;0;0;0;0;206.1175389289856;20.121764183044434;105018.45713684736;96972.52148111691;5139.845757099053;2906.200000000001;[80.17, 80.17, 60.17, 80.17, 80.17, 60.17, 80.17, 80.17, 80.17, 46.17, 80.17, 77.17, 80.17, 80.17, 80.17, 80.17, 80.17, 80.17, 80.17, 80.17, 80.17, 20.84, 80.17, 80.17, 80.17, 58.17, 79.17, 80.17, 80.17, 80.17, 80.17, 27.12, 80.17, 80.17, 80.17, 80.17, 80.17, 35.69, 36.43, 80.17];59.33;[5, 2, 2, 1, 4, 1, 2, 4, 1, 1, 2, 2, 2, 3, 2, 5, 4, 3, 3, 3, 1, 1, 2, 1, 2, 1, 2, 1, 3, 3, 1, 2, 3, 2, 5, 4, 1, 2, 1];4
40;90;40;2;True;2000;2;0;0;0;0;0;0;170.20364475250244;18.585421562194824;103109.48794204245;95226.27250335236;5602.829737843757;2280.280000000001;[60.92, 60.92, 60.92, 60.92, 60.92, 60.92, 59.92, 32.56, 57.92, 60.92, 53.92, 60.92, 40.92, 60.92, 60.92, 52.92, 38.92, 60.92, 60.92, 51.92, 60.92, 60.92, 60.92, 60.92, 60.92, 60.92, 60.92, 60.92, 60.92, 41.92, 60.92, 60.92, 60.92, 55.92, 60.92, 60.92, 60.92, 60.92, 26.76, 60.92];34.16;[2, 2, 1, 4, 2, 3, 3, 2, 1, 2, 2, 3, 2, 1, 2, 1, 3, 3, 3, 2, 2, 3, 3, 4, 3, 2, 2, 3, 2, 2, 3, 1, 2, 1, 2, 5, 2, 2, 1, 1];4
40;90;40;3;True;2000;2;0;0;0;0;0;0;236.07966709136963;18.573293209075928;98178.59489024043;89413.02508915815;5482.680841928973;3282.829999999998;[98.93, 98.93, 88.85, 98.93, 98.93, 37.6, 26.09, 81.85, 98.93, 82.85, 26.09, 79.85, 98.93, 98.93, 80.85, 91.85, 58.85, 92.85, 43.6, 98.93, 97.93, 98.93, 98.93, 51.6, 93.93, 24.27, 98.93, 17.69, 74.85, 98.93, 55.85, 98.93, 98.93, 98.93, 98.93, 96.93, 98.93, 98.93, 98.93, 98.93];81.24000000000001;[2, 2, 2, 2, 2, 1, 1, 1, 1, 2, 1, 2, 3, 4, 3, 3, 3, 2, 3, 4, 1, 3, 4, 1, 2, 1, 2, 1, 1, 5, 1, 2, 3, 1, 2, 3, 4, 3, 3, 3];4
40;90;40;4;True;2000;2;0;0;0;0;0;0;246.12289237976074;27.284907341003418;104962.11092330079;95688.66616242572;5585.477817778858;3688.0399999999977;[58.85, 102.85, 73.85, 94.85, 102.85, 102.85, 102.85, 88.85, 79.85, 102.85, 34.43, 100.85, 77.85, 102.85, 102.85, 102.85, 102.85, 102.85, 102.85, 102.85, 102.85, 30.31, 102.85, 86.85, 56.85, 77.85, 102.85, 67.85, 92.85, 102.85, 102.85, 102.85, 102.85, 102.85, 102.85, 102.85, 97.85, 99.85, 102.85, 102.85];72.53999999999999;[2, 4, 1, 1, 1, 3, 1, 2, 1, 3, 1, 3, 3, 3, 3, 1, 6, 3, 3, 4, 1, 2, 2, 3, 1, 2, 3, 1, 2, 1, 3, 1, 3, 2, 2, 3, 2, 2, 3, 2];5
40;90;40;5;True;2000;2;0;0;0;0;0;0;168.4520354270935;20.14485478401184;100151.09042975838;92188.48309573832;5332.450911753686;2630.0099999999998;[70.61, 70.61, 70.61, 70.61, 41.9, 70.61, 70.61, 41.9, 70.61, 70.61, 70.61, 34.47, 70.61, 70.61, 70.61, 70.61, 70.61, 59.61, 70.61, 70.61, 70.61, 70.61, 70.61, 54.41, 26.18, 70.61, 70.61, 57.61, 70.61, 70.61, 70.61, 70.61, 70.61, 70.61, 70.61, 70.61, 54.41, 70.61, 70.61, 70.61];44.43;[2, 3, 3, 3, 2, 1, 3, 1, 1, 2, 3, 3, 3, 3, 2, 2, 2, 4, 2, 2, 1, 2, 2, 2, 2, 2, 1, 2, 5, 4, 1, 3, 2, 1, 4, 1, 3, 3, 2];4
40;90;40;6;True;2000;2;0;0;0;0;0;0;236.50016593933105;18.713453769683838;106602.88371793128;97902.49004033268;5094.916454199676;3605.5400000000004;[85.0, 72.0, 106.0, 106.0, 106.0, 106.0, 106.0, 106.0, 106.0, 37.4, 27.87, 66.0, 106.0, 106.0, 53.0, 33.75, 106.0, 106.0, 67.0, 106.0, 106.0, 98.0, 106.0, 64.0, 106.0, 106.0, 106.0, 69.0, 42.26, 45.26, 99.0, 106.0, 105.0, 106.0, 106.0, 106.0, 106.0, 106.0, 97.0, 106.0];78.13;[2, 3, 4, 2, 3, 5, 2, 2, 2, 1, 2, 1, 1, 3, 1, 3, 1, 4, 1, 2, 4, 3, 1, 2, 2, 3, 3, 3, 2, 2, 4, 2, 2, 3, 2, 2, 1, 4];4
40;100;40;1;True;2000;2;0;0;0;0;0;0;198.37226963043213;29.783645629882812;117579.65974993334;109250.09444666299;5712.062669643417;2617.380000000001;[68.53, 68.53, 52.74, 68.53, 68.53, 60.74, 68.53, 68.53, 68.53, 68.53, 68.53, 68.53, 68.53, 68.53, 68.53, 68.53, 65.74, 68.53, 68.53, 68.53, 68.53, 36.08, 68.53, 68.53, 68.53, 68.53, 57.74, 68.53, 68.53, 68.53, 68.53, 41.82, 68.53, 68.53, 68.53, 68.53, 68.53, 41.82, 67.74, 68.53];32.45;[6, 3, 1, 2, 6, 1, 2, 3, 2, 2, 2, 3, 3, 4, 2, 3, 2, 3, 2, 3, 2, 1, 2, 2, 2, 1, 1, 3, 2, 3, 3, 1, 3, 3, 3, 5, 4, 1, 1, 2];5
40;100;40;2;True;2000;2;0;0;0;0;0;0;196.34029340744019;23.262842178344727;117199.13632721202;108283.24352865374;6411.646629640785;2504.3199999999997;[51.45, 67.45, 67.45, 67.45, 67.45, 67.45, 67.45, 48.45, 67.45, 67.45, 67.45, 67.45, 48.45, 67.45, 67.45, 67.45, 34.45, 67.45, 67.45, 38.45, 67.45, 67.45, 67.45, 67.45, 67.45, 67.45, 67.45, 67.45, 53.45, 47.45, 67.45, 64.45, 67.45, 67.45, 67.45, 67.45, 67.45, 67.45, 26.77, 67.45];40.68000000000001;[2, 2, 1, 4, 2, 3, 5, 2, 1, 2, 3, 6, 4, 2, 1, 2, 3, 3, 2, 2, 3, 3, 3, 3, 2, 2, 3, 2, 2, 3, 2, 4, 2, 3, 3, 4, 2, 1, 1];5
40;100;40;3;True;2000;2;0;0;0;0;0;0;192.92469930648804;23.840710878372192;114027.52778816751;105352.80465735128;6072.773427292409;2601.9800000000005;[70.59, 70.59, 70.59, 70.59, 70.59, 39.59, 54.59, 70.59, 70.59, 70.59, 32.28, 70.59, 70.59, 70.59, 59.59, 70.59, 66.59, 70.59, 47.59, 70.59, 59.59, 70.59, 70.59, 70.59, 70.59, 29.73, 70.59, 26.14, 70.59, 70.59, 68.59, 70.59, 70.59, 70.59, 70.59, 70.59, 70.59, 70.59, 70.59, 70.59];44.45;[2, 3, 3, 3, 4, 1, 4, 2, 1, 2, 1, 2, 3, 5, 3, 3, 3, 2, 2, 3, 2, 4, 3, 1, 3, 1, 2, 2, 1, 4, 2, 2, 3, 1, 1, 4, 3, 3, 3, 3];4
40;100;40;4;True;2000;2;0;0;0;0;0;0;197.11182928085327;31.651891231536865;117364.19585076792;108446.83763199636;6169.008124376672;2748.5000000000023;[58.85, 70.88, 70.88, 70.88, 70.88, 70.88, 70.88, 70.88, 67.85, 70.88, 49.66, 70.88, 61.85, 70.88, 70.88, 70.88, 70.88, 70.88, 70.88, 70.88, 70.88, 29.49, 70.88, 70.88, 70.88, 70.88, 70.88, 70.88, 70.88, 70.88, 70.88, 70.88, 70.88, 70.88, 70.88, 70.88, 70.88, 70.88, 70.88, 70.88];41.39;[3, 3, 2, 1, 1, 1, 2, 3, 1, 3, 3, 3, 2, 3, 3, 2, 5, 4, 4, 2, 2, 2, 2, 4, 2, 1, 3, 3, 3, 2, 4, 1, 4, 1, 5, 3, 1, 1, 2, 3];4
40;100;40;5;True;2000;2;0;0;0;0;0;0;182.04029512405396;21.51514768600464;111678.5706231016;103105.18935799698;5977.082383974014;2596.470000000001;[69.17, 69.17, 69.17, 69.17, 54.17, 69.17, 69.17, 59.17, 69.17, 65.17, 69.17, 34.64, 69.17, 69.17, 69.17, 69.17, 69.17, 41.69, 69.17, 69.17, 69.17, 69.17, 69.17, 65.17, 27.33, 69.17, 47.69, 69.17, 69.17, 69.17, 69.17, 69.17, 69.17, 69.17, 69.17, 69.17, 57.17, 69.17, 69.17, 69.17];41.84;[1, 3, 4, 1, 3, 1, 4, 1, 2, 3, 2, 2, 2, 4, 2, 2, 1, 4, 2, 2, 1, 1, 6, 1, 4, 1, 1, 4, 5, 2, 3, 3, 2, 2, 4, 2, 4, 5, 3];5
40;100;40;6;True;2000;2;0;0;0;0;0;0;267.5466923713684;22.454951286315918;119068.43247191166;109563.23322369083;5826.221127528657;3679.119999999999;[108.06, 72.06, 108.06, 108.06, 108.06, 108.06, 108.06, 108.06, 108.06, 43.44, 37.0, 62.06, 108.06, 108.06, 56.7, 23.06, 108.06, 108.06, 76.06, 108.06, 96.06, 108.06, 78.06, 68.06, 108.06, 108.06, 108.06, 69.06, 45.44, 50.44, 99.06, 108.06, 108.06, 108.06, 108.06, 108.06, 108.06, 108.06, 101.06, 108.06];85.0;[5, 2, 5, 3, 2, 3, 1, 3, 4, 1, 3, 1, 1, 3, 1, 4, 1, 4, 1, 2, 4, 3, 2, 2, 2, 4, 3, 1, 2, 2, 2, 4, 3, 3, 5, 2, 2, 2, 2];4
50;100;50;1;True;2000;2;0;0;0;0;0;0;194.98823070526123;38.896416902542114;116347.3265690771;107711.65087639455;5661.600107717624;2974.0400000000022;[65.15, 65.15, 65.15, 65.15, 65.15, 65.15, 65.15, 65.15, 65.15, 65.15, 18.69, 65.15, 65.15, 65.15, 65.15, 65.15, 32.76, 65.15, 65.15, 65.15, 65.15, 14.04, 65.15, 65.15, 65.15, 65.15, 57.15, 65.15, 65.15, 65.15, 65.15, 65.15, 65.15, 65.15, 65.15, 65.15, 65.15, 23.38, 36.47, 65.15, 65.15, 65.15, 65.15, 65.15, 27.78, 38.47, 54.15, 65.15, 65.15, 65.15];51.11000000000001;[3, 2, 1, 3, 5, 1, 1, 3, 2, 2, 2, 2, 3, 2, 1, 2, 4, 2, 3, 1, 1, 3, 2, 3, 1, 1, 2, 4, 3, 2, 1, 2, 3, 3, 1, 1, 3, 1, 1, 3, 1, 2, 1, 2, 2, 2, 4];4
50;100;50;2;True;2000;2;0;0;0;0;0;0;164.29628562927246;32.01986503601074;113478.49552112892;104427.8285332717;6305.965152371003;2744.8300000000004;[58.98, 58.98, 58.98, 58.98, 46.2, 58.98, 49.2, 38.2, 28.38, 58.98, 47.2, 58.98, 58.98, 58.98, 58.98, 58.98, 29.15, 58.98, 58.98, 37.2, 58.98, 58.98, 58.98, 58.98, 58.98, 58.98, 58.98, 58.98, 53.2, 41.2, 58.98, 58.98, 58.98, 58.98, 58.98, 58.98, 58.98, 58.98, 25.48, 58.98, 58.98, 49.2, 58.98, 58.98, 58.98, 58.98, 58.98, 58.98, 58.98, 58.98];33.5;[2, 3, 1, 4, 1, 2, 2, 1, 1, 3, 2, 3, 3, 2, 2, 3, 2, 1, 2, 3, 4, 3, 2, 3, 1, 2, 2, 2, 2, 2, 2, 2, 3, 2, 2, 1, 1, 3, 1, 2, 3, 2, 2, 2, 2, 2, 2];3
50;100;50;3;True;2000;2;0;0;0;0;0;0;187.83399057388306;44.912456035614014;113077.06840505416;104040.72867364719;5982.959141405947;3053.470000000002;[68.67, 68.67, 68.67, 68.67, 68.67, 31.67, 39.67, 68.67, 68.67, 68.67, 29.6, 68.67, 68.67, 68.67, 45.67, 68.67, 55.67, 68.67, 34.67, 68.67, 68.67, 68.67, 68.67, 47.67, 68.67, 68.67, 68.67, 26.71, 52.67, 68.67, 33.67, 68.67, 68.67, 68.67, 68.67, 68.67, 68.67, 68.67, 68.67, 68.67, 52.67, 68.67, 68.67, 40.67, 68.67, 58.67, 68.67, 68.67, 68.67, 31.67];41.96;[3, 6, 2, 2, 2, 3, 3, 2, 4, 3, 3, 2, 2, 2, 2, 2, 1, 1, 2, 3, 2, 2, 1, 2, 1, 2, 2, 1, 2, 2, 2, 1, 2, 3, 3, 2, 2, 2, 2, 3, 1, 1, 3, 3, 1, 1, 1];5
50;100;50;4;True;2000;2;0;0;0;0;0;0;163.06537342071533;37.808021068573;114772.50776644898;105867.76684530219;6219.8770132924765;2684.8699999999976;[55.12, 57.99, 55.12, 57.99, 57.99, 57.99, 57.99, 57.99, 33.37, 57.99, 15.49, 57.99, 21.5, 57.99, 57.99, 57.99, 57.99, 57.99, 57.99, 57.99, 57.99, 14.08, 57.99, 57.99, 57.99, 57.99, 57.99, 17.49, 57.99, 57.99, 57.99, 57.99, 57.99, 57.99, 57.99, 57.99, 57.99, 37.12, 57.99, 57.99, 57.99, 57.99, 57.99, 57.99, 57.99, 57.99, 57.99, 57.99, 57.99, 57.99];43.910000000000004;[2, 4, 1, 3, 2, 4, 1, 2, 2, 3, 2, 1, 1, 1, 3, 1, 3, 1, 2, 1, 1, 1, 1, 4, 1, 4, 1, 3, 2, 2, 4, 1, 2, 3, 1, 3, 3, 2, 2, 2, 4, 1, 1, 2, 4, 2, 2, 1];3
50;100;50;5;True;2000;2;0;0;0;0;0;0;154.55196952819824;28.92323613166809;111670.73236524033;103343.29802209034;5949.911595503465;2377.43;[51.7, 51.7, 51.7, 51.7, 32.9, 51.7, 51.7, 43.7, 51.7, 51.7, 51.7, 3.0, 51.7, 51.7, 51.7, 51.7, 49.7, 50.7, 51.7, 51.7, 51.7, 51.7, 51.7, 51.7, 20.3, 51.7, 51.7, 34.9, 51.7, 51.7, 51.7, 51.7, 51.7, 51.7, 51.7, 51.7, 17.83, 51.7, 51.7, 51.7, 51.7, 51.7, 51.7, 40.7, 51.7, 15.7, 51.7, 51.7, 51.7, 51.7];48.7;[3, 2, 3, 1, 1, 3, 1, 2, 4, 1, 2, 3, 2, 1, 1, 3, 1, 2, 1, 2, 3, 1, 2, 1, 2, 2, 5, 2, 1, 3, 4, 1, 3, 1, 3, 1, 4, 1, 2, 3, 1, 3, 1, 3, 4, 2, 2];4
50;100;50;6;True;2000;2;0;0;0;0;0;0;221.37528324127197;40.259554386138916;119324.77337321486;110374.29992855342;5711.157756387125;3239.310000000002;[77.9, 77.9, 77.9, 77.9, 77.9, 77.9, 66.9, 77.9, 77.9, 37.9, 27.13, 42.9, 77.9, 77.9, 40.9, 19.1, 77.9, 77.9, 53.9, 77.9, 77.9, 77.9, 77.9, 27.13, 77.9, 77.9, 77.9, 68.9, 32.13, 43.9, 77.9, 77.9, 77.9, 77.9, 77.9, 77.9, 77.9, 33.13, 77.9, 77.9, 77.9, 19.61, 39.9, 77.9, 77.9, 71.9, 20.64, 22.64, 77.9, 77.9];58.800000000000004;[2, 1, 3, 3, 3, 4, 4, 2, 3, 1, 3, 3, 1, 2, 5, 1, 3, 1, 1, 2, 1, 1, 2, 1, 4, 2, 1, 3, 2, 3, 5, 1, 2, 1, 2, 2, 3, 3, 2, 1, 1, 4, 1, 3, 1];4
