num_implements;num_tasks;num_vehicles;seed;full;time_horizon;num_periods;probabilityTA;probabilityTD;probabilityVA;probabilityVD;probabilityIA;probabilityID;t;toptimization;Obj;PenaltyCost;StaticCost;DistanciaTotal;Distancia_list;DesvDistancia;TaskDone_list;DesvTaskDone;TotalTasksDone;TasksCompleted
10;10;10;1;True;2000;1;0;0;0;0;0;0;39.43339800834656;0.09765863418579102;10363.438422294586;8918.895060861218;592.9216499517293;851.65;[88.26, 94.26, 48.73, 94.26, 94.26, 94.26, 88.26, 94.26, 94.26, 60.84];45.53000000000001;[1, 3, 2, 2, 2];2;10;True
10;10;10;2;True;2000;1;0;0;0;0;0;0;67.65886998176575;0.08033204078674316;11193.021804521737;9723.175560948184;420.51502253149323;1049.3;[54.43, 129.43, 92.43, 112.43, 66.43, 173.43, 120.43, 42.43, 84.43, 173.43];131.0;[1, 3, 1, 3, 1, 1];2;10;True
10;10;10;3;True;2000;1;0;0;0;0;0;0;37.072354793548584;0.08220911026000977;10502.958696966945;9202.649557255132;489.5384816731991;810.8;[76.38, 75.38, 89.38, 76.38, 89.38, 46.38, 89.38, 89.38, 89.38, 89.38];42.99999999999999;[1, 1, 2, 1, 1, 1, 1, 2];1;10;True
10;10;10;4;True;2000;1;0;0;0;0;0;0;47.06199836730957;0.09188580513000488;10559.976097098539;9025.941527644367;514.984217161308;1019.0599999999998;[60.66, 121.66, 39.12, 121.66, 113.66, 121.66, 121.66, 112.66, 84.66, 121.66];82.53999999999999;[2, 1, 3, 1, 1, 2];2;10;True
10;10;10;5;True;2000;1;0;0;0;0;0;0;46.14328145980835;0.07955813407897949;8926.338722274955;7592.3135559790135;523.1966267996149;810.8000000000001;[63.58, 92.58, 62.58, 114.58, 28.58, 111.58, 114.58, 54.58, 83.58, 84.58];86.0;[1, 1, 1, 2, 3, 2];2;10;True
10;10;10;6;True;2000;1;0;0;0;0;0;0;30.828399419784546;0.0917510986328125;9312.94231567927;8141.298525502611;458.12041389743905;713.56;[75.67, 41.53, 75.67, 75.67, 75.67, 75.67, 75.67, 75.67, 75.67, 66.67];34.14;[2, 1, 1, 2, 1, 1, 2];1;10;True
20;10;20;1;True;2000;1;0;0;0;0;0;0;55.67694163322449;0.23094987869262695;10930.177086201964;8892.808862513262;582.7386461257967;1454.6199999999997;[125.1, 32.44, 37.44, 125.1, 119.1, 51.44, 53.44, 125.1, 62.44, 45.44, 14.38, 61.44, 115.1, 49.44, 67.44, 87.1, 22.38, 73.1, 70.1, 117.1];110.72;[1, 1, 2, 2, 1, 1, 2];1;10;True
20;10;20;2;True;2000;1;0;0;0;0;0;0;42.285534381866455;0.22983741760253906;10441.602737864536;8930.699742920973;409.7608150877726;1101.2;[34.11, 94.11, 79.11, 89.11, 35.11, 94.11, 35.11, 24.11, 23.11, 94.11, 28.11, 94.11, 28.11, 51.11, 72.11, 23.11, 17.11, 64.11, 94.11, 27.11];77.0;[2, 1, 1, 1, 1, 1, 1, 2];1;10;True
20;10;20;3;True;2000;1;0;0;0;0;0;0;43.91390776634216;0.1966407299041748;10836.585279273306;9156.624093841283;490.2055280217637;1189.7799999999997;[62.77, 63.77, 94.11, 94.11, 86.11, 32.77, 30.77, 59.77, 94.11, 94.11, 17.77, 40.77, 94.11, 57.77, 27.77, 45.77, 29.77, 38.77, 30.77, 94.11];76.34;[1, 1, 1, 1, 2, 1, 1, 2];1;10;True
20;10;20;4;True;2000;1;0;0;0;0;0;0;52.55393576622009;0.2565631866455078;10774.803503135468;8926.29368886197;490.09678622489486;1358.42;[22.88, 105.0, 16.9, 66.0, 84.0, 52.0, 70.0, 47.0, 20.88, 107.0, 18.88, 79.0, 21.88, 98.0, 115.0, 115.0, 68.0, 115.0, 90.0, 46.0];98.1;[1, 1, 1, 1, 3, 1, 1, 1];2;10;True
20;10;20;5;True;2000;1;0;0;0;0;0;0;40.114583253860474;0.1839282512664795;9233.900104199782;7594.374058987779;527.6792245163502;1111.8;[52.4, 89.4, 62.4, 50.4, 22.4, 87.4, 70.4, 31.4, 78.4, 37.4, 89.4, 3.0, 27.4, 57.4, 66.4, 89.4, 23.4, 21.6, 76.4, 75.4];86.4;[1, 1, 1, 1, 2, 1, 2, 1];1;10;True
20;10;20;6;True;2000;1;0;0;0;0;0;0;37.422935962677;0.2295088768005371;9680.61834855605;8057.885274530339;454.88165609684825;1167.7899999999995;[61.8, 37.8, 79.8, 79.8, 57.8, 76.8, 43.8, 79.8, 79.8, 25.8, 33.8, 37.8, 79.8, 76.8, 36.8, 14.59, 79.8, 62.8, 45.8, 76.8];65.21;[2, 1, 4, 1, 1, 1];3;10;True
30;10;30;1;True;2000;1;0;0;0;0;0;0;59.92982625961304;0.42094898223876953;11378.961209404071;9034.547907985974;600.4830002468657;1743.8200000000008;[117.2, 27.2, 32.2, 117.2, 76.2, 43.2, 45.2, 117.2, 57.2, 38.2, 12.67, 52.2, 116.2, 43.2, 62.2, 89.2, 16.51, 46.2, 66.2, 62.2, 61.2, 4.24, 55.2, 102.2, 45.2, 63.2, 24.2, 57.2, 34.2, 59.2];112.96000000000001;[1, 1, 1, 2, 2, 1, 2];1;10;True
30;10;30;2;True;2000;1;0;0;0;0;0;0;57.981058835983276;0.4528663158416748;11658.120036376831;9378.786578653222;414.3178524966547;1865.099999999999;[35.87, 113.87, 82.87, 70.87, 36.87, 125.87, 36.87, 26.87, 25.87, 72.87, 31.87, 100.87, 28.87, 55.87, 68.87, 24.87, 15.87, 70.87, 81.87, 31.87, 116.87, 81.87, 58.87, 107.87, 125.87, 73.87, 36.87, 63.87, 34.87, 23.87];110.0;[3, 2, 1, 1, 2, 1];2;10;True
30;10;30;3;True;2000;1;0;0;0;0;0;0;45.338451862335205;0.4523484706878662;11417.609614694056;9297.83766394021;484.22022824426745;1635.6400000000003;[62.2, 62.2, 62.2, 68.2, 90.58, 28.2, 27.2, 59.2, 90.58, 90.58, 16.2, 41.2, 90.58, 71.2, 26.2, 46.2, 27.2, 37.2, 26.2, 90.58, 36.2, 73.8, 90.58, 32.2, 37.2, 29.2, 90.58, 16.2, 25.2, 90.58];74.38;[1, 1, 2, 1, 1, 1, 3];2;10;True
30;10;30;4;True;2000;1;0;0;0;0;0;0;50.96592473983765;0.4521758556365967;11089.15374838739;8984.970894362668;491.35046151901884;1612.9300000000005;[19.17, 100.17, 14.17, 64.17, 81.17, 47.17, 64.17, 42.17, 18.17, 100.17, 14.17, 76.17, 19.17, 51.17, 100.17, 100.17, 66.17, 78.17, 48.17, 41.17, 100.17, 4.0, 38.17, 45.17, 25.17, 46.17, 94.17, 21.17, 50.17, 43.17];96.17;[1, 2, 1, 3, 1, 2];2;10;True
30;10;30;5;True;2000;1;0;0;0;0;0;0;40.22593665122986;0.39151430130004883;9656.7057124663;7749.042402869942;469.7628108365667;1437.9200000000005;[48.75, 64.71, 35.75, 42.75, 20.19, 72.71, 55.71, 29.19, 71.71, 28.19, 64.71, 3.0, 23.19, 41.75, 54.71, 78.71, 19.19, 16.19, 52.71, 70.71, 78.71, 75.71, 78.71, 29.19, 4.0, 76.71, 13.19, 31.75, 76.71, 78.71];75.71;[2, 2, 2, 1, 1, 2];1;10;True
30;10;30;6;True;2000;1;0;0;0;0;0;0;46.75981640815735;0.3567087650299072;10527.104345226784;8250.732713359457;434.10333620778056;1842.3000000000006;[72.16, 39.16, 92.16, 96.16, 59.16, 84.16, 45.16, 93.16, 96.16, 27.16, 35.16, 40.16, 84.16, 72.16, 39.16, 13.66, 80.16, 61.16, 45.16, 79.16, 71.16, 48.16, 82.16, 27.16, 96.16, 84.16, 72.16, 37.16, 38.16, 31.16];82.5;[1, 1, 1, 1, 3, 2, 1];2;10;True
40;10;40;1;True;2000;1;0;0;0;0;0;0;61.645466804504395;0.7607166767120361;12120.451257355617;9051.953592808286;588.5660688695524;2479.829999999999;[116.11, 34.11, 37.11, 94.11, 116.11, 51.11, 53.11, 75.11, 63.11, 45.11, 14.41, 60.11, 91.11, 49.11, 67.11, 78.11, 21.11, 56.11, 70.11, 67.11, 66.11, 4.24, 65.11, 85.11, 54.11, 64.11, 28.11, 116.11, 41.11, 69.11, 73.11, 20.11, 52.11, 116.11, 51.11, 85.11, 65.11, 25.11, 29.11, 110.11];111.87;[1, 2, 1, 3, 1, 2];2;10;True
40;10;40;2;True;2000;1;0;0;0;0;0;0;61.72835040092468;0.6414167881011963;12240.40977707554;9418.458687292305;407.2578577353873;2414.6000000000004;[35.2, 110.2, 82.2, 69.2, 35.2, 119.2, 34.2, 25.2, 24.2, 72.2, 28.2, 93.2, 25.2, 54.2, 65.2, 22.2, 16.5, 69.2, 78.2, 27.2, 119.2, 80.2, 55.2, 110.2, 90.2, 74.2, 33.2, 60.2, 32.2, 22.2, 101.2, 43.2, 76.2, 27.2, 94.2, 96.2, 95.2, 49.2, 18.5, 50.2];102.7;[2, 2, 1, 1, 2, 1, 1];1;10;True
40;10;40;3;True;2000;1;0;0;0;0;0;0;52.63220429420471;0.6196911334991455;12269.398166615216;9419.318558441275;522.2266950900873;2328.0000000000005;[64.95, 65.95, 63.95, 69.95, 94.95, 28.95, 25.95, 60.95, 87.95, 89.95, 17.95, 41.95, 96.95, 59.95, 25.95, 48.95, 27.95, 39.95, 25.95, 96.95, 39.95, 73.95, 96.95, 34.95, 39.95, 29.95, 96.95, 17.95, 24.95, 87.95, 23.95, 88.95, 96.95, 80.95, 72.95, 50.95, 64.95, 55.95, 56.95, 55.95];79.0;[1, 1, 1, 1, 1, 2, 3];2;10;True
40;10;40;4;True;2000;1;0;0;0;0;0;0;59.84108376502991;0.6616806983947754;11873.755432813985;8855.105220691024;502.42825700951937;2516.23;[21.57, 86.57, 17.57, 66.57, 85.57, 55.57, 74.57, 50.57, 20.57, 106.57, 18.57, 81.57, 21.57, 58.57, 98.57, 102.57, 72.57, 81.57, 55.57, 45.57, 113.57, 4.0, 40.57, 50.57, 32.57, 48.57, 109.57, 22.57, 54.57, 46.57, 98.57, 67.57, 98.57, 67.57, 99.57, 74.57, 55.57, 48.57, 65.57, 94.57];109.57;[1, 1, 1, 2, 2, 1, 1, 1];1;10;True
40;10;40;5;True;2000;1;0;0;0;0;0;0;42.3660728931427;0.7633509635925293;9905.29225206954;7606.726450617976;497.3424871987402;1801.1499999999992;[47.55, 58.55, 31.55, 39.55, 20.55, 69.55, 51.55, 29.55, 68.55, 23.55, 55.55, 3.0, 22.55, 38.55, 39.55, 70.55, 19.55, 18.55, 45.55, 66.55, 61.55, 70.55, 70.55, 27.55, 4.0, 61.55, 15.96, 31.55, 70.55, 70.55, 40.55, 62.55, 67.55, 42.55, 52.55, 70.55, 14.39, 55.55, 59.55, 30.55];67.55;[2, 2, 1, 2, 2, 1];1;10;True
40;10;40;6;True;2000;1;0;0;0;0;0;0;23.284441709518433;0.7135746479034424;9763.094010436807;7850.546983874368;423.58046190475943;1488.8499999999995;[39.82, 36.37, 39.82, 39.82, 39.82, 39.82, 39.82, 39.82, 39.82, 24.37, 32.37, 36.37, 39.82, 39.82, 35.37, 13.37, 39.82, 39.82, 39.82, 39.82, 39.82, 39.82, 39.82, 22.37, 39.82, 39.82, 39.82, 34.37, 35.37, 26.37, 39.82, 39.82, 39.82, 39.82, 39.82, 39.82, 39.82, 37.37, 39.82, 39.82];26.450000000000003;[1, 2, 1, 1, 1, 1, 1, 1, 1];1;10;True
50;10;50;1;True;2000;1;0;0;0;0;0;0;64.24516296386719;0.8871200084686279;12498.598951755679;8731.181730877308;631.5209198155553;3135.959999999998;[88.97, 37.97, 40.97, 99.97, 88.97, 55.97, 57.97, 81.97, 64.97, 48.97, 14.27, 64.97, 94.97, 52.97, 68.97, 82.97, 21.27, 62.97, 72.97, 71.97, 68.97, 3.85, 68.97, 76.97, 59.97, 66.97, 27.27, 115.97, 45.97, 73.97, 77.97, 20.27, 56.97, 92.97, 53.97, 90.97, 69.97, 23.27, 29.21, 87.97, 26.27, 104.97, 38.97, 75.97, 31.97, 28.27, 29.21, 89.97, 106.97, 115.97];112.12;[1, 2, 2, 1, 2, 1, 1];1;10;True
50;10;50;2;True;2000;1;0;0;0;0;0;0;55.54351615905762;1.1973037719726562;12838.313871662069;9480.008878243541;412.38098182153175;2946.1299999999983;[34.18, 82.18, 80.18, 67.18, 34.18, 98.18, 32.18, 24.18, 24.18, 71.18, 28.18, 98.18, 25.18, 53.18, 63.18, 23.18, 16.31, 67.18, 70.18, 27.18, 98.18, 76.18, 54.18, 98.18, 86.18, 74.18, 31.18, 59.18, 30.18, 23.18, 98.18, 41.18, 74.18, 27.18, 91.18, 92.18, 91.18, 48.18, 19.18, 49.18, 69.18, 44.18, 65.18, 71.18, 60.18, 56.18, 57.18, 98.18, 58.18, 84.18];81.87;[2, 2, 1, 1, 1, 1, 1, 1];1;10;True
50;10;50;3;True;2000;1;0;0;0;0;0;0;66.03025817871094;0.919050931930542;12889.15311956961;9503.106939760115;499.3080815025871;2886.5;[67.75, 71.75, 65.75, 74.75, 94.75, 32.75, 27.75, 62.75, 90.75, 72.75, 16.75, 43.75, 116.75, 62.75, 26.75, 49.75, 28.75, 41.75, 27.75, 95.75, 41.75, 78.75, 104.75, 38.75, 41.75, 32.75, 116.75, 16.75, 24.75, 78.75, 24.75, 91.75, 92.75, 83.75, 90.75, 52.75, 67.75, 59.75, 60.75, 56.75, 35.75, 72.75, 47.75, 40.75, 32.75, 30.75, 51.75, 72.75, 45.75, 26.75];100.0;[1, 1, 3, 1, 1, 2, 1];2;10;True
50;10;50;4;True;2000;1;0;0;0;0;0;0;53.2350800037384;0.9535970687866211;12463.72184508575;8845.093407459297;502.7369068081781;3115.830000000002;[20.67, 88.67, 15.67, 68.67, 87.67, 94.67, 76.67, 56.67, 18.67, 94.67, 16.67, 83.67, 19.67, 63.67, 94.67, 61.67, 72.67, 83.67, 62.67, 50.67, 79.67, 4.0, 46.67, 54.67, 29.67, 50.67, 70.67, 21.67, 57.67, 50.67, 94.67, 94.67, 94.67, 71.67, 72.67, 77.67, 57.67, 54.67, 68.67, 94.67, 57.67, 24.67, 94.67, 75.67, 78.67, 94.67, 72.67, 35.67, 63.67, 37.67];90.67;[3, 1, 1, 1, 2, 1, 1];2;10;True
50;10;50;5;True;2000;1;0;0;0;0;0;0;45.504379987716675;1.0230848789215088;10514.609326080456;7812.452004847619;487.69315872172956;2214.3199999999997;[46.25, 61.25, 33.61, 40.25, 19.39, 70.25, 50.25, 28.61, 69.25, 21.61, 57.25, 3.0, 21.61, 39.25, 39.25, 68.25, 17.39, 16.39, 43.25, 67.25, 69.25, 71.25, 72.25, 26.61, 4.0, 61.25, 13.23, 30.61, 72.25, 72.25, 39.25, 63.25, 68.25, 43.25, 53.25, 72.25, 12.23, 48.25, 66.25, 29.61, 31.61, 53.25, 33.61, 35.61, 44.25, 14.23, 56.25, 53.25, 53.25, 36.61];69.25;[2, 1, 1, 2, 3, 1];2;10;True
50;10;50;6;True;2000;1;0;0;0;0;0;0;47.61885476112366;1.1610519886016846;11299.799059009101;8173.115952493599;442.84649120813214;2683.6699999999987;[57.95, 36.95, 79.41, 81.41, 53.95, 76.95, 40.95, 80.41, 79.41, 21.95, 30.95, 35.95, 78.41, 63.95, 34.95, 10.52, 70.95, 52.95, 39.95, 70.95, 61.95, 44.95, 71.95, 19.95, 81.41, 81.41, 64.95, 29.95, 33.95, 25.95, 50.95, 70.95, 59.95, 81.41, 56.95, 60.95, 81.41, 36.95, 43.95, 73.95, 81.41, 23.95, 26.95, 48.95, 56.95, 49.95, 17.95, 16.95, 50.95, 76.95];70.89;[1, 1, 2, 1, 1, 1, 2, 1];1;10;True
60;10;60;1;True;2000;1;0;0;0;0;0;0;49.64785623550415;1.5695664882659912;12893.098393646122;8782.83780545875;648.1143447696303;3461.9799999999973;[82.18, 38.18, 41.18, 82.18, 81.18, 55.18, 56.18, 79.18, 64.18, 48.18, 13.98, 64.18, 82.18, 52.18, 68.18, 80.18, 20.98, 60.18, 72.18, 71.18, 68.18, 4.16, 68.18, 75.18, 58.18, 66.18, 27.18, 72.18, 44.18, 73.18, 77.18, 19.98, 55.18, 82.18, 53.18, 82.18, 68.18, 22.18, 29.18, 82.18, 26.18, 82.18, 40.18, 75.18, 33.18, 28.18, 29.18, 82.18, 82.18, 82.18, 43.18, 81.18, 43.18, 20.98, 65.18, 44.18, 82.18, 55.18, 82.18, 42.18];78.02000000000001;[1, 3, 1, 2, 1, 1, 1];2;10;True
60;10;60;2;True;2000;1;0;0;0;0;0;0;69.65259528160095;1.4547221660614014;13426.733268792408;9409.813393688508;405.91551044241095;3610.819999999998;[34.31, 85.31, 82.31, 69.31, 35.31, 110.31, 33.31, 25.31, 24.31, 72.31, 28.31, 99.31, 25.31, 54.31, 65.31, 22.31, 16.31, 69.31, 71.31, 27.31, 118.31, 77.31, 55.31, 86.31, 88.31, 77.31, 32.31, 60.31, 31.31, 22.31, 101.31, 43.31, 76.31, 27.31, 109.31, 95.31, 94.31, 49.31, 18.31, 50.31, 71.31, 46.31, 67.31, 76.31, 60.31, 57.31, 59.31, 118.31, 60.31, 88.31, 67.31, 61.31, 78.31, 17.31, 86.31, 56.31, 81.31, 12.53, 24.31, 55.31];105.78;[2, 1, 1, 1, 1, 2, 1, 1];1;10;True
60;10;60;3;True;2000;1;0;0;0;0;0;0;60.57639145851135;1.5466060638427734;13333.595737794598;9381.763246789611;526.4464503952812;3425.4799999999973;[67.0, 77.0, 65.68, 73.0, 99.0, 31.68, 28.68, 62.68, 90.0, 72.0, 14.68, 44.68, 99.0, 62.68, 25.68, 49.68, 27.68, 43.68, 28.68, 94.0, 42.68, 77.0, 99.0, 36.68, 43.68, 32.68, 99.0, 15.68, 23.68, 77.0, 22.68, 90.0, 99.0, 83.0, 83.0, 51.68, 67.0, 58.68, 60.68, 55.68, 34.68, 72.0, 47.68, 39.68, 32.68, 30.68, 50.68, 72.0, 45.68, 25.68, 35.68, 20.68, 72.0, 79.0, 28.68, 99.0, 17.68, 66.68, 92.0, 87.0];84.32;[1, 1, 2, 1, 2, 1, 1, 1];1;10;True
60;10;60;4;True;2000;1;0;0;0;0;0;0;61.61681389808655;1.7100729942321777;13141.543014016474;9022.133980043238;483.4205661406535;3636.2600000000043;[21.78, 86.78, 16.78, 67.78, 85.78, 66.78, 72.78, 52.78, 19.78, 101.78, 16.78, 81.78, 21.78, 60.78, 96.78, 57.78, 60.78, 81.78, 59.78, 47.78, 75.78, 3.24, 42.78, 51.78, 28.78, 49.78, 92.78, 22.78, 55.78, 47.78, 87.78, 86.78, 96.78, 69.78, 69.78, 74.78, 55.78, 50.78, 66.78, 100.78, 55.78, 24.78, 101.78, 72.78, 70.78, 86.78, 101.78, 34.78, 59.78, 36.78, 53.78, 47.78, 89.78, 24.78, 89.78, 90.78, 54.78, 71.78, 39.78, 17.78];98.54;[1, 1, 1, 1, 1, 3, 1, 1];2;10;True
60;10;60;5;True;2000;1;0;0;0;0;0;0;49.51903700828552;1.5353899002075195;11071.961605345707;7783.4483527103785;518.380284095495;2770.0699999999993;[48.66, 67.66, 36.66, 43.66, 18.66, 70.66, 52.66, 28.66, 70.66, 25.66, 63.66, 1.0, 20.66, 42.66, 45.66, 70.66, 16.1, 15.1, 48.66, 69.66, 66.66, 72.66, 74.66, 27.66, 3.24, 62.66, 13.07, 31.66, 74.66, 74.66, 46.66, 64.66, 73.66, 46.66, 55.66, 74.66, 12.07, 51.66, 62.66, 33.66, 32.66, 53.66, 37.66, 38.66, 49.66, 14.07, 57.66, 50.66, 57.66, 39.66, 52.66, 24.66, 54.66, 67.66, 18.1, 54.66, 50.66, 39.66, 30.66, 63.66];73.66;[2, 1, 1, 2, 1, 3];2;10;True
60;10;60;6;True;2000;1;0;0;0;0;0;0;30.896790504455566;1.4906699657440186;10629.04296415237;7999.070050527775;464.35073508039306;2165.8000000000006;[42.48, 34.48, 42.48, 42.48, 42.48, 42.48, 38.48, 42.48, 42.48, 21.48, 28.48, 32.48, 42.48, 42.48, 32.48, 9.48, 42.48, 42.48, 38.48, 42.48, 42.48, 41.48, 42.48, 20.48, 42.48, 42.48, 42.48, 27.48, 32.48, 22.48, 42.48, 42.48, 42.48, 42.48, 42.48, 42.48, 42.48, 31.48, 38.48, 42.48, 42.48, 23.48, 25.48, 42.48, 42.48, 42.48, 17.48, 16.48, 42.48, 42.48, 42.48, 9.48, 12.48, 32.48, 42.48, 39.48, 42.48, 31.48, 42.48, 20.48];33.0;[1, 1, 2, 1, 1, 1, 1, 1, 1];1;10;True
70;10;70;1;True;2000;1;0;0;0;0;0;0;74.89563608169556;2.2360260486602783;13668.10191967342;9045.117234424792;639.9530935979099;3983.349999999995;[94.7, 32.7, 35.7, 91.7, 78.7, 50.7, 51.7, 118.7, 61.7, 44.7, 12.96, 59.7, 90.7, 48.7, 66.7, 78.7, 18.7, 55.7, 69.7, 65.7, 65.7, 3.69, 63.7, 69.7, 53.7, 62.7, 24.7, 68.7, 41.7, 68.7, 72.7, 16.8, 51.7, 93.7, 50.7, 94.7, 63.7, 21.7, 25.7, 83.7, 25.7, 106.7, 33.7, 69.7, 27.7, 26.7, 26.7, 83.7, 101.7, 118.7, 39.7, 78.7, 39.7, 17.7, 62.7, 41.7, 91.7, 50.7, 87.7, 38.7, 66.7, 50.7, 78.7, 74.7, 26.7, 58.7, 45.7, 24.7, 21.7, 38.7];115.01;[1, 2, 2, 1, 2, 1, 1];1;10;True
70;10;70;2;True;2000;1;0;0;0;0;0;0;65.92371702194214;2.3049800395965576;14100.139997508897;9626.503983509678;408.1681450804826;4065.2;[35.0, 82.0, 81.0, 66.0, 35.0, 103.0, 34.0, 23.0, 23.0, 71.0, 28.0, 97.0, 25.0, 53.0, 63.0, 22.0, 16.0, 66.0, 70.0, 27.0, 105.0, 75.0, 52.0, 86.0, 86.0, 81.0, 33.0, 57.0, 32.0, 22.0, 99.0, 45.0, 74.0, 28.0, 105.0, 93.0, 91.0, 49.0, 18.0, 50.0, 69.0, 48.0, 65.0, 70.0, 58.0, 54.0, 55.0, 105.0, 56.0, 84.0, 65.0, 59.0, 76.0, 17.0, 84.0, 55.0, 81.0, 13.1, 23.0, 51.0, 35.0, 61.0, 46.0, 105.0, 80.0, 48.0, 105.0, 27.0, 55.0, 14.1];91.9;[1, 1, 1, 1, 1, 1, 1, 1, 2];1;10;True
70;10;70;3;True;2000;1;0;0;0;0;0;0;63.616748571395874;2.3220417499542236;13384.848339402508;9421.12064238764;516.146961211131;3447.289999999997;[59.41, 69.41, 60.41, 64.41, 95.41, 23.41, 21.41, 57.41, 82.41, 64.41, 12.41, 37.41, 95.41, 56.41, 21.41, 44.41, 24.41, 35.41, 20.41, 87.41, 34.41, 70.41, 95.41, 28.41, 35.41, 25.41, 93.41, 14.41, 21.41, 68.41, 20.41, 82.41, 95.41, 75.41, 68.41, 47.41, 60.41, 53.41, 54.41, 53.41, 29.41, 68.41, 41.41, 31.41, 29.41, 25.41, 46.41, 66.41, 41.41, 20.41, 30.41, 16.41, 63.41, 73.41, 23.41, 95.41, 14.41, 58.41, 86.41, 80.41, 86.41, 57.41, 53.41, 2.41, 5.41, 47.41, 51.41, 46.41, 2.0, 21.41];93.41;[1, 1, 2, 1, 2, 2, 1];1;10;True
70;10;70;4;True;2000;1;0;0;0;0;0;0;58.87106895446777;2.0633347034454346;13430.655436405006;8693.381150294605;489.15737623903203;4248.169999999996;[20.6, 93.6, 15.6, 68.6, 87.6, 69.6, 78.6, 53.6, 19.6, 86.6, 16.6, 84.6, 19.6, 62.6, 93.6, 59.6, 62.6, 85.6, 61.6, 50.6, 81.6, 2.77, 46.6, 53.6, 28.6, 50.6, 72.6, 21.6, 56.6, 50.6, 89.6, 93.6, 93.6, 72.6, 74.6, 79.6, 56.6, 53.6, 69.6, 89.6, 56.6, 24.6, 93.6, 77.6, 76.6, 93.6, 74.6, 34.6, 63.6, 37.6, 55.6, 50.6, 92.6, 24.6, 93.6, 93.6, 55.6, 76.6, 41.6, 16.6, 15.6, 23.6, 79.6, 24.6, 52.6, 93.6, 73.6, 80.6, 93.6, 47.6];90.83;[1, 1, 1, 1, 1, 1, 4];3;10;True
70;10;70;5;True;2000;1;0;0;0;0;0;0;55.10392928123474;2.3475210666656494;11867.868761511374;7980.635418967644;516.1278296750115;3371.3300000000045;[47.88, 59.88, 38.88, 42.88, 20.34, 70.88, 51.88, 29.88, 69.88, 27.88, 68.88, 1.0, 22.88, 42.88, 43.88, 69.88, 19.34, 18.34, 46.88, 68.88, 65.88, 73.88, 78.88, 28.88, 3.24, 61.88, 14.34, 32.88, 79.88, 79.88, 43.88, 63.88, 70.88, 45.88, 53.88, 79.88, 13.37, 49.88, 61.88, 35.88, 33.88, 51.88, 39.88, 39.88, 46.88, 14.34, 55.88, 49.88, 53.88, 41.88, 49.88, 25.88, 52.88, 66.88, 21.34, 54.88, 49.88, 41.88, 32.88, 64.88, 79.88, 41.88, 78.88, 62.88, 57.88, 39.88, 67.88, 52.88, 49.88, 47.88];78.88;[1, 1, 1, 2, 3, 1, 1];2;10;True
70;10;70;6;True;2000;1;0;0;0;0;0;0;57.534597396850586;2.280524730682373;12516.614844577814;8469.926385411953;452.5066741137488;3594.270000000002;[55.36, 35.5, 81.36, 87.36, 54.36, 75.36, 40.36, 87.36, 80.36, 20.5, 28.5, 33.5, 75.36, 63.36, 33.5, 9.07, 74.36, 53.36, 38.36, 69.36, 60.36, 43.36, 65.36, 18.5, 87.36, 73.36, 63.36, 27.5, 32.5, 22.5, 50.36, 70.36, 59.36, 60.36, 56.36, 60.36, 81.36, 34.5, 42.36, 71.36, 87.36, 22.5, 25.5, 47.36, 56.36, 46.36, 16.07, 16.07, 51.36, 76.36, 78.36, 10.07, 14.07, 32.5, 68.36, 44.36, 87.36, 32.5, 63.36, 19.5, 34.5, 25.5, 43.36, 31.5, 55.36, 87.36, 52.36, 60.36, 82.36, 48.36];78.28999999999999;[1, 2, 1, 1, 1, 1, 2, 1];1;10;True
80;10;80;1;True;2000;1;0;0;0;0;0;0;76.85781788825989;2.995476722717285;13921.380000749945;8740.153341683092;625.38554748538;4556.150000000003;[83.67, 30.67, 36.67, 92.67, 79.67, 52.67, 53.67, 115.67, 62.67, 45.67, 12.82, 61.67, 91.67, 49.67, 66.67, 79.67, 16.67, 57.67, 70.67, 67.67, 66.67, 3.37, 65.67, 71.67, 55.67, 63.67, 23.67, 68.67, 41.67, 70.67, 77.67, 16.67, 52.67, 69.67, 51.67, 84.67, 65.67, 18.67, 24.67, 85.67, 24.67, 103.67, 34.67, 71.67, 27.67, 25.67, 25.67, 85.67, 115.67, 113.67, 40.67, 79.67, 40.67, 16.67, 63.67, 41.67, 92.67, 52.67, 80.67, 39.67, 68.67, 51.67, 79.67, 76.67, 26.67, 59.67, 47.67, 23.67, 19.67, 39.67, 50.67, 77.67, 51.67, 28.67, 4.37, 77.67, 91.67, 67.67, 90.67, 36.67];112.3;[2, 1, 1, 2, 1, 1, 2];1;10;True
80;10;80;2;True;2000;1;0;0;0;0;0;0;70.13404870033264;2.5847649574279785;14794.540934997023;9707.450098091971;419.80711039249786;4667.209999999997;[35.0, 82.73, 81.73, 67.73, 35.0, 103.73, 34.0, 25.0, 24.0, 71.73, 29.0, 104.73, 27.0, 54.73, 63.73, 22.5, 14.5, 67.73, 70.73, 29.0, 83.73, 76.73, 54.73, 105.73, 88.73, 81.73, 33.0, 58.73, 32.0, 21.5, 100.73, 43.73, 74.73, 29.0, 78.73, 92.73, 92.73, 49.73, 17.5, 50.73, 69.73, 46.73, 66.73, 70.73, 58.73, 56.73, 57.73, 105.73, 57.73, 85.73, 66.73, 60.73, 81.73, 16.5, 83.73, 56.73, 80.73, 11.83, 24.0, 53.73, 36.0, 61.73, 45.73, 105.73, 80.73, 47.73, 105.73, 27.0, 56.73, 12.5, 57.73, 68.73, 78.73, 23.5, 77.73, 27.0, 56.73, 78.73, 42.0, 52.73];93.9;[2, 1, 1, 1, 1, 1, 2, 1];1;10;True
80;10;80;3;True;2000;1;0;0;0;0;0;0;57.62057280540466;2.5115303993225098;13996.469699746463;9391.245145068266;528.581398470843;4076.2900000000022;[62.46, 66.46, 63.46, 67.46, 62.46, 29.46, 25.46, 60.46, 81.46, 66.46, 15.46, 42.46, 81.46, 60.46, 24.46, 47.46, 26.46, 41.46, 24.46, 81.46, 40.46, 72.46, 81.46, 36.46, 41.46, 30.46, 81.46, 16.46, 23.46, 70.46, 21.46, 81.46, 81.46, 78.46, 70.46, 50.46, 63.46, 56.46, 58.46, 55.46, 33.46, 69.46, 45.46, 39.46, 32.46, 29.46, 49.46, 68.46, 44.46, 22.46, 34.46, 18.46, 66.46, 74.46, 26.46, 81.46, 17.46, 81.46, 81.46, 81.46, 81.46, 61.46, 57.46, 6.41, 9.46, 51.46, 55.46, 52.46, 2.0, 22.46, 29.46, 39.46, 21.46, 58.46, 60.46, 66.46, 81.46, 81.46, 44.46, 51.46];79.46;[1, 1, 2, 1, 1, 1, 1, 1, 1];1;10;True
80;10;80;4;True;2000;1;0;0;0;0;0;0;60.45647573471069;2.7498092651367188;14275.140556617405;8775.07678226849;494.9615170266431;5004.8500000000095;[20.51, 92.51, 15.51, 70.51, 89.51, 65.51, 80.51, 57.51, 19.51, 88.51, 16.51, 85.51, 20.51, 65.51, 92.51, 75.51, 65.51, 86.51, 64.51, 52.51, 83.51, 2.56, 48.51, 55.51, 30.51, 51.51, 74.51, 21.51, 58.51, 51.51, 91.51, 74.51, 92.51, 74.51, 75.51, 81.51, 58.51, 56.51, 71.51, 91.51, 58.51, 24.51, 92.51, 79.51, 92.51, 79.51, 76.51, 36.51, 66.51, 39.51, 58.51, 51.51, 92.51, 25.51, 92.51, 92.51, 57.51, 78.51, 43.51, 16.51, 16.51, 24.51, 81.51, 26.51, 54.51, 92.51, 74.51, 92.51, 63.51, 48.51, 44.51, 92.51, 52.51, 75.51, 46.51, 83.51, 92.51, 79.51, 92.51, 43.51];89.95;[1, 1, 3, 1, 1, 1, 1, 1];2;10;True
80;10;80;5;True;2000;1;0;0;0;0;0;0;58.563690423965454;2.6555981636047363;12172.121144723305;8064.910505032238;501.7480800482458;3605.440000000003;[46.28, 58.96, 30.28, 38.28, 17.28, 69.96, 51.96, 27.28, 68.96, 21.28, 57.96, 1.0, 19.28, 38.28, 42.28, 67.96, 13.28, 12.28, 45.28, 66.96, 70.96, 70.96, 77.96, 24.28, 2.87, 59.96, 9.95, 29.28, 78.96, 78.96, 40.28, 62.96, 66.96, 42.28, 52.96, 78.96, 9.95, 50.96, 60.96, 27.28, 30.28, 51.96, 31.28, 33.28, 45.28, 8.95, 55.96, 49.96, 55.96, 34.28, 53.96, 23.28, 52.96, 64.96, 16.28, 52.96, 48.96, 33.28, 26.28, 61.96, 78.96, 36.28, 76.96, 59.96, 56.96, 35.28, 66.96, 53.96, 48.96, 46.28, 52.96, 76.96, 46.96, 47.96, 48.96, 2.77, 39.28, 47.96, 9.95, 46.28];77.96;[2, 1, 2, 2, 2, 1];1;10;True
80;10;80;6;True;2000;1;0;0;0;0;0;0;40.3744215965271;2.1791698932647705;11586.760735623338;8262.804713239055;439.9560223842838;2884.0;[47.0, 31.0, 48.0, 48.0, 47.0, 48.0, 35.0, 48.0, 48.0, 16.0, 25.0, 29.0, 48.0, 48.0, 29.0, 6.0, 48.0, 42.0, 33.0, 48.0, 48.0, 39.0, 48.0, 12.0, 48.0, 48.0, 48.0, 23.0, 29.0, 16.0, 42.0, 48.0, 48.0, 48.0, 48.0, 48.0, 48.0, 25.0, 33.0, 48.0, 48.0, 19.0, 19.0, 44.0, 46.0, 39.0, 11.0, 8.0, 41.0, 48.0, 48.0, 8.0, 6.0, 29.0, 48.0, 35.0, 48.0, 26.0, 48.0, 14.0, 27.0, 21.0, 33.0, 26.0, 44.0, 48.0, 44.0, 48.0, 48.0, 44.0, 48.0, 42.0, 2.0, 47.0, 37.0, 12.0, 14.0, 48.0, 39.0, 12.0];46.0;[1, 2, 1, 1, 1, 1, 1, 1, 1];1;10;True
90;10;90;1;True;2000;1;0;0;0;0;0;0;77.39652824401855;3.444854497909546;14675.584955340799;8806.132912784513;602.8062085892451;5266.839999999992;[85.95, 33.95, 38.95, 94.95, 81.95, 54.95, 55.95, 109.95, 63.95, 46.95, 13.01, 63.95, 103.95, 50.95, 67.95, 80.95, 17.95, 59.95, 71.95, 69.95, 67.95, 4.06, 67.95, 74.95, 57.95, 65.95, 25.95, 70.95, 43.95, 72.95, 79.95, 17.95, 54.95, 72.95, 52.95, 83.95, 67.95, 20.95, 25.95, 85.95, 25.95, 90.95, 36.95, 73.95, 27.95, 26.95, 26.95, 86.95, 109.95, 109.95, 41.95, 81.95, 41.95, 17.95, 64.95, 42.95, 94.95, 54.95, 81.95, 40.95, 70.95, 53.95, 79.95, 77.95, 26.95, 60.95, 49.95, 25.95, 21.95, 40.95, 52.95, 79.95, 52.95, 29.95, 4.06, 79.95, 92.95, 69.95, 90.95, 38.95, 69.95, 88.95, 99.95, 40.95, 96.95, 13.01, 18.95, 24.95, 73.95, 71.95];105.89;[2, 2, 1, 1, 1, 1, 2];1;10;True
90;10;90;2;True;2000;1;0;0;0;0;0;0;79.60452103614807;3.8338184356689453;15371.22091920912;9810.863895971183;425.480809312107;5135.200000000007;[34.38, 80.38, 79.38, 65.38, 34.38, 101.38, 32.38, 24.38, 22.38, 69.38, 28.38, 105.38, 25.38, 53.38, 63.38, 22.38, 14.38, 65.38, 68.38, 27.38, 76.38, 72.38, 54.38, 81.38, 84.38, 80.38, 30.38, 60.38, 29.38, 21.38, 98.38, 43.38, 71.38, 27.38, 110.38, 90.38, 90.38, 48.38, 17.38, 49.38, 67.38, 44.38, 65.38, 77.38, 60.38, 56.38, 57.38, 104.38, 58.38, 83.38, 65.38, 61.38, 75.38, 16.38, 81.38, 56.38, 76.38, 12.38, 23.38, 53.38, 33.38, 62.38, 44.38, 113.38, 76.38, 46.38, 113.38, 26.38, 55.38, 12.38, 58.38, 67.38, 76.38, 22.38, 75.38, 25.38, 55.38, 76.38, 41.38, 51.38, 69.38, 77.38, 29.38, 27.38, 69.38, 55.38, 48.38, 71.38, 18.38, 83.38];101.0;[2, 1, 1, 1, 1, 2, 2];1;10;True
90;10;90;3;True;2000;1;0;0;0;0;0;0;65.86572504043579;2.938646078109741;14661.37324792608;9503.699909964693;510.3558793682164;4646.93;[64.81, 67.81, 63.81, 69.81, 64.81, 27.81, 23.81, 59.81, 84.81, 67.81, 14.51, 41.81, 87.81, 59.81, 23.81, 47.81, 25.81, 39.81, 23.81, 87.81, 38.81, 72.81, 87.81, 32.81, 39.81, 28.81, 87.81, 15.81, 22.81, 70.81, 21.81, 87.81, 76.81, 77.81, 71.81, 50.81, 64.81, 55.81, 56.81, 54.81, 31.81, 69.81, 45.81, 35.81, 30.81, 28.81, 49.81, 68.81, 43.81, 21.81, 32.81, 18.81, 67.81, 73.81, 25.81, 87.81, 16.81, 70.81, 87.81, 82.81, 87.81, 60.81, 55.81, 5.0, 9.06, 50.81, 54.81, 50.81, 2.0, 22.81, 27.81, 35.81, 20.81, 56.81, 59.81, 66.81, 74.81, 87.81, 44.81, 50.81, 18.81, 87.81, 71.81, 34.81, 56.81, 14.51, 75.81, 58.81, 77.81, 66.81];85.81;[1, 1, 2, 1, 1, 3, 1];2;10;True
90;10;90;4;True;2000;1;0;0;0;0;0;0;69.1262321472168;3.6494157314300537;14211.581205836506;8963.254556916916;465.8446008754121;4782.07;[15.51, 92.6, 12.51, 64.6, 82.6, 49.6, 66.6, 43.6, 16.51, 78.6, 12.51, 77.6, 15.51, 53.6, 92.6, 47.6, 54.6, 76.6, 50.6, 39.6, 70.6, 2.5, 34.6, 44.6, 20.6, 45.6, 61.6, 19.6, 49.6, 42.6, 82.6, 60.6, 90.6, 61.6, 64.6, 70.6, 51.6, 43.6, 61.6, 80.6, 49.6, 21.6, 92.6, 65.6, 65.6, 68.6, 62.6, 28.6, 51.6, 28.6, 46.6, 41.6, 84.6, 19.6, 85.6, 76.6, 49.6, 65.6, 31.6, 14.51, 12.51, 19.6, 67.6, 18.6, 42.6, 89.6, 67.6, 92.6, 61.6, 42.6, 39.6, 85.6, 45.6, 61.6, 30.6, 69.6, 92.6, 68.6, 92.6, 29.6, 81.6, 67.6, 92.6, 21.6, 69.6, 39.6, 10.49, 54.6, 42.6, 16.51];90.1;[1, 1, 1, 1, 2, 1, 1, 2];1;10;True
90;10;90;5;True;2000;1;0;0;0;0;0;0;59.52152371406555;3.7456822395324707;12717.064598516088;7880.729088523735;514.3355099923538;4322.0;[47.0, 55.0, 38.0, 41.0, 18.0, 72.0, 53.0, 29.0, 71.0, 29.0, 61.0, 1.0, 20.0, 41.0, 57.0, 74.0, 15.0, 14.0, 46.0, 69.0, 67.0, 73.0, 78.0, 28.0, 3.0, 64.0, 10.0, 32.0, 73.0, 78.0, 43.0, 65.0, 71.0, 44.0, 54.0, 78.0, 10.0, 51.0, 72.0, 34.0, 33.0, 53.0, 39.0, 39.0, 47.0, 10.0, 59.0, 50.0, 59.0, 39.0, 51.0, 25.0, 55.0, 67.0, 18.0, 54.0, 49.0, 39.0, 32.0, 64.0, 78.0, 40.0, 78.0, 62.0, 58.0, 39.0, 69.0, 56.0, 50.0, 48.0, 56.0, 78.0, 48.0, 49.0, 50.0, 2.0, 42.0, 49.0, 11.0, 47.0, 78.0, 78.0, 57.0, 5.0, 37.0, 77.0, 78.0, 55.0, 32.0, 54.0];77.0;[1, 1, 1, 1, 2, 3, 1];2;10;True
90;10;90;6;True;2000;1;0;0;0;0;0;0;61.97250294685364;3.237522840499878;13307.659434438325;8471.983500554174;433.7966665752122;4402.100000000003;[53.9, 33.9, 77.9, 81.9, 52.9, 72.9, 38.9, 76.9, 79.9, 18.9, 27.9, 31.9, 72.9, 61.9, 31.9, 7.9, 72.9, 50.9, 39.9, 68.9, 65.9, 42.9, 60.9, 15.9, 81.9, 68.9, 62.9, 26.9, 30.9, 19.9, 47.9, 68.9, 57.9, 59.9, 55.9, 59.9, 79.9, 31.9, 41.9, 70.9, 81.9, 21.9, 22.9, 46.9, 54.9, 45.9, 14.9, 13.9, 48.9, 81.9, 70.9, 8.9, 9.9, 31.9, 66.9, 43.9, 81.9, 30.9, 61.9, 17.9, 33.9, 23.9, 41.9, 30.9, 53.9, 81.9, 50.9, 59.9, 81.9, 47.9, 81.9, 45.9, 2.0, 56.9, 46.9, 15.9, 17.9, 66.9, 45.9, 15.9, 76.9, 80.9, 64.9, 45.9, 51.9, 62.9, 37.9, 13.9, 15.9, 81.9];79.9;[1, 1, 1, 1, 1, 1, 1, 2, 1];1;10;True
100;10;100;1;True;2000;1;0;0;0;0;0;0;67.66176652908325;4.63997483253479;14609.633168000133;8704.578554855067;621.0506039428857;5283.6400000000085;[81.27, 28.27, 34.27, 88.27, 76.27, 50.27, 51.27, 88.27, 61.27, 43.27, 12.76, 59.27, 88.27, 47.27, 66.27, 77.27, 16.27, 53.27, 69.27, 65.27, 65.27, 4.11, 63.27, 67.27, 52.27, 62.27, 22.27, 66.27, 39.27, 67.27, 74.27, 16.27, 50.27, 67.27, 50.27, 88.27, 63.27, 17.27, 21.27, 82.27, 24.27, 88.27, 31.27, 67.27, 23.27, 23.27, 23.27, 83.27, 88.27, 88.27, 37.27, 76.27, 38.27, 16.27, 62.27, 39.27, 88.27, 49.27, 79.27, 37.27, 65.27, 49.27, 77.27, 72.27, 24.27, 58.27, 44.27, 23.27, 18.27, 36.27, 48.27, 73.27, 49.27, 25.27, 5.11, 75.27, 88.27, 64.27, 74.27, 34.27, 65.27, 83.27, 88.27, 37.27, 88.27, 12.76, 18.27, 20.27, 68.27, 67.27, 21.27, 11.76, 13.76, 88.27, 18.27, 56.27, 55.27, 88.27, 51.27, 61.27];84.16;[2, 1, 1, 1, 2, 2, 1];1;10;True
100;10;100;2;True;2000;1;0;0;0;0;0;0;79.43830752372742;3.9221866130828857;16182.413886029366;9591.595994298292;420.51992170187043;6169.950000000006;[35.25, 85.63, 83.63, 71.63, 36.25, 106.63, 36.25, 24.25, 24.25, 73.63, 29.25, 108.63, 25.25, 55.63, 67.63, 22.25, 16.53, 71.63, 73.63, 29.25, 81.63, 79.63, 57.63, 86.63, 91.63, 81.63, 35.25, 64.63, 34.25, 22.25, 108.63, 47.25, 78.63, 28.25, 108.63, 95.63, 95.63, 50.63, 18.25, 51.63, 73.63, 49.63, 69.63, 74.63, 64.63, 59.63, 61.63, 108.63, 62.63, 88.63, 69.63, 65.63, 86.63, 17.25, 87.63, 57.63, 83.63, 12.8, 24.25, 57.63, 37.25, 65.63, 47.25, 108.63, 83.63, 49.25, 108.63, 27.25, 58.63, 13.53, 62.63, 71.63, 80.63, 23.25, 79.63, 25.25, 59.63, 80.63, 43.25, 53.63, 76.63, 79.63, 33.25, 28.25, 73.63, 58.63, 52.63, 75.63, 19.25, 82.63, 74.63, 105.63, 67.63, 23.25, 71.63, 92.63, 108.63, 58.63, 86.63, 49.25];95.83;[1, 1, 1, 1, 1, 1, 1, 1, 1, 1];0;10;True
100;10;100;3;True;2000;1;0;0;0;0;0;0;74.33257341384888;3.446784019470215;15447.568221774534;9709.190779927294;518.5377632452139;5219.880000000005;[65.06, 70.06, 64.06, 71.06, 65.06, 29.06, 24.06, 60.06, 87.06, 70.06, 14.06, 41.06, 92.06, 60.06, 23.06, 47.06, 26.06, 40.06, 24.06, 91.06, 40.06, 74.06, 95.06, 35.06, 40.06, 30.06, 95.06, 16.06, 22.06, 73.06, 21.06, 92.06, 78.06, 80.06, 73.06, 50.06, 65.06, 58.06, 58.06, 55.06, 33.06, 71.06, 45.06, 37.06, 32.06, 29.06, 49.06, 70.06, 43.06, 22.06, 34.06, 18.06, 71.06, 76.06, 26.06, 95.06, 15.06, 79.06, 95.06, 84.06, 91.06, 61.06, 58.06, 5.0, 9.06, 51.06, 55.06, 51.06, 2.0, 22.06, 28.06, 37.06, 21.06, 58.06, 61.06, 68.06, 78.06, 92.06, 44.06, 51.06, 17.06, 93.06, 74.06, 37.06, 58.06, 14.06, 78.06, 60.06, 79.06, 69.06, 95.06, 66.06, 48.06, 60.06, 9.06, 17.06, 38.06, 33.06, 59.06, 30.06];93.06;[1, 1, 2, 1, 1, 1, 1, 2];1;10;True
100;10;100;4;True;2000;1;0;0;0;0;0;0;74.36297535896301;4.815388917922974;15528.513426380476;9290.342026719087;484.35431827394007;5753.790000000005;[20.18, 98.55, 14.18, 66.55, 84.55, 57.53, 72.55, 49.53, 18.18, 83.55, 16.18, 80.55, 19.18, 58.55, 95.55, 55.53, 59.55, 79.55, 57.53, 44.53, 75.55, 2.41, 40.53, 49.53, 25.18, 48.53, 66.55, 21.18, 53.53, 46.53, 85.55, 65.55, 95.55, 67.55, 69.55, 74.55, 54.53, 48.53, 65.55, 85.55, 53.53, 24.18, 98.55, 71.55, 70.55, 73.55, 68.55, 32.18, 58.55, 33.18, 52.53, 45.53, 88.55, 24.18, 80.55, 81.55, 53.53, 71.55, 37.18, 16.18, 14.18, 23.18, 98.55, 23.18, 47.53, 90.55, 70.55, 98.55, 55.53, 44.53, 41.53, 92.55, 48.53, 67.55, 38.18, 75.55, 98.55, 73.55, 98.55, 36.18, 90.55, 73.55, 76.55, 24.18, 72.55, 45.53, 10.18, 58.53, 48.53, 18.18, 95.55, 39.53, 52.53, 29.18, 93.55, 38.18, 58.55, 40.53, 42.53, 98.55];96.14;[1, 1, 1, 1, 3, 1, 1, 1];2;10;True
100;10;100;5;True;2000;1;0;0;0;0;0;0;62.20233678817749;4.689291715621948;13475.143919984095;7977.812353443185;509.13926527108305;4988.099999999999;[46.44, 56.44, 35.38, 41.38, 18.38, 71.44, 53.44, 28.38, 71.44, 27.38, 62.44, 1.0, 20.38, 41.38, 58.44, 72.44, 15.0, 14.0, 45.44, 69.44, 68.44, 73.44, 77.44, 27.38, 3.0, 64.44, 10.0, 31.38, 73.44, 77.44, 42.38, 65.44, 71.44, 44.38, 54.44, 77.44, 10.0, 52.44, 71.44, 32.38, 32.38, 53.44, 35.38, 36.38, 46.44, 10.0, 58.44, 51.44, 59.44, 38.38, 52.44, 24.38, 55.44, 68.44, 17.38, 54.44, 49.44, 37.38, 30.38, 65.44, 77.44, 40.38, 77.44, 62.44, 58.44, 37.38, 69.44, 57.44, 50.44, 47.44, 56.44, 77.44, 47.44, 48.44, 50.44, 2.0, 41.38, 48.44, 11.0, 47.44, 77.44, 77.44, 57.44, 5.0, 36.38, 77.44, 77.44, 55.44, 30.38, 54.44, 51.44, 68.44, 77.44, 67.44, 54.44, 77.44, 76.44, 67.44, 71.44, 63.44];76.44;[1, 1, 1, 1, 2, 3, 1];2;10;True
100;10;100;6;True;2000;1;0;0;0;0;0;0;40.60744547843933;4.105972051620483;12551.585914804178;8404.94009628749;446.5975013460593;3700.4700000000075;[45.53, 33.53, 45.53, 45.53, 45.53, 45.53, 37.53, 45.53, 45.53, 18.53, 27.53, 31.53, 45.53, 45.53, 31.53, 9.53, 45.53, 45.53, 35.53, 45.53, 45.53, 41.53, 45.53, 14.53, 45.53, 45.53, 45.53, 25.53, 30.53, 19.53, 45.53, 45.53, 45.53, 45.53, 45.53, 45.53, 45.53, 31.53, 37.53, 45.53, 45.53, 21.53, 22.53, 45.53, 45.53, 42.53, 13.53, 13.53, 45.53, 45.53, 45.53, 9.53, 11.53, 31.53, 45.53, 39.53, 45.53, 29.53, 45.53, 16.53, 32.53, 23.53, 37.53, 29.53, 45.53, 45.53, 45.53, 45.53, 45.53, 45.53, 45.53, 43.53, 2.0, 45.53, 41.53, 14.53, 16.53, 45.53, 42.53, 14.53, 45.53, 45.53, 45.53, 42.53, 45.53, 45.53, 35.53, 12.53, 14.53, 45.53, 18.53, 45.53, 6.53, 45.53, 44.53, 45.53, 45.53, 45.53, 45.53, 45.53];43.53;[2, 1, 1, 1, 1, 1, 1, 1, 1];1;10;True
20;20;20;1;True;2000;1;0;0;0;0;0;0;54.00395703315735;0.5786375999450684;21576.56331293484;18800.712997924777;1299.5451482561195;1476.35;[99.25, 77.25, 36.8, 99.25, 99.25, 62.53, 45.53, 99.25, 73.25, 40.84, 15.27, 90.25, 99.25, 49.53, 61.53, 99.25, 30.32, 99.25, 99.25, 99.25];83.98;[2, 1, 1, 2, 2, 1, 1, 2, 1, 1, 2, 2, 2];1;20;True
20;20;20;2;True;2000;1;0;0;0;0;0;0;75.40015172958374;0.6688446998596191;21147.728362043516;18219.156228832966;1188.3828324339495;1740.19;[46.9, 143.24, 101.24, 129.24, 76.24, 143.24, 43.8, 89.24, 34.84, 143.24, 54.9, 120.24, 66.24, 82.24, 94.24, 48.9, 16.84, 103.24, 142.24, 59.89];126.4;[2, 2, 1, 2, 1, 2, 1, 3, 2, 1, 3];2;20;True
20;20;20;3;True;2000;1;0;0;0;0;0;0;70.33083486557007;0.5663979053497314;20088.39987640926;17346.36034100571;1091.732354539706;1650.2600000000002;[122.17, 99.4, 82.4, 107.4, 118.17, 31.82, 44.82, 107.4, 137.17, 117.17, 16.3, 48.82, 137.17, 72.4, 31.04, 77.4, 45.82, 73.4, 42.82, 137.17];120.86999999999999;[2, 1, 4, 1, 1, 1, 1, 1, 3, 1, 1, 3];3;20;True
20;20;20;4;True;2000;1;0;0;0;0;0;0;65.8439269065857;0.6079349517822266;20773.205713666975;17791.769217197914;976.2922832148987;2005.19;[28.57, 133.21, 58.57, 94.33, 88.33, 85.33, 114.23, 71.57, 76.57, 110.23, 17.96, 129.23, 68.57, 130.23, 133.21, 133.21, 133.21, 133.21, 133.21, 132.21];115.25;[1, 3, 1, 1, 1, 2, 2, 1, 3, 1, 1, 1, 2];2;20;True
20;20;20;5;True;2000;1;0;0;0;0;0;0;52.41746711730957;0.5727834701538086;20034.460499563167;17318.9133258667;1128.1395433135972;1587.4299999999996;[81.11, 97.11, 84.11, 93.11, 35.28, 97.11, 97.11, 64.11, 78.11, 97.11, 97.11, 3.0, 67.11, 97.11, 97.11, 97.11, 72.11, 38.28, 97.11, 97.11];94.11;[1, 2, 1, 2, 1, 1, 2, 2, 1, 1, 1, 2, 2, 1];1;20;True
20;20;20;6;True;2000;1;0;0;0;0;0;0;71.77133297920227;0.72432541847229;21275.9409903106;18479.064527372895;1002.8898261939934;1793.9600000000007;[89.71, 95.71, 142.71, 142.71, 93.71, 98.71, 102.71, 128.71, 115.71, 36.93, 43.93, 63.93, 142.71, 105.71, 38.93, 34.93, 104.71, 68.93, 61.93, 80.93];107.78;[1, 1, 2, 2, 2, 1, 1, 2, 1, 1, 1, 2, 2, 1];1;20;True
30;20;30;1;True;2000;1;0;0;0;0;0;0;74.10163974761963;1.447657823562622;22200.209867359834;19033.987295125466;1334.6972067545723;1831.43;[120.53, 26.14, 30.14, 86.53, 90.53, 36.38, 37.38, 121.53, 48.53, 33.38, 12.26, 40.38, 121.53, 60.53, 55.53, 103.53, 15.46, 47.53, 81.53, 114.53, 62.53, 4.47, 96.53, 62.53, 48.53, 48.53, 23.14, 121.53, 32.38, 47.38];117.06;[2, 1, 3, 1, 2, 1, 2, 2, 1, 2, 1, 2];2;20;True
30;20;30;2;True;2000;1;0;0;0;0;0;0;68.24759006500244;1.050602912902832;21163.858768216578;18033.084495578492;1210.094624928211;1920.7000000000012;[33.89, 92.89, 73.89, 69.89, 33.89, 121.89, 41.89, 23.89, 23.89, 65.89, 47.89, 121.89, 24.89, 54.89, 62.89, 22.89, 15.89, 99.89, 121.89, 25.89, 121.89, 98.89, 73.89, 107.89, 121.89, 67.89, 28.89, 67.89, 27.89, 22.89];106.0;[1, 2, 1, 2, 1, 1, 1, 2, 1, 2, 5, 1];4;20;True
30;20;30;3;True;2000;1;0;0;0;0;0;0;77.98177123069763;1.2933237552642822;20285.22450734553;17505.65379606933;1136.9554407694666;1642.6000000000001;[57.73, 46.53, 69.73, 50.73, 93.4, 22.2, 22.2, 48.53, 76.73, 95.4, 15.87, 33.62, 127.4, 72.73, 23.2, 36.62, 25.2, 49.53, 21.76, 87.4, 28.62, 104.4, 82.73, 25.2, 28.62, 25.2, 127.4, 16.32, 23.2, 104.4];111.53;[1, 1, 2, 1, 1, 1, 1, 1, 2, 1, 4, 4];3;20;True
30;20;30;4;True;2000;1;0;0;0;0;0;0;74.57998394966125;1.2562403678894043;20865.89733162872;18033.049147807236;956.8221997901074;1876.1000000000001;[16.61, 116.22, 12.61, 57.22, 77.22, 38.28, 50.28, 58.22, 17.61, 73.22, 12.61, 123.22, 16.61, 90.22, 106.22, 123.22, 92.22, 94.22, 94.22, 99.22, 121.22, 2.83, 30.28, 61.22, 22.51, 42.28, 99.22, 20.51, 50.28, 56.28];120.39;[2, 2, 2, 1, 3, 1, 1, 1, 1, 2, 1, 2, 1];2;20;True
30;20;30;5;True;2000;1;0;0;0;0;0;0;51.52765870094299;1.3158519268035889;20111.041555465126;17546.733153786095;1072.8698607110086;1491.4099999999999;[46.82, 80.88, 37.82, 78.88, 17.88, 80.88, 60.5, 27.82, 80.88, 21.82, 62.5, 3.0, 20.82, 36.82, 48.82, 80.88, 16.0, 13.95, 56.5, 62.5, 80.88, 76.88, 80.88, 24.82, 4.0, 80.88, 11.52, 33.82, 80.88, 80.88];77.88;[1, 1, 1, 2, 1, 2, 2, 1, 1, 2, 1, 2, 3];2;20;True
30;20;30;6;True;2000;1;0;0;0;0;0;0;69.96517038345337;1.4733128547668457;20892.22432685637;18202.271339559553;1001.455973240839;1688.5199999999993;[48.07, 34.07, 116.07, 116.07, 77.07, 56.07, 38.07, 91.07, 75.07, 21.11, 29.07, 33.07, 86.07, 46.07, 33.07, 11.37, 80.07, 38.07, 40.07, 65.07, 59.07, 43.07, 62.07, 20.11, 116.07, 74.07, 91.07, 33.07, 32.07, 23.11];104.69999999999999;[2, 3, 1, 2, 1, 1, 1, 1, 2, 2, 1, 3];2;20;True
40;20;40;1;True;2000;1;0;0;0;0;0;0;73.62581992149353;2.2858517169952393;22341.935689512447;18777.63381068401;1294.5168307380054;2269.860000000001;[115.67, 22.67, 27.67, 96.67, 115.67, 36.67, 38.67, 115.67, 51.67, 33.67, 11.74, 42.67, 81.67, 37.67, 56.67, 65.67, 14.98, 38.67, 71.67, 48.67, 55.67, 4.47, 47.67, 57.67, 55.67, 50.67, 21.67, 104.67, 28.67, 46.67, 101.67, 14.46, 38.67, 115.67, 42.67, 104.67, 115.67, 16.76, 19.67, 101.67];111.2;[1, 1, 3, 1, 1, 1, 2, 1, 1, 3, 2, 1, 2];2;20;True
40;20;40;2;True;2000;1;0;0;0;0;0;0;76.29109477996826;2.105100631713867;21461.39563454041;18097.866131912007;1156.1132528159528;2207.2699999999995;[31.45, 84.84, 69.84, 74.84, 31.45, 124.84, 28.45, 21.45, 20.45, 124.84, 24.45, 89.84, 22.45, 44.84, 41.45, 20.45, 15.17, 60.84, 70.84, 22.45, 124.84, 54.84, 40.45, 62.84, 84.84, 54.84, 26.45, 40.45, 25.45, 21.45, 124.84, 29.45, 61.84, 24.45, 92.84, 90.84, 119.84, 41.45, 17.59, 42.45];109.67;[1, 2, 1, 1, 1, 1, 2, 1, 1, 3, 1, 1, 2, 2];2;20;True
40;20;40;3;True;2000;1;0;0;0;0;0;0;72.91499590873718;2.180220603942871;20837.360142214475;17474.788954330517;1131.3657418604012;2231.24;[83.77, 50.77, 70.77, 61.77, 76.77, 26.31, 25.23, 50.77, 82.77, 87.77, 15.98, 36.28, 109.77, 47.77, 24.98, 39.28, 26.31, 33.19, 25.23, 115.77, 33.19, 59.77, 96.77, 30.19, 33.19, 28.31, 103.77, 16.98, 23.78, 109.77, 22.98, 81.77, 107.77, 74.77, 55.77, 44.77, 54.77, 66.77, 44.12, 50.77];99.78999999999999;[1, 1, 1, 1, 2, 2, 4, 1, 1, 2, 3, 1];3;20;True
40;20;40;4;True;2000;1;0;0;0;0;0;0;71.94392085075378;1.6762123107910156;20780.756726942534;17569.793286742457;974.4431777376251;2236.5899999999997;[13.9, 83.34, 12.9, 58.34, 75.34, 40.34, 97.34, 36.34, 16.9, 78.34, 11.9, 106.34, 13.9, 54.34, 110.34, 37.34, 54.34, 75.34, 39.34, 33.34, 112.34, 3.41, 32.34, 39.34, 20.9, 42.34, 97.34, 19.9, 58.34, 37.34, 70.34, 112.34, 103.34, 82.34, 74.34, 61.34, 47.34, 35.34, 51.34, 85.34];108.93;[1, 1, 1, 1, 1, 4, 2, 1, 2, 1, 1, 2, 2];3;20;True
40;20;40;5;True;2000;1;0;0;0;0;0;0;56.052918672561646;2.180168867111206;20229.23331289889;17333.342880958473;1063.345118483741;1832.460000000001;[43.88, 52.88, 29.88, 34.88, 19.87, 81.88, 62.88, 28.88, 62.88, 24.87, 52.88, 3.0, 21.87, 34.88, 33.88, 81.88, 17.87, 16.26, 37.88, 61.88, 73.88, 67.88, 77.88, 26.87, 4.0, 60.88, 13.24, 30.88, 81.88, 81.88, 40.88, 58.88, 81.88, 35.88, 48.88, 81.88, 12.21, 38.88, 79.88, 28.88];78.88;[1, 2, 2, 1, 1, 3, 2, 3, 1, 1, 1, 2];2;20;True
40;20;40;6;True;2000;1;0;0;0;0;0;0;69.44046640396118;2.5136239528656006;21548.18420576199;18437.103794202103;1005.5567042313704;2105.5300000000007;[47.23, 33.96, 108.23, 80.23, 46.23, 53.23, 36.96, 99.23, 67.23, 21.04, 28.96, 31.96, 93.23, 47.23, 31.96, 9.6, 58.23, 38.96, 35.96, 47.23, 47.23, 40.96, 55.23, 18.04, 108.23, 61.23, 85.23, 26.96, 30.96, 22.08, 39.96, 78.23, 46.23, 108.23, 69.23, 48.23, 60.23, 29.96, 32.96, 79.23];98.63000000000001;[3, 1, 3, 1, 1, 1, 2, 1, 2, 1, 1, 1, 2];2;20;True
50;20;50;1;True;2000;1;0;0;0;0;0;0;68.29044914245605;3.5015132427215576;22698.47756367895;18818.86102525802;1294.5533684430582;2585.080000000001;[86.03, 26.13, 29.13, 76.03, 98.03, 38.16, 39.16, 101.03, 53.76, 34.16, 12.26, 43.16, 101.03, 38.16, 57.76, 64.76, 16.58, 39.16, 81.03, 66.76, 56.76, 4.16, 47.08, 47.08, 39.16, 51.76, 21.48, 85.03, 31.13, 48.08, 83.03, 14.69, 39.16, 101.03, 43.16, 94.03, 46.16, 17.58, 20.58, 70.76, 23.13, 73.03, 27.13, 47.08, 21.48, 22.48, 22.48, 82.03, 101.03, 101.03];96.87;[1, 2, 1, 2, 1, 2, 4, 2, 1, 2, 2];3;20;True
50;20;50;2;True;2000;1;0;0;0;0;0;0;98.12814664840698;3.5893514156341553;22426.523485548478;18733.975962367294;1157.9563726239799;2534.7100000000014;[30.88, 112.94, 66.94, 57.88, 29.84, 148.94, 25.84, 20.84, 19.84, 56.88, 22.84, 107.94, 20.84, 43.88, 36.88, 18.84, 12.41, 40.88, 61.94, 21.84, 135.94, 58.88, 35.88, 105.94, 80.94, 54.88, 23.84, 34.88, 22.84, 19.84, 75.94, 28.84, 54.88, 22.84, 65.94, 89.94, 65.94, 39.88, 16.84, 40.88, 42.88, 29.84, 49.88, 49.88, 34.88, 37.88, 33.88, 123.94, 37.88, 58.88];136.53;[1, 1, 2, 4, 1, 1, 2, 2, 1, 1, 1, 1, 2];3;20;True
50;20;50;3;True;2000;1;0;0;0;0;0;0;81.65412878990173;3.9050040245056152;21000.423279269653;17553.77553449137;1110.6106255102948;2336.14;[43.34, 50.34, 50.34, 58.34, 109.34, 25.34, 23.34, 45.34, 72.34, 51.34, 15.41, 33.34, 114.34, 41.34, 24.34, 35.34, 25.34, 30.34, 23.34, 114.34, 31.34, 53.34, 89.34, 26.34, 30.34, 26.34, 94.34, 16.41, 23.34, 81.34, 22.34, 61.34, 58.34, 58.34, 76.34, 41.34, 49.34, 38.34, 37.34, 47.34, 30.34, 59.34, 34.34, 29.34, 30.34, 27.34, 38.34, 78.34, 36.34, 22.34];98.93;[1, 1, 2, 1, 1, 2, 3, 1, 2, 1, 1, 3, 1];2;20;True
50;20;50;4;True;2000;1;0;0;0;0;0;0;71.0154960155487;2.552903175354004;21273.679584282138;17463.748327397698;951.8581493957487;2858.089999999999;[15.96, 86.22, 12.96, 62.22, 79.22, 67.22, 60.22, 38.22, 16.96, 85.22, 12.96, 103.22, 14.96, 52.22, 86.22, 44.22, 62.22, 84.22, 46.22, 36.22, 63.22, 3.41, 34.22, 42.22, 22.66, 44.22, 65.22, 19.66, 58.22, 39.22, 77.22, 92.22, 109.22, 56.22, 94.22, 71.22, 50.22, 37.22, 58.22, 89.22, 47.22, 22.66, 109.22, 59.22, 109.22, 99.22, 109.22, 29.66, 48.22, 29.66];105.81;[1, 1, 1, 1, 1, 1, 1, 1, 3, 2, 1, 2, 1, 3];2;20;True
50;20;50;5;True;2000;1;0;0;0;0;0;0;52.88519477844238;2.8043365478515625;20869.27776313667;17485.70641854941;1081.198121046229;2302.2499999999995;[45.61, 69.61, 30.51, 36.61, 18.93, 67.61, 49.61, 28.51, 66.61, 25.61, 76.61, 3.0, 22.93, 37.61, 34.61, 76.61, 16.93, 15.19, 41.61, 65.61, 76.61, 76.61, 74.61, 27.51, 4.0, 65.61, 12.94, 31.51, 76.61, 76.61, 36.61, 62.61, 76.61, 37.61, 51.61, 76.61, 11.28, 42.61, 71.61, 29.51, 32.51, 76.61, 29.51, 33.51, 39.61, 12.94, 64.61, 72.61, 57.61, 33.51];73.61;[1, 3, 1, 1, 1, 2, 3, 2, 2, 1, 1, 1, 1];2;20;True
50;20;50;6;True;2000;1;0;0;0;0;0;0;72.85400700569153;3.729154586791992;21965.443287849557;18629.862061545453;1008.651297704996;2326.710000000002;[44.69, 32.69, 86.69, 75.69, 45.69, 50.69, 35.69, 63.69, 77.69, 20.42, 27.69, 30.69, 83.69, 45.69, 31.69, 8.69, 59.69, 33.69, 33.69, 47.69, 43.69, 38.69, 51.69, 18.42, 102.69, 51.69, 72.69, 26.69, 30.69, 22.42, 36.69, 65.69, 44.69, 102.69, 48.69, 46.69, 56.69, 27.69, 30.69, 64.69, 100.69, 22.42, 24.42, 43.69, 37.69, 37.69, 15.42, 14.52, 33.69, 75.69];94.0;[3, 1, 1, 2, 1, 3, 1, 1, 1, 1, 1, 2, 1, 1];2;20;True
60;20;60;1;True;2000;1;0;0;0;0;0;0;81.69227480888367;4.231062412261963;23552.258249493032;19205.314971073505;1337.3927997715646;3009.440000000003;[66.67, 29.65, 33.65, 73.67, 90.67, 39.67, 40.67, 53.67, 52.67, 36.67, 13.78, 44.67, 72.67, 39.67, 58.67, 65.67, 20.65, 41.67, 61.67, 70.67, 57.67, 4.16, 46.67, 44.67, 54.67, 52.67, 25.65, 63.67, 33.65, 48.67, 54.67, 20.65, 41.67, 102.67, 44.67, 86.67, 45.67, 23.65, 26.65, 68.67, 25.65, 99.67, 30.65, 45.67, 27.65, 27.65, 27.65, 74.67, 96.67, 112.67, 32.65, 63.67, 35.65, 20.65, 56.67, 34.65, 93.67, 37.67, 74.67, 35.65];108.51;[1, 1, 2, 1, 1, 3, 2, 2, 1, 2, 2, 1, 1];2;20;True
60;20;60;2;True;2000;1;0;0;0;0;0;0;78.06325960159302;5.272583961486816;22423.76121150115;18500.6710725582;1161.2483467333514;2761.879999999999;[31.18, 105.18, 67.18, 72.18, 30.18, 105.18, 27.18, 20.07, 20.07, 55.18, 23.18, 67.18, 21.07, 43.18, 37.18, 20.07, 16.07, 39.18, 62.18, 21.18, 105.18, 47.18, 37.18, 54.18, 86.18, 65.18, 24.18, 36.18, 23.18, 21.07, 105.18, 29.18, 48.18, 24.18, 105.18, 89.18, 61.18, 40.18, 18.07, 41.18, 40.18, 29.18, 43.18, 51.18, 36.18, 38.18, 36.18, 87.18, 39.18, 54.18, 41.18, 38.18, 46.18, 17.07, 53.18, 47.18, 49.18, 13.25, 21.07, 35.18];91.93;[1, 1, 1, 1, 1, 1, 1, 1, 4, 1, 2, 2, 1, 1, 1];3;20;True
60;20;60;3;True;2000;1;0;0;0;0;0;0;72.36554265022278;4.982102155685425;21816.12642912989;17785.150451214893;1120.1865809916405;2910.8300000000004;[48.71, 59.71, 54.71, 71.71, 66.71, 23.11, 21.11, 48.71, 71.71, 59.71, 14.04, 34.08, 98.71, 46.71, 23.11, 37.08, 24.11, 32.08, 21.11, 98.71, 32.08, 62.71, 90.71, 27.11, 32.08, 25.11, 85.71, 16.04, 22.11, 98.71, 21.11, 69.71, 72.71, 66.71, 59.71, 43.08, 54.71, 44.08, 43.08, 49.71, 29.11, 63.71, 35.08, 29.11, 30.11, 26.11, 42.08, 91.71, 37.08, 22.11, 29.11, 18.11, 94.71, 64.71, 24.11, 98.71, 18.04, 45.08, 74.71, 64.71];84.66999999999999;[1, 1, 1, 2, 2, 1, 3, 1, 1, 2, 3, 2];2;20;True
60;20;60;4;True;2000;1;0;0;0;0;0;0;76.79203295707703;4.774198055267334;21896.5697615036;17846.4232226536;982.8889298059962;3067.0799999999967;[16.1, 78.1, 14.08, 58.1, 74.1, 106.1, 48.1, 34.1, 18.1, 98.1, 15.08, 69.1, 16.1, 42.1, 76.1, 37.1, 45.1, 81.1, 39.1, 33.1, 52.1, 3.24, 29.1, 39.1, 21.1, 42.1, 87.1, 20.1, 44.1, 37.1, 69.1, 84.1, 103.1, 45.1, 69.1, 56.1, 51.1, 33.1, 52.1, 88.1, 44.1, 23.1, 106.1, 48.1, 106.1, 100.1, 44.1, 28.1, 39.1, 28.1, 55.1, 35.1, 72.1, 21.1, 76.1, 75.1, 45.1, 49.1, 30.1, 16.08];102.86;[1, 3, 1, 1, 1, 1, 1, 1, 1, 2, 1, 2, 3, 1];2;20;True
60;20;60;5;True;2000;1;0;0;0;0;0;0;69.81109166145325;4.248836040496826;21281.351121156687;17508.913225751436;1061.1718720629676;2711.3199999999974;[45.35, 93.35, 31.35, 36.35, 19.75, 66.35, 48.35, 29.35, 65.35, 27.35, 52.35, 1.0, 23.35, 35.35, 34.35, 62.35, 19.05, 17.77, 39.35, 64.35, 67.35, 67.35, 73.35, 28.35, 3.24, 96.35, 13.77, 31.35, 91.35, 96.35, 34.35, 59.35, 77.35, 38.35, 53.35, 96.35, 11.77, 43.35, 58.35, 29.35, 33.35, 48.35, 31.35, 34.35, 40.35, 14.77, 59.35, 42.35, 47.35, 34.35, 59.35, 26.35, 49.35, 62.35, 21.35, 53.35, 47.35, 32.35, 29.35, 61.35];95.35;[1, 1, 1, 1, 3, 1, 3, 1, 3, 1, 1, 2, 1];2;20;True
60;20;60;6;True;2000;1;0;0;0;0;0;0;64.2124993801117;5.3493263721466064;21808.68601216929;18357.012543555385;1029.6594717855203;2422.220000000002;[42.17, 32.17, 78.17, 74.17, 44.17, 45.17, 34.17, 62.17, 78.17, 19.17, 26.17, 29.17, 49.17, 40.17, 30.17, 11.03, 50.17, 34.17, 32.17, 40.17, 39.17, 37.17, 47.17, 16.03, 70.17, 45.17, 48.17, 24.17, 29.17, 19.17, 36.17, 52.17, 40.17, 66.17, 46.17, 42.17, 50.17, 23.17, 29.17, 61.17, 76.17, 21.17, 22.17, 42.17, 35.17, 36.17, 14.03, 13.03, 34.17, 74.17, 58.17, 10.03, 12.03, 30.17, 50.17, 32.17, 78.17, 26.17, 64.17, 18.03];68.14;[1, 3, 2, 1, 1, 1, 2, 2, 1, 1, 1, 3, 1];2;20;True
70;20;70;1;True;2000;1;0;0;0;0;0;0;81.11683201789856;6.940194368362427;24110.216076234137;19349.712085263174;1339.5678541949828;3420.8799999999997;[72.48, 22.39, 27.39, 74.48, 57.48, 36.48, 38.48, 107.48, 53.48, 32.48, 12.22, 42.48, 104.48, 36.48, 57.48, 67.48, 16.18, 37.48, 60.48, 106.48, 56.48, 3.69, 83.48, 53.48, 36.48, 51.48, 21.39, 44.48, 28.48, 47.48, 54.48, 15.18, 38.48, 107.48, 42.48, 98.48, 44.48, 17.18, 19.39, 78.48, 23.39, 71.48, 24.39, 45.48, 21.39, 22.39, 22.39, 93.48, 82.48, 107.48, 27.39, 69.48, 31.48, 15.18, 53.48, 30.48, 86.48, 34.48, 75.48, 30.48, 78.48, 35.48, 69.48, 88.48, 23.39, 50.48, 31.48, 22.39, 17.18, 28.39];103.79;[1, 2, 3, 1, 1, 2, 2, 2, 1, 2, 1, 1, 1];2;20;True
70;20;70;2;True;2000;1;0;0;0;0;0;0;76.70188879966736;6.228390455245972;23028.460272421806;18707.13119451616;1192.963117573092;3128.399999999996;[30.72, 70.72, 97.72, 36.72, 28.72, 75.72, 24.72, 18.72, 18.72, 55.72, 21.72, 76.72, 19.72, 42.72, 36.72, 18.72, 12.72, 65.72, 51.72, 19.72, 97.72, 49.72, 34.72, 53.72, 97.72, 80.72, 21.72, 35.72, 20.72, 19.72, 97.72, 26.72, 54.72, 22.72, 97.72, 89.72, 64.72, 38.72, 16.72, 39.72, 37.72, 26.72, 42.72, 49.72, 32.72, 36.72, 32.72, 78.72, 37.72, 55.72, 37.72, 36.72, 47.72, 15.72, 54.72, 46.72, 50.72, 11.72, 19.72, 32.72, 25.72, 44.72, 34.72, 97.72, 50.72, 38.72, 89.72, 23.72, 40.72, 10.72];87.0;[1, 1, 1, 1, 1, 3, 1, 3, 1, 1, 2, 1, 1, 2];2;20;True
70;20;70;3;True;2000;1;0;0;0;0;0;0;87.41472911834717;5.9672629833221436;21975.724592302722;18142.098082679873;1141.045773819106;2692.289999999999;[36.41, 50.41, 46.41, 40.41, 46.41, 17.41, 16.41, 40.41, 59.41, 46.41, 13.41, 26.41, 91.41, 37.41, 19.41, 28.41, 21.41, 21.41, 16.41, 62.41, 23.41, 48.41, 84.41, 19.41, 22.41, 20.41, 59.41, 14.41, 20.41, 104.41, 18.41, 58.41, 66.41, 73.41, 66.41, 37.41, 46.41, 33.41, 31.41, 44.41, 25.41, 56.41, 26.41, 20.41, 27.41, 21.41, 33.41, 49.41, 31.41, 17.41, 24.41, 13.41, 77.41, 53.41, 19.41, 106.41, 11.41, 33.41, 63.41, 57.41, 84.41, 43.41, 31.41, 4.41, 8.41, 31.41, 37.41, 29.41, 2.0, 19.41];104.41;[1, 1, 1, 2, 1, 1, 2, 1, 1, 2, 1, 3, 1, 2];2;20;True
70;20;70;4;True;2000;1;0;0;0;0;0;0;71.15999603271484;6.047468185424805;21891.24229187319;17703.649365904028;942.4524035404102;3245.1199999999967;[17.07, 79.49, 13.07, 58.49, 74.49, 39.49, 47.49, 29.49, 17.07, 69.49, 14.07, 69.49, 17.07, 44.49, 84.49, 31.49, 44.49, 63.49, 34.49, 28.49, 50.49, 2.77, 26.49, 36.49, 20.07, 41.49, 55.49, 20.07, 43.49, 34.49, 69.49, 45.49, 90.49, 45.49, 83.49, 57.49, 46.49, 29.49, 50.49, 83.49, 42.49, 22.07, 90.49, 46.49, 68.49, 68.49, 46.49, 27.49, 36.49, 26.49, 36.49, 32.49, 72.49, 20.07, 83.49, 76.49, 44.49, 90.49, 28.49, 15.07, 13.07, 20.07, 48.49, 19.07, 30.49, 90.49, 59.49, 49.49, 90.49, 37.49];87.72;[1, 1, 1, 1, 3, 2, 1, 1, 2, 2, 1, 4];3;20;True
70;20;70;5;True;2000;1;0;0;0;0;0;0;70.82739615440369;6.3467323780059814;21902.63253278735;17684.05591706483;1045.278638654419;3173.2899999999995;[44.46, 91.46, 28.83, 34.83, 18.52, 66.46, 52.46, 27.81, 65.46, 23.81, 51.46, 1.0, 21.52, 34.83, 32.83, 91.46, 15.52, 14.52, 38.83, 64.46, 72.46, 67.46, 72.46, 25.81, 3.24, 66.46, 11.05, 29.83, 91.46, 91.46, 33.83, 59.46, 83.46, 37.83, 52.46, 91.46, 9.99, 42.46, 52.46, 27.81, 30.83, 45.46, 27.83, 31.83, 38.83, 11.05, 76.46, 40.83, 44.46, 31.83, 51.46, 24.81, 45.46, 61.46, 18.52, 49.46, 43.46, 29.83, 27.81, 56.46, 71.46, 30.83, 73.46, 55.46, 52.46, 34.83, 63.46, 74.46, 41.83, 43.46];90.46;[1, 1, 1, 1, 2, 3, 2, 1, 3, 1, 1, 2, 1];2;20;True
70;20;70;6;True;2000;1;0;0;0;0;0;0;92.58997631072998;7.163448810577393;22928.35794216908;18795.276502294822;1026.94915114061;3106.260000000002;[45.51, 32.81, 73.51, 82.51, 47.51, 52.51, 35.81, 124.51, 66.51, 19.43, 27.21, 30.21, 54.51, 46.51, 30.21, 9.4, 61.51, 36.81, 34.81, 48.51, 43.51, 38.81, 51.51, 15.92, 90.51, 59.51, 50.51, 25.0, 30.21, 20.43, 38.81, 54.51, 44.51, 51.51, 48.51, 47.51, 60.51, 26.21, 32.81, 61.51, 97.51, 21.55, 22.55, 43.51, 39.81, 37.81, 15.92, 13.92, 36.81, 75.51, 67.51, 10.4, 12.4, 30.21, 54.51, 34.81, 108.51, 27.21, 58.51, 17.92, 27.21, 23.55, 32.81, 27.21, 37.81, 79.51, 40.81, 52.51, 62.51, 42.81];115.11;[1, 1, 3, 1, 4, 1, 1, 1, 1, 1, 1, 3, 1];3;20;True
80;20;80;1;True;2000;1;0;0;0;0;0;0;88.78603386878967;8.53028130531311;23995.878710078887;18957.601031210455;1322.1290059435617;3716.0999999999967;[65.31, 23.31, 27.31, 77.31, 59.31, 36.31, 38.31, 114.31, 53.31, 31.31, 11.86, 42.31, 101.31, 36.31, 58.31, 66.31, 12.86, 38.31, 61.31, 46.31, 57.31, 3.44, 52.31, 49.31, 37.31, 51.31, 20.31, 45.31, 28.31, 49.31, 58.31, 11.86, 38.31, 49.31, 41.31, 78.31, 45.31, 14.86, 19.31, 87.31, 22.31, 71.31, 24.31, 84.31, 21.31, 21.31, 21.31, 101.31, 96.31, 103.31, 27.31, 62.31, 31.31, 12.86, 54.31, 29.31, 72.31, 33.31, 75.31, 30.31, 44.31, 35.31, 70.31, 77.31, 22.31, 50.31, 31.31, 21.31, 15.86, 28.31, 35.31, 94.31, 48.31, 21.31, 4.18, 64.31, 75.31, 45.31, 68.31, 27.31];110.87;[2, 2, 1, 1, 1, 4, 2, 1, 2, 1, 2, 1];3;20;True
80;20;80;2;True;2000;1;0;0;0;0;0;0;88.3986496925354;7.9350035190582275;23543.887637619384;18819.033869119965;1208.9403645981208;3515.939999999998;[30.27, 69.91, 108.91, 39.27, 28.27, 73.91, 23.27, 16.27, 16.27, 54.91, 21.27, 96.91, 18.27, 42.27, 36.27, 17.27, 11.98, 39.27, 50.91, 19.27, 104.91, 47.91, 36.27, 90.91, 91.91, 49.91, 20.27, 35.27, 20.27, 18.27, 70.91, 26.27, 47.91, 21.27, 49.91, 64.91, 64.91, 39.27, 15.64, 39.27, 53.91, 27.27, 43.91, 46.91, 35.27, 36.27, 34.27, 108.91, 37.27, 70.91, 43.91, 37.27, 46.91, 13.98, 54.91, 46.91, 50.91, 11.98, 17.27, 32.27, 25.27, 44.91, 34.27, 108.91, 68.91, 38.27, 83.91, 22.27, 40.27, 10.98, 37.27, 46.91, 61.91, 15.64, 61.91, 17.27, 36.27, 61.91, 34.27, 42.27];97.92999999999999;[1, 1, 3, 1, 1, 2, 1, 1, 1, 3, 1, 1, 1, 2];2;20;True
80;20;80;3;True;2000;1;0;0;0;0;0;0;89.76516032218933;7.887893199920654;22203.81946943981;17863.789022911624;1182.8618748078384;3157.309999999996;[40.99, 45.99, 48.99, 46.99, 62.99, 17.14, 15.14, 43.99, 62.99, 52.99, 12.18, 29.14, 97.99, 41.99, 19.14, 32.99, 21.14, 25.14, 15.14, 64.99, 25.14, 51.99, 87.99, 20.14, 25.14, 20.14, 63.99, 14.18, 20.14, 96.99, 18.14, 70.99, 52.99, 62.99, 48.99, 39.99, 47.99, 38.99, 37.99, 45.99, 25.14, 57.99, 30.99, 22.14, 28.14, 21.14, 37.99, 51.99, 33.99, 16.14, 25.14, 12.18, 41.99, 54.99, 19.14, 104.99, 11.18, 51.99, 78.99, 55.99, 61.99, 44.99, 37.99, 4.41, 7.16, 36.99, 40.99, 34.99, 2.0, 18.14, 17.14, 22.14, 15.14, 42.99, 38.99, 42.99, 84.99, 66.99, 29.14, 35.99];102.99;[1, 1, 1, 1, 1, 1, 1, 3, 1, 3, 1, 1, 4];3;20;True
80;20;80;4;True;2000;1;0;0;0;0;0;0;74.85915994644165;7.421912670135498;22666.459594026634;17493.987555094092;978.6904338584543;4193.899999999992;[18.33, 94.74, 13.33, 61.74, 78.74, 43.74, 59.74, 37.74, 17.33, 73.74, 14.33, 73.74, 17.33, 48.74, 95.74, 41.74, 50.74, 70.74, 44.74, 34.74, 60.74, 2.77, 30.74, 41.74, 21.33, 43.74, 56.74, 20.33, 47.74, 38.74, 76.74, 55.74, 95.74, 56.74, 60.74, 62.74, 55.74, 37.74, 57.74, 87.74, 46.74, 22.33, 95.74, 59.74, 61.74, 95.74, 56.74, 28.74, 46.74, 28.74, 43.74, 37.74, 79.74, 21.33, 80.74, 93.74, 47.74, 95.74, 30.74, 15.33, 13.33, 21.33, 59.74, 20.33, 59.74, 95.74, 63.74, 95.74, 57.74, 40.74, 38.74, 75.74, 44.74, 55.74, 29.74, 67.74, 85.74, 61.74, 83.74, 28.74];92.97;[1, 1, 1, 1, 1, 1, 1, 3, 1, 1, 2, 1, 3, 1, 1];2;20;True
80;20;80;5;True;2000;1;0;0;0;0;0;0;73.81461811065674;7.067621231079102;22091.816522831472;17966.161806388478;1047.0965384045824;3078.510000000003;[41.98, 86.98, 19.13, 26.13, 15.13, 62.98, 42.98, 24.13, 61.98, 14.13, 40.98, 1.0, 15.13, 25.13, 31.13, 61.98, 9.13, 8.13, 28.13, 61.98, 65.98, 62.98, 66.98, 19.13, 2.87, 86.98, 5.87, 26.13, 86.98, 86.98, 22.13, 55.98, 69.98, 28.13, 44.98, 86.98, 6.87, 32.13, 49.98, 18.13, 25.13, 37.13, 18.13, 23.13, 28.13, 5.87, 68.98, 29.13, 35.13, 22.13, 46.98, 20.13, 39.98, 57.98, 12.13, 47.98, 26.13, 20.13, 18.13, 60.98, 86.98, 20.13, 68.98, 52.98, 48.98, 28.13, 60.98, 66.98, 32.13, 38.13, 32.13, 68.98, 29.13, 39.98, 42.98, 2.77, 25.13, 39.13, 6.87, 39.13];85.98;[1, 1, 1, 1, 2, 2, 2, 2, 2, 1, 1, 1, 1, 1, 1];1;20;True
80;20;80;6;True;2000;1;0;0;0;0;0;0;71.77680826187134;8.900747299194336;22777.005614650618;19175.439254291494;991.5788842788443;2609.6699999999964;[33.35, 28.35, 62.35, 59.35, 38.35, 37.35, 30.35, 52.35, 51.35, 14.35, 22.35, 24.35, 39.35, 31.35, 26.35, 6.0, 50.35, 23.35, 27.35, 32.35, 30.35, 32.35, 40.35, 9.49, 64.35, 46.35, 33.35, 19.35, 25.35, 13.35, 27.35, 43.35, 38.35, 44.35, 41.35, 35.35, 42.35, 18.35, 21.35, 48.35, 71.35, 18.35, 17.35, 39.35, 25.35, 28.35, 8.49, 8.0, 24.35, 70.35, 71.35, 8.0, 6.0, 26.35, 42.35, 23.35, 71.35, 21.35, 71.35, 11.35, 19.35, 18.35, 20.35, 21.35, 24.35, 71.35, 30.35, 45.35, 47.35, 37.35, 71.35, 33.35, 2.0, 25.35, 20.35, 10.35, 11.35, 30.35, 30.35, 9.49];69.35;[1, 1, 1, 2, 1, 2, 1, 1, 1, 2, 1, 4, 2];3;20;True
90;20;90;1;True;2000;1;0;0;0;0;0;0;75.61402106285095;9.158970355987549;24236.539881600158;19196.959852826825;1370.1314584908387;3669.149999999998;[61.14, 20.14, 24.14, 70.14, 54.14, 31.14, 32.14, 82.14, 50.14, 28.14, 10.93, 37.14, 69.14, 32.14, 55.14, 61.14, 12.39, 30.14, 59.14, 36.14, 54.14, 3.33, 43.14, 42.14, 30.14, 48.14, 19.14, 38.14, 24.14, 42.14, 52.14, 12.39, 32.14, 38.14, 38.14, 78.14, 38.14, 13.39, 17.14, 65.14, 22.14, 82.14, 21.14, 77.14, 17.14, 20.14, 19.14, 78.14, 82.14, 82.14, 23.14, 57.14, 29.14, 12.39, 51.14, 26.14, 66.14, 28.14, 70.14, 27.14, 36.14, 30.14, 67.14, 82.14, 21.14, 48.14, 27.14, 20.14, 14.39, 24.14, 27.14, 81.14, 36.14, 19.14, 4.05, 61.14, 69.14, 36.14, 44.14, 25.14, 42.14, 68.14, 70.14, 28.14, 69.14, 9.05, 16.39, 16.39, 47.14, 50.14];78.81;[2, 1, 1, 2, 2, 3, 1, 2, 2, 1, 1, 1, 1];2;20;True
90;20;90;2;True;2000;1;0;0;0;0;0;0;86.7106020450592;10.21413803100586;23890.66168576059;18553.897502325253;1205.200055829262;4131.560000000007;[31.38, 83.38, 102.38, 41.38, 30.38, 79.38, 26.38, 19.38, 18.38, 57.38, 22.38, 95.38, 20.38, 43.38, 38.38, 18.38, 14.38, 41.38, 55.38, 20.38, 102.38, 52.38, 37.38, 102.38, 61.38, 67.38, 24.38, 36.38, 24.38, 20.38, 76.38, 30.38, 61.38, 23.38, 60.38, 102.38, 76.38, 40.38, 17.38, 41.38, 63.38, 31.38, 45.38, 51.38, 36.38, 38.38, 34.38, 82.38, 39.38, 60.38, 44.38, 39.38, 53.38, 15.38, 59.38, 48.38, 55.38, 11.56, 19.38, 35.38, 28.38, 47.38, 36.38, 102.38, 54.38, 40.38, 88.38, 23.38, 42.38, 11.56, 39.38, 50.38, 64.38, 17.38, 64.38, 19.38, 37.38, 64.38, 36.38, 43.38, 50.38, 67.38, 24.38, 25.38, 54.38, 43.38, 31.38, 59.38, 17.38, 63.38];90.82;[2, 1, 2, 1, 1, 1, 1, 1, 4, 1, 1, 1, 2, 1];3;20;True
90;20;90;3;True;2000;1;0;0;0;0;0;0;88.68337845802307;9.028610467910767;22476.490676101515;17505.886841089843;1197.0130805008803;3773.5899999999983;[44.96, 47.49, 51.49, 53.49, 44.96, 18.96, 18.96, 47.49, 64.49, 55.49, 12.96, 32.96, 99.49, 44.96, 20.96, 35.96, 22.96, 29.96, 17.96, 67.49, 29.96, 54.49, 93.49, 23.96, 30.96, 22.96, 68.49, 14.96, 20.96, 59.49, 18.96, 69.49, 56.49, 60.49, 51.49, 42.96, 57.49, 42.96, 41.96, 48.49, 27.96, 60.49, 33.96, 26.96, 28.96, 23.96, 39.96, 55.49, 35.96, 18.96, 27.96, 14.96, 46.49, 58.49, 20.96, 83.49, 12.69, 52.49, 69.49, 61.49, 64.49, 48.49, 41.96, 4.45, 9.34, 38.96, 43.96, 36.96, 2.0, 19.96, 18.96, 25.96, 17.96, 45.96, 41.96, 47.49, 89.49, 71.49, 32.96, 38.96, 15.96, 82.49, 97.49, 25.96, 44.96, 13.96, 58.49, 41.96, 59.49, 45.96];97.49;[1, 1, 3, 1, 1, 1, 1, 1, 1, 2, 3, 3, 1];2;20;True
90;20;90;4;True;2000;1;0;0;0;0;0;0;79.61936855316162;7.7461700439453125;22754.899378164606;17872.03695926509;937.8695005917627;3944.7200000000043;[12.86, 82.69, 11.86, 57.69, 73.69, 31.69, 45.69, 27.69, 15.69, 67.69, 10.86, 68.69, 11.86, 38.69, 75.69, 42.69, 42.69, 63.69, 33.69, 26.69, 49.69, 2.24, 24.69, 34.69, 16.69, 40.69, 42.69, 18.69, 42.69, 32.69, 68.69, 42.69, 88.69, 42.69, 61.69, 54.69, 45.69, 27.69, 49.69, 84.69, 41.69, 20.69, 88.69, 44.69, 46.69, 58.69, 43.69, 25.69, 34.69, 24.69, 34.69, 31.69, 73.69, 17.69, 86.69, 82.69, 43.69, 45.69, 26.69, 12.86, 11.86, 17.69, 46.69, 16.69, 32.69, 86.69, 58.69, 88.69, 29.69, 36.69, 35.69, 67.69, 40.69, 41.69, 23.69, 49.69, 80.69, 52.69, 75.69, 24.69, 74.69, 56.69, 88.69, 18.69, 62.69, 27.69, 8.57, 46.69, 26.69, 13.86];86.45;[1, 1, 1, 1, 1, 1, 1, 2, 1, 1, 2, 1, 1, 1, 1, 3];2;20;True
90;20;90;5;True;2000;1;0;0;0;0;0;0;83.40274000167847;10.824113607406616;22195.121756214943;17759.27524185955;1058.3340041128808;3377.409999999997;[39.45, 84.45, 19.84, 26.84, 15.1, 60.45, 39.45, 24.84, 60.45, 13.1, 35.45, 1.0, 15.1, 25.84, 22.84, 79.45, 9.1, 8.36, 28.84, 59.45, 42.45, 59.45, 74.45, 18.84, 3.0, 50.45, 7.36, 26.84, 82.45, 69.45, 22.84, 53.45, 56.45, 28.84, 43.45, 58.45, 7.36, 29.84, 57.45, 18.84, 25.84, 34.84, 19.84, 23.84, 28.84, 7.36, 76.45, 28.84, 29.84, 22.84, 42.45, 19.84, 34.84, 57.45, 12.1, 44.45, 26.84, 20.84, 18.84, 46.45, 58.45, 20.84, 66.45, 49.45, 47.45, 28.84, 58.45, 69.45, 30.84, 36.45, 28.84, 65.45, 28.84, 38.45, 42.45, 2.0, 25.84, 38.45, 7.36, 39.45, 90.45, 90.45, 57.45, 4.0, 26.84, 64.45, 73.45, 31.84, 16.1, 34.84];89.45;[1, 2, 1, 1, 1, 1, 1, 2, 1, 1, 1, 2, 3, 1, 1];2;20;True
90;20;90;6;True;2000;1;0;0;0;0;0;0;90.24948024749756;12.390236616134644;23183.410456643258;19016.319603649958;1014.231683322725;3152.800000000004;[35.19, 29.23, 54.13, 62.13, 39.19, 43.05, 31.23, 59.13, 54.13, 15.23, 23.23, 25.23, 47.13, 40.19, 27.23, 6.66, 51.13, 26.23, 27.23, 35.19, 35.19, 34.19, 45.13, 11.03, 65.13, 38.19, 36.19, 20.23, 26.23, 14.23, 30.23, 46.13, 36.19, 46.13, 43.05, 38.19, 55.13, 17.23, 22.23, 51.13, 78.13, 19.23, 17.23, 40.19, 28.23, 30.23, 10.03, 9.03, 27.23, 96.13, 52.13, 8.67, 8.67, 27.23, 46.13, 26.23, 96.13, 22.23, 39.19, 13.23, 20.23, 19.23, 22.23, 22.23, 28.23, 89.13, 32.23, 63.13, 50.13, 39.19, 81.13, 33.19, 2.0, 28.23, 24.23, 11.03, 13.23, 35.19, 32.23, 11.03, 54.13, 56.13, 34.19, 28.23, 28.23, 42.05, 20.23, 9.03, 11.03, 73.13];94.13;[2, 1, 2, 2, 1, 1, 3, 3, 1, 3, 1];2;20;True
100;20;100;1;True;2000;1;0;0;0;0;0;0;80.06309723854065;12.803521871566772;24827.987412103193;19399.4276325661;1333.888259153121;4094.3100000000077;[61.53, 18.53, 24.53, 71.53, 54.53, 31.53, 33.53, 81.53, 53.53, 28.53, 10.66, 37.53, 70.53, 32.53, 55.53, 61.53, 11.66, 29.53, 58.53, 38.53, 54.53, 3.39, 65.53, 45.53, 30.53, 48.53, 18.53, 40.53, 25.53, 43.53, 52.53, 11.66, 33.53, 40.53, 39.53, 84.53, 40.53, 12.66, 16.63, 66.53, 21.53, 84.53, 20.53, 82.53, 15.63, 18.53, 18.53, 84.53, 84.53, 69.53, 24.53, 58.53, 28.53, 11.66, 51.53, 26.53, 67.53, 29.53, 72.53, 27.53, 38.53, 30.53, 67.53, 81.53, 19.53, 48.53, 27.53, 19.53, 12.89, 25.53, 28.53, 50.53, 36.53, 16.63, 4.17, 59.53, 70.53, 39.53, 52.53, 25.53, 44.53, 69.53, 72.53, 28.53, 70.53, 9.66, 16.63, 15.63, 48.53, 49.53, 15.63, 8.11, 11.66, 84.53, 12.89, 48.53, 40.53, 84.53, 29.53, 37.53];81.14;[1, 1, 2, 2, 5, 2, 1, 1, 2, 1, 2];4;20;True
100;20;100;2;True;2000;1;0;0;0;0;0;0;74.07422304153442;11.5870840549469;25058.527111081527;18587.903147490677;1198.725549432078;5271.860000000011;[34.06, 86.76, 74.76, 55.76, 34.06, 86.76, 33.06, 25.06, 24.06, 63.76, 28.06, 86.76, 25.06, 48.76, 52.76, 23.06, 15.06, 55.76, 64.76, 27.06, 75.76, 63.76, 45.76, 86.76, 73.76, 67.76, 31.06, 47.76, 31.06, 22.06, 86.76, 38.06, 73.76, 27.06, 71.76, 79.76, 79.76, 45.76, 17.89, 45.76, 78.76, 40.06, 55.76, 59.76, 47.76, 47.76, 46.76, 86.76, 48.76, 72.76, 56.76, 49.76, 63.76, 16.89, 71.76, 52.76, 66.76, 12.06, 24.06, 44.76, 34.06, 54.76, 42.06, 86.76, 66.76, 44.06, 86.76, 27.06, 49.76, 12.06, 51.76, 58.76, 70.76, 24.06, 69.76, 25.06, 46.76, 70.76, 40.06, 48.76, 60.76, 72.76, 31.06, 28.06, 62.76, 49.76, 41.06, 65.76, 18.06, 86.76, 71.76, 86.76, 49.76, 24.06, 60.76, 86.76, 86.76, 45.76, 86.76, 44.06];74.7;[2, 2, 1, 1, 1, 1, 1, 1, 1, 1, 2, 1, 1, 1, 1, 1, 1];1;20;True
100;20;100;3;True;2000;1;0;0;0;0;0;0;95.69356322288513;13.161040306091309;23121.667796804253;17879.96222422533;1196.0316250732453;4045.8599999999965;[43.39, 47.39, 50.39, 54.39, 42.39, 19.39, 19.39, 46.39, 63.39, 62.39, 13.39, 31.39, 67.39, 43.39, 21.39, 34.39, 22.39, 26.39, 19.39, 65.39, 26.39, 53.39, 88.39, 22.39, 26.39, 22.39, 65.39, 15.39, 21.39, 57.39, 19.39, 65.39, 55.39, 59.39, 50.39, 41.39, 56.39, 40.39, 39.39, 47.39, 27.39, 59.39, 33.39, 23.39, 28.39, 23.39, 38.39, 54.39, 35.39, 18.39, 27.39, 15.39, 45.39, 58.39, 21.39, 80.39, 14.39, 66.39, 100.39, 63.39, 63.39, 47.39, 39.39, 4.45, 9.39, 37.39, 42.39, 36.39, 2.0, 20.39, 20.39, 23.39, 18.39, 44.39, 41.39, 46.39, 84.39, 67.39, 30.39, 36.39, 16.39, 78.39, 93.39, 23.39, 43.39, 13.39, 58.39, 39.39, 58.39, 43.39, 82.39, 55.39, 34.39, 48.39, 8.58, 15.39, 27.39, 26.39, 41.39, 20.39];98.39;[1, 1, 1, 1, 1, 1, 2, 1, 3, 1, 4, 1, 1, 1];3;20;True
100;20;100;4;True;2000;1;0;0;0;0;0;0;87.27656316757202;11.782604217529297;24226.990111545685;18108.238166546573;971.9638616761868;5146.620000000008;[17.5, 92.8, 13.43, 61.8, 78.8, 43.8, 57.8, 38.8, 17.5, 94.8, 13.94, 73.8, 15.94, 48.8, 85.8, 42.8, 51.8, 70.8, 45.8, 36.8, 60.8, 2.86, 34.58, 42.8, 21.3, 44.8, 54.8, 20.3, 47.8, 39.8, 76.8, 53.8, 84.8, 54.8, 60.8, 62.8, 49.8, 38.8, 56.8, 90.8, 47.8, 22.3, 102.8, 56.8, 56.8, 78.8, 54.8, 30.02, 46.8, 30.02, 42.8, 39.8, 79.8, 21.3, 72.8, 86.8, 48.8, 56.8, 33.02, 14.94, 13.43, 21.3, 92.8, 20.3, 39.8, 89.8, 66.8, 102.8, 42.8, 40.8, 38.8, 85.8, 44.8, 53.8, 32.02, 60.8, 86.8, 61.8, 86.8, 31.02, 84.8, 62.8, 71.8, 22.3, 66.8, 37.8, 8.76, 52.8, 38.8, 16.94, 102.8, 35.58, 43.8, 27.02, 83.8, 32.02, 50.8, 35.58, 37.8, 93.8];99.94;[1, 2, 1, 1, 2, 1, 1, 1, 3, 3, 1, 1, 2];2;20;True
100;20;100;5;True;2000;1;0;0;0;0;0;0;65.16410231590271;12.36099100112915;23206.242740202786;17715.994600388076;1099.6708840175922;4390.390000000001;[43.18, 69.53, 27.07, 35.33, 17.14, 66.53, 51.53, 26.07, 65.53, 19.14, 49.18, 1.0, 18.14, 34.33, 38.91, 65.53, 12.86, 11.47, 38.91, 64.53, 69.53, 66.53, 69.53, 23.07, 3.0, 59.53, 8.47, 28.94, 69.53, 69.53, 34.33, 59.53, 63.53, 36.91, 49.18, 69.53, 7.66, 41.65, 52.53, 24.07, 28.94, 45.18, 27.07, 30.94, 38.91, 8.47, 60.53, 40.91, 49.18, 30.94, 40.91, 22.07, 45.18, 61.53, 15.14, 50.18, 40.91, 28.94, 23.07, 56.53, 69.53, 30.94, 69.53, 55.53, 53.53, 33.94, 63.53, 45.18, 41.65, 42.65, 44.18, 69.53, 39.91, 44.18, 46.18, 2.0, 34.33, 44.18, 8.47, 44.18, 69.53, 69.53, 65.53, 3.86, 30.94, 69.53, 69.53, 44.18, 21.34, 50.18, 42.65, 53.53, 69.53, 61.53, 48.18, 69.53, 69.53, 69.53, 63.53, 57.53];68.53;[1, 1, 1, 1, 2, 1, 2, 1, 1, 1, 1, 2, 1, 2, 1, 1];1;20;True
100;20;100;6;True;2000;1;0;0;0;0;0;0;79.11394906044006;14.274657011032104;24030.52519149801;18954.924774228803;955.2523088365192;4120.269999999998;[43.48, 32.49, 60.79, 68.79, 45.48, 52.48, 35.49, 60.79, 59.79, 19.49, 26.49, 29.49, 54.57, 51.48, 30.49, 10.0, 54.57, 36.88, 32.49, 47.48, 44.48, 38.88, 49.48, 15.49, 78.79, 48.48, 48.48, 25.49, 29.49, 20.49, 37.88, 53.48, 44.48, 51.48, 48.48, 46.48, 55.79, 25.49, 31.49, 57.79, 78.79, 21.49, 22.49, 43.48, 39.48, 36.88, 12.99, 11.29, 35.88, 78.79, 57.79, 10.0, 11.29, 30.49, 53.48, 33.49, 78.79, 27.49, 48.48, 18.49, 26.49, 23.49, 31.49, 27.49, 37.88, 74.79, 40.48, 52.48, 59.79, 42.48, 64.79, 38.88, 2.8, 39.48, 33.49, 15.49, 18.49, 45.48, 37.88, 15.49, 59.79, 58.79, 44.48, 35.88, 37.88, 49.48, 29.49, 11.29, 15.49, 78.79, 19.49, 59.79, 8.35, 58.79, 38.88, 62.79, 78.79, 72.79, 57.79, 55.57];75.99000000000001;[1, 1, 1, 5, 1, 1, 1, 2, 2, 1, 1, 1, 1, 1];4;20;True
30;30;30;1;True;2000;1;0;0;0;0;0;0;73.55219650268555;2.1331822872161865;30390.551820610497;26306.710084664173;1803.1193645708993;2280.7200000000003;[107.37, 24.67, 35.67, 107.37, 107.37, 59.26, 56.26, 107.37, 55.26, 38.67, 12.08, 89.26, 95.37, 107.37, 72.26, 107.37, 47.67, 62.26, 106.37, 107.37, 93.26, 4.1, 92.26, 79.26, 107.37, 76.26, 31.67, 88.26, 107.37, 94.26];103.27000000000001;[2, 1, 1, 4, 1, 1, 1, 1, 1, 1, 1, 2, 2, 3, 1, 1, 3, 1, 1, 1];3;30;True
30;30;30;2;True;2000;1;0;0;0;0;0;0;78.26138210296631;2.7338051795959473;30549.886706267316;26307.043413586904;1928.6053246838626;2314.2999999999993;[73.83, 101.83, 75.83, 80.83, 59.83, 113.83, 88.83, 46.83, 32.83, 113.83, 49.83, 113.83, 53.83, 62.83, 90.83, 36.83, 16.03, 92.83, 113.83, 34.83, 113.83, 104.83, 74.83, 104.83, 96.83, 87.83, 92.83, 113.83, 48.83, 22.03];97.8;[2, 1, 4, 2, 1, 2, 1, 1, 1, 2, 1, 2, 1, 1, 1, 2, 1, 4];3;30;True
30;30;30;3;True;2000;1;0;0;0;0;0;0;91.55695629119873;2.6400704383850098;30081.977972511515;25930.940113370238;1818.1918753104069;2332.84;[92.94, 97.94, 88.94, 126.94, 127.94, 26.56, 27.95, 75.13, 120.94, 104.94, 13.99, 61.35, 136.94, 86.94, 55.34, 76.13, 52.34, 59.35, 33.13, 118.94, 37.13, 116.94, 107.94, 35.13, 51.34, 54.34, 136.94, 31.13, 55.34, 121.94];122.95;[1, 1, 2, 1, 1, 1, 1, 2, 1, 1, 1, 2, 1, 1, 2, 1, 2, 1, 4, 3];3;30;True
30;30;30;4;True;2000;1;0;0;0;0;0;0;94.43131232261658;2.493007183074951;32697.267622366246;28756.722003651787;1584.8130663935272;2355.8099999999995;[29.53, 134.31, 36.31, 65.31, 96.31, 119.31, 134.31, 66.31, 33.31, 89.31, 22.72, 80.31, 42.31, 99.31, 120.31, 134.31, 85.31, 95.31, 69.31, 134.31, 134.31, 16.97, 86.31, 62.31, 53.31, 51.31, 91.31, 31.53, 81.31, 59.31];117.34;[2, 2, 1, 1, 1, 1, 3, 4, 1, 2, 1, 2, 2, 4, 2, 1];3;30;True
30;30;30;5;True;2000;1;0;0;0;0;0;0;90.1320583820343;2.229238748550415;30881.047324567815;26947.784117461637;1652.856545934617;2280.47;[58.24, 121.06, 66.24, 125.06, 16.38, 130.06, 88.06, 34.24, 77.14, 45.24, 91.06, 3.0, 52.24, 99.06, 55.24, 130.06, 48.24, 28.24, 116.06, 73.14, 74.14, 111.06, 121.06, 48.24, 4.0, 123.06, 19.49, 61.24, 130.06, 130.06];127.06;[1, 2, 2, 1, 1, 1, 1, 1, 2, 2, 2, 1, 1, 1, 1, 3, 1, 2, 4];3;30;True
30;30;30;6;True;2000;1;0;0;0;0;0;0;74.33119463920593;2.548769474029541;31062.05208839712;27308.838854365025;1498.3018984908076;2254.9199999999996;[101.52, 57.52, 110.52, 100.52, 98.52, 104.52, 74.52, 111.52, 102.52, 24.24, 29.24, 47.52, 111.52, 74.52, 86.52, 14.24, 111.52, 49.52, 69.52, 91.52, 55.52, 85.52, 87.52, 38.24, 111.52, 82.52, 107.52, 44.52, 32.24, 38.24];97.28;[1, 2, 2, 1, 2, 2, 3, 2, 1, 1, 1, 2, 1, 1, 3, 1, 2, 2];2;30;True
40;30;40;1;True;2000;1;0;0;0;0;0;0;76.38523483276367;3.7057132720947266;30646.963847969306;26440.035677718024;1797.3699575091168;2409.46;[102.18, 26.18, 30.18, 89.18, 102.18, 38.18, 40.18, 102.18, 51.18, 36.18, 13.15, 55.18, 101.18, 47.18, 59.18, 68.18, 17.18, 50.18, 92.18, 83.18, 67.18, 4.47, 100.18, 54.18, 46.18, 60.18, 23.18, 87.18, 38.18, 102.18, 67.18, 16.18, 60.18, 102.18, 46.18, 102.18, 102.18, 19.18, 22.18, 84.18];97.71000000000001;[2, 1, 3, 2, 1, 3, 1, 1, 1, 1, 1, 1, 1, 2, 1, 1, 2, 2, 2, 1];2;30;True
40;30;40;2;True;2000;1;0;0;0;0;0;0;84.86492156982422;4.031263828277588;29991.544717932276;25739.51534472278;1886.5414430529142;2365.4599999999996;[31.72, 94.72, 70.72, 92.72, 48.72, 111.72, 38.72, 20.62, 19.62, 98.72, 32.72, 116.72, 22.62, 46.72, 88.72, 19.62, 11.9, 44.72, 86.72, 23.62, 116.72, 70.72, 52.72, 116.72, 84.72, 53.72, 25.72, 41.72, 25.72, 19.62, 100.72, 29.72, 80.72, 24.62, 58.72, 116.72, 107.72, 44.72, 15.9, 55.72];104.82;[1, 1, 1, 2, 2, 1, 1, 1, 1, 2, 1, 1, 2, 2, 1, 1, 1, 2, 2, 3, 1];2;30;True
40;30;40;3;True;2000;1;0;0;0;0;0;0;77.24254894256592;4.480299711227417;30284.8675825167;26095.85815459267;1841.1631798647288;2347.77;[68.87, 49.78, 83.17, 73.87, 98.17, 27.31, 25.54, 50.78, 98.17, 93.17, 15.74, 37.58, 98.17, 50.78, 25.54, 39.74, 29.95, 54.87, 25.54, 98.17, 32.94, 59.87, 98.17, 29.95, 34.27, 28.31, 92.17, 16.29, 24.54, 78.17, 23.54, 68.87, 98.17, 93.17, 55.87, 50.78, 73.87, 69.87, 98.17, 75.87];82.43;[1, 1, 1, 2, 1, 2, 2, 1, 2, 2, 1, 1, 1, 5, 3, 1, 1, 1, 1];4;30;True
40;30;40;4;True;2000;1;0;0;0;0;0;0;102.09010934829712;3.701366901397705;33182.38184864392;29105.30877364173;1552.0226890046456;2525.03;[14.72, 85.34, 11.61, 57.34, 72.34, 39.62, 132.63, 36.22, 16.72, 93.63, 11.72, 111.63, 14.72, 62.34, 94.63, 143.63, 52.36, 74.34, 52.36, 47.36, 135.63, 3.41, 32.03, 48.36, 21.15, 42.45, 100.63, 19.69, 53.34, 40.62, 97.63, 80.34, 88.63, 109.63, 105.63, 78.34, 46.36, 37.22, 70.34, 88.34];140.22;[1, 1, 3, 2, 2, 1, 3, 1, 1, 1, 2, 1, 1, 2, 1, 2, 2, 1, 2];2;30;True
40;30;40;5;True;2000;1;0;0;0;0;0;0;92.58317756652832;3.914804458618164;30868.29745482596;27035.394284181464;1624.2866143992733;2208.770000000001;[41.9, 50.9, 34.9, 33.88, 19.41, 115.9, 59.9, 28.41, 80.9, 25.41, 53.9, 3.0, 21.41, 33.58, 40.9, 118.9, 17.41, 15.41, 93.9, 58.9, 58.9, 79.9, 65.9, 38.9, 4.83, 113.9, 13.07, 31.58, 111.9, 118.9, 33.9, 54.9, 118.9, 57.9, 44.9, 115.9, 12.07, 51.9, 88.9, 42.9];115.9;[2, 1, 1, 1, 3, 1, 1, 1, 2, 1, 5, 2, 2, 1, 2, 3, 1];4;30;True
40;30;40;6;True;2000;1;0;0;0;0;0;0;102.28820657730103;4.4777445793151855;32026.8172146761;28011.174690728858;1504.053362162766;2511.6;[50.6, 32.92, 121.64, 108.64, 59.64, 92.64, 36.59, 107.64, 73.64, 20.83, 28.02, 34.59, 99.64, 46.6, 31.92, 9.84, 83.64, 36.59, 39.59, 96.64, 44.59, 39.59, 58.64, 18.35, 126.64, 67.64, 94.64, 27.02, 30.92, 22.02, 39.59, 86.64, 43.59, 139.64, 73.64, 85.64, 143.64, 28.76, 32.92, 95.64];133.79999999999998;[1, 3, 1, 1, 2, 1, 1, 2, 1, 2, 2, 2, 1, 1, 1, 3, 3, 2];2;30;True
50;30;50;1;True;2000;1;0;0;0;0;0;0;67.3634181022644;5.826659679412842;30457.58442654776;26299.09242205557;1827.0108050498063;2331.4599999999996;[75.26, 23.87, 27.71, 65.97, 57.97, 33.71, 34.71, 75.26, 47.86, 30.71, 12.73, 36.71, 74.26, 34.71, 54.86, 66.97, 14.88, 39.95, 75.26, 75.26, 62.97, 3.85, 46.82, 67.97, 46.04, 46.82, 20.87, 46.86, 27.71, 72.97, 47.86, 14.42, 34.71, 75.26, 55.97, 75.26, 75.26, 16.88, 20.02, 58.97, 22.87, 75.26, 24.87, 44.25, 20.87, 21.87, 21.87, 72.97, 75.26, 75.26];71.41000000000001;[2, 1, 1, 1, 3, 1, 1, 1, 2, 1, 2, 2, 3, 2, 1, 2, 4];3;30;True
50;30;50;2;True;2000;1;0;0;0;0;0;0;90.9007465839386;6.829453468322754;30966.739865181164;26225.695789983267;1865.3683010576258;2875.800000000002;[31.49, 78.9, 68.9, 59.9, 31.49, 121.9, 30.49, 20.1, 20.1, 110.9, 23.93, 121.9, 21.8, 46.9, 42.9, 19.1, 11.99, 71.9, 79.9, 21.8, 121.9, 70.9, 39.9, 99.9, 120.9, 52.9, 24.93, 45.9, 24.93, 20.1, 103.9, 32.91, 82.9, 23.93, 101.9, 106.9, 93.9, 41.9, 16.1, 42.9, 45.9, 33.91, 54.9, 69.9, 38.9, 40.9, 37.9, 121.9, 54.9, 70.9];109.91000000000001;[1, 4, 1, 1, 2, 1, 2, 1, 1, 2, 1, 3, 2, 2, 1, 1, 1, 1, 1, 1];3;30;True
50;30;50;3;True;2000;1;0;0;0;0;0;0;89.65520095825195;6.234217882156372;30246.89796371432;25966.988885051607;1777.6863302984968;2502.2999999999997;[41.36, 49.36, 79.36, 53.36, 111.36, 25.36, 24.36, 42.36, 97.36, 71.36, 16.51, 31.36, 104.36, 39.36, 24.36, 34.36, 25.36, 36.36, 24.36, 111.36, 29.36, 54.36, 110.36, 26.36, 29.36, 26.36, 95.36, 16.51, 23.36, 111.36, 22.36, 59.36, 55.36, 78.36, 77.36, 39.36, 50.36, 39.36, 88.36, 46.36, 29.36, 69.36, 30.36, 27.36, 30.36, 27.36, 36.36, 70.36, 35.36, 23.36];94.85;[1, 1, 2, 2, 2, 2, 3, 1, 2, 2, 1, 1, 1, 2, 2, 1, 1, 1, 1, 1];2;30;True
50;30;50;4;True;2000;1;0;0;0;0;0;0;93.39100122451782;6.0068442821502686;33012.35021790532;28510.762503402337;1610.0280587662494;2891.4;[15.47, 90.11, 12.15, 58.11, 73.11, 124.11, 46.11, 36.11, 16.15, 105.11, 12.15, 84.11, 15.15, 75.11, 98.11, 86.11, 54.11, 77.11, 52.11, 35.11, 103.11, 3.41, 32.11, 43.11, 20.89, 43.11, 60.11, 19.89, 58.11, 38.11, 110.11, 115.11, 98.11, 47.11, 72.11, 59.11, 47.11, 35.11, 71.11, 83.11, 45.11, 21.89, 112.11, 46.11, 118.11, 77.11, 45.11, 29.48, 41.11, 29.48];120.7;[3, 5, 1, 3, 1, 1, 1, 1, 1, 2, 2, 1, 1, 1, 2, 2, 1, 1];4;30;True
50;30;50;5;True;2000;1;0;0;0;0;0;0;76.84295630455017;5.510225772857666;30980.904721288458;26787.890450657815;1659.0870956129984;2533.7900000000004;[42.13, 65.13, 36.13, 33.13, 18.67, 63.13, 59.13, 27.93, 62.13, 22.67, 95.13, 3.0, 20.67, 33.13, 47.13, 95.13, 16.67, 14.67, 79.13, 61.13, 95.13, 87.13, 95.13, 25.41, 4.83, 70.13, 11.71, 29.93, 95.13, 95.13, 32.13, 59.13, 95.13, 39.13, 51.13, 95.13, 11.61, 81.13, 89.13, 26.58, 33.13, 62.13, 25.58, 29.93, 48.13, 11.71, 94.13, 60.13, 53.13, 29.93];92.13;[2, 1, 3, 1, 1, 1, 1, 1, 3, 1, 1, 4, 1, 2, 2, 1, 2, 1, 1];3;30;True
50;30;50;6;True;2000;1;0;0;0;0;0;0;98.27903604507446;7.010980606079102;31809.732891481355;27844.412074676915;1493.69721850057;2471.6400000000017;[43.42, 33.21, 82.88, 100.88, 51.42, 46.42, 36.42, 61.42, 71.42, 21.67, 28.21, 30.21, 71.42, 41.42, 31.21, 9.85, 76.88, 33.21, 34.21, 67.42, 43.42, 38.42, 50.42, 19.67, 117.88, 58.42, 60.42, 26.21, 30.21, 22.69, 37.42, 63.42, 41.42, 116.88, 53.42, 69.42, 75.88, 26.21, 30.21, 61.42, 122.88, 22.69, 24.18, 43.42, 62.42, 37.42, 17.67, 15.67, 34.21, 74.42];113.03;[1, 3, 1, 1, 2, 1, 1, 3, 2, 1, 1, 1, 1, 2, 2, 4, 1, 1, 1];3;30;True
60;30;60;1;True;2000;1;0;0;0;0;0;0;84.67113256454468;10.153843402862549;31360.382659352174;26631.649978388657;1795.6476618460763;2932.9800000000023;[68.03, 21.42, 26.42, 95.03, 55.03, 33.03, 34.03, 95.03, 48.03, 30.03, 12.67, 36.03, 66.03, 34.03, 68.03, 59.03, 16.25, 31.03, 56.03, 79.03, 53.03, 3.85, 40.03, 50.03, 62.03, 46.03, 21.42, 60.03, 27.42, 92.03, 53.03, 14.51, 34.03, 95.03, 39.03, 86.03, 95.03, 17.42, 20.42, 66.03, 23.42, 95.03, 24.42, 39.03, 20.42, 22.42, 22.42, 95.03, 87.03, 87.03, 25.42, 68.03, 32.03, 15.37, 53.03, 28.03, 79.03, 51.03, 95.03, 29.03];91.18;[1, 3, 1, 1, 3, 1, 1, 1, 1, 1, 3, 1, 1, 1, 3, 1, 3, 1, 2];2;30;True
60;30;60;2;True;2000;1;0;0;0;0;0;0;119.81850385665894;11.065817832946777;32144.459521879133;27386.74339810226;1870.2129267550952;2887.7099999999987;[28.54, 67.79, 61.79, 82.79, 27.54, 145.79, 21.54, 16.4, 15.4, 91.79, 19.54, 119.79, 17.4, 40.79, 28.79, 16.4, 11.4, 29.79, 56.79, 17.54, 145.79, 38.79, 29.79, 132.79, 87.79, 49.79, 17.54, 27.54, 17.54, 18.54, 98.79, 21.54, 39.79, 19.54, 123.79, 81.79, 66.79, 36.79, 15.4, 36.79, 29.79, 21.54, 39.79, 49.79, 26.54, 30.79, 26.54, 130.79, 33.79, 67.79, 63.79, 37.79, 49.79, 14.4, 47.79, 43.79, 91.79, 10.97, 17.4, 28.54];134.82;[1, 4, 1, 2, 2, 2, 2, 1, 2, 2, 1, 1, 2, 1, 2, 2, 2];3;30;True
60;30;60;3;True;2000;1;0;0;0;0;0;0;88.21242642402649;8.621888160705566;30562.909325601675;25840.324363200838;1804.0510099896076;2918.5899999999997;[46.06, 53.98, 51.98, 59.98, 51.98, 23.5, 21.5, 47.06, 90.33, 59.98, 13.05, 32.52, 104.33, 45.06, 21.5, 37.2, 24.5, 29.52, 20.5, 83.33, 30.52, 55.98, 90.33, 26.49, 30.52, 25.27, 90.33, 15.05, 21.5, 108.33, 20.05, 64.98, 66.13, 66.13, 78.33, 42.2, 50.6, 40.2, 44.06, 47.6, 28.52, 69.13, 33.19, 27.52, 29.52, 26.27, 39.2, 58.98, 36.2, 20.05, 29.52, 17.05, 108.33, 58.98, 23.5, 108.33, 14.05, 75.33, 108.33, 74.13];95.28;[1, 1, 1, 2, 1, 2, 1, 2, 1, 2, 1, 3, 1, 1, 2, 3, 1, 2, 2];2;30;True
60;30;60;4;True;2000;1;0;0;0;0;0;0;100.30945634841919;8.772101402282715;33468.96785613717;28806.342953912223;1583.7522242682346;3079.010000000003;[17.03, 72.03, 14.03, 54.03, 69.03, 121.03, 34.03, 27.03, 18.03, 99.03, 14.03, 63.03, 17.03, 52.03, 121.03, 101.03, 39.03, 82.03, 45.03, 27.03, 40.03, 3.24, 25.03, 34.03, 19.03, 40.03, 61.03, 20.03, 41.03, 33.03, 71.03, 115.03, 101.03, 38.03, 61.03, 47.03, 44.03, 28.03, 44.03, 83.03, 40.03, 22.03, 86.03, 34.03, 103.03, 70.03, 33.03, 27.03, 82.03, 26.03, 41.03, 31.03, 64.03, 19.03, 85.03, 78.03, 42.03, 118.03, 27.03, 15.03];117.79;[5, 1, 2, 2, 1, 1, 1, 1, 2, 1, 1, 1, 2, 1, 1, 2, 1, 2, 1, 1];4;30;True
60;30;60;5;True;2000;1;0;0;0;0;0;0;90.4398467540741;8.654846668243408;31334.785672468286;26838.347386736972;1661.0901422686554;2835.3399999999992;[43.68, 74.68, 27.68, 33.68, 18.16, 61.68, 42.68, 27.68, 61.68, 22.42, 59.68, 1.0, 21.42, 31.68, 29.68, 71.68, 15.16, 14.16, 39.68, 60.68, 90.68, 69.68, 107.68, 25.42, 3.0, 107.68, 10.44, 29.68, 107.68, 107.68, 29.68, 55.68, 78.68, 34.68, 51.68, 107.68, 8.44, 38.68, 73.68, 26.68, 29.68, 72.68, 27.68, 30.68, 46.68, 10.44, 97.68, 90.68, 47.68, 29.68, 41.68, 24.42, 62.68, 79.68, 19.16, 47.68, 40.68, 32.68, 26.42, 52.68];106.68;[2, 2, 2, 1, 3, 3, 2, 1, 1, 3, 1, 1, 1, 1, 3, 1, 1, 1];2;30;True
60;30;60;6;True;2000;1;0;0;0;0;0;0;100.43617010116577;10.587527990341187;32525.76189663607;28414.779064073187;1506.0910493111069;2604.650000000001;[40.71, 30.71, 71.71, 100.71, 42.71, 86.71, 32.71, 63.71, 113.71, 18.71, 25.71, 27.71, 48.71, 36.71, 28.71, 8.7, 52.71, 29.71, 30.71, 56.71, 35.71, 35.71, 50.71, 14.97, 81.71, 48.71, 40.71, 23.71, 28.71, 18.71, 31.71, 72.71, 37.71, 69.71, 45.71, 63.71, 47.71, 22.71, 25.71, 57.71, 85.71, 20.71, 20.71, 41.71, 30.71, 34.71, 13.97, 13.97, 29.71, 78.71, 87.71, 9.48, 11.21, 28.71, 45.71, 28.71, 113.71, 24.71, 64.71, 16.72];105.00999999999999;[1, 5, 1, 2, 1, 1, 1, 2, 2, 1, 1, 1, 2, 1, 1, 3, 3, 1];4;30;True
70;30;70;1;True;2000;1;0;0;0;0;0;0;94.03469610214233;10.713810205459595;32072.64612261916;26941.43400394935;1835.0240320323023;3296.1100000000038;[70.13, 23.8, 27.8, 68.13, 62.13, 33.13, 35.13, 103.13, 51.13, 31.13, 12.44, 38.13, 65.13, 35.13, 66.13, 80.13, 16.93, 39.13, 57.13, 65.13, 54.13, 3.53, 62.13, 59.13, 35.13, 48.13, 23.8, 87.13, 27.8, 42.13, 51.13, 15.93, 35.13, 103.13, 40.13, 74.13, 39.13, 18.89, 22.8, 64.13, 23.8, 96.13, 25.8, 43.13, 23.8, 23.8, 23.8, 102.13, 79.13, 103.13, 25.8, 70.13, 32.13, 16.93, 51.13, 29.13, 82.13, 32.13, 94.13, 30.13, 42.13, 33.13, 65.13, 81.13, 24.8, 51.13, 30.13, 23.8, 19.89, 27.8];99.6;[1, 1, 3, 1, 2, 2, 1, 1, 1, 1, 3, 2, 4, 1, 2, 1, 2, 1];3;30;True
70;30;70;2;True;2000;1;0;0;0;0;0;0;102.76805663108826;13.700963258743286;31764.750308497543;26999.68925360369;1885.9659107089904;2878.760000000004;[28.4, 63.4, 110.4, 27.4, 26.4, 77.4, 20.4, 14.4, 13.4, 48.4, 17.4, 49.4, 15.4, 37.4, 26.4, 15.4, 11.4, 44.4, 55.4, 15.4, 99.4, 37.4, 28.4, 84.4, 110.4, 64.4, 16.4, 26.4, 16.4, 17.4, 110.4, 19.4, 64.4, 18.4, 89.4, 84.4, 51.4, 35.4, 15.4, 35.4, 27.4, 22.4, 33.4, 43.4, 25.4, 29.4, 25.4, 98.4, 34.4, 64.4, 28.4, 28.4, 43.4, 13.4, 41.4, 43.4, 38.4, 10.28, 15.4, 26.4, 21.4, 45.4, 30.4, 110.4, 38.4, 35.4, 92.4, 20.4, 38.4, 10.28];100.12;[1, 1, 1, 1, 1, 2, 1, 5, 2, 1, 2, 1, 1, 1, 2, 1, 4, 2];4;30;True
70;30;70;3;True;2000;1;0;0;0;0;0;0;95.28784441947937;11.155452966690063;30741.320287630097;26463.118389695668;1802.6364105107386;2475.7200000000025;[32.4, 42.4, 43.4, 46.4, 40.4, 14.41, 13.41, 38.4, 75.4, 38.4, 10.41, 23.4, 83.4, 32.4, 17.4, 28.4, 19.4, 19.4, 13.41, 51.4, 20.4, 41.4, 74.4, 18.4, 20.4, 18.4, 68.4, 13.41, 18.4, 92.4, 16.41, 48.4, 56.4, 56.4, 46.4, 34.4, 40.4, 29.4, 29.4, 42.4, 23.4, 59.4, 22.4, 18.4, 26.4, 19.4, 30.4, 48.4, 28.4, 13.41, 22.4, 9.41, 75.4, 46.4, 17.4, 92.4, 8.41, 54.4, 92.4, 47.4, 75.4, 38.4, 24.4, 2.41, 5.41, 27.4, 33.4, 24.4, 2.0, 16.41];90.4;[1, 1, 3, 1, 1, 1, 1, 1, 2, 2, 1, 1, 1, 1, 4, 1, 2, 2, 3];3;30;True
70;30;70;4;True;2000;1;0;0;0;0;0;0;108.4689712524414;10.585951566696167;33823.51183219897;28630.46121100038;1544.9968447645706;3647.8799999999983;[13.87, 82.04, 10.87, 57.04, 73.04, 36.63, 129.04, 32.63, 15.87, 101.04, 10.87, 68.04, 13.83, 85.04, 90.04, 75.04, 44.04, 63.04, 37.63, 34.63, 114.04, 2.56, 28.87, 37.63, 19.87, 42.04, 90.04, 18.87, 44.04, 36.63, 68.04, 112.04, 118.04, 44.04, 76.04, 57.04, 46.04, 32.63, 50.04, 84.04, 43.04, 21.87, 104.04, 44.04, 76.04, 75.04, 43.04, 26.87, 38.63, 26.87, 50.04, 34.63, 70.04, 19.87, 73.04, 77.04, 45.04, 126.04, 29.87, 12.87, 10.87, 18.87, 46.04, 18.87, 43.04, 96.04, 60.04, 45.04, 35.63, 38.63];126.47999999999999;[2, 4, 1, 3, 1, 1, 1, 1, 1, 1, 2, 1, 2, 1, 1, 1, 1, 2, 2, 1];3;30;True
70;30;70;5;True;2000;1;0;0;0;0;0;0;94.96805167198181;11.325513124465942;31491.424422440312;26564.709598516012;1654.5715761531549;3272.069999999998;[43.87, 82.87, 26.13, 33.82, 17.6, 61.87, 43.87, 27.13, 61.87, 22.18, 52.87, 1.0, 19.18, 32.23, 33.82, 108.87, 14.91, 12.91, 35.87, 60.87, 71.87, 63.87, 108.87, 24.15, 3.0, 66.87, 10.02, 29.13, 108.87, 105.87, 31.23, 54.87, 85.87, 34.87, 47.87, 108.87, 8.69, 42.87, 82.87, 25.15, 29.13, 42.87, 25.15, 30.13, 34.87, 10.02, 108.87, 36.87, 47.87, 30.13, 54.87, 23.18, 49.87, 56.87, 17.6, 46.87, 41.87, 32.23, 25.15, 74.87, 108.87, 30.13, 67.87, 57.87, 53.87, 33.82, 59.87, 51.87, 37.87, 41.32];107.87;[2, 2, 1, 1, 1, 3, 2, 1, 1, 1, 2, 2, 1, 2, 1, 1, 1, 1, 1, 1, 1, 1];2;30;True
70;30;70;6;True;2000;1;0;0;0;0;0;0;102.84174823760986;14.739689350128174;33081.84703482725;28663.900184640977;1523.660745142417;2894.3399999999997;[40.5, 30.66, 87.5, 63.5, 43.5, 100.5, 32.66, 109.5, 61.5, 17.31, 25.3, 27.66, 42.5, 38.5, 28.66, 8.72, 58.5, 27.66, 30.66, 52.5, 34.66, 35.71, 44.5, 13.71, 81.5, 45.5, 39.5, 23.3, 27.66, 16.53, 32.66, 73.5, 36.71, 56.5, 43.5, 41.5, 51.5, 23.3, 25.63, 50.5, 90.5, 20.31, 20.31, 41.5, 30.66, 33.66, 11.72, 11.72, 28.66, 78.5, 54.5, 9.72, 10.49, 28.66, 47.5, 27.66, 109.5, 25.3, 56.5, 15.45, 24.3, 21.31, 25.63, 25.3, 28.66, 106.5, 34.66, 47.5, 61.5, 40.5];100.78;[2, 2, 2, 1, 2, 1, 3, 2, 2, 1, 2, 1, 1, 2, 1, 4, 1];3;30;True
80;30;80;1;True;2000;1;0;0;0;0;0;0;91.75299620628357;17.223199367523193;31534.603697086215;26583.45007358597;1812.0045692809895;3139.350000000001;[50.5, 17.38, 22.38, 85.5, 42.5, 28.5, 30.5, 84.5, 45.5, 26.5, 10.64, 32.5, 56.5, 35.5, 50.5, 55.5, 11.64, 27.5, 53.5, 52.5, 49.5, 3.35, 36.5, 31.5, 27.5, 42.5, 17.18, 87.5, 22.38, 35.5, 45.5, 10.64, 30.5, 37.5, 36.5, 69.5, 33.5, 11.64, 14.64, 65.5, 21.38, 54.5, 18.38, 38.5, 15.45, 18.38, 17.18, 87.5, 87.5, 75.5, 21.38, 75.5, 27.5, 10.64, 47.5, 23.5, 67.5, 26.5, 87.5, 25.5, 45.5, 27.5, 60.5, 51.5, 19.38, 47.5, 24.5, 18.38, 11.64, 22.38, 25.5, 87.5, 37.5, 15.45, 4.08, 58.5, 75.5, 31.5, 75.5, 23.38];84.15;[1, 1, 3, 2, 2, 1, 1, 1, 2, 3, 3, 2, 1, 1, 2, 1, 3];2;30;True
80;30;80;2;True;2000;1;0;0;0;0;0;0;108.51867198944092;16.176311254501343;32092.965958370998;26944.901023727914;1939.4612494738803;3208.670000000001;[28.34, 69.54, 112.54, 28.34, 27.34, 83.54, 21.34, 14.51, 14.51, 49.54, 19.34, 72.54, 16.34, 38.84, 26.34, 15.51, 11.75, 28.34, 52.54, 16.34, 88.54, 35.84, 28.34, 106.54, 112.54, 39.54, 18.34, 25.34, 18.34, 18.34, 84.54, 21.34, 50.54, 19.34, 44.54, 105.54, 61.54, 35.84, 15.51, 35.84, 37.84, 21.34, 33.84, 46.54, 24.34, 29.34, 24.34, 110.54, 30.34, 42.54, 31.34, 29.34, 35.84, 13.75, 42.54, 43.54, 38.84, 10.75, 15.51, 25.34, 22.34, 45.54, 31.34, 112.54, 38.84, 35.84, 85.54, 21.34, 38.84, 10.75, 30.34, 40.54, 55.54, 13.75, 55.54, 15.51, 27.34, 54.54, 32.34, 38.84];101.79;[2, 2, 2, 1, 1, 1, 1, 1, 1, 3, 1, 5, 1, 1, 1, 1, 2, 2, 1];4;30;True
80;30;80;3;True;2000;1;0;0;0;0;0;0;108.57086968421936;18.156548976898193;31863.54184388422;27310.25922149664;1771.0592255996587;2782.109999999998;[29.7, 32.7, 43.7, 33.7, 91.7, 15.01, 14.01, 35.7, 48.7, 35.7, 11.48, 22.99, 93.7, 30.7, 18.01, 23.99, 19.68, 19.01, 13.48, 87.7, 19.68, 41.7, 77.7, 16.01, 19.68, 18.01, 66.7, 14.01, 19.01, 100.7, 17.01, 58.7, 39.7, 71.7, 51.7, 33.7, 39.7, 27.7, 26.7, 41.7, 22.99, 59.7, 21.99, 17.01, 25.99, 19.68, 29.7, 47.7, 27.7, 14.01, 21.99, 10.48, 74.7, 44.7, 18.01, 100.7, 10.1, 40.7, 100.7, 45.7, 48.7, 37.7, 22.99, 4.41, 7.54, 25.99, 32.7, 22.99, 2.0, 17.01, 15.01, 17.01, 13.48, 35.7, 23.99, 31.7, 40.7, 59.7, 19.68, 25.99];98.7;[1, 4, 3, 1, 2, 3, 2, 2, 2, 1, 1, 1, 2, 1, 2, 2];3;30;True
80;30;80;4;True;2000;1;0;0;0;0;0;0;96.41164708137512;16.5468008518219;33334.71914064868;28155.21935656683;1517.751370682851;3661.7700000000004;[14.4, 71.0, 12.4, 65.0, 71.0, 79.0, 36.0, 28.0, 16.4, 63.0, 12.4, 66.0, 14.4, 47.0, 82.0, 66.0, 40.0, 58.0, 32.0, 28.0, 40.0, 2.05, 26.0, 35.0, 18.67, 40.0, 70.0, 19.67, 41.0, 33.0, 64.0, 35.0, 93.0, 36.0, 45.0, 85.0, 44.0, 29.0, 46.0, 95.0, 40.0, 21.02, 97.0, 36.0, 38.0, 71.0, 34.0, 27.0, 33.0, 25.65, 35.0, 32.0, 67.0, 18.54, 100.0, 72.0, 42.0, 105.0, 28.0, 13.4, 12.4, 19.67, 37.0, 18.4, 36.0, 73.0, 55.0, 102.0, 29.0, 37.0, 36.0, 80.0, 40.0, 34.0, 25.65, 46.0, 105.0, 47.0, 68.0, 25.65];102.95;[1, 1, 2, 1, 1, 1, 1, 1, 2, 1, 2, 3, 2, 1, 3, 1, 3, 1, 2];2;30;True
80;30;80;5;True;2000;1;0;0;0;0;0;0;76.14130568504333;12.948676824569702;31402.53682708719;27092.391706458926;1602.6396582689338;2707.1500000000015;[38.55, 64.55, 16.55, 23.55, 14.55, 56.55, 42.55, 23.55, 55.55, 12.55, 50.55, 1.0, 14.55, 21.55, 18.55, 64.55, 8.55, 7.55, 23.55, 55.55, 63.55, 54.55, 64.55, 17.55, 3.0, 64.55, 7.0, 25.55, 64.55, 64.55, 17.55, 48.55, 59.55, 24.55, 40.55, 64.55, 7.0, 27.55, 57.55, 16.55, 24.55, 36.55, 14.55, 20.55, 23.55, 7.0, 64.55, 21.55, 32.55, 18.55, 34.55, 19.55, 45.55, 49.55, 11.55, 42.55, 29.55, 19.55, 16.55, 64.55, 64.55, 16.55, 60.55, 43.55, 42.55, 26.55, 54.55, 48.55, 26.55, 33.55, 22.55, 58.55, 23.55, 36.55, 40.55, 2.0, 21.55, 35.55, 7.0, 36.55];63.55;[2, 1, 1, 2, 1, 3, 1, 1, 1, 1, 2, 1, 2, 1, 1, 1, 1, 1, 2, 3, 1];2;30;True
80;30;80;6;True;2000;1;0;0;0;0;0;0;101.42136120796204;16.88409948348999;33568.08181607894;29361.427357609988;1541.6820977800062;2665.199999999996;[32.85, 27.85, 65.85, 87.85, 35.85, 92.85, 28.85, 53.85, 68.85, 13.85, 21.85, 22.85, 32.85, 30.85, 24.85, 7.0, 41.85, 19.85, 24.85, 58.85, 27.85, 30.85, 36.85, 9.0, 67.85, 38.85, 29.85, 17.85, 24.85, 11.85, 24.85, 51.85, 30.85, 40.85, 38.85, 34.85, 35.85, 13.85, 16.85, 43.85, 50.85, 17.85, 15.85, 37.85, 21.85, 25.85, 8.0, 7.0, 20.85, 70.85, 92.85, 9.0, 7.0, 24.85, 38.85, 20.85, 91.85, 18.85, 58.85, 10.85, 15.85, 17.85, 15.85, 18.85, 19.85, 61.85, 27.85, 42.85, 85.85, 35.85, 92.85, 29.85, 3.0, 20.85, 17.85, 9.85, 10.85, 26.85, 28.85, 9.0];89.85;[1, 4, 2, 2, 1, 2, 2, 1, 2, 1, 1, 1, 3, 1, 2, 1, 3];3;30;True
90;30;90;1;True;2000;1;0;0;0;0;0;0;96.3035659790039;22.448315858840942;31971.37022966279;26785.12496079882;1850.882492230113;3335.339999999998;[45.79, 16.08, 21.08, 70.79, 41.03, 26.08, 27.08, 85.79, 45.79, 24.08, 10.21, 29.08, 55.79, 30.08, 50.79, 52.79, 10.21, 24.08, 52.79, 27.08, 48.79, 3.31, 34.08, 33.08, 24.08, 42.03, 17.08, 83.79, 21.08, 33.08, 47.79, 9.21, 28.08, 48.79, 35.08, 68.79, 30.08, 10.75, 14.57, 56.79, 21.08, 53.79, 17.08, 68.79, 13.57, 17.08, 17.08, 80.79, 85.79, 72.79, 19.08, 85.79, 26.08, 10.21, 46.79, 22.08, 48.79, 24.08, 85.79, 24.08, 27.08, 25.08, 60.79, 69.79, 18.08, 45.79, 23.08, 18.08, 11.75, 21.08, 22.08, 85.79, 33.08, 14.57, 4.02, 50.79, 55.79, 25.08, 34.08, 22.08, 43.79, 75.79, 67.79, 25.08, 58.79, 8.28, 15.57, 12.75, 40.08, 42.03];82.48;[1, 3, 1, 2, 1, 3, 3, 3, 2, 2, 1, 1, 2, 2, 1, 2];2;30;True
90;30;90;2;True;2000;1;0;0;0;0;0;0;104.81069159507751;19.456579208374023;33345.67794776448;27195.951803584892;1948.4112337185811;4201.330000000005;[29.34, 83.53, 111.53, 41.34, 28.34, 78.53, 23.34, 15.43, 15.43, 55.53, 20.34, 77.53, 16.43, 43.34, 39.34, 16.43, 10.46, 41.34, 64.53, 17.34, 111.53, 49.53, 37.34, 101.53, 111.53, 68.53, 20.34, 36.34, 20.34, 18.34, 96.53, 27.34, 73.53, 21.34, 57.53, 105.53, 62.53, 40.34, 15.23, 40.34, 69.53, 30.34, 45.53, 58.53, 36.34, 38.34, 36.34, 95.53, 40.34, 56.53, 44.34, 39.34, 50.53, 13.33, 55.53, 47.53, 52.53, 10.41, 16.43, 35.34, 25.34, 56.53, 35.34, 111.53, 52.53, 39.34, 103.53, 21.34, 43.34, 9.26, 40.34, 55.53, 62.53, 15.23, 61.53, 16.43, 38.34, 62.53, 35.34, 43.34, 48.53, 65.53, 21.34, 24.34, 60.53, 43.34, 32.34, 57.53, 14.43, 86.53];102.27;[1, 1, 1, 2, 1, 1, 1, 2, 1, 1, 1, 1, 3, 1, 1, 3, 1, 1, 2, 2, 1, 1];2;30;True
90;30;90;3;True;2000;1;0;0;0;0;0;0;102.25466918945312;20.69436240196228;32154.07530779703;26734.42309580721;1812.815396098871;3606.859999999994;[37.49, 48.04, 49.04, 45.04, 58.04, 18.49, 18.49, 42.49, 59.04, 44.04, 12.99, 27.49, 100.04, 38.49, 20.49, 28.49, 22.49, 22.49, 18.49, 67.04, 23.49, 49.04, 97.04, 20.49, 23.49, 21.49, 67.04, 14.56, 21.49, 100.04, 19.49, 58.04, 57.04, 57.04, 82.04, 37.49, 54.04, 34.49, 31.49, 45.04, 26.49, 64.04, 27.49, 21.49, 28.49, 22.49, 34.49, 61.04, 31.49, 19.49, 25.49, 15.52, 40.49, 61.04, 21.49, 76.04, 14.56, 34.49, 100.04, 56.04, 97.04, 44.04, 29.49, 3.45, 7.43, 31.49, 37.49, 29.49, 2.0, 20.49, 19.49, 21.49, 18.49, 42.49, 33.49, 41.49, 57.04, 62.04, 24.49, 34.49, 16.52, 88.04, 96.04, 21.49, 39.49, 12.99, 56.04, 47.04, 54.04, 42.49];98.04;[1, 1, 1, 3, 3, 1, 1, 2, 2, 1, 1, 1, 2, 1, 1, 3, 1, 2, 1, 1];2;30;True
90;30;90;4;True;2000;1;0;0;0;0;0;0;94.35874390602112;14.909510374069214;34696.707136072015;28860.57463488195;1525.6345970812574;4310.779999999996;[12.75, 94.58, 11.75, 57.58, 74.58, 54.58, 46.58, 29.58, 15.58, 67.58, 10.75, 68.58, 11.75, 40.58, 90.58, 30.58, 43.58, 64.58, 34.58, 27.58, 88.58, 2.12, 25.58, 35.58, 16.58, 40.58, 46.58, 18.58, 42.58, 33.58, 68.58, 41.58, 94.58, 43.58, 84.58, 60.58, 52.58, 29.58, 50.58, 79.58, 41.58, 20.58, 101.58, 46.58, 58.58, 64.58, 43.58, 25.58, 35.58, 24.58, 34.58, 32.58, 71.58, 16.58, 101.58, 69.58, 43.58, 47.58, 26.58, 12.75, 10.75, 17.58, 96.58, 15.58, 58.58, 78.58, 81.58, 101.58, 75.58, 36.58, 35.58, 66.58, 40.58, 41.58, 25.58, 50.58, 76.58, 53.58, 95.58, 24.58, 80.58, 72.58, 101.58, 18.58, 62.58, 28.58, 8.43, 47.58, 28.58, 13.75];99.46;[2, 1, 1, 1, 2, 1, 1, 1, 1, 2, 2, 2, 2, 2, 1, 1, 2, 1, 2, 2];1;30;True
90;30;90;5;True;2000;1;0;0;0;0;0;0;85.83197379112244;16.264742612838745;31847.495573106804;26823.139348852772;1635.1017139505834;3389.42;[38.25, 81.25, 17.25, 27.25, 15.25, 59.25, 42.25, 24.25, 58.25, 13.33, 37.25, 1.0, 15.25, 24.25, 31.25, 81.25, 10.55, 9.55, 26.25, 57.25, 52.25, 68.25, 81.25, 18.25, 3.0, 81.25, 8.09, 26.25, 80.25, 81.25, 21.25, 51.25, 54.25, 27.25, 42.25, 73.25, 7.09, 28.25, 81.25, 17.25, 25.25, 66.25, 17.25, 23.25, 26.25, 8.09, 34.25, 30.25, 28.25, 21.25, 25.25, 20.25, 61.25, 52.25, 13.05, 43.25, 34.25, 21.25, 17.25, 50.25, 59.25, 20.25, 64.25, 46.25, 45.25, 28.25, 56.25, 62.25, 30.25, 35.25, 27.25, 63.25, 27.25, 38.25, 41.25, 2.0, 24.25, 37.25, 8.09, 38.25, 81.25, 74.25, 35.25, 4.0, 26.25, 62.25, 81.25, 29.25, 14.33, 34.25];80.25;[1, 1, 1, 2, 1, 1, 3, 1, 2, 1, 1, 1, 1, 1, 1, 1, 2, 2, 1, 3, 1, 1];2;30;True
90;30;90;6;True;2000;1;0;0;0;0;0;0;93.85781788825989;19.277901887893677;33681.29064899661;28859.647402537066;1535.7876910084713;3285.689999999998;[35.58, 28.58, 77.41, 65.41, 38.46, 47.34, 30.58, 58.34, 64.41, 15.96, 22.74, 24.74, 64.41, 33.58, 26.58, 7.57, 49.34, 23.74, 26.58, 34.58, 34.58, 33.58, 41.46, 11.96, 88.41, 39.46, 34.58, 20.89, 25.74, 14.96, 28.58, 50.34, 33.58, 45.46, 42.46, 36.46, 63.41, 17.96, 20.89, 52.34, 88.41, 18.96, 17.96, 39.46, 25.74, 28.58, 10.96, 9.96, 23.74, 88.41, 51.34, 9.33, 9.33, 26.58, 49.34, 23.74, 80.41, 21.74, 43.46, 13.96, 18.96, 19.89, 19.89, 21.74, 24.74, 67.41, 30.58, 62.36, 82.41, 38.46, 86.41, 32.58, 2.0, 24.74, 22.74, 11.96, 13.96, 33.58, 29.58, 11.96, 64.41, 73.41, 74.41, 26.58, 25.74, 41.46, 18.96, 9.96, 11.96, 88.41];86.41;[2, 1, 1, 1, 2, 1, 1, 2, 1, 2, 1, 1, 1, 1, 2, 2, 1, 1, 2, 4];3;30;True
100;30;100;1;True;2000;1;0;0;0;0;0;0;90.3629801273346;26.539004802703857;32385.29133266973;26874.823978650635;1816.9942110579184;3693.7599999999966;[48.33, 15.79, 19.79, 80.33, 43.33, 26.33, 28.33, 80.33, 45.33, 23.79, 10.79, 31.33, 80.33, 31.33, 51.33, 54.33, 11.79, 23.79, 54.33, 30.33, 50.33, 3.39, 37.33, 30.33, 24.33, 43.33, 17.79, 30.33, 19.79, 34.33, 46.33, 11.16, 28.33, 33.33, 35.33, 69.33, 31.33, 12.79, 14.79, 58.33, 20.79, 57.33, 16.79, 53.33, 14.79, 17.79, 17.79, 80.33, 80.33, 67.33, 17.79, 48.33, 25.33, 11.16, 47.33, 21.79, 52.33, 22.79, 80.33, 23.79, 29.33, 25.33, 62.33, 80.33, 18.79, 47.33, 21.79, 18.79, 13.79, 19.79, 21.79, 64.33, 34.33, 15.79, 3.84, 56.33, 60.33, 34.33, 41.33, 20.79, 80.33, 62.33, 64.33, 25.33, 57.33, 8.79, 16.79, 13.79, 40.33, 58.33, 13.79, 7.22, 10.79, 80.33, 13.79, 45.33, 35.33, 80.33, 22.79, 64.33];76.94;[2, 2, 3, 2, 1, 2, 2, 2, 1, 1, 2, 1, 2, 3, 1, 2, 1];2;30;True
100;30;100;2;True;2000;1;0;0;0;0;0;0;134.4761061668396;24.406139850616455;34023.703368017144;27495.946571832374;1975.4197369732601;4552.38;[30.65, 78.1, 85.1, 35.59, 29.65, 70.1, 25.96, 18.06, 17.06, 53.1, 23.03, 72.1, 19.06, 43.1, 34.59, 17.06, 11.81, 35.59, 59.1, 21.06, 84.1, 44.1, 35.59, 112.1, 140.1, 67.1, 24.96, 33.59, 23.96, 19.06, 88.1, 26.96, 53.1, 23.03, 54.1, 94.1, 61.1, 39.1, 16.77, 40.1, 65.1, 27.96, 40.1, 51.1, 32.59, 35.59, 32.59, 90.1, 41.1, 50.1, 37.59, 35.59, 47.1, 14.34, 49.1, 46.1, 46.1, 11.81, 18.06, 32.59, 26.96, 43.1, 34.59, 129.1, 46.1, 38.59, 81.1, 23.03, 41.1, 10.81, 36.59, 55.1, 60.1, 15.78, 60.1, 19.06, 35.59, 60.1, 35.59, 42.1, 44.1, 64.1, 23.96, 25.96, 79.1, 41.1, 29.65, 55.1, 16.77, 64.1, 52.1, 81.1, 34.59, 15.78, 49.1, 55.1, 79.1, 33.59, 109.1, 38.59];129.29;[1, 1, 1, 1, 1, 3, 1, 1, 1, 1, 3, 1, 1, 3, 1, 1, 2, 1, 1, 1, 1, 2];2;30;True
100;30;100;3;True;2000;1;0;0;0;0;0;0;101.29099345207214;24.237913370132446;32601.925012230673;27578.669787937226;1906.1133743660328;3116.8099999999986;[29.14, 34.14, 41.14, 33.14, 75.14, 12.14, 12.14, 35.14, 46.14, 35.14, 11.14, 22.14, 77.14, 31.14, 17.14, 23.14, 19.14, 16.14, 12.14, 54.14, 18.14, 39.14, 76.14, 15.14, 17.14, 16.14, 52.14, 14.14, 18.14, 34.14, 16.14, 46.14, 41.14, 45.14, 63.14, 33.14, 55.14, 28.14, 25.14, 41.14, 22.14, 58.14, 21.14, 15.14, 26.14, 18.14, 29.14, 43.14, 27.14, 13.14, 21.14, 9.28, 32.14, 45.14, 16.14, 61.14, 8.72, 35.14, 77.14, 49.14, 56.14, 37.14, 25.14, 3.03, 7.72, 26.14, 32.14, 25.14, 1.0, 17.14, 13.14, 15.14, 12.14, 34.14, 26.14, 32.14, 39.14, 49.14, 19.14, 27.14, 12.14, 77.14, 77.14, 15.14, 33.14, 12.14, 44.14, 25.14, 44.14, 28.14, 77.14, 58.14, 20.14, 38.14, 6.76, 9.28, 20.14, 21.14, 27.14, 12.14];76.14;[1, 2, 1, 1, 2, 2, 1, 1, 1, 1, 2, 2, 1, 1, 4, 4, 3];3;30;True
100;30;100;4;True;2000;1;0;0;0;0;0;0;103.47975420951843;22.658841848373413;34980.66939807886;28989.53122593231;1513.9070963331746;4477.010000000001;[11.57, 81.5, 10.18, 55.5, 72.5, 32.5, 41.5, 27.31, 14.94, 77.5, 9.62, 102.5, 11.18, 39.5, 72.5, 60.5, 40.5, 60.5, 32.5, 27.31, 45.5, 2.5, 23.31, 34.5, 16.94, 39.5, 40.5, 17.94, 41.5, 32.5, 65.5, 36.5, 71.5, 38.5, 80.5, 55.5, 44.5, 27.31, 47.5, 81.5, 39.5, 20.48, 102.5, 40.5, 46.5, 56.5, 75.5, 25.31, 33.5, 24.31, 34.5, 31.5, 69.5, 16.94, 63.5, 58.5, 42.5, 42.5, 26.31, 12.26, 10.18, 16.94, 99.5, 14.94, 30.5, 89.5, 56.5, 93.5, 29.31, 36.5, 35.5, 77.5, 39.5, 36.5, 25.31, 68.5, 72.5, 49.5, 102.5, 24.31, 68.5, 62.5, 84.5, 17.94, 60.5, 27.31, 6.37, 45.5, 26.31, 12.96, 88.5, 27.31, 34.5, 18.95, 89.5, 22.53, 40.5, 25.31, 30.31, 90.5];100.0;[2, 2, 2, 1, 2, 2, 1, 1, 2, 3, 1, 1, 1, 1, 1, 2, 2, 1, 1, 1];2;30;True
100;30;100;5;True;2000;1;0;0;0;0;0;0;72.0762186050415;22.564035415649414;32569.265895213088;26709.480606165962;1608.5325063037246;4251.129999999999;[42.23, 69.23, 25.29, 32.23, 16.29, 63.23, 44.23, 26.29, 62.23, 20.29, 44.23, 1.0, 17.29, 31.23, 32.23, 69.23, 12.37, 11.36, 34.23, 61.23, 67.23, 63.23, 69.23, 22.29, 3.0, 52.23, 8.43, 28.29, 53.23, 69.23, 29.23, 56.23, 61.23, 37.23, 47.23, 69.23, 8.43, 37.23, 69.23, 24.29, 28.29, 63.23, 25.29, 29.08, 34.23, 8.43, 43.23, 36.23, 57.23, 28.29, 36.23, 22.29, 69.23, 58.23, 14.33, 47.23, 47.23, 29.23, 24.29, 51.23, 65.23, 28.29, 69.23, 52.23, 50.23, 32.23, 61.23, 38.23, 37.23, 40.23, 37.23, 68.23, 35.23, 42.23, 45.23, 2.0, 31.23, 42.23, 8.43, 42.23, 69.23, 69.23, 69.23, 4.13, 30.23, 67.23, 69.23, 38.23, 22.29, 41.23, 38.23, 69.23, 69.23, 56.23, 42.23, 69.23, 69.23, 69.23, 59.23, 55.23];68.23;[1, 2, 1, 4, 1, 1, 1, 1, 1, 1, 2, 1, 1, 1, 1, 2, 2, 1, 1, 1, 1, 1, 1];3;30;True
100;30;100;6;True;2000;1;0;0;0;0;0;0;108.16807627677917;24.107709646224976;35049.744645649356;29419.37344170988;1524.8853738273954;4105.730000000004;[39.85, 31.01, 79.84, 62.84, 43.37, 51.84, 33.01, 66.84, 58.84, 17.71, 24.9, 27.9, 49.37, 41.85, 29.01, 8.33, 50.84, 32.01, 30.01, 44.37, 48.37, 36.01, 46.37, 13.71, 67.84, 50.84, 43.37, 22.9, 27.9, 17.71, 35.01, 50.84, 41.85, 49.37, 46.37, 43.37, 58.84, 21.9, 26.9, 54.84, 100.84, 20.01, 20.01, 41.85, 36.01, 34.01, 10.71, 10.71, 29.01, 100.84, 54.84, 9.71, 9.71, 29.01, 51.84, 30.01, 65.84, 24.9, 65.84, 15.71, 22.9, 21.9, 26.9, 24.9, 34.01, 71.84, 37.85, 49.37, 100.84, 40.85, 100.84, 36.85, 2.8, 36.85, 29.01, 13.71, 15.71, 43.37, 34.01, 13.71, 56.84, 77.84, 78.84, 32.01, 34.01, 47.37, 23.9, 10.71, 13.71, 74.84, 16.71, 56.84, 6.85, 55.84, 32.01, 59.84, 97.84, 81.84, 50.84, 49.37];98.04;[2, 1, 1, 1, 1, 1, 3, 1, 2, 1, 2, 3, 2, 1, 1, 1, 1, 3, 2];2;30;True
40;40;40;1;True;2000;1;0;0;0;0;0;0;93.10325646400452;6.651878595352173;42160.98093280241;37100.96783399555;2344.0077058637257;2716.009999999999;[101.81, 25.79, 30.79, 101.81, 89.81, 44.95, 50.95, 101.81, 73.81, 35.35, 36.35, 58.95, 89.81, 60.81, 78.81, 78.81, 39.35, 61.81, 101.81, 68.81, 92.81, 4.1, 101.81, 48.95, 88.81, 49.95, 37.35, 101.81, 64.81, 101.81, 76.81, 18.79, 65.81, 101.81, 68.81, 101.81, 101.81, 20.79, 39.35, 95.81];97.71000000000001;[2, 1, 1, 3, 3, 1, 1, 1, 2, 1, 1, 2, 1, 3, 2, 1, 1, 1, 2, 2, 1, 2, 1, 3, 1];2;40;True
40;40;40;2;True;2000;1;0;0;0;0;0;0;124.27856087684631;7.39894962310791;41797.643386785945;36565.16793291544;2560.6365737455385;2671.900000000002;[85.15, 91.15, 77.15, 71.15, 42.15, 112.15, 43.15, 29.15, 19.05, 96.15, 31.15, 127.15, 42.15, 68.15, 80.15, 34.15, 14.15, 45.15, 81.15, 26.15, 148.15, 61.15, 75.15, 131.15, 114.15, 61.15, 34.15, 52.15, 31.15, 23.15, 77.15, 47.15, 71.15, 44.15, 76.15, 148.15, 103.15, 84.15, 16.15, 57.15];134.0;[1, 1, 3, 2, 2, 1, 2, 1, 1, 1, 2, 1, 1, 2, 4, 2, 1, 2, 2, 3, 4, 1];3;40;True
40;40;40;3;True;2000;1;0;0;0;0;0;0;90.98559856414795;5.764158487319946;39709.077090054474;34621.85201999777;2306.39799464394;2780.84;[56.32, 82.73, 77.94, 115.73, 111.73, 33.99, 35.99, 56.32, 100.73, 57.32, 19.99, 49.33, 115.73, 78.94, 42.37, 60.32, 33.99, 58.32, 33.99, 115.73, 45.33, 75.94, 115.73, 38.32, 51.33, 30.99, 115.73, 15.99, 51.33, 93.73, 46.33, 93.73, 104.73, 75.94, 82.73, 58.32, 88.73, 88.73, 87.73, 81.94];99.74000000000001;[1, 1, 2, 1, 1, 1, 1, 3, 1, 1, 1, 1, 1, 1, 2, 3, 1, 4, 2, 1, 4, 1, 1, 1, 1, 1, 1];3;40;True
40;40;40;4;True;2000;1;0;0;0;0;0;0;114.41343235969543;6.073301315307617;41698.867719747104;36200.44841856105;2319.0058270226177;3179.3999999999987;[42.35, 90.64, 36.35, 75.64, 90.64, 151.64, 77.64, 62.83, 29.43, 105.64, 22.43, 124.64, 27.43, 85.64, 108.64, 125.64, 92.64, 81.64, 75.64, 65.83, 151.64, 3.41, 48.35, 56.29, 40.35, 49.35, 104.64, 36.98, 60.29, 49.35, 112.64, 112.64, 111.64, 144.64, 94.64, 116.64, 62.83, 60.83, 77.64, 111.64];148.23;[1, 2, 1, 4, 2, 1, 1, 2, 2, 1, 2, 1, 1, 2, 2, 1, 2, 3, 3, 2, 1, 1, 2];3;40;True
40;40;40;5;True;2000;1;0;0;0;0;0;0;105.85659575462341;7.4667744636535645;40337.902182531914;34951.31104300686;2405.107610826319;2981.4100000000008;[72.0, 107.0, 56.51, 73.0, 30.71, 124.0, 101.0, 34.71, 93.0, 42.63, 68.0, 3.0, 52.63, 65.0, 52.63, 116.0, 28.71, 34.71, 50.63, 78.0, 124.0, 124.0, 124.0, 48.63, 4.83, 115.0, 20.62, 44.63, 124.0, 124.0, 81.0, 93.0, 102.0, 124.0, 74.0, 124.0, 11.32, 92.0, 80.0, 62.51];121.0;[2, 1, 1, 2, 1, 1, 1, 1, 1, 1, 2, 2, 1, 1, 2, 4, 2, 1, 3, 1, 4, 2, 2, 1];3;40;True
40;40;40;6;True;2000;1;0;0;0;0;0;0;120.63379454612732;7.166882276535034;43650.38160940095;38342.15084207506;2252.286827769025;3055.9299999999994;[72.22, 47.7, 120.22, 113.22, 75.22, 121.22, 94.22, 106.22, 83.22, 22.33, 29.33, 44.36, 60.22, 51.7, 39.36, 11.43, 99.22, 45.36, 57.22, 120.22, 88.22, 154.22, 67.22, 32.36, 153.22, 105.22, 97.22, 37.36, 34.36, 33.36, 41.36, 127.22, 105.22, 76.22, 70.22, 81.22, 154.22, 45.36, 51.7, 86.22];142.79;[2, 2, 2, 3, 1, 2, 1, 3, 1, 1, 2, 2, 1, 1, 1, 2, 1, 1, 2, 2, 1, 4, 2];3;40;True
50;40;50;1;True;2000;1;0;0;0;0;0;0;89.96373867988586;10.523190975189209;41421.21513409354;36318.984670594946;2337.0142023043627;2765.2799999999997;[93.1, 26.17, 29.29, 93.1, 72.1, 35.55, 37.55, 93.1, 52.9, 48.55, 13.52, 48.55, 83.1, 67.14, 73.1, 79.1, 17.54, 35.55, 93.1, 68.1, 66.14, 4.24, 63.14, 39.55, 54.9, 53.9, 23.17, 93.1, 38.55, 86.1, 52.9, 16.54, 48.55, 93.1, 42.55, 93.1, 63.14, 17.54, 23.17, 93.1, 33.55, 74.1, 27.23, 54.9, 25.17, 24.17, 24.17, 93.1, 93.1, 89.1];88.86;[4, 3, 2, 2, 1, 1, 1, 2, 2, 3, 1, 1, 1, 2, 3, 1, 1, 3, 3, 1, 1, 1];3;40;True
50;40;50;2;True;2000;1;0;0;0;0;0;0;121.41385769844055;10.75349736213684;42213.52444721133;36759.0018027323;2494.399334652029;2960.080000000002;[30.55, 77.53, 78.53, 82.53, 36.55, 105.53, 38.55, 18.11, 18.11, 103.53, 30.55, 88.53, 19.11, 46.55, 43.55, 18.11, 11.11, 101.53, 78.53, 19.93, 137.53, 60.53, 46.55, 126.53, 83.53, 56.53, 22.93, 45.54, 21.93, 19.11, 100.53, 31.55, 65.53, 22.93, 70.53, 134.53, 102.53, 52.53, 15.11, 62.53, 49.55, 28.22, 62.53, 74.53, 38.55, 54.53, 47.55, 138.53, 54.53, 85.53];127.42;[1, 2, 2, 1, 1, 1, 1, 2, 3, 4, 2, 1, 1, 2, 4, 1, 1, 1, 1, 4, 4];3;40;True
50;40;50;3;True;2000;1;0;0;0;0;0;0;107.3443214893341;9.975117206573486;40236.27791532611;35528.72189040216;2263.047318801679;2444.369999999999;[56.18, 54.18, 51.18, 62.18, 75.18, 21.18, 20.18, 45.18, 90.18, 52.18, 13.62, 34.18, 111.18, 38.18, 21.18, 43.18, 23.18, 47.18, 20.18, 111.18, 26.18, 44.18, 100.18, 24.18, 32.18, 25.18, 71.18, 15.02, 21.18, 108.18, 20.18, 81.18, 68.18, 60.18, 94.18, 42.18, 54.18, 43.18, 92.18, 45.18, 27.18, 70.18, 35.18, 25.18, 29.18, 24.18, 36.18, 83.18, 35.18, 19.27];97.56;[1, 2, 1, 2, 2, 3, 1, 3, 2, 1, 1, 2, 3, 3, 2, 4, 1, 2, 1, 1, 1, 1];3;40;True
50;40;50;4;True;2000;1;0;0;0;0;0;0;115.65568232536316;11.0610032081604;42033.48100799805;36965.52871757733;2217.8536789614864;2850.0199999999995;[16.87, 71.11, 13.0, 54.11, 67.11, 35.11, 42.11, 38.11, 17.76, 89.11, 14.0, 99.11, 15.87, 53.11, 90.11, 109.11, 68.11, 64.11, 54.11, 29.11, 123.11, 3.41, 25.87, 39.11, 21.63, 40.11, 76.11, 19.77, 51.11, 42.11, 77.11, 68.11, 82.11, 64.11, 65.11, 67.11, 44.11, 48.11, 60.11, 96.11, 52.11, 22.68, 102.11, 122.11, 117.11, 56.11, 123.11, 27.87, 43.11, 28.11];119.7;[2, 1, 1, 2, 1, 1, 2, 2, 1, 3, 3, 1, 1, 2, 1, 1, 1, 2, 1, 2, 2, 2, 1, 4];3;40;True
50;40;50;5;True;2000;1;0;0;0;0;0;0;108.35390615463257;10.28216290473938;40648.38873362629;35256.50081475973;2371.8093235335473;3020.030000000002;[44.28, 75.28, 30.83, 35.83, 20.53, 97.28, 60.28, 31.83, 79.28, 28.83, 123.28, 3.0, 24.53, 46.28, 42.28, 102.28, 19.53, 18.53, 44.28, 68.28, 123.28, 96.28, 123.28, 28.83, 4.83, 111.28, 13.32, 33.83, 123.28, 119.28, 64.28, 73.28, 100.28, 75.28, 55.28, 106.28, 11.89, 51.28, 76.28, 40.28, 46.28, 83.28, 45.28, 42.28, 65.28, 14.09, 103.28, 106.28, 44.28, 41.28];120.28;[2, 3, 1, 3, 1, 2, 1, 4, 1, 2, 3, 2, 1, 1, 1, 3, 2, 1, 1, 2, 1, 2];3;40;True
50;40;50;6;True;2000;1;0;0;0;0;0;0;108.02531147003174;12.098827362060547;43423.045947047285;38452.08783599502;2255.7740936523846;2715.1500000000005;[59.34, 31.67, 82.96, 93.96, 59.34, 90.96, 33.67, 55.34, 68.96, 18.79, 25.8, 36.36, 68.96, 57.34, 29.8, 8.31, 71.96, 31.67, 40.36, 108.96, 46.34, 38.36, 50.34, 16.75, 112.96, 90.96, 69.96, 25.8, 28.8, 19.79, 32.67, 95.96, 70.96, 112.96, 52.34, 49.34, 112.96, 24.8, 38.36, 63.34, 100.96, 21.79, 21.79, 41.34, 89.96, 32.67, 15.54, 14.54, 64.34, 83.96];104.64999999999999;[2, 1, 2, 2, 1, 1, 2, 5, 2, 4, 1, 1, 3, 2, 1, 3, 1, 1, 1, 1, 2, 1];4;40;True
60;40;60;1;True;2000;1;0;0;0;0;0;0;101.20939111709595;14.407090425491333;41985.78895282552;36731.79363563031;2360.0177693923765;2893.859999999999;[85.97, 22.56, 25.56, 90.97, 58.97, 29.97, 31.97, 98.97, 46.97, 28.13, 12.38, 35.97, 75.97, 38.97, 62.97, 50.97, 16.03, 30.97, 58.97, 69.97, 51.97, 4.01, 48.97, 61.97, 36.97, 46.97, 21.15, 54.97, 24.56, 53.97, 43.97, 15.03, 31.97, 98.97, 54.97, 71.97, 98.97, 16.03, 19.77, 68.97, 23.56, 98.97, 23.56, 50.97, 21.15, 22.15, 22.15, 60.97, 93.97, 98.97, 23.56, 53.97, 30.97, 15.03, 49.97, 26.56, 97.97, 52.97, 98.97, 28.13];94.96;[1, 3, 2, 1, 1, 3, 2, 1, 1, 2, 1, 2, 1, 1, 3, 1, 1, 4, 3, 1, 2, 1, 2];3;40;True
60;40;60;2;True;2000;1;0;0;0;0;0;0;123.39900064468384;16.234372854232788;43054.39484135337;37631.8042509153;2523.319216317658;2899.1199999999985;[28.83, 81.29, 62.29, 83.29, 27.83, 111.29, 23.83, 16.44, 16.44, 120.29, 19.83, 85.29, 17.44, 41.29, 28.83, 17.44, 13.44, 34.29, 58.29, 16.44, 85.29, 45.29, 44.29, 120.29, 62.29, 48.29, 18.83, 28.83, 18.83, 18.83, 109.29, 22.83, 48.29, 19.83, 91.29, 118.29, 120.29, 43.29, 16.44, 66.29, 30.83, 22.83, 36.29, 53.29, 27.83, 30.83, 30.83, 120.29, 44.29, 54.29, 37.29, 37.29, 63.29, 15.44, 79.29, 43.29, 60.29, 10.48, 17.44, 31.83];109.81;[1, 1, 2, 1, 2, 1, 1, 1, 1, 2, 1, 1, 4, 2, 2, 3, 1, 4, 1, 4, 3, 1];3;40;True
60;40;60;3;True;2000;1;0;0;0;0;0;0;108.4296817779541;17.444639921188354;40625.55219664824;35430.94179816869;2286.4491841751615;2908.2099999999996;[53.85, 55.85, 51.85, 84.95, 63.95, 18.3, 17.61, 46.95, 56.95, 50.95, 13.09, 27.65, 112.95, 42.95, 20.3, 36.36, 21.45, 51.85, 17.61, 83.95, 29.65, 55.85, 110.95, 20.3, 23.45, 21.3, 102.95, 14.82, 20.3, 112.95, 19.3, 63.95, 58.95, 88.95, 72.95, 36.95, 63.95, 41.95, 35.34, 44.95, 25.65, 62.95, 30.65, 21.45, 27.65, 22.45, 36.36, 73.95, 31.65, 17.61, 25.16, 14.82, 112.95, 54.85, 20.3, 112.95, 13.93, 90.95, 86.95, 55.85];99.86;[1, 2, 3, 1, 1, 1, 3, 1, 1, 2, 3, 1, 2, 1, 2, 2, 1, 2, 1, 2, 3, 2, 1, 1];2;40;True
60;40;60;4;True;2000;1;0;0;0;0;0;0;98.7145037651062;12.09984040260315;42065.4831074047;36981.71559746181;2256.586643476005;2827.1600000000003;[15.89, 62.89, 13.81, 52.89, 64.89, 30.89, 85.89, 25.89, 16.89, 86.89, 12.82, 57.89, 15.89, 50.89, 76.89, 58.89, 64.89, 70.89, 42.89, 25.89, 86.89, 2.8, 23.89, 42.89, 18.89, 38.89, 60.89, 19.89, 47.89, 31.89, 56.89, 86.89, 74.89, 46.89, 51.89, 44.89, 44.89, 29.89, 50.89, 64.89, 38.89, 21.89, 81.89, 34.89, 76.89, 50.89, 43.89, 25.89, 65.89, 24.89, 52.89, 29.89, 86.89, 18.89, 86.89, 54.89, 40.89, 86.89, 25.89, 14.89];84.09;[1, 1, 3, 2, 2, 1, 2, 1, 1, 1, 2, 2, 1, 1, 1, 1, 2, 1, 3, 1, 2, 1, 2, 3, 2];2;40;True
60;40;60;5;True;2000;1;0;0;0;0;0;0;106.23046159744263;12.065472841262817;39987.91488516025;34756.561327185846;2324.6291448410757;2906.8300000000027;[39.88, 64.88, 23.75, 29.88, 18.12, 74.88, 48.88, 26.88, 67.88, 20.12, 46.88, 1.0, 20.12, 40.88, 30.88, 83.88, 15.07, 14.07, 31.88, 57.88, 112.88, 80.88, 112.88, 23.0, 3.0, 94.88, 10.54, 28.88, 112.88, 112.88, 35.88, 55.88, 93.88, 64.88, 57.88, 112.88, 9.54, 37.88, 60.88, 23.0, 28.88, 57.88, 23.0, 27.88, 42.88, 10.54, 98.88, 47.88, 72.88, 26.88, 40.88, 23.0, 78.88, 72.88, 17.12, 43.88, 39.88, 32.88, 23.0, 93.88];111.88;[2, 1, 1, 1, 1, 1, 1, 4, 2, 3, 1, 2, 1, 2, 3, 1, 1, 2, 1, 2, 2, 1, 1, 2, 1];3;40;True
60;40;60;6;True;2000;1;0;0;0;0;0;0;126.47352457046509;15.732471227645874;43641.760432321935;38322.78592738169;2347.7066212313543;2971.2599999999998;[52.41, 30.41, 74.41, 88.41, 44.41, 137.41, 32.41, 92.41, 117.41, 18.41, 25.41, 29.41, 133.41, 33.41, 28.41, 9.08, 62.41, 25.41, 32.41, 137.41, 35.41, 35.41, 42.41, 15.19, 94.41, 59.41, 49.41, 23.41, 27.41, 18.41, 30.41, 63.41, 37.41, 50.41, 47.41, 65.41, 39.41, 20.41, 24.41, 51.41, 137.41, 21.41, 20.41, 40.41, 129.41, 36.41, 15.19, 14.19, 30.41, 83.41, 56.41, 9.5, 12.19, 28.41, 57.41, 26.41, 137.41, 23.41, 38.41, 17.19];128.32999999999998;[3, 3, 2, 2, 2, 2, 2, 1, 2, 1, 3, 4, 1, 1, 1, 1, 1, 2, 1, 1, 1, 2, 1];3;40;True
70;40;70;1;True;2000;1;0;0;0;0;0;0;86.15768241882324;16.516194581985474;41898.21160675585;36696.45635171058;2386.3991065301266;2815.269999999996;[58.49, 22.33, 26.33, 66.49, 52.49, 30.49, 32.49, 66.49, 48.49, 28.49, 11.76, 33.49, 59.49, 45.49, 55.49, 66.49, 16.33, 39.49, 54.49, 48.49, 50.49, 4.07, 48.49, 66.49, 38.49, 44.49, 22.33, 66.49, 26.49, 36.49, 48.49, 14.33, 32.49, 66.49, 38.49, 60.49, 34.49, 17.33, 21.33, 54.49, 23.33, 66.49, 23.33, 34.49, 21.33, 22.33, 22.33, 59.49, 66.49, 66.49, 25.33, 48.49, 36.49, 15.33, 47.49, 27.49, 66.49, 31.49, 66.49, 28.49, 35.49, 30.49, 60.49, 64.49, 23.33, 49.49, 29.49, 22.33, 17.33, 26.33];62.419999999999995;[2, 3, 1, 2, 1, 1, 1, 1, 1, 3, 2, 1, 3, 2, 1, 1, 2, 3, 3, 2, 1, 2, 1];2;40;True
70;40;70;2;True;2000;1;0;0;0;0;0;0;139.16064596176147;17.84598398208618;43765.398797925896;38224.39270124426;2626.3612747577613;2914.9000000000046;[27.51, 97.51, 130.51, 26.51, 25.51, 103.51, 19.51, 12.51, 12.51, 62.51, 17.51, 66.51, 14.51, 38.51, 25.51, 14.51, 11.51, 37.51, 57.51, 13.51, 55.51, 53.51, 26.51, 75.51, 123.51, 54.51, 15.51, 24.51, 15.51, 17.51, 78.51, 18.51, 40.51, 17.51, 63.51, 73.51, 134.51, 34.51, 14.51, 34.51, 26.51, 19.51, 32.51, 40.51, 23.51, 29.51, 23.51, 91.51, 28.51, 47.51, 32.51, 27.51, 36.51, 13.51, 69.51, 50.51, 36.51, 10.51, 14.51, 24.51, 20.51, 46.51, 29.51, 118.51, 39.51, 35.51, 90.51, 20.51, 37.51, 9.71];124.79999999999998;[1, 3, 2, 1, 1, 1, 1, 1, 2, 2, 1, 3, 1, 1, 3, 1, 1, 1, 1, 3, 4, 2, 2, 1];3;40;True
70;40;70;3;True;2000;1;0;0;0;0;0;0;119.51494002342224;22.112274169921875;40979.99094785348;36151.6555112133;2270.2041189012234;2558.009999999999;[33.27, 45.27, 48.27, 58.27, 48.27, 11.41, 10.41, 40.27, 55.27, 40.27, 10.41, 20.27, 106.27, 32.27, 15.41, 30.27, 18.27, 27.27, 11.41, 51.27, 16.27, 49.27, 75.27, 13.41, 16.27, 15.41, 100.27, 13.41, 17.27, 99.27, 15.41, 49.27, 68.27, 80.27, 53.27, 32.27, 36.27, 26.27, 26.27, 40.27, 21.27, 57.27, 19.27, 14.41, 25.27, 17.27, 27.27, 74.27, 26.27, 12.41, 20.27, 8.41, 66.27, 44.27, 15.41, 105.27, 7.41, 99.27, 84.27, 43.27, 51.27, 35.27, 21.27, 2.41, 5.41, 24.27, 30.27, 23.27, 2.0, 15.41];104.27;[1, 1, 1, 1, 1, 1, 1, 3, 1, 2, 1, 3, 2, 1, 3, 2, 1, 2, 1, 1, 1, 3, 2, 1, 2, 1];2;40;True
70;40;70;4;True;2000;1;0;0;0;0;0;0;111.0897057056427;19.21880602836609;43064.97797736061;37352.50632452667;2235.0381268393467;3477.409999999998;[14.2, 86.22, 12.28, 54.22, 68.22, 84.22, 38.22, 29.57, 16.2, 105.22, 12.28, 62.22, 13.34, 61.22, 88.22, 35.57, 54.22, 86.22, 34.57, 30.57, 43.22, 2.32, 25.57, 37.57, 21.17, 41.22, 73.22, 19.12, 49.22, 34.57, 90.22, 68.22, 94.22, 39.22, 60.22, 52.22, 44.22, 29.57, 46.22, 79.22, 58.22, 22.17, 105.22, 59.22, 84.22, 53.22, 36.57, 27.57, 75.22, 26.57, 58.22, 33.57, 79.22, 19.17, 67.22, 70.22, 42.22, 105.22, 28.57, 13.34, 11.36, 19.12, 43.22, 19.12, 43.22, 102.22, 54.22, 39.22, 105.22, 37.57];102.9;[3, 2, 2, 1, 1, 1, 2, 1, 1, 1, 3, 1, 3, 2, 1, 2, 2, 1, 1, 1, 2, 1, 1, 4];3;40;True
70;40;70;5;True;2000;1;0;0;0;0;0;0;110.08284664154053;19.604376316070557;40987.28088175947;35081.114129826026;2318.2013122660646;3588.0699999999956;[42.22, 56.22, 25.18, 39.22, 17.52, 62.22, 57.22, 26.18, 61.22, 20.18, 67.22, 1.0, 19.18, 31.18, 36.18, 102.22, 14.51, 12.64, 48.22, 60.22, 86.22, 60.22, 113.22, 23.07, 3.0, 111.22, 10.48, 29.18, 113.22, 113.22, 40.22, 57.22, 100.22, 33.18, 46.22, 112.22, 9.48, 42.22, 99.22, 24.18, 28.18, 75.22, 25.18, 28.18, 57.22, 9.48, 99.22, 47.22, 110.22, 28.18, 45.22, 23.07, 77.22, 77.22, 17.52, 46.22, 65.22, 35.18, 24.18, 78.22, 113.22, 27.18, 69.22, 55.22, 52.22, 32.18, 59.22, 75.22, 39.22, 40.22];112.22;[2, 1, 1, 1, 1, 2, 1, 2, 1, 2, 3, 1, 1, 3, 1, 2, 1, 2, 1, 1, 2, 1, 3, 1, 3];2;40;True
70;40;70;6;True;2000;1;0;0;0;0;0;0;133.3104763031006;21.465599298477173;44940.38865367368;39365.23254949849;2296.312645645703;3278.859999999998;[44.56, 30.21, 78.56, 82.56, 46.56, 134.56, 32.11, 76.56, 118.56, 17.94, 24.47, 26.47, 124.56, 36.51, 27.94, 8.08, 50.56, 26.47, 29.21, 125.56, 38.51, 35.68, 53.56, 14.45, 92.56, 43.56, 75.56, 22.62, 27.24, 16.94, 30.21, 67.56, 39.51, 59.56, 42.56, 56.56, 43.56, 19.94, 24.47, 61.56, 134.56, 20.94, 19.94, 40.56, 122.56, 35.68, 12.45, 12.06, 29.21, 81.56, 58.56, 8.85, 10.44, 27.94, 42.56, 26.47, 136.56, 23.47, 40.56, 15.79, 21.74, 20.94, 24.47, 23.47, 26.47, 61.56, 35.68, 47.56, 68.56, 39.51];128.48;[2, 3, 2, 1, 2, 2, 1, 1, 5, 3, 1, 2, 1, 1, 1, 2, 1, 1, 1, 3, 1, 3];4;40;True
80;40;80;1;True;2000;1;0;0;0;0;0;0;121.24424409866333;28.45035147666931;43213.14633724788;37698.16430214129;2332.908807388636;3181.839999999995;[68.62, 12.47, 17.74, 105.62, 51.62, 24.62, 25.62, 106.62, 42.62, 21.62, 10.06, 27.62, 80.62, 37.62, 61.62, 69.62, 8.72, 22.62, 58.62, 28.62, 46.62, 3.35, 37.62, 65.62, 39.62, 42.62, 14.47, 106.62, 17.74, 30.62, 43.62, 7.72, 26.62, 36.62, 33.62, 78.62, 27.62, 8.72, 11.06, 78.62, 19.62, 49.62, 14.47, 43.62, 11.06, 15.47, 14.47, 98.62, 95.62, 102.62, 15.47, 66.62, 23.62, 7.72, 44.62, 19.62, 106.62, 22.62, 99.62, 22.62, 25.62, 23.62, 57.62, 75.62, 16.47, 44.62, 19.62, 16.47, 8.86, 17.74, 20.62, 72.62, 51.62, 11.43, 4.08, 52.62, 56.62, 24.62, 27.62, 18.74];103.27000000000001;[3, 3, 3, 2, 1, 2, 2, 1, 1, 1, 2, 1, 2, 3, 1, 1, 4, 2, 1, 1, 1, 1, 1];3;40;True
80;40;80;2;True;2000;1;0;0;0;0;0;0;151.59517765045166;27.989270210266113;43559.180299506304;37505.263702660464;2617.511539029597;3436.32;[29.25, 76.37, 139.37, 30.11, 27.25, 109.37, 22.25, 15.86, 15.86, 60.37, 19.25, 87.37, 16.86, 40.03, 28.25, 16.86, 11.96, 30.11, 57.37, 17.25, 86.37, 62.37, 29.25, 102.37, 92.37, 44.37, 19.25, 27.25, 18.25, 18.25, 98.37, 22.25, 40.03, 20.25, 47.37, 49.37, 148.37, 36.03, 15.86, 37.03, 40.37, 22.25, 35.03, 46.37, 26.25, 31.11, 25.25, 69.37, 32.11, 60.37, 33.11, 38.03, 38.03, 13.86, 77.37, 54.37, 47.37, 10.96, 16.86, 27.25, 23.25, 47.37, 32.11, 123.37, 41.37, 36.03, 69.37, 21.25, 40.03, 10.38, 32.11, 48.37, 55.37, 14.86, 55.37, 16.86, 29.25, 54.37, 33.11, 40.03];137.99;[2, 2, 2, 1, 1, 1, 2, 2, 1, 1, 4, 3, 3, 1, 1, 1, 1, 2, 2, 1, 3, 2, 1];3;40;True
80;40;80;3;True;2000;1;0;0;0;0;0;0;103.70201015472412;26.917284965515137;41023.00119986408;35844.4036881495;2387.910121276021;2790.679999999996;[34.37, 34.37, 42.37, 37.37, 84.37, 13.62, 11.62, 38.37, 75.37, 71.37, 11.37, 22.99, 84.37, 31.37, 16.83, 22.99, 18.83, 17.83, 12.62, 84.37, 18.83, 39.37, 84.37, 14.83, 18.83, 16.83, 53.37, 13.62, 18.83, 84.37, 16.83, 46.37, 42.37, 49.37, 44.37, 33.37, 40.37, 26.99, 38.37, 41.37, 22.99, 58.37, 21.99, 15.83, 25.99, 18.83, 29.37, 45.37, 27.99, 13.62, 21.99, 10.22, 71.37, 49.37, 16.83, 84.37, 9.22, 64.37, 77.37, 53.37, 48.37, 36.37, 40.37, 3.41, 6.96, 25.99, 32.37, 22.99, 2.0, 16.83, 13.62, 15.83, 12.62, 36.37, 23.99, 32.37, 64.37, 59.37, 19.86, 27.99];82.37;[1, 1, 1, 1, 4, 3, 5, 3, 1, 2, 1, 1, 1, 1, 1, 1, 3, 4, 1, 2, 1, 1];4;40;True
80;40;80;4;True;2000;1;0;0;0;0;0;0;99.97857999801636;22.131208181381226;42367.31069347139;36230.46836520731;2222.5824450842706;3914.020000000006;[14.47, 72.51, 11.35, 61.51, 69.51, 55.51, 41.51, 34.51, 16.47, 68.51, 11.47, 64.51, 14.47, 87.51, 86.51, 92.51, 53.51, 59.51, 44.51, 34.51, 56.51, 2.05, 30.51, 39.51, 21.14, 42.51, 68.51, 19.47, 43.51, 37.51, 63.51, 39.51, 85.51, 57.51, 59.51, 75.51, 46.51, 34.51, 47.51, 93.51, 47.51, 22.12, 88.51, 41.51, 67.51, 58.51, 38.51, 28.55, 37.51, 28.55, 46.51, 35.51, 97.51, 19.47, 97.51, 64.51, 44.51, 91.51, 31.51, 13.47, 11.35, 19.47, 41.51, 19.47, 37.51, 74.51, 56.51, 97.51, 34.51, 39.51, 37.51, 65.51, 42.51, 39.51, 30.51, 42.51, 95.51, 48.51, 90.51, 29.55];95.46000000000001;[2, 1, 2, 1, 3, 1, 1, 1, 1, 1, 1, 2, 1, 1, 1, 2, 1, 1, 1, 2, 2, 2, 5, 1, 2, 1];4;40;True
80;40;80;5;True;2000;1;0;0;0;0;0;0;115.36363172531128;23.166617393493652;41642.718819595364;35923.51274478468;2360.6314230004523;3358.799999999999;[37.72, 39.57, 19.72, 25.72, 15.72, 56.57, 37.72, 24.72, 55.57, 14.72, 55.57, 1.0, 16.72, 24.72, 22.72, 86.57, 11.72, 10.72, 38.57, 55.57, 73.57, 54.57, 105.57, 19.72, 3.0, 102.57, 8.16, 26.72, 105.57, 105.57, 20.72, 49.57, 72.57, 27.72, 40.57, 104.57, 7.16, 45.57, 98.57, 19.72, 25.72, 38.57, 18.72, 23.72, 25.72, 8.16, 90.57, 32.72, 85.57, 22.72, 27.72, 20.72, 80.57, 68.57, 13.72, 41.57, 32.72, 23.72, 19.72, 66.57, 105.57, 19.72, 72.57, 75.57, 43.57, 28.72, 54.57, 51.57, 28.72, 34.72, 38.57, 58.57, 35.72, 36.72, 40.57, 2.0, 24.72, 49.57, 8.16, 37.72];104.57;[2, 1, 1, 1, 4, 2, 2, 2, 1, 1, 2, 1, 1, 1, 2, 2, 2, 1, 1, 1, 3, 1, 3, 1, 1];3;40;True
80;40;80;6;True;2000;1;0;0;0;0;0;0;134.75726413726807;30.569555044174194;45731.636806225404;40372.179674689025;2333.2761614639467;3026.139999999995;[35.62, 27.62, 52.62, 110.62, 37.62, 42.62, 29.62, 62.62, 94.62, 15.62, 22.62, 25.62, 85.62, 35.62, 25.62, 7.0, 40.62, 21.62, 27.62, 108.62, 28.62, 31.62, 45.62, 11.04, 52.62, 112.62, 50.62, 19.62, 25.62, 13.62, 25.62, 62.62, 30.62, 47.62, 38.62, 57.62, 33.62, 15.62, 18.62, 79.62, 52.62, 18.62, 17.62, 38.62, 23.62, 26.62, 9.0, 8.0, 25.62, 70.62, 111.62, 8.0, 8.0, 25.62, 41.62, 21.62, 78.62, 20.62, 35.62, 12.62, 17.62, 18.62, 17.62, 20.62, 21.62, 73.62, 27.62, 42.62, 109.62, 36.62, 61.62, 34.62, 2.0, 21.62, 18.62, 11.04, 12.62, 71.62, 28.62, 11.04];110.62;[1, 2, 4, 4, 1, 1, 1, 1, 1, 3, 2, 1, 1, 2, 3, 1, 2, 2, 1, 3, 2, 1];3;40;True
90;40;90;1;True;2000;1;0;0;0;0;0;0;106.60360193252563;36.979015827178955;43438.15688372458;37697.337101926794;2400.554748466637;3340.53;[56.09, 15.02, 20.02, 79.09, 43.02, 24.02, 26.02, 82.09, 50.09, 23.02, 10.33, 28.02, 82.09, 31.02, 49.09, 63.09, 10.33, 22.02, 52.09, 26.02, 48.09, 3.31, 44.09, 29.02, 23.02, 43.02, 17.02, 79.09, 19.02, 31.02, 50.09, 9.33, 27.02, 31.02, 33.02, 65.09, 32.02, 12.02, 15.02, 58.09, 21.02, 50.09, 17.02, 55.09, 15.02, 18.02, 17.02, 82.09, 82.09, 66.09, 17.02, 56.09, 25.02, 10.33, 45.09, 21.02, 72.09, 22.02, 82.09, 24.02, 26.02, 24.02, 58.09, 82.09, 19.02, 45.09, 21.02, 19.02, 13.02, 19.02, 20.02, 82.09, 34.02, 15.02, 4.02, 51.09, 60.09, 26.02, 41.02, 21.02, 29.02, 81.09, 82.09, 25.02, 62.09, 8.98, 16.02, 14.02, 38.02, 43.02];78.78;[1, 1, 3, 3, 1, 1, 1, 2, 1, 1, 3, 1, 2, 2, 1, 1, 1, 3, 1, 1, 1, 2, 2, 3, 1];2;40;True
90;40;90;2;True;2000;1;0;0;0;0;0;0;158.3315806388855;43.059603214263916;45256.1457602825;38741.8476819849;2621.913439064211;3892.3700000000013;[27.98, 72.98, 122.98, 28.98, 26.98, 97.98, 20.98, 14.79, 13.79, 52.98, 18.98, 75.98, 15.98, 38.98, 27.98, 14.79, 10.9, 28.98, 48.98, 15.98, 94.98, 78.98, 28.98, 83.98, 134.98, 45.98, 18.98, 26.98, 17.98, 16.98, 85.98, 20.98, 37.98, 18.98, 56.98, 100.98, 140.98, 35.98, 14.79, 35.98, 50.98, 22.98, 33.98, 49.98, 25.98, 29.98, 25.98, 98.98, 30.98, 73.98, 31.98, 37.98, 44.98, 12.79, 52.98, 43.98, 39.98, 10.63, 14.98, 26.98, 21.98, 42.98, 30.98, 131.98, 42.98, 35.98, 75.98, 20.98, 38.98, 9.8, 29.98, 63.98, 53.98, 11.9, 58.98, 14.98, 27.98, 53.98, 32.98, 38.98, 36.98, 59.98, 18.98, 23.98, 84.98, 36.98, 23.98, 49.98, 14.79, 63.98];131.17999999999998;[2, 1, 1, 2, 1, 1, 1, 2, 1, 2, 1, 2, 3, 4, 1, 4, 1, 1, 3, 3, 2, 1];3;40;True
90;40;90;3;True;2000;1;0;0;0;0;0;0;119.15566778182983;31.14403223991394;41330.347896464205;35684.810918565345;2396.835466601543;3248.580000000001;[34.86, 38.86, 44.86, 40.86, 57.86, 17.41, 16.64, 39.86, 50.86, 42.86, 12.64, 26.86, 96.86, 33.86, 19.86, 27.86, 21.86, 23.86, 16.64, 58.86, 23.86, 41.86, 76.86, 20.86, 23.86, 20.86, 72.86, 14.64, 20.86, 85.86, 18.41, 47.86, 44.86, 82.86, 51.86, 35.86, 44.86, 31.86, 35.86, 43.86, 25.86, 59.86, 26.86, 21.86, 27.86, 21.86, 32.86, 50.86, 30.86, 17.41, 24.86, 14.64, 34.86, 50.86, 19.86, 58.86, 13.64, 42.86, 96.86, 46.86, 47.86, 39.86, 28.86, 3.6, 7.09, 30.86, 36.86, 27.86, 2.0, 19.86, 18.41, 21.86, 16.64, 39.86, 28.86, 35.86, 40.86, 50.86, 24.86, 30.86, 15.49, 83.86, 72.86, 20.86, 36.86, 12.64, 47.86, 39.86, 46.86, 32.86];94.86;[2, 3, 1, 1, 3, 3, 1, 2, 2, 1, 3, 1, 1, 1, 1, 1, 2, 3, 1, 1, 1, 3, 1, 1];2;40;True
90;40;90;4;True;2000;1;0;0;0;0;0;0;102.42148852348328;31.05956792831421;42788.76189074899;37325.67485478348;2267.737898039491;3195.080000000002;[10.34, 53.34, 10.34, 49.34, 61.34, 24.34, 25.34, 19.34, 15.34, 50.34, 9.34, 56.34, 10.34, 43.34, 71.34, 20.34, 35.34, 51.34, 23.34, 19.34, 52.34, 2.12, 17.34, 29.34, 13.34, 36.34, 30.34, 18.34, 35.34, 27.34, 49.34, 28.34, 64.34, 26.34, 74.34, 55.34, 39.34, 20.34, 37.34, 59.34, 38.34, 19.34, 63.34, 25.34, 34.34, 45.34, 23.34, 22.34, 23.34, 20.34, 26.34, 25.34, 54.34, 14.34, 74.34, 43.34, 37.34, 26.34, 22.34, 12.34, 10.34, 15.34, 74.34, 13.34, 26.34, 74.34, 58.34, 65.34, 41.34, 33.34, 33.34, 59.34, 36.34, 23.34, 18.34, 41.34, 44.34, 43.34, 74.34, 19.34, 59.34, 57.34, 74.34, 16.34, 53.34, 20.34, 8.04, 41.34, 18.34, 12.34];72.22;[1, 1, 1, 1, 1, 1, 3, 1, 3, 1, 1, 2, 3, 2, 1, 1, 3, 1, 3, 1, 1, 1, 3, 3];2;40;True
90;40;90;5;True;2000;1;0;0;0;0;0;0;98.93065071105957;29.528265237808228;41794.210070956724;35658.276248748254;2336.916304573571;3799.3100000000013;[39.46, 83.46, 24.46, 30.46, 15.37, 58.46, 47.46, 25.46, 57.46, 19.37, 46.46, 1.0, 16.37, 28.46, 31.46, 76.46, 9.88, 9.36, 31.46, 57.46, 77.46, 61.46, 83.46, 21.18, 3.0, 77.46, 7.72, 27.46, 83.46, 83.46, 26.46, 51.46, 82.46, 31.46, 43.46, 83.46, 7.72, 36.46, 60.46, 23.16, 27.46, 59.46, 24.46, 27.46, 31.46, 7.72, 74.46, 35.46, 32.46, 26.46, 34.46, 21.18, 83.46, 77.46, 13.37, 44.46, 36.46, 26.46, 23.16, 83.46, 83.46, 25.46, 62.46, 57.46, 46.46, 30.46, 56.46, 47.46, 42.46, 37.46, 30.46, 61.46, 31.46, 39.46, 42.46, 2.0, 30.46, 39.46, 7.72, 40.46, 83.46, 81.46, 49.46, 4.0, 28.46, 83.46, 83.46, 35.46, 20.37, 41.46];82.46;[2, 1, 1, 1, 1, 2, 2, 1, 1, 1, 1, 3, 1, 1, 1, 4, 2, 1, 1, 2, 1, 1, 2, 2, 2, 1, 1];3;40;True
90;40;90;6;True;2000;1;0;0;0;0;0;0;132.17288446426392;34.760629415512085;46185.133440506244;40988.89097727622;2314.9907059527827;2881.109999999996;[27.93, 26.81, 65.1, 72.1, 32.93, 45.93, 26.93, 45.93, 86.1, 13.6, 20.44, 21.87, 54.93, 27.93, 23.87, 5.97, 38.93, 16.6, 23.87, 20.44, 22.87, 29.93, 33.93, 8.24, 55.93, 34.93, 29.93, 17.6, 23.87, 11.6, 21.87, 41.93, 22.87, 40.93, 38.93, 34.93, 37.93, 11.6, 14.6, 46.93, 83.1, 17.6, 14.6, 36.93, 17.6, 23.87, 8.24, 7.85, 20.44, 99.1, 59.93, 7.85, 6.0, 24.87, 34.93, 17.6, 95.1, 17.6, 40.93, 10.6, 13.6, 16.6, 13.6, 17.6, 16.6, 96.1, 23.87, 65.1, 99.1, 34.93, 71.1, 27.93, 2.0, 16.6, 14.6, 9.24, 10.6, 20.44, 25.81, 9.24, 52.93, 71.1, 65.1, 20.87, 18.6, 33.93, 12.6, 7.85, 9.24, 59.93];97.1;[2, 4, 3, 1, 1, 1, 1, 1, 2, 1, 1, 1, 3, 2, 5, 1, 3, 1, 2, 2, 1, 1];4;40;True
100;40;100;1;True;2000;1;0;0;0;0;0;0;109.25729155540466;36.73652505874634;45062.96792753687;38923.48252440004;2387.8036839679253;3751.7599999999957;[55.16, 14.43, 20.43, 73.16, 39.16, 25.25, 26.25, 83.16, 44.16, 23.25, 11.67, 28.16, 83.16, 37.16, 50.16, 57.16, 10.91, 21.43, 70.16, 27.16, 48.16, 3.57, 58.16, 35.16, 22.43, 43.16, 17.43, 27.16, 20.43, 32.16, 42.16, 9.91, 27.16, 33.16, 34.16, 83.16, 31.16, 12.43, 15.43, 78.16, 21.43, 71.16, 17.43, 78.16, 14.43, 17.43, 17.43, 57.16, 83.16, 47.16, 17.43, 83.16, 25.25, 10.91, 46.16, 21.43, 45.16, 22.43, 83.16, 24.25, 26.25, 24.25, 59.16, 69.16, 18.43, 47.16, 21.43, 18.43, 12.43, 20.43, 20.43, 83.16, 33.16, 14.43, 4.41, 55.16, 60.16, 25.25, 46.16, 21.43, 27.16, 83.16, 83.16, 25.25, 50.16, 10.91, 16.43, 13.43, 71.16, 41.16, 14.43, 9.6, 11.67, 83.16, 12.43, 44.16, 36.16, 71.16, 20.43, 65.16];79.59;[1, 2, 4, 3, 1, 1, 1, 1, 2, 3, 1, 2, 1, 2, 1, 1, 3, 2, 3, 2, 1, 2];3;40;True
100;40;100;2;True;2000;1;0;0;0;0;0;0;159.318208694458;42.90344309806824;45222.74879610849;38211.00246394237;2600.04604738351;4411.43;[31.24, 103.19, 80.19, 34.29, 30.24, 100.19, 25.73, 20.38, 20.38, 51.19, 23.73, 64.19, 21.66, 43.19, 34.29, 20.38, 14.01, 35.29, 53.19, 21.66, 79.19, 40.19, 34.29, 99.19, 120.19, 44.19, 22.73, 32.24, 22.66, 21.3, 78.19, 27.88, 52.19, 23.73, 46.19, 69.19, 49.19, 39.19, 17.01, 40.19, 46.19, 28.29, 38.29, 49.19, 32.24, 35.29, 31.24, 109.19, 36.29, 45.19, 36.29, 37.29, 44.19, 16.01, 45.19, 46.19, 42.19, 12.01, 21.3, 32.24, 27.73, 51.19, 35.29, 140.19, 43.19, 39.19, 58.19, 24.73, 41.19, 11.02, 36.29, 49.19, 57.19, 20.38, 64.19, 21.66, 35.29, 56.19, 36.29, 42.19, 44.19, 61.19, 23.73, 25.73, 59.19, 41.19, 29.39, 53.19, 18.01, 66.19, 50.19, 80.19, 33.29, 20.01, 47.19, 55.19, 69.19, 32.9, 100.19, 38.29];129.17;[2, 2, 2, 1, 2, 2, 1, 1, 2, 2, 1, 2, 2, 4, 1, 1, 1, 4, 1, 2, 1, 1, 2];3;40;True
100;40;100;3;True;2000;1;0;0;0;0;0;0;124.50194311141968;37.893314838409424;42516.54750181039;36967.291380053044;2395.288219125538;3154.170000000006;[26.01, 29.01, 40.01, 34.01, 55.01, 13.89, 13.89, 36.01, 43.01, 36.01, 11.89, 22.01, 92.01, 29.01, 18.01, 23.01, 20.01, 17.01, 13.89, 53.01, 19.01, 35.01, 71.01, 15.01, 18.01, 17.01, 43.01, 13.89, 19.01, 92.01, 17.01, 40.01, 68.01, 63.01, 65.01, 33.01, 38.01, 25.01, 22.01, 41.01, 23.01, 57.01, 21.01, 16.01, 26.01, 19.01, 28.01, 43.01, 27.01, 14.01, 22.01, 10.97, 26.01, 44.01, 17.01, 68.01, 10.57, 92.01, 92.01, 34.01, 44.01, 36.01, 21.01, 3.03, 8.57, 25.01, 31.01, 22.01, 1.0, 18.01, 14.01, 15.01, 13.89, 34.01, 23.01, 29.01, 35.01, 48.01, 19.01, 24.01, 12.89, 86.01, 44.01, 15.01, 31.01, 11.89, 39.01, 32.01, 43.01, 26.01, 63.01, 55.01, 22.01, 37.01, 8.21, 10.97, 20.01, 22.01, 24.01, 13.89];91.01;[1, 2, 1, 1, 4, 3, 1, 1, 1, 2, 1, 2, 1, 1, 1, 3, 2, 2, 1, 1, 4, 1, 2, 1];3;40;True
100;40;100;4;True;2000;1;0;0;0;0;0;0;110.62123012542725;32.252647399902344;43200.07339384954;37060.556168237155;2239.905858712097;3899.7399999999952;[10.79, 63.37, 10.48, 52.14, 65.37, 66.37, 34.22, 23.18, 15.24, 76.37, 9.76, 74.37, 10.79, 33.22, 59.37, 66.37, 41.22, 53.14, 25.35, 20.18, 49.14, 1.91, 17.16, 33.22, 12.85, 37.22, 34.22, 18.16, 37.22, 28.22, 57.37, 30.22, 76.37, 31.22, 66.37, 47.22, 41.22, 21.18, 42.22, 69.37, 41.22, 19.16, 76.37, 32.22, 52.14, 53.14, 31.22, 22.18, 26.22, 20.16, 29.22, 26.22, 58.37, 14.24, 67.37, 52.14, 39.22, 32.22, 22.18, 11.82, 10.48, 15.24, 76.37, 12.38, 24.35, 63.37, 53.14, 87.37, 23.18, 34.22, 33.22, 70.37, 37.22, 29.22, 17.16, 32.22, 56.14, 47.22, 84.37, 19.16, 57.37, 74.37, 74.37, 15.24, 56.14, 21.18, 6.71, 42.22, 20.18, 12.38, 90.37, 23.18, 30.22, 15.57, 59.37, 16.96, 31.22, 20.16, 25.35, 90.37];88.46000000000001;[3, 1, 3, 1, 1, 2, 1, 1, 2, 1, 2, 1, 2, 1, 3, 3, 2, 1, 4, 1, 2, 2];3;40;True
100;40;100;5;True;2000;1;0;0;0;0;0;0;104.79477548599243;28.25371527671814;42987.6242329925;35661.56284903492;2363.49075503401;4962.880000000004;[43.59, 84.59, 28.65, 35.47, 17.36, 64.59, 54.59, 27.07, 64.59, 23.79, 51.59, 1.0, 19.83, 34.47, 36.02, 83.59, 14.54, 12.54, 50.59, 63.59, 65.59, 64.59, 96.59, 25.7, 3.0, 87.59, 10.64, 29.65, 96.59, 96.59, 35.47, 58.59, 89.59, 38.02, 48.59, 96.59, 10.64, 51.59, 82.59, 27.55, 29.65, 50.59, 29.65, 31.47, 38.02, 9.64, 49.59, 55.59, 52.59, 30.74, 48.59, 23.79, 90.59, 60.59, 18.0, 50.59, 42.59, 33.47, 26.7, 67.59, 89.59, 30.74, 70.59, 54.59, 53.59, 34.47, 62.59, 68.59, 40.59, 42.59, 40.59, 70.59, 38.59, 44.59, 46.59, 2.0, 37.02, 43.59, 10.64, 43.59, 96.59, 88.59, 64.59, 4.13, 32.47, 69.59, 96.59, 40.59, 25.7, 44.59, 41.59, 82.59, 96.59, 76.59, 44.59, 96.59, 67.59, 76.59, 66.59, 56.59];95.59;[1, 1, 2, 1, 1, 1, 1, 4, 1, 1, 1, 1, 2, 1, 1, 1, 1, 1, 3, 2, 1, 2, 1, 2, 2, 1, 1, 2];3;40;True
100;40;100;6;True;2000;1;0;0;0;0;0;0;121.36209797859192;37.77309727668762;46450.02212341985;40339.28049555776;2288.7394495380895;3821.959999999997;[36.32, 30.54, 64.12, 55.12, 38.84, 52.12, 33.54, 50.12, 82.12, 18.6, 25.69, 27.69, 41.48, 45.12, 28.78, 8.85, 44.48, 27.69, 29.54, 33.54, 34.24, 35.32, 40.48, 14.6, 59.12, 81.12, 39.36, 23.69, 28.35, 19.6, 31.54, 41.48, 36.84, 45.12, 43.48, 37.84, 51.12, 22.69, 25.69, 49.12, 96.12, 20.6, 21.6, 40.48, 29.54, 32.54, 12.95, 12.58, 28.78, 96.12, 50.12, 9.85, 10.85, 28.78, 44.48, 27.69, 84.12, 25.69, 43.48, 17.6, 23.69, 22.6, 25.69, 25.69, 28.35, 70.12, 33.54, 47.12, 91.12, 39.36, 56.12, 34.24, 2.8, 29.54, 25.69, 15.6, 17.6, 33.54, 33.54, 15.6, 46.12, 70.12, 59.12, 30.54, 29.54, 42.48, 24.69, 12.58, 15.6, 63.12, 18.6, 68.12, 6.85, 63.12, 28.78, 58.12, 96.12, 56.12, 47.12, 44.48];93.32000000000001;[1, 2, 3, 1, 1, 2, 1, 1, 1, 5, 1, 1, 4, 1, 3, 1, 3, 1, 1, 1, 4, 1];4;40;True
50;50;50;1;True;2000;1;0;0;0;0;0;0;96.84535074234009;15.140192747116089;53139.78932006454;47076.74899581113;2793.6253552942344;3269.449999999998;[93.06, 49.33, 36.08, 93.06, 93.06, 55.09, 53.01, 93.06, 82.06, 36.08, 12.98, 70.06, 93.06, 58.99, 75.06, 71.06, 24.59, 93.06, 93.06, 93.06, 77.06, 4.1, 93.06, 56.09, 93.06, 73.06, 34.08, 93.06, 50.94, 93.06, 78.06, 15.66, 61.06, 93.06, 54.09, 93.06, 93.06, 18.66, 36.08, 93.06, 47.33, 77.06, 41.35, 56.09, 26.99, 39.08, 36.08, 87.06, 93.06, 93.06];88.96000000000001;[3, 1, 1, 1, 1, 4, 2, 2, 1, 1, 2, 3, 1, 1, 2, 1, 1, 1, 1, 2, 2, 4, 3, 2, 1, 1, 1, 3, 1];3;50;True
50;50;50;2;True;2000;1;0;0;0;0;0;0;125.90668940544128;13.337263345718384;53138.94863022601;46525.62102254837;3075.693630986297;3537.569999999999;[71.07, 134.16, 85.16, 64.48, 45.49, 134.16, 46.49, 30.0, 20.37, 77.16, 39.49, 116.16, 42.49, 134.16, 48.49, 33.49, 12.48, 113.16, 107.16, 26.37, 101.16, 60.48, 59.48, 81.16, 114.16, 66.07, 36.49, 52.48, 29.0, 25.37, 126.16, 34.49, 77.16, 48.49, 115.16, 130.16, 89.16, 59.48, 16.37, 58.48, 67.07, 38.49, 68.07, 101.16, 52.48, 53.48, 64.48, 119.16, 76.07, 134.16];121.67999999999999;[2, 1, 2, 5, 1, 1, 2, 1, 1, 3, 2, 1, 2, 1, 1, 4, 1, 3, 2, 1, 2, 3, 1, 1, 1, 1, 1, 2, 1];4;50;True
50;50;50;3;True;2000;1;0;0;0;0;0;0;112.67407011985779;13.989850997924805;50304.501466985486;44637.84663161419;2839.4369116480866;2827.16;[60.75, 49.75, 69.75, 104.75, 104.75, 26.75, 25.75, 62.75, 104.75, 68.75, 14.11, 37.75, 104.75, 51.75, 32.75, 51.75, 28.75, 53.75, 27.75, 104.75, 42.75, 60.75, 81.75, 31.75, 32.75, 36.75, 78.75, 15.05, 21.75, 98.75, 23.75, 76.75, 86.75, 98.75, 90.75, 52.75, 80.75, 48.75, 61.75, 46.75, 41.75, 73.75, 52.75, 35.75, 35.75, 34.75, 60.75, 70.75, 45.75, 20.75];90.64;[1, 2, 1, 4, 2, 2, 2, 1, 1, 3, 1, 3, 2, 1, 2, 3, 3, 3, 1, 6, 1, 1, 1, 1, 1, 1];5;50;True
50;50;50;4;True;2000;1;0;0;0;0;0;0;120.46922397613525;17.223553895950317;53519.02363547615;46774.295963724886;2725.7377967259213;4018.9999999999986;[34.12, 102.06, 12.75, 88.06, 113.06, 127.06, 71.06, 49.58, 34.12, 110.06, 25.63, 76.06, 36.34, 76.06, 99.06, 83.06, 100.06, 123.06, 84.06, 77.06, 127.06, 17.67, 63.06, 67.06, 45.34, 49.58, 120.06, 19.67, 87.06, 63.06, 115.06, 77.06, 106.06, 127.06, 95.06, 93.06, 56.06, 58.06, 102.06, 126.06, 65.06, 40.34, 101.06, 127.06, 104.06, 106.06, 120.06, 56.06, 108.06, 53.58];114.31;[2, 2, 4, 1, 2, 1, 3, 3, 1, 1, 1, 1, 3, 1, 1, 1, 3, 2, 1, 1, 1, 1, 2, 1, 3, 2, 2, 2, 1];3;50;True
50;50;50;5;True;2000;1;0;0;0;0;0;0;144.04742097854614;13.493990898132324;51190.09330558396;44589.43306413852;2954.5074641570095;3646.290000000002;[55.92, 70.92, 49.92, 74.92, 21.54, 123.92, 80.92, 39.39, 97.92, 44.39, 88.92, 3.0, 25.38, 57.92, 51.92, 156.92, 40.39, 36.38, 105.92, 82.92, 162.92, 102.92, 98.92, 55.92, 4.83, 123.92, 22.17, 41.39, 137.92, 126.92, 75.92, 72.92, 137.92, 75.92, 62.92, 139.92, 12.83, 60.92, 83.92, 60.92, 58.92, 97.92, 58.92, 46.92, 71.92, 22.17, 128.92, 85.92, 57.92, 45.39];159.92;[2, 1, 1, 1, 1, 2, 1, 4, 1, 2, 1, 1, 3, 4, 2, 2, 1, 1, 1, 3, 1, 1, 2, 1, 2, 4, 3, 1];3;50;True
50;50;50;6;True;2000;1;0;0;0;0;0;0;125.41176867485046;13.095521450042725;54511.37103823313;48212.91429247556;2778.922138705405;3519.4400000000014;[90.21, 49.21, 130.21, 114.21, 71.21, 132.21, 61.21, 111.21, 105.21, 28.25, 29.09, 38.09, 105.21, 59.21, 47.21, 12.58, 91.21, 44.09, 51.21, 128.21, 74.21, 58.21, 64.21, 31.09, 94.21, 103.21, 133.21, 43.09, 35.09, 35.09, 50.21, 128.21, 103.21, 126.21, 83.21, 72.21, 133.21, 38.09, 39.09, 65.21, 103.21, 23.2, 36.09, 79.21, 37.09, 75.21, 18.2, 24.2, 44.09, 69.21];120.63000000000001;[1, 4, 3, 1, 2, 3, 1, 3, 2, 2, 1, 2, 4, 2, 1, 1, 2, 1, 1, 1, 2, 1, 1, 3, 2, 1, 1, 1];3;50;True
60;50;60;1;True;2000;1;0;0;0;0;0;0;106.79456877708435;18.0990207195282;52826.231292141296;46728.5410179918;2850.9876576468596;3246.8499999999967;[72.37, 22.31, 30.37, 83.37, 71.37, 34.37, 36.37, 82.37, 48.37, 29.37, 11.94, 65.37, 95.37, 55.37, 60.37, 62.37, 14.15, 51.37, 69.37, 75.37, 52.37, 4.01, 56.37, 95.37, 53.37, 52.37, 20.31, 95.37, 39.37, 95.37, 71.37, 14.07, 47.37, 92.37, 40.37, 85.37, 95.37, 15.58, 20.31, 95.37, 27.74, 66.37, 23.68, 44.37, 19.59, 21.31, 21.31, 92.37, 95.37, 95.37, 38.37, 92.37, 41.37, 14.15, 54.37, 27.74, 95.37, 45.37, 87.37, 29.37];91.36;[1, 1, 3, 3, 1, 1, 1, 3, 1, 1, 1, 1, 1, 3, 2, 2, 3, 3, 3, 1, 1, 2, 3, 2, 1, 2, 1, 2];2;50;True
60;50;60;2;True;2000;1;0;0;0;0;0;0;141.38916969299316;27.363345861434937;53787.74606324218;47365.121375290066;3047.935432163638;3374.870000000002;[46.67, 97.67, 64.67, 51.67, 32.67, 128.67, 30.67, 15.67, 15.67, 87.67, 31.67, 114.67, 16.67, 56.67, 31.67, 17.67, 10.83, 84.67, 74.67, 16.67, 128.67, 44.67, 43.67, 128.67, 103.67, 89.67, 18.67, 37.67, 18.67, 17.67, 98.67, 26.67, 57.67, 26.67, 63.67, 128.67, 115.67, 55.67, 14.67, 37.67, 91.67, 21.67, 62.67, 65.67, 27.67, 49.67, 28.67, 98.67, 52.67, 91.67, 41.67, 47.67, 57.67, 12.67, 81.67, 109.67, 86.67, 10.18, 16.67, 34.67];118.48999999999998;[2, 1, 1, 4, 2, 1, 2, 1, 1, 1, 2, 1, 1, 3, 2, 1, 4, 2, 4, 3, 1, 1, 1, 2, 1, 1, 1, 1, 1, 1];3;50;True
60;50;60;3;True;2000;1;0;0;0;0;0;0;121.33441042900085;22.965728282928467;50388.4012954205;44344.750512970335;2869.735389281678;3173.880000000002;[48.15, 53.4, 51.4, 75.01, 101.01, 22.94, 20.94, 49.15, 91.01, 78.01, 14.36, 38.28, 109.01, 54.4, 21.94, 42.03, 29.97, 42.03, 21.94, 99.01, 30.97, 56.4, 109.01, 25.68, 38.66, 27.85, 83.01, 15.13, 21.94, 86.01, 20.94, 75.01, 64.18, 64.18, 44.03, 61.21, 55.4, 44.03, 61.21, 46.15, 33.97, 77.01, 46.15, 28.85, 28.85, 25.68, 38.28, 75.01, 41.66, 20.94, 33.97, 17.98, 109.01, 85.01, 22.94, 104.01, 15.54, 95.01, 102.01, 77.01];94.65;[2, 1, 1, 1, 1, 2, 4, 4, 1, 4, 2, 3, 1, 1, 2, 1, 2, 1, 1, 1, 1, 2, 3, 1, 1, 6];5;50;True
60;50;60;4;True;2000;1;0;0;0;0;0;0;153.63039803504944;22.142496585845947;53058.526578605575;46991.00940637044;2773.6105700904736;3294.0799999999967;[17.85, 91.85, 13.96, 51.85, 65.85, 112.85, 145.85, 24.85, 17.85, 91.85, 14.33, 97.85, 15.85, 60.85, 91.85, 84.85, 56.85, 85.85, 83.85, 34.85, 116.85, 3.0, 27.85, 41.85, 19.85, 37.85, 56.85, 19.85, 55.85, 36.85, 82.85, 47.85, 78.85, 63.85, 43.85, 70.85, 45.85, 29.85, 71.85, 93.85, 49.85, 21.85, 110.85, 38.85, 86.85, 49.85, 51.85, 25.85, 45.85, 25.85, 33.85, 31.85, 78.85, 18.85, 62.85, 58.85, 39.85, 106.85, 31.85, 15.19];142.85;[1, 3, 3, 2, 2, 3, 3, 2, 1, 3, 2, 1, 2, 1, 1, 2, 1, 1, 1, 1, 2, 1, 3, 1, 1, 1, 1, 1, 2, 1];2;50;True
60;50;60;5;True;2000;1;0;0;0;0;0;0;138.6916162967682;17.48838496208191;51373.25458623925;45101.993340005174;3019.1385279788788;3252.2100000000014;[42.86, 58.86, 36.86, 58.86, 18.32, 79.86, 47.86, 27.86, 69.86, 25.76, 135.86, 1.0, 21.0, 41.86, 35.86, 80.86, 17.32, 14.35, 42.86, 65.86, 135.86, 84.86, 129.86, 34.86, 3.0, 69.86, 10.08, 30.86, 101.86, 107.86, 51.86, 58.86, 106.86, 73.86, 53.86, 125.86, 8.7, 71.86, 68.86, 29.86, 30.86, 79.86, 51.86, 37.86, 42.86, 10.08, 98.86, 41.86, 76.86, 36.86, 38.86, 24.0, 63.86, 68.86, 18.32, 48.86, 40.86, 36.86, 33.86, 86.86];134.86;[2, 1, 4, 1, 4, 1, 2, 5, 6, 1, 1, 1, 2, 2, 4, 1, 1, 1, 1, 1, 1, 2, 1, 3, 1];5;50;True
60;50;60;6;True;2000;1;0;0;0;0;0;0;151.18713760375977;25.725592851638794;55448.29947238608;49167.44989020553;2787.0730598339546;3493.7900000000004;[52.98, 36.98, 61.98, 91.98, 50.98, 140.98, 37.98, 102.98, 115.98, 19.98, 25.98, 37.98, 133.98, 57.98, 28.98, 8.55, 55.98, 32.98, 41.98, 124.98, 69.98, 52.98, 47.98, 18.16, 70.98, 114.98, 120.98, 33.98, 28.98, 21.98, 31.98, 54.98, 64.98, 121.98, 53.98, 52.98, 102.98, 23.98, 26.98, 91.98, 136.98, 21.98, 23.98, 91.98, 103.98, 44.98, 16.23, 14.23, 45.98, 61.98, 92.98, 9.24, 12.23, 29.98, 61.98, 37.98, 123.98, 28.98, 44.98, 19.21];132.42999999999998;[2, 1, 1, 5, 2, 5, 1, 3, 1, 1, 1, 1, 2, 1, 1, 2, 1, 1, 1, 1, 3, 1, 1, 2, 2, 3, 1, 2, 1];4;50;True
70;50;70;1;True;2000;1;0;0;0;0;0;0;133.17745184898376;24.35817241668701;54106.68928157238;47932.414123841954;2876.7005858057155;3297.8499999999954;[52.37, 19.99, 23.99, 96.37, 59.37, 32.37, 44.37, 86.37, 45.37, 28.37, 11.9, 49.37, 92.37, 42.37, 51.37, 63.37, 14.61, 32.37, 58.37, 102.37, 50.37, 3.96, 43.37, 58.37, 42.37, 54.37, 19.99, 97.37, 27.37, 64.37, 58.37, 14.18, 37.37, 89.37, 46.37, 68.37, 110.37, 16.61, 18.99, 81.37, 22.99, 51.37, 21.99, 35.37, 17.99, 20.99, 20.99, 82.37, 73.37, 65.37, 22.99, 63.37, 38.37, 14.61, 47.37, 26.37, 110.37, 42.37, 85.37, 27.37, 55.37, 28.37, 60.37, 83.37, 21.99, 49.37, 35.37, 20.99, 16.61, 23.99];106.41000000000001;[1, 1, 2, 1, 1, 3, 1, 2, 1, 4, 2, 1, 1, 1, 1, 2, 3, 3, 2, 2, 2, 1, 4, 1, 2, 2, 2, 1];3;50;True
70;50;70;2;True;2000;1;0;0;0;0;0;0;165.44833517074585;32.381970167160034;55327.57111622741;48857.29257550006;3144.688864523091;3325.4699999999953;[27.12, 99.12, 136.12, 31.12, 25.12, 120.12, 22.12, 13.12, 12.12, 57.12, 17.12, 109.12, 14.12, 38.12, 43.12, 14.12, 11.12, 76.12, 67.12, 14.12, 75.12, 46.12, 26.12, 143.12, 70.12, 65.12, 16.12, 28.12, 15.12, 17.12, 101.12, 18.12, 47.12, 18.12, 51.12, 102.12, 98.12, 47.12, 15.12, 34.12, 24.12, 19.12, 33.12, 54.12, 23.12, 28.12, 24.12, 78.12, 32.12, 65.12, 74.12, 37.12, 39.12, 13.12, 94.12, 55.12, 58.12, 11.12, 14.12, 26.12, 23.12, 51.12, 44.12, 127.12, 62.12, 41.12, 115.12, 20.12, 47.12, 9.19];133.93;[2, 1, 4, 3, 1, 1, 3, 1, 4, 2, 2, 1, 1, 1, 2, 3, 2, 1, 1, 2, 1, 1, 1, 1, 2, 1, 3, 1, 1];3;50;True
70;50;70;3;True;2000;1;0;0;0;0;0;0;122.62479066848755;29.90236735343933;50698.85090160077;45092.435830643524;2886.7107681025764;2719.700000000003;[50.38, 29.38, 49.38, 87.38, 57.38, 10.41, 9.41, 59.38, 78.38, 46.38, 9.41, 21.38, 93.38, 50.38, 14.41, 27.38, 17.38, 20.38, 11.41, 75.38, 15.38, 36.38, 93.38, 12.41, 27.38, 14.41, 58.38, 12.41, 17.38, 48.38, 14.41, 42.38, 61.38, 72.38, 51.38, 47.38, 37.38, 40.38, 76.38, 38.38, 20.38, 58.38, 20.38, 15.38, 24.38, 16.38, 25.38, 60.38, 24.38, 12.41, 18.38, 6.41, 93.38, 67.38, 14.41, 93.38, 6.41, 93.38, 77.38, 47.38, 93.38, 47.38, 28.38, 2.41, 4.41, 31.38, 31.38, 32.38, 2.0, 14.41];91.38;[2, 1, 1, 3, 1, 3, 3, 3, 1, 1, 2, 1, 1, 2, 1, 3, 3, 1, 1, 1, 1, 2, 4, 2, 1, 3, 1, 1];3;50;True
70;50;70;4;True;2000;1;0;0;0;0;0;0;139.18440508842468;29.268550634384155;53471.57502455715;46929.91544902474;2717.7842027307697;3823.800000000003;[14.49, 70.03, 12.54, 54.03, 67.03, 79.03, 39.03, 30.25, 16.43, 111.03, 12.54, 108.03, 13.49, 63.03, 101.03, 126.03, 63.03, 76.03, 90.03, 35.25, 86.03, 2.32, 27.25, 57.03, 20.37, 41.03, 83.03, 19.37, 50.03, 39.03, 88.03, 53.03, 100.03, 77.03, 51.03, 66.03, 50.03, 30.25, 77.03, 68.03, 59.03, 21.37, 120.03, 107.03, 92.03, 81.03, 38.03, 26.25, 58.03, 25.25, 46.03, 35.25, 72.03, 18.69, 86.03, 67.03, 42.03, 83.03, 31.25, 14.49, 12.54, 18.69, 40.03, 18.37, 56.03, 90.03, 77.03, 46.03, 35.68, 37.04];123.71000000000001;[2, 2, 2, 2, 1, 3, 4, 1, 1, 4, 1, 2, 1, 1, 2, 3, 1, 1, 1, 1, 1, 1, 3, 1, 2, 1, 1, 1, 1, 1, 1];3;50;True
70;50;70;5;True;2000;1;0;0;0;0;0;0;147.24711203575134;31.104000091552734;52650.812995937915;45841.552098112195;3023.495551747022;3785.760000000004;[41.07, 60.07, 35.15, 42.07, 16.64, 85.07, 51.07, 25.88, 68.07, 21.3, 108.07, 1.0, 17.64, 45.07, 44.07, 135.07, 12.19, 11.83, 50.07, 58.07, 102.07, 82.07, 122.07, 23.74, 3.0, 94.07, 9.68, 28.44, 135.07, 114.07, 42.07, 52.07, 90.07, 76.07, 46.07, 134.07, 9.28, 46.07, 77.07, 28.44, 28.44, 62.07, 23.74, 28.44, 47.07, 9.68, 108.07, 52.07, 49.07, 42.07, 55.07, 22.45, 56.07, 65.07, 15.11, 45.07, 54.07, 42.07, 24.94, 90.07, 103.07, 24.94, 73.07, 87.07, 57.07, 31.44, 59.07, 86.07, 59.07, 39.15];134.07;[2, 1, 1, 2, 1, 3, 1, 2, 1, 3, 3, 2, 3, 1, 2, 1, 2, 1, 2, 1, 3, 1, 1, 3, 1, 1, 3, 2];2;50;True
70;50;70;6;True;2000;1;0;0;0;0;0;0;117.6683132648468;32.403135776519775;54794.62141532076;48445.160434627964;2739.3056768269744;3610.16;[64.86, 31.39, 93.86, 77.86, 62.86, 82.86, 33.39, 82.86, 100.86, 18.1, 25.91, 46.86, 69.86, 100.86, 29.39, 8.43, 73.86, 33.39, 39.7, 85.86, 49.86, 37.39, 58.86, 15.32, 68.86, 67.86, 100.86, 22.91, 28.39, 18.1, 45.86, 66.86, 49.86, 100.86, 52.86, 59.86, 78.86, 22.91, 30.39, 87.86, 92.86, 20.38, 21.34, 41.86, 53.86, 50.86, 13.32, 11.32, 37.39, 63.86, 82.86, 9.19, 10.21, 29.39, 50.86, 45.86, 100.86, 25.91, 65.86, 16.1, 24.91, 21.97, 27.39, 24.91, 72.86, 100.86, 38.39, 88.86, 96.86, 41.39];92.43;[1, 4, 2, 2, 2, 1, 2, 1, 2, 1, 1, 2, 1, 1, 1, 2, 2, 1, 1, 3, 2, 1, 1, 2, 1, 3, 1, 1, 3, 1, 1];3;50;True
80;50;80;1;True;2000;1;0;0;0;0;0;0;113.6396849155426;38.65691947937012;53583.85673369444;47198.16494174465;2895.858131538425;3489.649999999998;[55.64, 13.89, 20.2, 86.64, 86.64, 25.64, 27.64, 86.64, 43.64, 24.64, 10.27, 32.64, 58.64, 33.64, 64.64, 67.64, 9.65, 23.64, 63.64, 86.64, 47.64, 3.58, 62.64, 28.64, 26.64, 49.64, 15.89, 86.64, 20.2, 86.64, 86.64, 8.65, 46.64, 40.64, 41.64, 83.64, 29.64, 10.27, 13.89, 84.64, 20.2, 86.64, 16.58, 84.64, 12.89, 16.58, 15.89, 86.64, 86.64, 86.64, 18.2, 78.64, 27.64, 9.65, 47.64, 22.64, 86.64, 37.64, 86.64, 23.64, 35.64, 25.64, 58.64, 86.64, 17.58, 42.64, 24.64, 17.58, 10.27, 20.2, 22.64, 86.64, 35.64, 12.89, 4.1, 57.64, 51.64, 26.64, 82.64, 20.71];83.06;[2, 1, 2, 1, 1, 1, 3, 1, 2, 1, 2, 1, 3, 2, 2, 2, 1, 3, 3, 1, 1, 4, 1, 2, 1, 1, 1, 1, 1, 2];3;50;True
80;50;80;2;True;2000;1;0;0;0;0;0;0;178.4138388633728;44.30659747123718;55655.41735360895;48770.35450311045;3172.0441626661213;3712.8299999999995;[28.41, 80.75, 147.75, 48.75, 26.56, 113.75, 22.56, 14.85, 14.85, 75.75, 18.56, 61.75, 16.56, 39.75, 27.41, 15.69, 12.02, 83.75, 57.75, 16.56, 66.75, 49.75, 29.07, 144.75, 68.75, 36.34, 18.56, 29.15, 17.56, 17.56, 69.75, 20.56, 42.75, 19.56, 78.75, 88.75, 118.75, 36.34, 15.69, 38.34, 44.75, 20.56, 35.34, 51.75, 25.56, 31.15, 30.15, 107.75, 35.34, 74.75, 53.75, 45.75, 41.75, 13.93, 57.75, 52.75, 47.75, 11.09, 15.69, 36.34, 22.56, 52.75, 31.15, 111.75, 109.75, 36.34, 106.75, 21.56, 48.75, 10.7, 37.34, 49.75, 52.75, 13.93, 63.75, 15.69, 28.41, 61.75, 33.15, 39.34];137.05;[2, 3, 3, 1, 2, 1, 2, 3, 2, 1, 3, 1, 4, 1, 1, 6, 1, 3, 1, 1, 1, 2, 3, 1, 1];5;50;True
80;50;80;3;True;2000;1;0;0;0;0;0;0;157.52671146392822;37.33777356147766;52458.269285521324;46151.97161057072;2922.9293802950006;3383.309999999999;[38.79, 41.79, 49.79, 74.79, 46.79, 15.0, 14.59, 39.79, 85.79, 47.79, 12.51, 25.99, 112.79, 35.79, 19.11, 25.99, 20.38, 21.57, 14.59, 83.79, 22.57, 53.79, 71.79, 19.11, 25.99, 19.11, 87.79, 14.05, 20.11, 53.79, 18.11, 48.79, 61.79, 73.79, 47.79, 38.79, 57.79, 33.79, 107.79, 42.79, 24.99, 64.79, 24.99, 20.38, 26.99, 20.8, 31.79, 58.79, 29.79, 15.69, 23.57, 12.51, 96.79, 106.79, 19.11, 109.79, 11.51, 60.79, 69.79, 48.79, 127.79, 51.79, 52.79, 3.41, 7.69, 28.99, 34.79, 27.99, 2.0, 18.11, 15.69, 20.38, 15.0, 40.79, 27.99, 35.79, 67.79, 126.79, 23.57, 28.99];125.79;[1, 1, 2, 1, 2, 4, 2, 3, 1, 3, 1, 2, 2, 1, 2, 1, 1, 2, 3, 1, 4, 3, 2, 1, 1, 3];3;50;True
80;50;80;4;True;2000;1;0;0;0;0;0;0;117.96576809883118;31.4651460647583;53565.58995849079;46893.14739159876;2721.2442813045755;3951.1799999999935;[13.39, 59.99, 10.77, 58.99, 66.99, 70.99, 41.99, 29.99, 15.39, 72.99, 10.77, 97.99, 13.39, 56.99, 87.99, 82.99, 50.99, 65.99, 40.99, 37.99, 38.99, 2.12, 27.99, 44.99, 20.02, 40.99, 53.99, 19.39, 40.99, 42.99, 97.99, 36.99, 82.99, 89.99, 69.99, 70.99, 43.99, 29.99, 50.99, 78.99, 53.99, 20.67, 91.99, 47.99, 97.99, 66.99, 35.99, 27.4, 34.99, 26.4, 36.99, 32.99, 69.99, 18.18, 79.99, 53.99, 42.99, 97.99, 28.99, 12.39, 10.77, 18.18, 36.99, 18.18, 37.99, 71.99, 55.99, 97.99, 33.99, 37.99, 35.99, 80.99, 40.99, 35.99, 27.99, 97.99, 90.99, 56.99, 83.99, 27.4];95.86999999999999;[2, 1, 2, 1, 1, 2, 1, 1, 1, 3, 1, 3, 1, 2, 2, 2, 2, 1, 2, 1, 4, 1, 2, 1, 1, 2, 2, 1, 2, 2];3;50;True
80;50;80;5;True;2000;1;0;0;0;0;0;0;171.33086442947388;31.216465711593628;52092.884255697354;45582.327045594204;2979.1266626546517;3531.379999999997;[38.06, 43.06, 22.06, 25.06, 16.06, 71.06, 85.06, 25.06, 62.06, 15.06, 121.06, 1.0, 16.06, 30.06, 23.06, 65.06, 11.06, 10.06, 35.06, 54.06, 107.06, 52.06, 105.06, 20.06, 3.0, 77.06, 8.25, 27.06, 152.06, 89.06, 24.06, 48.06, 62.06, 65.06, 40.06, 75.06, 8.25, 28.06, 71.06, 19.06, 26.06, 58.06, 18.06, 23.06, 36.06, 8.25, 92.06, 35.06, 100.06, 22.06, 31.06, 21.06, 53.06, 47.06, 13.06, 42.06, 26.06, 24.06, 19.06, 79.06, 92.06, 19.06, 71.06, 93.06, 43.06, 28.06, 54.06, 62.06, 84.06, 35.06, 36.06, 55.06, 43.06, 37.06, 40.06, 2.0, 28.06, 37.06, 8.25, 38.06];151.06;[2, 1, 3, 2, 1, 1, 1, 4, 1, 2, 3, 1, 1, 2, 2, 2, 1, 1, 1, 1, 1, 1, 3, 2, 1, 3, 4, 2];3;50;True
80;50;80;6;True;2000;1;0;0;0;0;0;0;157.30302619934082;43.542848110198975;56164.50507480388;49982.371219857436;2766.529214815284;3415.5899999999942;[48.22, 29.22, 91.22, 75.22, 46.22, 80.22, 30.22, 61.22, 115.22, 17.22, 24.22, 27.22, 64.22, 106.22, 27.22, 8.04, 69.22, 22.22, 29.22, 80.22, 33.22, 33.22, 46.22, 13.47, 82.22, 43.22, 58.22, 21.22, 26.22, 16.22, 27.22, 59.22, 45.22, 75.22, 50.22, 46.22, 91.22, 18.22, 21.22, 53.22, 62.22, 20.22, 19.22, 39.22, 37.22, 43.22, 12.47, 11.47, 26.22, 81.22, 100.22, 9.23, 8.63, 27.22, 39.22, 33.22, 126.22, 22.22, 38.22, 15.22, 20.22, 20.22, 20.22, 22.22, 22.22, 84.22, 33.22, 53.22, 54.22, 37.22, 62.22, 34.22, 2.72, 80.22, 20.22, 13.47, 15.22, 85.22, 36.22, 13.47];123.5;[4, 1, 1, 5, 2, 3, 1, 2, 1, 2, 1, 3, 1, 1, 2, 1, 1, 1, 2, 1, 5, 3, 1, 2, 1, 2];4;50;True
90;50;90;1;True;2000;1;0;0;0;0;0;0;140.52310490608215;51.08907437324524;54835.82120365228;48295.41278153948;2911.5954543530615;3628.6499999999983;[78.2, 13.17, 17.71, 53.2, 81.2, 24.22, 25.22, 79.2, 42.2, 22.22, 10.71, 27.22, 52.2, 32.22, 49.2, 56.2, 9.71, 23.22, 51.2, 61.2, 47.2, 3.31, 54.2, 39.22, 35.22, 44.2, 15.17, 59.2, 17.71, 98.2, 59.2, 8.71, 26.22, 25.22, 33.22, 67.2, 44.2, 8.71, 12.17, 65.2, 19.53, 77.2, 15.17, 96.2, 11.17, 16.17, 15.17, 61.2, 96.2, 98.2, 16.17, 39.22, 26.22, 9.71, 44.2, 19.53, 98.2, 25.22, 84.2, 22.22, 34.22, 24.22, 57.2, 91.2, 17.17, 44.2, 20.53, 17.17, 8.71, 17.17, 19.53, 64.2, 35.22, 11.17, 4.02, 51.2, 67.2, 31.22, 44.2, 19.53, 60.2, 84.2, 98.2, 23.22, 98.2, 8.65, 15.17, 10.71, 46.2, 40.22];94.89;[3, 1, 1, 1, 4, 3, 1, 1, 1, 2, 3, 3, 5, 2, 1, 2, 1, 1, 1, 2, 2, 1, 4, 1, 3];4;50;True
90;50;90;2;True;2000;1;0;0;0;0;0;0;179.5744194984436;55.831828355789185;56202.833219680106;48917.198963192444;3196.2319953975575;4089.4499999999966;[27.89, 69.89, 125.89, 106.89, 26.89, 70.89, 21.89, 15.89, 15.0, 46.89, 18.89, 95.89, 16.89, 38.89, 25.89, 15.89, 11.03, 29.89, 72.89, 15.89, 87.89, 38.89, 27.89, 108.89, 140.89, 39.89, 16.89, 24.89, 16.89, 17.89, 100.89, 19.89, 46.89, 19.89, 46.89, 76.89, 93.89, 34.89, 15.89, 35.89, 54.89, 19.89, 38.89, 56.89, 23.89, 27.89, 26.89, 118.89, 28.89, 110.89, 36.89, 31.89, 42.89, 13.9, 73.89, 51.89, 53.89, 10.88, 16.89, 26.89, 21.89, 61.89, 29.89, 138.89, 82.89, 34.89, 94.89, 20.89, 37.89, 9.92, 31.89, 49.89, 51.89, 14.85, 58.89, 16.89, 26.89, 51.89, 32.89, 38.89, 60.89, 80.89, 18.89, 23.89, 55.89, 52.89, 21.89, 46.89, 15.0, 52.89];130.97;[1, 2, 1, 1, 3, 1, 1, 1, 1, 1, 3, 2, 1, 2, 2, 1, 1, 1, 1, 4, 3, 1, 2, 2, 1, 4, 1, 2, 1, 2];3;50;True
90;50;90;3;True;2000;1;0;0;0;0;0;0;120.13927459716797;48.053595304489136;51690.09244634707;45607.18554171311;2917.5705624248085;3165.3199999999993;[29.92, 33.92, 42.79, 36.92, 67.95, 14.55, 13.58, 34.92, 55.95, 55.95, 11.58, 23.28, 81.95, 30.92, 17.62, 23.28, 19.54, 17.66, 14.55, 60.95, 19.54, 40.79, 74.95, 15.66, 18.54, 17.62, 53.95, 14.55, 19.54, 49.79, 17.62, 81.95, 58.95, 52.95, 42.79, 33.92, 58.95, 28.92, 34.92, 41.79, 23.28, 57.95, 21.62, 16.62, 25.92, 19.54, 29.92, 60.95, 27.92, 14.55, 22.28, 10.48, 45.79, 71.95, 17.62, 71.95, 10.48, 56.95, 81.95, 46.79, 81.95, 37.79, 23.28, 3.6, 6.43, 25.92, 33.92, 23.28, 2.0, 17.62, 14.55, 16.62, 14.55, 34.92, 23.92, 31.92, 47.79, 47.79, 19.65, 24.92, 12.58, 63.95, 78.95, 16.62, 32.92, 12.58, 45.79, 40.79, 49.79, 78.95];79.95;[1, 2, 1, 1, 1, 3, 3, 1, 1, 2, 4, 2, 1, 1, 1, 3, 3, 3, 1, 2, 3, 2, 1, 4, 1, 1, 1];3;50;True
90;50;90;4;True;2000;1;0;0;0;0;0;0;135.5177788734436;43.09966707229614;53801.965493822856;47601.00724313245;2738.208888566772;3462.5999999999985;[11.09, 59.89, 10.09, 48.89, 60.89, 38.89, 25.89, 24.89, 14.89, 71.89, 8.09, 55.89, 11.09, 42.89, 57.89, 45.89, 49.89, 46.89, 25.89, 20.89, 47.89, 2.1, 17.89, 38.89, 12.89, 35.89, 54.89, 17.89, 34.89, 27.89, 59.89, 29.89, 75.89, 27.89, 61.89, 50.89, 38.89, 20.89, 49.89, 93.89, 37.89, 18.89, 57.89, 25.89, 43.89, 67.89, 23.89, 22.89, 23.89, 20.89, 34.89, 37.89, 57.89, 13.89, 64.89, 51.89, 37.89, 26.89, 21.89, 12.09, 9.09, 14.89, 86.89, 12.89, 23.89, 65.89, 62.89, 60.89, 20.89, 32.89, 32.89, 91.89, 35.89, 23.89, 17.89, 31.89, 78.89, 51.89, 71.89, 19.89, 73.89, 49.89, 75.89, 15.89, 52.89, 20.89, 6.78, 49.89, 18.89, 12.09];91.79;[2, 1, 2, 1, 2, 2, 1, 1, 3, 2, 3, 1, 2, 1, 2, 1, 1, 2, 3, 1, 4, 4, 1, 1, 2, 1, 3];3;50;True
90;50;90;5;True;2000;1;0;0;0;0;0;0;158.74679470062256;34.09252119064331;53153.21394490238;46125.306194335935;3020.903952926018;4006.8600000000038;[38.34, 95.34, 18.34, 26.34, 16.43, 56.34, 62.34, 25.34, 55.34, 15.43, 58.34, 1.0, 16.43, 25.34, 24.34, 75.34, 11.03, 10.99, 40.34, 55.34, 61.34, 54.34, 123.34, 20.34, 3.0, 82.34, 8.99, 27.34, 107.34, 134.34, 24.34, 48.34, 57.34, 31.34, 41.34, 128.34, 7.99, 32.34, 108.34, 19.34, 26.34, 64.34, 18.34, 23.34, 26.34, 8.99, 52.34, 51.34, 39.34, 21.34, 36.34, 21.34, 58.34, 61.34, 13.69, 42.34, 33.34, 26.34, 19.34, 76.34, 106.34, 19.34, 59.34, 83.34, 43.34, 28.34, 54.34, 67.34, 28.34, 35.34, 25.34, 75.34, 31.34, 37.34, 41.34, 2.0, 25.34, 46.34, 8.99, 38.34, 96.34, 94.34, 70.34, 3.97, 26.34, 76.34, 101.34, 39.34, 16.43, 54.34];133.34;[1, 1, 2, 1, 2, 1, 3, 1, 1, 2, 2, 1, 3, 1, 1, 1, 2, 1, 1, 1, 1, 2, 3, 1, 1, 3, 2, 2, 3, 1, 1, 1];2;50;True
90;50;90;6;True;2000;1;0;0;0;0;0;0;152.4010500907898;44.42019009590149;56521.748228718716;50191.7154772943;2812.375548356711;3517.480000000002;[37.92, 29.94, 73.36, 65.36, 36.92, 48.07, 31.94, 46.07, 80.36, 17.95, 24.94, 26.94, 51.07, 33.94, 27.94, 7.69, 51.07, 25.94, 30.94, 36.34, 35.34, 34.19, 41.92, 14.64, 57.75, 66.36, 44.07, 22.94, 27.94, 16.95, 30.94, 48.07, 35.34, 54.07, 47.07, 41.92, 80.36, 20.94, 24.94, 60.75, 63.36, 20.94, 19.94, 39.92, 27.94, 31.94, 13.6, 12.64, 27.94, 112.36, 73.36, 8.64, 10.64, 27.94, 42.05, 25.94, 73.36, 23.94, 39.92, 15.95, 22.94, 20.94, 23.94, 23.94, 25.94, 111.36, 31.94, 72.36, 98.36, 38.92, 87.36, 33.94, 2.0, 26.94, 24.94, 14.64, 15.95, 31.94, 33.94, 14.64, 55.07, 52.07, 112.36, 28.94, 28.94, 44.07, 21.94, 12.64, 14.64, 86.36];110.36;[3, 2, 3, 1, 2, 2, 2, 1, 1, 2, 1, 1, 1, 1, 3, 1, 5, 1, 4, 4, 2, 1, 3, 1, 2];4;50;True
100;50;100;1;True;2000;1;0;0;0;0;0;0;112.83849430084229;51.765398025512695;55230.89495601441;48377.12866624164;2904.571922470183;3949.2899999999995;[58.33, 17.61, 22.61, 65.33, 79.33, 26.61, 28.61, 79.33, 45.33, 25.61, 11.62, 30.33, 76.33, 37.33, 51.33, 62.33, 12.1, 23.61, 73.33, 64.33, 49.33, 3.52, 62.33, 35.33, 41.33, 50.33, 18.61, 58.33, 22.61, 71.33, 47.33, 12.1, 29.33, 40.33, 38.33, 79.33, 35.33, 13.61, 17.61, 61.33, 21.61, 52.33, 18.61, 46.33, 17.61, 19.61, 19.61, 79.33, 79.33, 79.33, 20.61, 57.33, 26.61, 12.1, 46.33, 23.61, 64.33, 24.61, 79.33, 25.61, 36.33, 26.61, 60.33, 51.33, 20.61, 46.33, 23.61, 19.61, 13.61, 21.61, 22.61, 79.33, 34.33, 17.61, 4.35, 53.33, 77.33, 30.33, 48.33, 23.61, 27.61, 79.33, 64.33, 26.61, 51.33, 10.86, 16.61, 16.61, 74.33, 45.33, 16.61, 9.63, 11.62, 76.33, 14.61, 45.33, 35.33, 70.33, 23.61, 28.61];75.81;[1, 1, 1, 4, 2, 1, 1, 1, 1, 2, 2, 3, 1, 4, 4, 1, 1, 1, 1, 3, 3, 4, 4, 2, 1];3;50;True
100;50;100;2;True;2000;1;0;0;0;0;0;0;152.99889159202576;50.49634003639221;55945.42513463919;48167.11390164106;3202.6679135012046;4575.7300000000005;[30.34, 74.14, 68.14, 78.14, 29.34, 60.14, 24.33, 19.06, 18.18, 53.14, 22.07, 95.14, 20.06, 42.14, 35.21, 18.18, 12.21, 36.21, 62.14, 20.07, 100.14, 51.14, 34.21, 90.14, 121.14, 57.14, 22.07, 33.21, 21.07, 19.06, 77.14, 25.33, 44.14, 22.07, 51.14, 81.14, 69.14, 38.21, 16.18, 39.14, 49.14, 25.34, 48.14, 54.14, 32.52, 35.21, 39.14, 86.14, 37.21, 50.14, 50.14, 42.14, 48.14, 14.64, 64.14, 46.14, 54.14, 11.21, 19.06, 31.51, 25.33, 61.14, 34.21, 109.14, 46.14, 38.21, 83.14, 23.07, 53.14, 10.21, 38.21, 47.14, 58.14, 18.18, 109.14, 20.06, 35.21, 58.14, 35.21, 42.14, 47.14, 62.14, 22.07, 25.33, 78.14, 41.14, 27.34, 54.14, 16.18, 68.14, 52.14, 81.14, 34.21, 18.18, 49.14, 60.14, 67.14, 32.52, 86.14, 38.21];110.93;[1, 1, 4, 1, 1, 1, 2, 4, 2, 2, 1, 1, 1, 2, 1, 1, 1, 1, 1, 1, 1, 1, 6, 2, 1, 1, 1, 3, 2, 1, 1];5;50;True
100;50;100;3;True;2000;1;0;0;0;0;0;0;144.18072819709778;54.17720365524292;52602.38135567575;46439.77312102585;2927.6681983765384;3234.840000000001;[44.98, 33.98, 38.98, 34.98, 60.98, 13.15, 11.62, 34.98, 52.98, 47.98, 11.62, 20.98, 69.98, 27.98, 16.98, 20.98, 18.98, 14.98, 11.62, 48.98, 16.98, 34.98, 69.98, 14.98, 16.98, 15.98, 78.98, 13.73, 18.98, 60.98, 15.98, 57.98, 37.98, 46.98, 64.98, 31.98, 39.98, 25.98, 23.98, 39.98, 21.98, 56.98, 18.98, 14.98, 25.98, 17.98, 26.98, 42.98, 25.98, 12.62, 20.98, 9.62, 56.98, 51.98, 16.98, 97.98, 8.62, 55.98, 90.98, 38.98, 37.98, 34.98, 18.98, 3.84, 7.55, 22.98, 31.98, 19.98, 1.0, 16.98, 13.73, 14.98, 12.62, 35.98, 19.98, 28.98, 47.98, 59.98, 15.98, 23.98, 11.62, 76.98, 81.98, 13.98, 28.98, 11.62, 40.98, 45.98, 41.98, 33.98, 88.98, 56.98, 18.98, 37.98, 7.55, 9.62, 17.98, 20.98, 22.98, 13.73];96.98;[2, 2, 1, 2, 1, 2, 2, 1, 2, 2, 1, 5, 1, 1, 4, 1, 2, 2, 1, 1, 5, 2, 1, 1, 1, 2, 1, 1];4;50;True
100;50;100;4;True;2000;1;0;0;0;0;0;0;145.39210391044617;43.04253625869751;54578.64477473949;47474.9883912511;2814.1964126092134;4289.5;[11.09, 76.48, 10.66, 51.79, 64.48, 30.33, 31.33, 23.67, 15.03, 62.48, 9.31, 114.48, 11.09, 30.33, 68.48, 36.33, 50.79, 77.48, 26.67, 23.67, 75.48, 1.91, 19.84, 44.33, 15.03, 37.33, 49.79, 18.02, 37.33, 29.33, 54.79, 38.33, 96.48, 31.33, 72.48, 81.48, 41.33, 23.67, 42.33, 73.48, 41.33, 19.84, 69.48, 31.33, 68.48, 59.79, 29.33, 23.67, 26.67, 21.92, 40.33, 28.67, 70.48, 16.19, 55.79, 49.79, 39.33, 31.33, 23.67, 12.88, 10.31, 16.19, 100.48, 15.03, 25.67, 68.48, 66.48, 90.48, 24.67, 34.33, 34.33, 77.48, 37.33, 28.67, 19.84, 60.48, 85.48, 39.33, 98.48, 20.92, 91.48, 47.33, 97.48, 17.19, 55.79, 22.92, 8.66, 46.33, 20.92, 12.88, 114.48, 24.67, 33.33, 17.19, 56.79, 18.84, 35.33, 21.92, 26.67, 94.48];112.57000000000001;[2, 1, 1, 1, 2, 1, 2, 1, 1, 1, 1, 3, 1, 1, 1, 1, 2, 2, 1, 1, 1, 3, 2, 2, 1, 2, 1, 1, 2, 2, 2, 1, 3];2;50;True
100;50;100;5;True;2000;1;0;0;0;0;0;0;155.87037682533264;56.27458572387695;54161.69317259639;46614.21245907539;3028.0688382969174;4519.129999999997;[39.62, 86.47, 23.38, 28.75, 16.73, 58.47, 40.62, 25.44, 57.47, 18.73, 56.47, 1.0, 17.73, 27.44, 28.44, 74.47, 11.73, 11.7, 29.75, 57.47, 79.47, 55.47, 111.47, 22.73, 3.0, 62.47, 7.76, 28.44, 107.47, 75.47, 24.44, 51.47, 57.47, 29.75, 43.54, 100.47, 7.6, 33.62, 70.47, 23.38, 27.44, 42.54, 23.38, 26.44, 38.62, 7.76, 83.47, 40.62, 37.62, 25.44, 34.62, 21.73, 60.47, 52.47, 14.73, 44.54, 35.62, 28.75, 22.73, 85.47, 71.47, 23.38, 61.47, 59.47, 46.54, 30.99, 56.47, 58.47, 31.34, 37.62, 52.47, 64.47, 31.34, 39.62, 42.54, 2.0, 27.44, 38.62, 7.76, 39.62, 81.47, 96.47, 45.54, 4.04, 28.44, 78.47, 124.47, 34.62, 21.73, 35.62, 37.62, 67.47, 122.47, 53.47, 48.48, 66.47, 84.47, 77.47, 74.47, 50.47];123.47;[2, 1, 1, 2, 4, 2, 2, 1, 3, 1, 1, 2, 1, 4, 1, 2, 2, 3, 1, 3, 1, 1, 3, 2, 1, 2, 1];3;50;True
100;50;100;6;True;2000;1;0;0;0;0;0;0;157.57884883880615;57.57749938964844;57705.321819883255;50635.53850332146;2818.42508015832;4251.489999999998;[38.6, 32.0, 56.33, 73.33, 40.6, 52.38, 34.81, 83.33, 69.33, 18.75, 26.79, 29.0, 83.33, 37.81, 30.0, 9.95, 48.38, 32.0, 31.0, 37.81, 45.97, 36.81, 43.97, 14.81, 106.33, 46.97, 41.35, 24.79, 29.0, 19.71, 33.81, 51.38, 46.97, 61.33, 44.97, 41.35, 69.33, 24.79, 28.0, 53.38, 108.33, 21.79, 22.79, 42.35, 33.81, 34.81, 12.8, 11.97, 31.0, 120.33, 69.33, 9.95, 11.93, 30.0, 48.38, 30.0, 91.33, 26.79, 55.38, 16.81, 25.79, 23.79, 28.0, 26.79, 32.81, 93.33, 35.81, 50.38, 82.33, 41.35, 52.38, 36.81, 2.8, 33.81, 29.0, 15.81, 17.81, 61.33, 35.81, 15.81, 60.33, 82.33, 46.97, 32.81, 35.81, 43.97, 25.79, 11.97, 15.81, 68.33, 18.75, 66.33, 8.39, 60.33, 32.0, 61.33, 120.33, 55.38, 46.97, 55.38];117.53;[2, 1, 3, 1, 2, 3, 1, 3, 2, 4, 2, 1, 3, 1, 3, 2, 1, 1, 3, 1, 2, 1, 1, 6];5;50;True
60;60;60;1;True;2000;1;0;0;0;0;0;0;133.7427225112915;31.186651945114136;64559.43540494097;57083.880794238255;3503.436751989744;3972.1299999999997;[102.0, 47.04, 50.78, 109.0, 84.0, 57.0, 40.13, 109.0, 57.0, 40.13, 12.54, 66.0, 102.0, 69.0, 78.0, 71.0, 28.7, 48.04, 109.0, 71.0, 68.0, 4.01, 66.0, 109.0, 53.78, 81.0, 33.7, 109.0, 47.04, 109.0, 72.0, 17.16, 60.0, 86.0, 49.04, 90.0, 109.0, 21.1, 34.7, 99.0, 42.13, 85.0, 62.0, 69.0, 30.7, 28.7, 35.7, 81.0, 109.0, 109.0, 51.78, 103.0, 49.78, 24.63, 74.0, 49.04, 93.0, 62.0, 87.0, 55.78];104.99;[1, 2, 4, 1, 4, 1, 1, 1, 2, 1, 2, 1, 1, 3, 2, 4, 4, 1, 2, 2, 1, 3, 3, 3, 1, 1, 1, 1, 1, 1, 2, 1, 1];3;60;True
60;60;60;2;True;2000;1;0;0;0;0;0;0;183.40229868888855;33.937554359436035;64450.569447138885;57100.128290493;3656.405682405676;3694.120000000001;[52.59, 103.59, 61.59, 42.93, 38.68, 112.59, 44.59, 20.7, 14.87, 96.59, 34.68, 72.59, 37.68, 61.59, 34.68, 21.68, 11.18, 126.59, 84.59, 14.87, 135.59, 73.59, 45.59, 106.59, 150.59, 54.59, 28.68, 32.68, 19.7, 31.68, 133.59, 24.68, 60.59, 36.68, 60.59, 129.59, 84.59, 60.59, 15.87, 49.59, 125.59, 24.68, 57.59, 62.59, 31.68, 54.59, 39.68, 138.59, 51.59, 94.59, 94.59, 51.59, 68.59, 22.68, 72.59, 76.59, 107.59, 10.63, 39.68, 43.93];139.96;[2, 2, 1, 2, 1, 1, 1, 2, 3, 3, 3, 4, 3, 4, 1, 2, 4, 1, 1, 1, 2, 1, 1, 1, 2, 2, 3, 5, 1];4;60;True
60;60;60;3;True;2000;1;0;0;0;0;0;0;160.64185214042664;23.497426986694336;61040.82157207379;54314.68589377463;3479.9990149203295;3246.1300000000024;[49.53, 90.17, 57.56, 139.17, 95.17, 40.53, 18.63, 62.17, 54.56, 61.17, 11.56, 33.53, 126.17, 46.53, 23.53, 37.53, 24.53, 39.53, 18.63, 71.17, 29.53, 52.53, 109.17, 29.53, 45.53, 32.53, 70.17, 16.63, 30.53, 103.17, 15.62, 75.17, 58.56, 85.17, 55.56, 49.53, 54.56, 48.53, 103.17, 70.17, 38.53, 84.17, 41.53, 22.53, 45.53, 30.53, 39.53, 76.17, 39.53, 13.69, 40.53, 12.58, 121.17, 69.17, 26.53, 100.17, 10.25, 52.53, 86.17, 58.56];128.92;[4, 2, 3, 1, 1, 4, 3, 1, 2, 2, 2, 2, 1, 1, 3, 2, 2, 2, 2, 1, 2, 1, 2, 1, 1, 2, 5, 1, 4];4;60;True
60;60;60;4;True;2000;1;0;0;0;0;0;0;159.1653892993927;22.70974564552307;66215.96206775855;58987.046680569125;3411.8603806395595;3816.890000000001;[23.88, 89.98, 17.18, 70.98, 108.98, 135.98, 53.98, 47.98, 17.18, 97.98, 16.18, 73.98, 27.98, 54.98, 135.98, 126.98, 58.98, 98.98, 62.98, 41.98, 90.98, 10.4, 30.98, 51.98, 33.98, 39.98, 72.98, 19.18, 63.98, 44.98, 73.98, 49.98, 133.98, 81.98, 57.98, 63.98, 53.98, 39.98, 79.98, 68.98, 48.98, 33.98, 130.98, 113.98, 58.98, 69.98, 105.98, 39.98, 46.98, 30.98, 47.98, 54.98, 78.98, 29.98, 83.98, 66.98, 47.98, 129.98, 39.98, 27.95];125.57999999999998;[2, 1, 3, 6, 1, 3, 2, 4, 2, 3, 3, 2, 1, 1, 1, 1, 3, 3, 1, 1, 1, 1, 1, 3, 2, 1, 1, 1, 1, 1, 1, 2];5;60;True
60;60;60;5;True;2000;1;0;0;0;0;0;0;154.14447712898254;25.784724712371826;62045.45748848356;54201.79523101745;3612.4106770879675;4231.199999999999;[54.89, 97.89, 47.3, 74.89, 17.77, 108.5, 78.89, 32.69, 80.89, 36.69, 75.89, 1.0, 42.69, 98.89, 51.3, 120.5, 27.31, 32.69, 65.89, 78.89, 147.5, 90.89, 124.5, 55.89, 2.43, 147.5, 19.77, 35.69, 129.5, 120.5, 55.89, 70.89, 107.5, 87.89, 66.89, 147.5, 9.58, 78.89, 94.89, 47.3, 48.3, 97.89, 58.89, 59.89, 57.89, 18.77, 107.5, 53.3, 110.5, 51.3, 63.89, 37.69, 98.89, 81.89, 50.3, 61.89, 61.89, 46.3, 56.89, 140.5];146.5;[1, 1, 1, 2, 2, 1, 2, 1, 1, 2, 3, 1, 3, 1, 4, 3, 1, 1, 2, 2, 1, 2, 1, 1, 2, 1, 1, 2, 1, 1, 1, 1, 3, 2, 3, 2];3;60;True
60;60;60;6;True;2000;1;0;0;0;0;0;0;189.9078245162964;31.78211259841919;69932.51759581636;62219.055709601664;3324.7851466750103;4388.939999999998;[63.04, 56.04, 93.04, 120.04, 68.04, 121.04, 64.04, 132.04, 142.04, 29.04, 44.04, 52.04, 143.04, 66.04, 50.04, 10.18, 103.04, 36.04, 56.04, 98.04, 59.04, 65.04, 72.04, 36.04, 175.04, 80.04, 91.04, 43.04, 39.04, 34.04, 52.04, 74.04, 85.04, 149.04, 131.04, 70.04, 96.04, 44.04, 42.04, 94.04, 106.04, 22.24, 38.04, 111.04, 101.04, 64.04, 18.06, 26.04, 65.04, 80.04, 132.04, 10.18, 14.08, 31.04, 137.04, 51.04, 161.04, 48.04, 68.04, 26.04];164.85999999999999;[2, 1, 2, 3, 5, 2, 4, 2, 1, 3, 1, 3, 2, 2, 1, 3, 2, 1, 1, 1, 1, 1, 1, 1, 1, 2, 1, 1, 1, 2, 1, 3, 2];4;60;True
70;60;70;1;True;2000;1;0;0;0;0;0;0;141.14937734603882;31.199965000152588;65340.907567525355;57914.10830048916;3524.1219781286422;3902.429999999997;[72.7, 21.46, 47.7, 74.7, 70.7, 74.7, 66.7, 111.7, 56.7, 30.46, 12.21, 69.7, 111.7, 42.7, 51.7, 54.7, 14.08, 41.7, 59.7, 69.7, 50.7, 4.0, 82.7, 40.7, 50.7, 69.7, 21.46, 97.7, 30.7, 111.7, 96.7, 13.64, 57.7, 111.7, 53.7, 77.7, 111.7, 16.72, 20.46, 90.7, 23.46, 86.7, 22.46, 43.7, 20.46, 23.46, 21.46, 102.7, 111.7, 110.7, 35.7, 95.7, 34.7, 14.08, 50.7, 26.46, 83.7, 36.7, 85.7, 36.7, 77.7, 42.7, 63.7, 91.7, 24.46, 52.7, 39.7, 28.46, 17.72, 30.46];107.7;[1, 1, 3, 1, 1, 2, 1, 1, 2, 3, 1, 3, 1, 1, 2, 3, 1, 4, 1, 3, 1, 1, 3, 4, 2, 1, 2, 3, 1, 4, 1, 1];3;60;True
70;60;70;2;True;2000;1;0;0;0;0;0;0;171.28143119812012;41.44203996658325;65039.8094858949;57658.45061414868;3789.3966059515105;3592.2999999999975;[27.39, 110.39, 130.39, 56.39, 30.39, 90.39, 22.39, 12.39, 12.39, 75.39, 24.39, 89.39, 29.39, 50.39, 25.39, 15.39, 11.39, 71.39, 63.39, 13.39, 94.39, 45.39, 41.39, 119.39, 130.39, 74.39, 14.39, 41.39, 14.39, 17.39, 86.39, 18.39, 61.39, 18.39, 73.39, 72.39, 98.39, 51.39, 15.39, 35.39, 48.39, 19.39, 36.39, 59.39, 29.39, 39.39, 34.39, 120.39, 51.39, 67.39, 57.39, 51.39, 63.39, 13.39, 88.39, 73.39, 48.39, 11.39, 14.39, 43.39, 28.39, 64.39, 37.39, 86.39, 73.39, 45.39, 112.39, 25.39, 52.39, 10.39];119.99999999999999;[4, 2, 1, 2, 1, 1, 1, 1, 1, 1, 1, 2, 2, 6, 3, 2, 1, 2, 1, 3, 1, 1, 1, 3, 1, 2, 3, 1, 2, 2, 3, 1, 1];5;60;True
70;60;70;3;True;2000;1;0;0;0;0;0;0;183.5301480293274;41.19038939476013;62539.73836903999;56250.51940009542;3449.2953162029494;2839.9399999999982;[39.04, 47.04, 46.04, 57.04, 40.04, 13.41, 8.41, 54.04, 68.04, 48.04, 9.41, 22.04, 132.04, 42.04, 14.41, 31.04, 21.04, 26.04, 12.41, 51.04, 27.04, 50.04, 80.04, 18.04, 30.04, 19.04, 78.04, 12.41, 17.04, 52.04, 14.41, 78.04, 65.04, 65.04, 52.04, 37.04, 48.04, 39.04, 48.04, 37.04, 25.04, 56.04, 35.04, 22.04, 26.04, 17.04, 23.04, 60.04, 30.04, 9.41, 32.04, 6.41, 73.04, 108.04, 12.41, 109.04, 5.41, 68.04, 56.04, 95.04, 62.04, 43.04, 99.04, 2.41, 4.41, 28.04, 35.04, 30.04, 2.0, 14.41];130.04;[2, 2, 2, 4, 1, 1, 2, 1, 1, 1, 3, 3, 2, 2, 3, 2, 1, 1, 1, 1, 1, 1, 2, 5, 3, 4, 3, 2, 1, 1, 1];4;60;True
70;60;70;4;True;2000;1;0;0;0;0;0;0;179.0626871585846;37.080368757247925;65563.9037537609;58200.266073486084;3475.3307136737017;3888.2100000000014;[18.74, 103.11, 12.98, 58.11, 85.11, 73.11, 121.11, 29.39, 16.74, 87.11, 13.87, 67.11, 15.47, 53.11, 106.11, 146.11, 52.11, 67.11, 53.11, 32.01, 81.11, 2.32, 35.02, 44.11, 20.39, 40.11, 55.11, 19.74, 62.11, 47.11, 70.11, 40.11, 146.11, 73.11, 48.11, 63.11, 46.11, 37.02, 60.11, 93.11, 53.11, 21.39, 146.11, 55.11, 80.11, 54.11, 39.11, 27.39, 44.11, 27.39, 49.11, 42.11, 82.11, 18.74, 86.11, 59.11, 43.11, 107.11, 35.02, 14.77, 12.98, 18.74, 49.11, 19.8, 44.11, 109.11, 71.11, 99.11, 46.11, 37.02];143.79000000000002;[3, 1, 3, 2, 2, 1, 3, 2, 2, 1, 1, 1, 2, 4, 1, 2, 1, 2, 2, 3, 1, 2, 1, 1, 1, 1, 1, 1, 1, 3, 1, 1, 2, 1, 2, 1];3;60;True
70;60;70;5;True;2000;1;0;0;0;0;0;0;153.41402196884155;37.86793303489685;61985.03163394651;53891.95254725207;3621.9514550424637;4471.1699999999955;[45.52, 134.24, 45.52, 48.08, 18.37, 74.24, 77.24, 28.86, 99.24, 41.52, 93.24, 1.0, 22.86, 47.08, 51.08, 117.24, 37.38, 15.43, 54.24, 67.24, 138.24, 109.24, 138.24, 33.77, 3.0, 67.24, 11.06, 30.86, 101.24, 99.24, 63.24, 64.24, 89.24, 57.24, 65.24, 138.24, 9.51, 63.24, 81.24, 45.52, 32.76, 69.24, 46.52, 38.38, 58.24, 11.48, 114.24, 92.24, 93.24, 52.24, 54.24, 25.86, 110.24, 85.24, 19.37, 52.08, 54.24, 49.08, 51.08, 134.24, 124.24, 76.24, 87.24, 62.24, 52.08, 41.38, 69.24, 58.24, 75.24, 52.08];137.24;[2, 3, 1, 3, 1, 4, 2, 5, 1, 1, 2, 3, 1, 1, 1, 3, 1, 3, 1, 2, 1, 1, 2, 2, 2, 3, 3, 1, 1, 1, 2];4;60;True
70;60;70;6;True;2000;1;0;0;0;0;0;0;156.25313186645508;47.7324800491333;69161.18365340638;61496.21261196082;3218.9486745105505;4445.919999999999;[74.44, 31.68, 130.44, 91.44, 62.44, 67.44, 56.44, 130.44, 77.44, 19.04, 26.87, 43.26, 85.44, 86.44, 38.26, 8.61, 97.44, 100.44, 46.09, 107.44, 59.44, 67.44, 71.44, 16.04, 89.44, 130.44, 59.44, 36.5, 30.64, 21.87, 46.09, 111.44, 73.44, 64.44, 68.44, 81.44, 106.44, 26.87, 40.26, 130.44, 119.44, 20.87, 26.87, 42.26, 116.44, 70.44, 13.04, 13.04, 44.26, 79.44, 101.44, 9.22, 10.1, 29.64, 86.44, 59.44, 130.44, 33.79, 64.44, 18.04, 31.68, 23.87, 33.79, 31.68, 93.44, 113.44, 47.09, 98.44, 108.44, 61.44];121.83;[1, 4, 4, 1, 2, 2, 1, 2, 2, 2, 1, 3, 1, 4, 1, 1, 4, 1, 1, 2, 2, 3, 1, 1, 1, 1, 1, 3, 1, 3, 3];3;60;True
80;60;80;1;True;2000;1;0;0;0;0;0;0;145.10414338111877;53.42440581321716;66410.89064826322;58674.244869991504;3512.6924891737417;4223.880000000006;[68.57, 16.57, 21.55, 101.57, 93.57, 34.57, 70.57, 101.57, 47.57, 27.57, 10.57, 79.57, 101.57, 42.57, 49.57, 62.57, 11.57, 34.57, 58.57, 101.57, 52.57, 3.58, 59.57, 31.57, 44.57, 53.57, 17.57, 101.57, 24.43, 85.57, 80.57, 10.57, 50.57, 67.57, 52.57, 81.57, 101.57, 12.57, 15.57, 81.57, 20.67, 77.57, 18.57, 97.57, 15.57, 18.57, 17.57, 92.57, 76.57, 101.57, 21.55, 86.57, 31.57, 10.57, 59.57, 23.43, 101.57, 80.57, 92.57, 26.57, 38.57, 31.57, 95.57, 80.57, 19.57, 42.57, 35.57, 18.57, 12.57, 20.67, 31.57, 99.57, 49.57, 15.57, 4.1, 74.57, 100.57, 101.57, 88.57, 25.43];97.99;[4, 2, 2, 1, 1, 1, 1, 1, 1, 2, 1, 1, 3, 1, 3, 1, 2, 3, 1, 1, 1, 2, 2, 1, 1, 1, 2, 1, 2, 1, 1, 1, 1, 1, 1, 2, 1, 3, 2];3;60;True
80;60;80;2;True;2000;1;0;0;0;0;0;0;186.87631845474243;59.70928978919983;66064.53134586953;58511.051694718044;3682.729200874793;3870.660000000001;[27.8, 67.94, 123.94, 37.87, 26.8, 103.94, 25.8, 15.37, 15.37, 60.94, 23.01, 90.94, 16.37, 44.94, 56.94, 16.37, 11.29, 88.94, 53.94, 15.37, 82.94, 52.94, 32.8, 88.94, 83.94, 72.94, 16.53, 30.8, 16.53, 18.0, 122.94, 19.1, 62.94, 19.0, 78.94, 102.94, 126.94, 38.87, 15.19, 33.87, 42.94, 20.1, 38.87, 48.94, 24.01, 28.8, 25.01, 86.94, 42.94, 79.94, 51.94, 41.94, 55.94, 13.15, 60.94, 56.94, 68.94, 10.29, 16.37, 34.87, 26.8, 45.94, 36.87, 126.94, 89.94, 34.87, 110.94, 20.54, 61.94, 9.3, 37.87, 44.94, 58.94, 15.19, 52.94, 16.37, 39.94, 77.94, 32.8, 38.87];117.64;[1, 2, 1, 1, 1, 1, 2, 1, 2, 2, 2, 1, 1, 5, 2, 1, 2, 4, 1, 1, 1, 5, 2, 1, 2, 1, 1, 1, 1, 4, 3, 1, 2, 1];4;60;True
80;60;80;3;True;2000;1;0;0;0;0;0;0;170.36219120025635;40.57633638381958;62632.976016928405;55889.72396758727;3598.0032013807777;3145.1899999999982;[40.33, 54.33, 53.33, 43.33, 59.33, 16.45, 14.97, 45.33, 69.33, 56.33, 11.26, 25.92, 86.33, 41.33, 18.45, 34.33, 20.45, 22.13, 15.41, 48.33, 23.32, 41.33, 100.33, 19.45, 31.33, 20.45, 76.33, 13.71, 19.45, 46.33, 17.45, 52.33, 58.33, 50.33, 48.33, 40.33, 54.33, 33.33, 118.33, 41.33, 26.92, 61.33, 31.33, 21.13, 26.92, 20.76, 33.33, 52.33, 33.33, 14.97, 24.32, 12.91, 90.33, 80.33, 20.45, 75.33, 11.26, 52.33, 64.33, 61.33, 66.33, 44.33, 46.33, 3.0, 5.69, 32.33, 35.33, 36.33, 2.0, 18.45, 19.45, 19.45, 14.97, 43.33, 26.92, 41.33, 43.33, 94.33, 24.32, 28.92];116.33;[2, 1, 1, 1, 2, 1, 4, 3, 2, 2, 1, 4, 1, 1, 2, 1, 3, 1, 2, 4, 1, 2, 1, 1, 2, 1, 3, 3, 1, 1, 1, 1, 3];3;60;True
80;60;80;4;True;2000;1;0;0;0;0;0;0;167.58180046081543;49.97923445701599;66834.34468733383;59242.25195533047;3433.1697911063766;4159.109999999995;[13.96, 67.87, 10.63, 101.87, 71.87, 70.87, 36.87, 28.87, 15.96, 83.87, 10.63, 125.87, 12.96, 50.87, 89.87, 65.87, 51.87, 67.87, 52.87, 40.87, 53.87, 2.32, 27.87, 44.87, 18.96, 39.87, 81.87, 18.96, 61.87, 36.87, 96.87, 76.87, 83.87, 48.87, 98.87, 66.87, 47.87, 30.87, 52.87, 93.87, 56.87, 20.96, 77.87, 44.87, 59.87, 52.87, 32.87, 26.87, 49.87, 25.87, 40.87, 35.87, 101.87, 17.96, 71.87, 79.87, 41.87, 57.87, 32.87, 12.84, 10.63, 18.96, 34.87, 16.96, 42.87, 68.87, 69.87, 112.87, 30.87, 36.87, 35.87, 53.87, 39.87, 32.87, 27.87, 110.87, 125.87, 54.87, 106.87, 26.87];123.55000000000001;[1, 1, 2, 2, 4, 1, 1, 2, 1, 2, 1, 1, 3, 1, 1, 2, 1, 3, 2, 1, 1, 1, 2, 2, 2, 1, 2, 1, 1, 1, 1, 1, 4, 1, 3, 2, 1];3;60;True
80;60;80;5;True;2000;1;0;0;0;0;0;0;174.73214435577393;38.575064182281494;63503.12075873688;56308.08476796447;3571.569345714791;3623.2299999999964;[36.18, 113.18, 23.18, 22.18, 15.18, 65.18, 50.18, 24.18, 69.18, 13.18, 71.18, 1.0, 15.18, 30.18, 27.18, 79.18, 8.18, 8.18, 29.18, 52.18, 93.18, 76.18, 98.18, 18.18, 3.0, 84.18, 7.02, 26.18, 119.18, 128.18, 30.18, 53.18, 73.18, 53.18, 37.18, 84.18, 7.02, 36.18, 74.18, 16.18, 24.18, 69.18, 18.18, 20.18, 36.18, 7.02, 78.18, 66.18, 87.18, 18.18, 39.18, 19.18, 57.18, 64.18, 12.18, 40.18, 35.18, 21.18, 26.18, 89.18, 103.18, 44.18, 81.18, 46.18, 42.18, 29.18, 59.18, 46.18, 79.18, 56.18, 23.18, 69.18, 49.18, 35.18, 39.18, 2.0, 39.18, 35.18, 8.03, 36.18];127.18;[3, 1, 2, 2, 1, 1, 4, 1, 2, 4, 1, 3, 2, 2, 1, 1, 2, 1, 1, 2, 1, 2, 2, 1, 3, 2, 1, 1, 3, 3, 1, 1, 1, 1];3;60;True
80;60;80;6;True;2000;1;0;0;0;0;0;0;154.13139486312866;51.774171113967896;68785.67177738085;61722.20578446885;3302.3700387374593;3761.0699999999947;[45.97, 28.97, 107.97, 68.97, 70.97, 109.97, 33.97, 88.97, 99.97, 16.97, 23.97, 37.97, 101.97, 50.97, 26.97, 8.85, 62.97, 35.97, 36.97, 85.97, 34.97, 35.97, 40.97, 12.91, 77.97, 101.97, 59.97, 27.97, 25.97, 15.97, 31.97, 46.97, 45.97, 78.97, 49.97, 55.97, 108.97, 17.97, 22.97, 84.97, 65.97, 19.97, 20.97, 37.97, 55.97, 25.97, 11.55, 11.55, 24.97, 56.97, 91.97, 9.55, 10.21, 26.97, 74.97, 27.97, 102.97, 20.97, 47.97, 14.97, 19.97, 19.97, 19.97, 21.97, 24.97, 111.97, 51.97, 74.97, 83.97, 34.97, 55.97, 51.97, 2.8, 84.97, 19.97, 13.39, 14.97, 111.97, 41.97, 13.39];109.17;[2, 3, 1, 2, 2, 2, 1, 3, 1, 1, 2, 1, 1, 1, 1, 2, 3, 2, 2, 1, 1, 1, 1, 1, 2, 2, 1, 3, 2, 5, 1, 3, 1, 2];4;60;True
90;60;90;1;True;2000;1;0;0;0;0;0;0;150.91347098350525;71.06779837608337;65870.62918182346;58390.23891035461;3552.462018953037;3928.1700000000014;[71.17, 16.45, 21.15, 97.17, 79.17, 30.8, 28.95, 73.17, 44.8, 25.06, 10.58, 48.8, 69.17, 38.8, 57.17, 53.8, 11.58, 27.95, 58.17, 56.17, 48.8, 3.62, 46.8, 37.8, 35.8, 42.8, 17.45, 57.17, 20.56, 97.17, 67.17, 10.58, 30.8, 41.8, 44.8, 80.17, 68.17, 10.58, 14.78, 64.17, 20.56, 49.8, 18.56, 58.17, 15.56, 18.56, 17.45, 71.17, 97.17, 89.17, 19.56, 47.8, 28.95, 10.58, 45.8, 22.15, 97.17, 39.8, 97.17, 25.06, 73.17, 33.8, 58.17, 58.17, 18.56, 48.8, 27.95, 18.56, 11.58, 20.56, 24.06, 66.17, 47.8, 15.98, 3.62, 81.17, 73.17, 37.8, 45.8, 22.15, 33.8, 97.17, 82.17, 26.06, 97.17, 8.97, 15.98, 13.56, 54.8, 60.17];93.55;[2, 2, 1, 1, 1, 1, 1, 3, 3, 1, 1, 1, 3, 3, 1, 1, 2, 5, 2, 3, 1, 1, 1, 1, 3, 3, 1, 1, 4, 1, 4, 1];4;60;True
90;60;90;2;True;2000;1;0;0;0;0;0;0;209.72589993476868;59.51790976524353;66592.26183952596;58719.59266082264;3727.577637852093;4145.0700000000015;[28.0, 76.22, 110.22, 33.01, 26.45, 119.22, 21.65, 14.35, 13.39, 70.13, 18.85, 52.13, 16.03, 39.01, 26.45, 15.03, 11.37, 84.22, 49.13, 15.03, 103.22, 53.13, 29.01, 59.13, 59.13, 76.22, 17.85, 29.01, 16.85, 17.85, 109.22, 19.85, 36.01, 18.85, 89.22, 85.22, 105.22, 35.01, 15.03, 34.01, 41.13, 21.65, 35.01, 41.13, 24.45, 30.01, 25.45, 132.22, 35.01, 77.22, 43.13, 32.01, 38.01, 13.19, 132.22, 51.13, 46.13, 10.95, 15.03, 26.45, 24.45, 45.13, 33.01, 102.22, 150.22, 35.01, 84.22, 20.85, 44.13, 9.95, 32.01, 39.01, 55.13, 13.19, 52.13, 15.03, 28.0, 51.13, 32.01, 38.01, 65.13, 148.22, 23.45, 23.45, 60.13, 40.13, 21.65, 48.13, 14.35, 75.13];140.27;[2, 2, 1, 2, 1, 1, 1, 3, 1, 2, 1, 1, 1, 1, 2, 2, 8, 2, 1, 3, 3, 1, 1, 1, 1, 3, 3, 2, 1, 3, 2, 1];7;60;True
90;60;90;3;True;2000;1;0;0;0;0;0;0;155.67286467552185;58.07174324989319;62436.61619436056;55285.11000163119;3580.0192630699994;3571.42;[46.0, 50.52, 74.98, 39.95, 60.72, 16.67, 16.67, 39.95, 60.04, 51.52, 13.11, 24.6, 91.98, 35.53, 19.7, 25.66, 21.61, 19.7, 16.67, 66.72, 20.61, 44.41, 80.98, 17.7, 20.61, 19.7, 70.98, 15.18, 20.61, 57.04, 18.7, 79.98, 50.52, 53.52, 44.41, 48.0, 51.52, 37.29, 35.53, 42.41, 23.63, 63.72, 26.51, 18.7, 27.42, 21.61, 31.17, 64.72, 32.93, 17.67, 24.6, 14.18, 54.52, 74.98, 19.7, 76.98, 14.05, 38.29, 96.98, 64.72, 95.98, 48.0, 27.42, 3.45, 7.6, 28.42, 37.29, 26.51, 2.0, 19.7, 17.67, 18.7, 17.67, 42.41, 25.66, 34.53, 57.04, 102.98, 20.61, 29.42, 15.18, 65.72, 87.98, 18.7, 35.53, 13.11, 48.0, 56.04, 60.04, 78.98];100.98;[1, 1, 1, 2, 2, 2, 2, 1, 2, 3, 1, 1, 1, 1, 1, 1, 1, 1, 3, 2, 4, 5, 1, 1, 1, 2, 7, 4, 1, 1, 2, 1];6;60;True
90;60;90;4;True;2000;1;0;0;0;0;0;0;199.3742914199829;56.77831840515137;67542.26073066228;60174.61640426189;3377.342940089826;3990.459999999994;[8.84, 107.45, 9.84, 54.45, 59.45, 45.45, 29.45, 17.45, 14.45, 68.45, 7.84, 69.45, 8.84, 60.45, 101.45, 53.45, 39.45, 87.45, 31.45, 17.45, 100.45, 2.72, 14.45, 37.45, 11.26, 35.45, 55.45, 17.45, 36.45, 27.45, 85.45, 23.45, 109.45, 51.45, 52.45, 66.45, 49.45, 17.45, 43.45, 98.45, 44.45, 18.45, 149.45, 27.45, 71.45, 65.45, 22.45, 20.45, 28.45, 17.45, 26.45, 23.45, 66.45, 12.45, 56.45, 65.45, 35.45, 72.45, 19.45, 11.26, 9.84, 14.45, 63.45, 11.26, 25.45, 64.45, 66.45, 54.45, 18.45, 31.45, 31.45, 98.45, 34.45, 24.45, 14.45, 43.45, 149.45, 55.45, 75.45, 16.45, 108.45, 59.45, 79.45, 14.45, 51.45, 17.45, 6.95, 37.45, 16.45, 12.26];146.73;[2, 1, 1, 1, 1, 1, 2, 2, 1, 2, 1, 1, 1, 2, 3, 1, 2, 1, 1, 1, 4, 2, 3, 1, 1, 2, 1, 2, 2, 2, 2, 3, 1, 1, 1, 1, 1, 2];3;60;True
90;60;90;5;True;2000;1;0;0;0;0;0;0;175.8736391067505;57.56574606895447;63697.70206784437;55627.46668951515;3581.337474398939;4488.849999999998;[38.64, 93.64, 27.48, 27.48, 16.27, 56.64, 52.64, 25.48, 56.64, 17.6, 47.64, 1.0, 17.6, 33.48, 30.48, 103.64, 12.87, 11.35, 39.64, 55.64, 118.64, 55.64, 132.64, 21.36, 3.12, 88.64, 8.35, 27.48, 127.64, 138.64, 37.48, 55.64, 71.64, 65.64, 42.64, 107.64, 8.35, 36.48, 93.64, 23.07, 26.48, 57.64, 23.78, 25.48, 42.64, 8.35, 102.64, 58.64, 59.64, 28.48, 46.64, 21.36, 55.64, 65.64, 15.87, 42.64, 52.64, 31.48, 21.36, 86.64, 92.64, 31.48, 77.64, 45.64, 44.64, 33.48, 54.64, 80.64, 80.64, 40.64, 44.64, 87.64, 41.64, 38.48, 41.64, 2.12, 29.48, 42.64, 8.35, 39.64, 106.64, 103.64, 58.64, 4.03, 28.48, 63.64, 89.64, 68.64, 18.61, 84.64];137.64;[1, 1, 1, 2, 2, 1, 2, 3, 1, 3, 1, 1, 2, 1, 4, 2, 1, 2, 1, 1, 1, 1, 2, 2, 1, 3, 1, 1, 2, 1, 2, 2, 1, 3, 1, 1, 2];3;60;True
90;60;90;6;True;2000;1;0;0;0;0;0;0;184.93465876579285;65.44604206085205;69970.71044801509;62274.39838762502;3428.30118619338;4267.879999999995;[47.53, 30.24, 64.95, 72.89, 50.95, 110.89, 33.43, 89.89, 68.35, 18.25, 25.24, 31.24, 119.89, 112.89, 28.24, 8.97, 73.89, 32.24, 34.43, 58.95, 40.43, 36.43, 51.95, 15.25, 136.89, 113.89, 48.95, 22.24, 28.24, 17.25, 38.43, 51.95, 58.95, 52.95, 47.53, 59.95, 136.89, 20.24, 25.24, 60.95, 91.89, 21.24, 20.24, 40.43, 46.53, 37.43, 13.25, 12.17, 30.24, 82.89, 63.95, 9.29, 10.31, 28.24, 53.95, 27.24, 105.89, 24.24, 73.89, 16.25, 22.24, 21.24, 24.24, 23.24, 30.24, 85.89, 39.43, 67.35, 98.89, 40.43, 89.89, 43.53, 2.0, 34.43, 26.24, 15.25, 16.25, 59.95, 33.43, 15.25, 99.89, 76.89, 39.43, 31.24, 38.43, 43.53, 23.24, 12.17, 15.25, 110.89];134.89;[2, 4, 3, 4, 1, 5, 1, 1, 3, 1, 1, 1, 1, 4, 3, 1, 1, 1, 2, 1, 2, 4, 1, 1, 2, 3, 2, 1, 3];4;60;True
100;60;100;1;True;2000;1;0;0;0;0;0;0;146.85916304588318;81.6930685043335;65109.227593942924;57592.17706488524;3537.6642364853274;3979.349999999995;[43.99, 16.65, 21.75, 76.99, 89.99, 26.47, 27.47, 89.99, 43.99, 24.47, 10.94, 39.99, 60.99, 34.99, 58.99, 59.99, 11.28, 32.99, 58.99, 38.99, 48.99, 3.1, 48.99, 31.99, 42.99, 55.99, 17.65, 50.99, 20.75, 71.99, 56.99, 10.02, 28.47, 32.99, 36.99, 89.99, 74.99, 12.51, 14.65, 64.99, 20.75, 59.99, 17.65, 55.99, 15.65, 17.65, 17.65, 51.99, 89.99, 89.99, 19.65, 47.99, 26.47, 10.94, 45.99, 22.44, 87.99, 27.47, 84.99, 24.47, 27.47, 25.47, 57.99, 62.99, 18.65, 48.99, 23.47, 18.65, 12.51, 20.75, 22.47, 89.99, 33.99, 15.65, 3.68, 51.99, 65.99, 27.47, 42.99, 21.75, 35.99, 89.99, 60.99, 25.47, 89.99, 8.67, 16.65, 13.65, 38.99, 43.99, 14.65, 7.44, 10.94, 73.99, 12.51, 43.99, 36.99, 84.99, 23.47, 31.47];86.89;[2, 2, 2, 2, 2, 1, 1, 2, 4, 1, 4, 3, 2, 2, 2, 2, 3, 2, 1, 1, 2, 2, 1, 3, 1, 3, 3, 1, 1, 2];3;60;True
100;60;100;2;True;2000;1;0;0;0;0;0;0;183.46150612831116;72.16375160217285;66477.72491776307;58128.48087431677;3760.2317569257057;4589.060000000003;[29.05, 104.52, 72.52, 57.52, 28.05, 75.52, 23.51, 16.89, 15.95, 49.52, 20.5, 90.52, 18.04, 41.52, 32.05, 16.89, 11.95, 90.52, 59.52, 18.04, 74.52, 51.52, 32.05, 126.52, 75.52, 38.52, 18.5, 30.05, 18.46, 19.5, 66.52, 23.51, 48.52, 20.5, 66.52, 95.52, 71.52, 37.52, 15.95, 38.52, 42.52, 24.05, 41.52, 52.52, 30.05, 33.05, 34.05, 79.52, 36.28, 57.52, 114.52, 39.52, 45.52, 14.95, 84.52, 44.52, 47.52, 10.85, 17.82, 34.05, 23.51, 48.52, 32.05, 126.52, 47.52, 37.52, 71.52, 22.51, 38.52, 10.4, 36.28, 43.52, 55.52, 15.95, 66.52, 17.95, 32.05, 54.52, 34.05, 40.52, 51.52, 60.52, 20.5, 25.05, 75.52, 38.52, 26.05, 51.52, 15.95, 58.52, 69.52, 88.52, 34.05, 15.95, 46.52, 87.52, 76.52, 30.05, 97.52, 36.52];116.11999999999999;[2, 1, 1, 1, 3, 2, 1, 4, 3, 2, 1, 1, 3, 2, 2, 1, 1, 2, 2, 2, 1, 1, 5, 1, 2, 1, 1, 1, 4, 1, 2, 2, 1];4;60;True
100;60;100;3;True;2000;1;0;0;0;0;0;0;167.37822771072388;76.8215754032135;64848.87113897273;57772.40078594235;3520.0050561067223;3556.6900000000073;[46.76, 28.76, 47.76, 30.76, 71.76, 12.87, 12.87, 33.76, 92.76, 38.76, 11.52, 20.76, 54.76, 27.76, 17.76, 20.76, 19.76, 14.76, 13.76, 72.76, 16.76, 36.76, 80.76, 14.76, 15.76, 16.76, 77.76, 13.76, 18.76, 65.76, 16.76, 43.76, 55.76, 41.76, 54.76, 29.76, 50.76, 24.76, 22.76, 39.76, 21.76, 55.76, 18.76, 14.76, 25.76, 18.76, 26.76, 65.76, 25.76, 13.76, 20.76, 11.52, 63.76, 63.76, 16.76, 73.76, 9.91, 71.76, 98.76, 47.76, 87.76, 32.76, 18.76, 3.84, 6.69, 21.76, 29.76, 18.76, 1.0, 16.76, 13.76, 14.76, 13.76, 37.76, 18.76, 38.76, 69.76, 58.76, 15.76, 22.76, 12.87, 83.76, 98.76, 14.76, 27.76, 11.52, 42.76, 40.76, 78.76, 89.76, 101.76, 61.76, 18.76, 37.76, 6.57, 11.52, 17.76, 20.76, 27.76, 12.87];100.76;[1, 1, 1, 1, 2, 1, 1, 4, 1, 1, 2, 2, 1, 1, 2, 1, 1, 1, 2, 2, 2, 1, 2, 4, 3, 2, 1, 3, 2, 1, 1, 1, 6, 1, 1];5;60;True
100;60;100;4;True;2000;1;0;0;0;0;0;0;187.4699468612671;72.00007200241089;68114.46759891944;60561.20099588871;3446.817835838209;4106.180000000004;[10.67, 69.32, 10.24, 58.32, 61.32, 36.0, 28.0, 24.68, 15.01, 81.32, 9.63, 117.32, 10.67, 44.32, 96.32, 22.96, 46.32, 65.32, 48.32, 21.96, 62.32, 1.91, 19.76, 41.32, 14.02, 37.0, 36.0, 17.8, 36.0, 42.32, 54.32, 33.0, 76.32, 33.0, 46.32, 55.32, 40.32, 22.96, 50.32, 60.32, 41.32, 19.76, 124.32, 29.0, 45.32, 62.32, 24.68, 22.96, 25.68, 20.76, 36.0, 27.01, 88.32, 15.01, 52.32, 55.32, 38.0, 28.0, 22.96, 11.55, 9.63, 15.82, 43.32, 14.02, 33.0, 65.32, 76.32, 95.32, 52.32, 34.0, 33.0, 60.32, 37.0, 24.68, 19.76, 39.32, 124.32, 46.32, 74.32, 20.76, 73.32, 76.32, 81.32, 15.82, 53.32, 22.96, 6.35, 47.32, 21.96, 12.48, 62.32, 24.57, 32.0, 16.8, 55.32, 18.8, 30.0, 21.37, 26.68, 39.0];122.41;[2, 1, 2, 3, 2, 2, 1, 2, 1, 2, 1, 1, 4, 1, 3, 1, 1, 3, 1, 2, 3, 1, 4, 1, 1, 1, 2, 1, 2, 4, 1, 1, 1, 1];3;60;True
100;60;100;5;True;2000;1;0;0;0;0;0;0;133.91192269325256;61.13511300086975;63363.25089315648;54845.680557340325;3649.241400622672;4868.2800000000025;[43.89, 86.76, 27.79, 32.5, 17.58, 60.76, 53.32, 26.7, 59.76, 21.24, 62.76, 1.0, 19.91, 31.5, 35.25, 73.76, 15.11, 13.54, 35.25, 59.76, 67.76, 59.76, 96.76, 23.75, 3.0, 90.76, 10.35, 29.5, 85.76, 96.76, 36.77, 54.76, 70.76, 34.22, 45.41, 76.76, 9.34, 46.41, 67.76, 24.83, 28.71, 48.41, 26.79, 28.71, 48.41, 10.35, 86.76, 44.41, 43.89, 28.25, 47.41, 23.07, 55.76, 54.76, 17.58, 47.41, 53.32, 35.45, 24.15, 67.76, 77.76, 28.25, 74.76, 58.76, 49.41, 32.5, 58.76, 53.76, 41.91, 42.91, 61.76, 70.76, 50.41, 41.91, 44.41, 2.0, 31.5, 42.91, 10.35, 41.91, 79.76, 79.76, 96.76, 4.13, 30.5, 63.76, 94.76, 45.41, 22.41, 64.76, 40.93, 60.76, 96.76, 79.76, 53.32, 96.76, 88.76, 72.76, 95.76, 53.32];95.76;[1, 1, 1, 4, 3, 1, 2, 1, 1, 1, 1, 3, 1, 1, 3, 1, 1, 1, 2, 1, 1, 1, 1, 1, 2, 2, 3, 2, 3, 3, 1, 2, 1, 3, 3];3;60;True
100;60;100;6;True;2000;1;0;0;0;0;0;0;159.3298282623291;78.44311046600342;71308.08104731493;63579.72515711898;3283.722451450475;4444.54;[40.46, 30.85, 64.73, 64.73, 39.37, 63.73, 32.77, 81.73, 69.73, 17.32, 25.11, 27.1, 105.73, 46.3, 28.1, 8.85, 53.73, 31.75, 31.75, 57.73, 51.9, 35.37, 45.3, 13.34, 86.73, 59.73, 52.73, 22.26, 28.1, 16.32, 33.8, 48.11, 47.11, 71.73, 44.3, 79.73, 75.73, 23.09, 28.1, 66.73, 71.73, 19.93, 19.31, 41.46, 34.8, 34.8, 11.35, 11.35, 31.75, 101.73, 75.73, 9.36, 10.01, 28.1, 45.3, 29.85, 101.73, 25.11, 64.73, 14.34, 24.11, 21.3, 27.1, 24.11, 31.75, 74.73, 44.3, 61.73, 58.73, 40.46, 93.73, 36.37, 2.8, 35.37, 28.87, 13.34, 14.34, 44.3, 35.37, 13.34, 55.73, 86.73, 91.73, 32.77, 39.46, 52.73, 24.11, 11.35, 13.34, 75.73, 15.32, 105.73, 6.71, 59.73, 32.77, 77.73, 105.73, 96.73, 48.11, 51.9];102.93;[2, 1, 3, 2, 4, 1, 2, 2, 1, 2, 3, 1, 1, 1, 1, 4, 1, 3, 3, 1, 2, 1, 1, 2, 5, 1, 1, 4, 4];4;60;True
70;70;70;1;True;2000;1;0;0;0;0;0;0;181.94222259521484;41.47472524642944;76988.6859041053;68766.17801789877;4190.764555679717;4031.6700000000037;[62.86, 26.03, 26.03, 80.86, 84.86, 58.86, 55.86, 127.86, 77.86, 38.86, 11.81, 71.86, 127.86, 55.86, 59.86, 77.86, 22.03, 38.86, 64.86, 63.86, 49.86, 4.0, 80.86, 54.86, 66.86, 71.86, 33.86, 84.86, 46.86, 126.86, 72.86, 16.03, 51.86, 94.86, 58.86, 69.86, 92.86, 17.03, 28.03, 61.86, 30.03, 70.86, 31.03, 57.86, 23.03, 34.86, 29.03, 74.86, 90.86, 99.86, 41.86, 69.86, 41.86, 16.03, 50.86, 43.86, 122.86, 53.86, 88.86, 43.86, 73.86, 51.86, 67.86, 84.86, 34.86, 57.86, 43.86, 29.03, 19.03, 33.03];123.86;[1, 3, 1, 1, 2, 2, 3, 3, 4, 2, 1, 2, 1, 1, 4, 3, 2, 5, 3, 2, 1, 2, 1, 1, 1, 3, 2, 1, 1, 4, 2, 1, 2, 1, 1];4;70;True
70;70;70;2;True;2000;1;0;0;0;0;0;0;216.86006593704224;59.1708402633667;75797.46816443889;67686.88729283334;4118.978488844774;3991.7300000000027;[41.67, 103.67, 151.67, 63.67, 30.67, 75.67, 30.67, 19.67, 12.67, 77.67, 28.67, 83.67, 30.67, 58.67, 26.67, 17.67, 12.67, 75.67, 56.67, 18.67, 77.67, 77.67, 53.67, 72.67, 151.67, 104.67, 25.67, 42.67, 22.67, 20.67, 99.67, 22.67, 72.67, 42.67, 55.67, 71.67, 92.67, 37.67, 14.67, 50.67, 50.67, 39.67, 61.67, 48.67, 72.67, 38.67, 37.67, 131.67, 46.67, 93.67, 92.67, 50.67, 53.67, 15.67, 64.67, 71.67, 95.67, 9.91, 23.67, 37.67, 33.67, 68.67, 40.67, 118.67, 127.67, 48.67, 87.67, 25.67, 63.67, 11.26];141.76;[2, 3, 1, 2, 2, 1, 1, 1, 2, 2, 1, 2, 3, 2, 5, 3, 1, 3, 1, 1, 2, 2, 2, 1, 1, 2, 2, 1, 2, 2, 1, 3, 1, 1, 5, 1, 2];4;70;True
70;70;70;3;True;2000;1;0;0;0;0;0;0;209.53278589248657;52.61936354637146;74778.79136103102;67245.33892459859;4045.6754624586783;3487.5100000000043;[39.03, 71.03, 56.03, 87.03, 41.03, 18.03, 17.03, 61.03, 84.03, 61.03, 8.77, 30.03, 99.03, 48.03, 27.03, 29.03, 20.03, 27.03, 16.03, 56.03, 34.03, 40.03, 114.03, 20.03, 29.03, 25.03, 112.03, 16.03, 27.03, 42.03, 12.77, 81.03, 125.03, 140.03, 124.03, 42.03, 70.03, 49.03, 87.03, 54.03, 43.03, 66.03, 42.03, 22.03, 35.03, 25.03, 28.03, 58.03, 33.03, 13.03, 36.03, 13.03, 99.03, 68.03, 20.03, 125.03, 5.77, 106.03, 108.03, 65.03, 84.03, 39.03, 67.03, 1.77, 3.77, 42.03, 51.03, 33.03, 1.0, 12.77];139.03;[2, 4, 1, 1, 1, 1, 4, 1, 3, 1, 1, 2, 1, 2, 2, 4, 3, 1, 5, 1, 1, 1, 1, 1, 1, 1, 7, 2, 1, 3, 2, 1, 1, 4, 1, 1];6;70;True
70;70;70;4;True;2000;1;0;0;0;0;0;0;196.20181894302368;50.74387979507446;79716.22223774584;70866.63829551708;4219.563286836299;4630.060000000001;[22.94, 99.9, 17.69, 113.9, 99.9, 141.9, 52.9, 42.3, 17.27, 74.9, 20.54, 92.9, 25.63, 50.9, 85.9, 71.9, 61.9, 119.9, 60.9, 47.9, 148.9, 10.42, 33.22, 52.9, 34.7, 39.18, 73.9, 18.95, 57.9, 47.9, 77.9, 54.9, 130.9, 87.9, 53.9, 63.9, 70.9, 36.36, 60.9, 67.9, 55.9, 35.79, 148.9, 56.9, 76.9, 55.9, 139.9, 40.64, 47.9, 34.7, 62.9, 45.29, 89.9, 28.63, 85.9, 72.9, 77.9, 118.9, 43.3, 26.63, 11.62, 32.91, 141.9, 38.36, 44.3, 104.9, 70.9, 99.9, 148.9, 45.29];138.48000000000002;[3, 3, 1, 1, 2, 3, 2, 4, 6, 1, 4, 3, 2, 1, 2, 2, 2, 1, 1, 2, 2, 1, 3, 1, 2, 1, 1, 1, 1, 1, 1, 1, 3, 5];5;70;True
70;70;70;5;True;2000;1;0;0;0;0;0;0;168.42597341537476;38.11131238937378;73937.99201321293;64602.01519614573;4232.100776711878;5103.950000000003;[52.17, 134.17, 48.17, 66.17, 18.0, 98.17, 97.17, 31.79, 81.17, 42.18, 145.17, 1.0, 30.79, 54.17, 54.17, 136.17, 32.79, 26.79, 73.17, 73.17, 148.17, 91.17, 133.17, 44.18, 2.53, 100.17, 20.79, 32.79, 114.17, 148.17, 89.17, 82.17, 99.17, 82.17, 70.17, 124.17, 9.0, 87.17, 72.17, 50.17, 32.79, 109.17, 46.95, 51.17, 69.17, 10.0, 115.17, 65.17, 121.17, 65.17, 60.17, 25.79, 88.17, 98.17, 40.77, 65.17, 54.17, 53.17, 51.17, 107.17, 127.17, 92.17, 111.17, 111.17, 51.17, 45.18, 82.17, 90.17, 105.17, 61.17];147.17;[2, 1, 1, 2, 1, 3, 2, 1, 1, 3, 3, 1, 5, 3, 2, 1, 1, 3, 3, 2, 1, 3, 2, 1, 2, 2, 1, 1, 2, 3, 1, 2, 3, 1, 2, 2];4;70;True
70;70;70;6;True;2000;1;0;0;0;0;0;0;185.96192145347595;51.83481574058533;81572.15970685035;72868.50963749386;4076.4237996536563;4627.319999999998;[60.48, 44.42, 110.48, 78.48, 72.48, 80.48, 61.48, 93.48, 125.48, 21.93, 41.42, 50.42, 97.48, 66.48, 51.48, 8.74, 115.48, 123.48, 53.53, 131.48, 79.48, 58.48, 61.48, 29.88, 95.48, 106.48, 54.53, 39.85, 32.88, 34.88, 52.53, 85.48, 71.48, 120.48, 69.48, 63.48, 70.48, 38.39, 57.48, 75.48, 71.48, 21.06, 35.88, 99.48, 140.48, 67.48, 13.75, 15.98, 48.42, 81.48, 116.48, 9.86, 11.86, 29.88, 93.48, 71.48, 143.48, 45.42, 68.48, 21.08, 39.85, 27.88, 36.88, 61.48, 90.48, 97.48, 79.48, 72.48, 67.48, 59.48];134.73999999999998;[3, 1, 1, 1, 4, 3, 4, 2, 4, 1, 5, 1, 1, 1, 1, 2, 2, 1, 4, 1, 1, 1, 2, 2, 1, 3, 1, 1, 1, 1, 1, 5, 2, 1, 1, 2, 1];4;70;True
80;70;80;1;True;2000;1;0;0;0;0;0;0;192.5459291934967;70.63893055915833;78570.93917093091;69915.6315800277;4177.654630416097;4477.71;[89.07, 15.48, 21.48, 100.07, 120.07, 55.07, 60.07, 127.07, 53.07, 41.07, 10.91, 58.07, 79.07, 38.07, 103.07, 86.07, 10.91, 48.07, 52.07, 66.07, 49.07, 3.53, 67.07, 36.07, 41.07, 46.07, 16.48, 115.07, 36.07, 76.07, 61.07, 9.74, 50.07, 94.07, 61.07, 66.07, 127.07, 10.91, 15.48, 114.07, 20.48, 95.07, 16.99, 54.07, 15.48, 18.48, 16.48, 104.07, 127.07, 121.07, 31.07, 127.07, 36.07, 9.91, 45.07, 26.48, 127.07, 51.07, 90.07, 44.07, 58.07, 53.07, 62.07, 119.07, 23.48, 55.07, 34.07, 28.48, 11.57, 24.48, 43.07, 81.07, 49.07, 15.48, 3.53, 71.07, 120.07, 39.07, 48.07, 29.48];123.53999999999999;[2, 2, 2, 2, 1, 1, 1, 2, 1, 1, 4, 1, 1, 3, 1, 1, 2, 3, 3, 1, 3, 1, 3, 4, 2, 4, 1, 3, 2, 2, 1, 1, 1, 3, 2, 1, 1];3;70;True
80;70;80;2;True;2000;1;0;0;0;0;0;0;181.6112997531891;59.56763458251953;75947.13384095037;67557.3748217602;4134.2430099610465;4255.659999999998;[29.4, 100.87, 118.87, 41.94, 32.4, 82.87, 29.4, 18.48, 18.48, 54.87, 30.4, 107.87, 20.86, 39.4, 39.4, 19.86, 12.77, 118.87, 91.87, 19.31, 61.87, 45.87, 35.4, 118.87, 91.87, 81.87, 25.14, 28.4, 19.86, 19.31, 90.87, 24.14, 48.87, 23.17, 73.87, 118.87, 118.87, 35.4, 16.36, 35.4, 57.87, 23.17, 52.87, 76.87, 34.4, 36.4, 34.4, 90.87, 42.41, 82.87, 69.87, 58.87, 61.87, 14.77, 75.87, 75.87, 71.87, 10.77, 19.31, 33.4, 29.4, 69.87, 40.4, 118.87, 67.87, 36.4, 91.87, 25.14, 71.87, 10.69, 41.94, 70.87, 77.87, 17.48, 60.87, 23.17, 38.4, 96.87, 46.87, 51.87];108.18;[1, 2, 2, 1, 1, 6, 1, 1, 4, 1, 1, 2, 3, 1, 1, 1, 1, 2, 4, 5, 2, 1, 1, 1, 1, 2, 2, 2, 2, 1, 1, 5, 2, 1, 1, 1, 1, 1, 1];5;70;True
80;70;80;3;True;2000;1;0;0;0;0;0;0;156.5737292766571;49.74678897857666;71720.7166955772;64142.37671017384;3948.716060200153;3629.4499999999966;[43.6, 60.6, 61.6, 56.6, 67.6, 19.64, 18.64, 55.6, 80.6, 53.6, 12.46, 36.99, 98.6, 55.6, 20.11, 39.6, 29.04, 28.04, 21.11, 98.6, 32.99, 54.6, 71.6, 27.57, 32.99, 35.99, 48.6, 14.28, 20.11, 98.6, 19.64, 63.6, 72.6, 71.6, 64.6, 44.6, 54.6, 44.6, 42.6, 44.6, 32.0, 65.6, 34.99, 29.04, 33.99, 30.04, 42.6, 62.6, 37.99, 18.3, 36.99, 15.28, 98.6, 98.6, 26.57, 85.6, 12.46, 37.99, 70.6, 75.6, 85.6, 60.6, 33.99, 3.0, 6.58, 37.99, 48.6, 39.6, 2.0, 21.11, 22.77, 21.28, 18.3, 45.6, 56.6, 50.6, 63.6, 77.6, 32.0, 37.99];96.6;[2, 1, 2, 2, 2, 1, 2, 6, 2, 1, 6, 1, 1, 1, 3, 3, 5, 1, 1, 1, 1, 1, 1, 2, 2, 1, 6, 2, 3, 2, 1, 1, 1, 1, 1];5;70;True
80;70;80;4;True;2000;1;0;0;0;0;0;0;197.35462594032288;69.58736991882324;80011.36982957812;71125.47534561218;4284.725968924232;4601.310000000002;[18.0, 87.32, 13.97, 82.32, 95.32, 99.32, 63.32, 31.32, 17.32, 77.32, 13.97, 93.32, 16.46, 52.32, 85.32, 93.32, 69.32, 92.32, 79.32, 46.32, 92.32, 2.37, 26.21, 47.32, 21.7, 39.32, 50.32, 19.46, 52.32, 42.32, 105.32, 47.32, 136.32, 66.32, 43.32, 61.32, 63.32, 39.32, 59.32, 82.32, 57.32, 21.7, 136.32, 36.32, 69.32, 62.32, 30.32, 29.32, 52.32, 29.32, 37.32, 36.32, 107.32, 27.32, 95.32, 55.32, 61.32, 124.32, 35.32, 14.97, 13.97, 19.46, 107.32, 20.74, 36.32, 76.32, 65.32, 61.32, 43.32, 36.32, 36.32, 59.32, 41.32, 96.32, 27.32, 88.32, 133.32, 75.32, 92.32, 26.21];133.95;[2, 1, 1, 2, 1, 1, 1, 2, 2, 2, 2, 3, 1, 1, 1, 5, 1, 1, 1, 1, 1, 2, 3, 5, 1, 1, 1, 2, 4, 5, 5, 1, 1, 1, 1, 1, 3];4;70;True
80;70;80;5;True;2000;1;0;0;0;0;0;0;219.48068714141846;69.35910868644714;76382.66521950286;67809.35217023063;4168.015907059292;4405.590000000005;[37.88, 132.88, 27.63, 35.63, 15.63, 77.88, 65.88, 24.63, 72.88, 22.63, 71.88, 1.0, 17.63, 41.88, 25.63, 126.88, 16.63, 9.63, 40.88, 54.88, 151.88, 86.88, 124.88, 24.63, 2.86, 81.88, 7.78, 25.63, 151.88, 95.88, 37.88, 51.88, 97.88, 55.88, 55.88, 151.88, 7.78, 52.88, 144.88, 28.63, 24.63, 80.88, 24.63, 27.63, 56.88, 7.78, 126.88, 86.88, 93.88, 24.63, 29.63, 20.63, 57.88, 72.88, 13.63, 41.88, 32.63, 38.88, 31.63, 74.88, 111.88, 32.63, 91.88, 60.88, 49.88, 28.63, 67.88, 47.88, 63.88, 52.88, 82.88, 107.88, 62.88, 38.88, 38.88, 2.37, 45.88, 44.88, 7.78, 35.63];150.88;[1, 3, 1, 2, 1, 3, 1, 2, 3, 1, 1, 4, 1, 3, 2, 1, 1, 1, 2, 3, 1, 2, 2, 1, 1, 3, 2, 2, 2, 3, 1, 1, 1, 2, 4, 1, 2, 1, 1];3;70;True
80;70;80;6;True;2000;1;0;0;0;0;0;0;187.7275106906891;62.831560134887695;81535.36504549936;73402.99794056053;4226.652033713036;3905.990000000003;[44.92, 33.92, 93.92, 55.92, 54.92, 50.92, 38.92, 100.92, 73.92, 15.92, 22.92, 33.92, 85.92, 65.92, 33.92, 7.28, 63.92, 40.92, 33.92, 122.92, 62.92, 34.92, 61.92, 10.97, 70.92, 121.92, 42.92, 24.92, 25.92, 22.92, 44.92, 53.92, 40.92, 88.92, 46.92, 50.92, 122.92, 17.92, 28.92, 78.92, 59.92, 18.92, 19.92, 59.92, 95.92, 37.92, 9.94, 9.94, 36.92, 77.92, 104.92, 8.94, 8.94, 26.92, 53.92, 31.92, 106.92, 32.92, 58.92, 13.92, 27.92, 30.92, 23.92, 26.92, 24.92, 55.92, 50.92, 73.92, 79.92, 46.92, 113.92, 46.92, 2.72, 61.92, 23.92, 11.97, 13.92, 122.92, 46.92, 11.97];120.2;[5, 2, 1, 1, 4, 1, 1, 2, 1, 3, 3, 4, 2, 1, 1, 1, 1, 2, 3, 1, 1, 3, 1, 1, 1, 2, 1, 3, 1, 1, 1, 2, 4, 4, 1, 1, 1, 1];4;70;True
90;70;90;1;True;2000;1;0;0;0;0;0;0;194.41108012199402;91.51923966407776;78089.48112050982;69253.53638029411;4239.712856225266;4596.160000000003;[78.18, 20.78, 24.07, 119.73, 90.73, 49.07, 57.18, 74.18, 55.18, 40.01, 11.64, 61.18, 119.73, 45.01, 76.18, 76.18, 13.55, 33.86, 61.18, 52.18, 51.18, 3.58, 78.18, 41.01, 41.01, 49.18, 18.78, 64.18, 24.76, 76.18, 63.18, 11.8, 52.18, 56.18, 53.18, 64.18, 86.73, 13.8, 16.58, 88.73, 21.78, 99.73, 20.78, 70.18, 17.58, 19.78, 19.78, 69.18, 71.18, 74.18, 33.86, 68.18, 29.76, 12.8, 60.18, 25.76, 116.73, 46.07, 97.73, 30.76, 47.07, 34.86, 60.18, 98.73, 20.78, 44.01, 33.86, 21.78, 13.8, 25.76, 37.43, 83.73, 55.18, 17.78, 4.26, 66.18, 65.18, 55.18, 119.73, 25.76, 92.73, 76.18, 85.73, 33.34, 76.18, 10.67, 16.58, 15.79, 58.18, 79.18];116.15;[2, 2, 1, 1, 4, 1, 1, 3, 5, 2, 1, 1, 1, 2, 2, 2, 1, 3, 1, 1, 4, 2, 2, 3, 1, 1, 2, 1, 3, 1, 3, 3, 4, 1, 1, 1];4;70;True
90;70;90;2;True;2000;1;0;0;0;0;0;0;220.85256838798523;91.83333492279053;76703.79541241209;67829.0321414555;4243.538942440064;4631.170000000001;[28.52, 98.32, 149.32, 78.32, 26.51, 90.32, 23.47, 16.39, 15.39, 50.32, 28.52, 70.32, 18.39, 45.35, 44.35, 19.39, 11.52, 132.32, 54.32, 17.39, 91.32, 111.32, 63.32, 59.32, 151.32, 53.32, 18.39, 26.51, 19.39, 18.39, 94.32, 25.51, 52.32, 20.49, 109.32, 110.32, 100.32, 36.45, 15.39, 34.45, 59.32, 22.47, 70.32, 47.63, 31.52, 33.45, 40.35, 90.32, 34.45, 77.32, 69.32, 41.35, 77.32, 13.39, 64.32, 59.32, 73.32, 10.49, 16.39, 27.52, 28.52, 80.32, 35.45, 124.32, 85.32, 35.45, 109.32, 21.47, 41.35, 9.54, 52.32, 43.35, 53.32, 15.39, 53.32, 17.39, 27.52, 59.32, 32.52, 38.35, 59.32, 77.32, 24.51, 24.51, 70.32, 46.35, 25.51, 47.63, 15.39, 86.32];141.78;[2, 2, 1, 2, 1, 2, 4, 1, 2, 1, 1, 5, 2, 2, 1, 3, 2, 1, 3, 1, 1, 2, 1, 1, 2, 2, 2, 1, 1, 6, 5, 2, 2, 1, 1, 1];5;70;True
90;70;90;3;True;2000;1;0;0;0;0;0;0;209.3454716205597;66.5460753440857;72570.74827098908;64462.42667994057;4083.546205840226;4024.7499999999995;[41.21, 53.8, 53.47, 45.75, 66.54, 16.98, 15.98, 49.14, 70.35, 51.47, 12.33, 29.58, 109.35, 44.87, 21.26, 36.21, 23.58, 23.58, 15.98, 71.35, 22.58, 53.47, 115.35, 19.98, 35.21, 20.98, 61.54, 14.97, 19.98, 71.35, 17.98, 55.8, 56.8, 68.54, 48.14, 46.75, 61.36, 40.21, 40.21, 51.47, 25.58, 63.54, 38.21, 22.58, 27.58, 28.58, 41.21, 54.8, 37.21, 16.98, 35.21, 13.56, 49.14, 68.54, 20.98, 81.35, 13.56, 153.35, 85.35, 58.04, 96.35, 50.14, 56.8, 3.6, 7.32, 39.21, 49.14, 30.58, 2.0, 18.98, 18.98, 21.26, 15.98, 46.75, 31.4, 42.03, 58.04, 76.35, 30.58, 32.4, 14.97, 100.35, 67.54, 21.26, 38.21, 12.33, 67.54, 52.47, 58.04, 153.35];151.35;[1, 1, 2, 1, 1, 1, 2, 5, 1, 2, 1, 2, 1, 1, 3, 1, 1, 1, 1, 1, 1, 6, 2, 2, 4, 4, 1, 1, 1, 1, 3, 6, 2, 1, 1, 1, 3];5;70;True
90;70;90;4;True;2000;1;0;0;0;0;0;0;203.56017088890076;74.55460238456726;79186.78141787219;70539.35290301462;4404.219951579681;4243.119999999997;[12.29, 72.79, 10.36, 65.79, 58.79, 50.79, 26.79, 19.79, 14.79, 77.79, 8.42, 101.79, 11.29, 67.79, 93.79, 93.79, 55.79, 60.79, 36.79, 26.79, 68.79, 2.32, 17.79, 36.79, 14.79, 36.79, 46.79, 17.79, 43.79, 31.79, 59.79, 45.79, 90.79, 41.79, 37.79, 70.79, 43.79, 29.79, 55.79, 112.79, 43.79, 19.79, 102.79, 39.79, 61.79, 78.79, 21.79, 22.79, 33.79, 21.79, 46.79, 27.79, 86.79, 15.79, 69.79, 53.79, 38.79, 57.79, 24.79, 12.29, 9.42, 16.79, 126.79, 14.79, 29.79, 92.79, 62.79, 68.79, 20.79, 33.79, 32.79, 48.79, 34.79, 22.79, 18.79, 48.79, 137.79, 48.79, 134.79, 19.79, 84.79, 60.79, 72.79, 16.79, 80.79, 36.79, 6.45, 55.79, 35.79, 13.29];135.47;[3, 1, 2, 2, 2, 1, 1, 2, 1, 1, 1, 1, 1, 1, 1, 1, 1, 2, 3, 1, 2, 2, 2, 3, 1, 1, 1, 1, 1, 1, 3, 3, 4, 1, 2, 2, 2, 1, 1, 3, 3, 1];3;70;True
90;70;90;5;True;2000;1;0;0;0;0;0;0;180.97072863578796;71.99583292007446;76618.73121735491;67209.51804596637;4296.490361744335;5112.750000000002;[39.96, 106.88, 30.99, 35.51, 17.56, 75.96, 57.96, 25.92, 56.96, 24.2, 81.88, 1.0, 19.56, 29.99, 48.96, 107.88, 19.56, 12.34, 48.96, 56.96, 112.88, 100.88, 128.88, 22.66, 3.88, 99.88, 9.48, 28.99, 129.88, 101.88, 85.88, 52.96, 99.88, 51.96, 42.96, 102.88, 8.72, 58.96, 89.88, 25.99, 27.99, 66.96, 31.99, 27.99, 61.96, 9.48, 96.88, 65.96, 114.88, 35.51, 61.96, 22.66, 104.88, 78.96, 16.56, 43.96, 76.96, 42.96, 40.96, 83.88, 129.88, 36.51, 65.96, 54.96, 50.96, 30.99, 60.96, 98.88, 76.96, 40.96, 36.51, 78.96, 53.96, 38.96, 42.96, 2.0, 38.51, 39.96, 9.48, 39.96, 114.88, 102.88, 129.88, 3.88, 29.99, 77.96, 91.88, 48.96, 33.51, 78.96];128.88;[1, 1, 2, 3, 2, 2, 1, 2, 3, 1, 3, 2, 3, 1, 1, 1, 1, 1, 1, 1, 1, 2, 2, 2, 2, 1, 3, 3, 2, 1, 3, 1, 2, 1, 1, 3, 2, 2, 1, 1, 1];2;70;True
90;70;90;6;True;2000;1;0;0;0;0;0;0;200.84913611412048;91.58513689041138;82624.40017049096;74030.84839513448;4203.743235172768;4389.840000000003;[60.4, 30.11, 69.58, 82.92, 56.4, 129.65, 37.1, 92.65, 87.92, 18.11, 25.11, 39.23, 69.58, 94.65, 35.1, 7.45, 64.58, 38.23, 33.1, 59.4, 41.23, 55.4, 48.63, 15.51, 95.65, 98.65, 42.23, 28.11, 28.11, 19.11, 38.23, 68.58, 78.92, 63.58, 77.92, 50.63, 129.65, 21.11, 27.11, 64.58, 95.65, 21.11, 22.11, 41.23, 54.62, 48.63, 13.29, 11.55, 32.1, 87.92, 77.92, 9.11, 10.35, 28.11, 47.23, 36.1, 93.65, 24.11, 64.58, 17.11, 22.11, 22.11, 24.11, 24.11, 31.1, 118.65, 49.63, 108.65, 53.62, 64.58, 55.4, 43.23, 2.72, 48.63, 24.11, 15.51, 17.11, 42.23, 39.23, 15.51, 57.4, 73.92, 61.4, 31.1, 67.58, 63.58, 22.11, 11.55, 15.51, 102.65];126.93;[1, 1, 3, 7, 3, 2, 1, 1, 1, 1, 1, 3, 1, 1, 1, 1, 5, 4, 2, 1, 2, 4, 1, 4, 3, 1, 1, 3, 2, 4, 4];6;70;True
100;70;100;1;True;2000;1;0;0;0;0;0;0;186.3183717727661;111.85750436782837;78387.12764264015;69393.87462528986;4182.851349549187;4810.330000000003;[74.09, 17.9, 24.06, 114.09, 63.09, 38.04, 45.03, 62.09, 47.02, 27.06, 10.69, 75.09, 72.09, 46.02, 66.09, 75.09, 12.24, 30.02, 65.09, 58.09, 53.09, 3.08, 59.09, 38.04, 47.02, 46.02, 17.9, 91.09, 24.06, 60.09, 74.09, 11.31, 34.62, 43.03, 38.04, 93.09, 70.09, 13.31, 15.9, 59.09, 21.06, 75.09, 20.06, 100.09, 15.9, 18.62, 17.9, 90.09, 101.09, 85.09, 23.06, 61.09, 44.03, 12.24, 50.01, 25.13, 98.09, 36.65, 113.09, 27.06, 44.03, 35.62, 60.09, 55.09, 20.06, 55.09, 35.62, 20.06, 13.31, 35.62, 31.65, 73.09, 38.04, 15.9, 4.13, 70.09, 66.09, 85.09, 91.09, 24.06, 81.09, 76.09, 71.09, 28.06, 114.09, 8.96, 15.9, 15.29, 54.09, 56.09, 15.9, 7.08, 10.69, 93.09, 13.31, 46.02, 51.01, 114.09, 63.09, 51.01];111.01;[1, 4, 1, 3, 1, 2, 1, 1, 2, 1, 1, 1, 1, 4, 3, 4, 1, 3, 2, 3, 2, 1, 1, 1, 2, 1, 1, 2, 1, 2, 1, 6, 1, 4, 4];5;70;True
100;70;100;2;True;2000;1;0;0;0;0;0;0;231.9960813522339;112.90306687355042;79640.33641801722;70588.3384468525;4109.261554020936;4942.570000000002;[28.85, 60.77, 72.77, 120.77, 27.69, 66.77, 23.17, 18.0, 17.34, 50.77, 20.93, 103.77, 18.54, 37.77, 36.77, 16.95, 11.98, 126.77, 52.77, 18.54, 98.77, 61.77, 29.48, 118.77, 79.77, 72.77, 19.61, 27.69, 19.61, 18.54, 98.77, 21.17, 37.77, 20.93, 64.77, 98.77, 81.77, 36.63, 16.16, 36.63, 48.77, 22.17, 48.77, 51.77, 26.69, 31.92, 40.77, 116.77, 37.77, 55.77, 55.77, 35.63, 47.77, 13.64, 99.77, 67.77, 43.77, 10.32, 18.0, 27.69, 26.47, 56.77, 31.38, 86.77, 48.77, 36.63, 130.77, 22.17, 44.77, 9.49, 33.45, 41.77, 53.77, 16.95, 79.77, 18.23, 28.85, 52.77, 33.45, 39.77, 56.77, 130.77, 20.93, 24.29, 65.77, 35.63, 23.29, 49.77, 15.25, 64.77, 77.77, 130.77, 39.77, 16.95, 52.77, 59.77, 130.77, 33.45, 90.77, 36.63];121.28000000000002;[1, 3, 1, 2, 2, 3, 3, 1, 2, 2, 1, 1, 1, 3, 4, 3, 1, 1, 3, 2, 1, 1, 1, 1, 4, 1, 1, 1, 1, 3, 1, 2, 1, 4, 1, 3, 2, 1];3;70;True
100;70;100;3;True;2000;1;0;0;0;0;0;0;204.90555715560913;101.42666697502136;73797.45356083257;66204.64564347497;4033.3059670074213;3559.3;[41.0, 49.0, 58.0, 37.0, 66.0, 11.84, 11.84, 44.0, 76.0, 40.0, 10.84, 20.0, 89.0, 34.0, 17.0, 23.0, 19.0, 14.0, 12.0, 51.0, 16.0, 35.0, 76.0, 13.0, 15.0, 16.0, 72.0, 14.0, 18.0, 45.0, 16.0, 69.0, 60.0, 53.0, 57.0, 36.0, 42.0, 24.0, 51.0, 39.0, 22.0, 55.0, 21.0, 14.0, 25.0, 19.0, 26.0, 62.0, 29.0, 13.0, 22.0, 10.24, 33.0, 97.0, 16.0, 68.0, 9.24, 71.0, 80.0, 79.0, 52.0, 35.0, 17.0, 2.84, 5.99, 26.0, 30.0, 18.0, 1.0, 17.0, 13.0, 13.0, 13.0, 30.0, 17.0, 27.0, 38.0, 98.0, 15.0, 28.0, 11.84, 67.0, 98.0, 13.0, 42.0, 10.84, 54.0, 39.0, 58.0, 92.0, 110.0, 60.0, 18.0, 35.0, 5.71, 10.24, 19.0, 21.0, 23.0, 11.84];109.0;[1, 2, 1, 4, 3, 1, 2, 1, 2, 1, 2, 1, 3, 1, 2, 1, 1, 1, 1, 2, 2, 1, 1, 3, 1, 1, 7, 1, 2, 3, 1, 1, 1, 3, 2, 6, 1];6;70;True
100;70;100;4;True;2000;1;0;0;0;0;0;0;215.68061184883118;92.82232618331909;81260.21700655458;72086.6717136517;4309.063415402814;4864.490000000002;[14.04, 65.18, 12.16, 64.18, 64.18, 53.18, 34.31, 28.63, 16.35, 81.18, 12.16, 88.18, 13.42, 40.31, 65.18, 71.18, 49.18, 99.18, 65.18, 28.63, 116.18, 1.91, 24.03, 49.18, 18.09, 39.31, 62.18, 19.27, 44.18, 40.31, 73.18, 38.31, 85.18, 46.18, 58.18, 62.18, 49.18, 28.63, 106.18, 59.18, 49.18, 21.15, 145.18, 51.18, 58.18, 53.18, 33.31, 26.03, 40.31, 25.03, 48.18, 35.31, 64.18, 17.93, 58.18, 56.18, 40.31, 72.18, 26.88, 13.42, 11.8, 18.09, 111.18, 16.93, 39.31, 117.18, 67.18, 66.18, 28.68, 36.31, 35.31, 55.18, 39.31, 33.31, 23.03, 51.18, 144.18, 50.18, 59.18, 25.03, 88.18, 73.18, 99.18, 19.27, 78.18, 31.31, 8.29, 49.18, 35.31, 14.96, 59.18, 31.31, 44.18, 20.58, 70.18, 22.03, 43.18, 27.73, 30.68, 67.18];143.27;[1, 1, 1, 4, 2, 1, 1, 1, 2, 4, 2, 2, 1, 3, 1, 1, 3, 2, 2, 4, 2, 2, 2, 3, 2, 1, 3, 1, 1, 2, 1, 1, 2, 3, 1, 1, 1, 1, 1];3;70;True
100;70;100;5;True;2000;1;0;0;0;0;0;0;169.80845642089844;75.0980110168457;76370.90106169884;66681.1189852552;4308.032124692237;5381.799999999996;[42.66, 110.16, 33.74, 36.72, 18.04, 61.16, 53.03, 27.36, 60.16, 31.63, 84.16, 1.0, 20.61, 33.74, 41.66, 72.16, 15.04, 15.04, 39.66, 60.16, 119.16, 60.16, 94.16, 26.03, 3.0, 76.16, 11.03, 29.63, 113.16, 91.16, 49.03, 54.03, 67.16, 40.66, 46.66, 76.16, 10.18, 48.03, 78.16, 31.63, 29.63, 56.16, 38.04, 32.05, 44.66, 11.04, 73.16, 45.66, 74.16, 30.63, 56.16, 24.03, 75.16, 73.16, 18.04, 49.03, 63.16, 38.39, 26.59, 72.16, 90.16, 45.66, 74.16, 53.03, 52.03, 39.66, 59.16, 65.16, 63.16, 46.66, 65.16, 82.16, 55.16, 42.66, 44.66, 2.0, 45.66, 60.16, 11.03, 42.66, 109.16, 94.16, 53.03, 4.06, 32.05, 68.16, 119.16, 53.03, 26.03, 62.16, 67.16, 74.16, 111.16, 65.16, 53.03, 83.16, 107.16, 119.16, 72.16, 54.03];118.16;[1, 1, 1, 4, 1, 2, 1, 3, 1, 1, 1, 1, 2, 1, 3, 1, 1, 1, 1, 2, 1, 2, 1, 1, 2, 1, 1, 2, 2, 1, 2, 1, 4, 1, 4, 1, 3, 3, 1, 1, 3, 2];3;70;True
100;70;100;6;True;2000;1;0;0;0;0;0;0;204.82656717300415;96.62343239784241;82638.21118113156;73846.32396432897;4159.939773380584;4632.089999999998;[42.15, 29.5, 60.69, 91.69, 45.99, 130.69, 42.15, 106.69, 72.69, 16.14, 24.71, 29.5, 63.69, 105.69, 27.26, 8.16, 65.69, 30.5, 30.5, 43.99, 35.93, 34.29, 48.91, 10.77, 69.69, 61.69, 51.69, 20.73, 26.43, 15.66, 31.5, 59.69, 56.69, 69.69, 60.69, 74.69, 103.69, 18.94, 26.06, 56.69, 77.69, 19.94, 18.74, 40.14, 50.69, 34.61, 9.67, 9.04, 28.26, 82.69, 92.69, 9.04, 7.71, 27.26, 44.99, 26.06, 100.69, 23.71, 47.99, 13.66, 20.73, 19.94, 22.71, 22.71, 28.26, 76.69, 47.99, 109.69, 94.69, 39.16, 126.69, 37.16, 2.8, 32.4, 24.71, 10.89, 14.66, 64.69, 38.16, 10.89, 75.69, 77.69, 54.69, 28.88, 33.4, 62.69, 21.71, 8.16, 10.89, 70.69, 15.66, 96.69, 6.67, 56.69, 40.14, 83.69, 80.69, 86.69, 57.69, 49.91];127.89;[1, 4, 8, 4, 1, 3, 1, 1, 1, 2, 1, 2, 3, 1, 1, 3, 1, 1, 1, 1, 3, 1, 1, 1, 1, 4, 1, 1, 3, 2, 1, 1, 2, 1, 1, 2, 3];7;70;True
80;80;80;1;True;2000;1;0;0;0;0;0;0;205.50034713745117;82.5514006614685;90264.56762136532;80691.18714818581;4613.335655467282;4960.320000000001;[97.86, 34.38, 33.38, 111.86, 83.86, 72.86, 78.86, 87.86, 59.86, 69.86, 10.77, 65.86, 95.86, 56.86, 67.86, 84.86, 21.57, 39.83, 53.86, 104.86, 63.86, 3.54, 67.86, 47.86, 54.86, 63.86, 34.38, 119.86, 51.86, 74.86, 76.86, 12.1, 74.86, 52.86, 53.86, 100.86, 128.86, 12.1, 27.57, 84.86, 31.38, 88.86, 43.55, 69.86, 19.1, 41.55, 31.38, 81.86, 117.86, 120.86, 44.86, 110.86, 42.55, 28.57, 69.86, 49.86, 78.86, 55.86, 93.86, 51.86, 60.86, 60.86, 71.86, 105.86, 41.55, 52.86, 54.86, 25.57, 12.76, 39.83, 51.86, 128.86, 66.86, 19.1, 4.1, 76.86, 117.86, 46.86, 62.86, 44.55];125.32000000000001;[2, 3, 2, 2, 1, 1, 2, 2, 2, 1, 1, 4, 1, 1, 2, 5, 4, 2, 4, 1, 1, 1, 4, 4, 1, 2, 2, 1, 1, 1, 2, 1, 1, 1, 2, 1, 3, 3, 2, 3];4;80;True
80;80;80;2;True;2000;1;0;0;0;0;0;0;230.5630588531494;60.125439167022705;86070.86784558126;76976.12209764653;4900.9605500115;4193.7500000000055;[32.69, 80.78, 147.78, 45.78, 32.69, 94.78, 32.69, 20.74, 13.74, 57.78, 31.49, 82.78, 35.84, 41.78, 41.78, 17.74, 12.71, 87.78, 65.78, 22.77, 99.78, 53.78, 39.78, 68.78, 106.78, 64.78, 32.69, 37.88, 26.77, 18.74, 61.78, 29.22, 50.78, 41.78, 106.78, 75.78, 65.78, 38.88, 15.74, 39.78, 53.78, 33.84, 54.78, 56.78, 40.78, 47.78, 41.78, 131.78, 49.78, 80.78, 64.78, 42.78, 50.78, 19.74, 99.78, 73.78, 59.78, 11.57, 19.74, 36.88, 32.69, 57.78, 45.78, 117.78, 89.78, 49.78, 100.78, 25.77, 51.78, 11.57, 44.78, 49.78, 62.78, 13.72, 54.78, 23.77, 41.78, 68.78, 63.78, 38.88];136.21;[3, 1, 2, 1, 1, 3, 1, 3, 2, 1, 1, 1, 2, 6, 2, 3, 2, 1, 2, 1, 2, 3, 1, 1, 2, 7, 1, 1, 1, 2, 2, 1, 2, 1, 1, 1, 1, 1, 2, 2, 3, 1, 1, 1];6;80;True
80;80;80;3;True;2000;1;0;0;0;0;0;0;221.9239411354065;89.08948540687561;85053.73105208437;75799.2007582706;4855.402558071423;4399.29;[51.23, 88.25, 77.25, 57.25, 53.25, 27.26, 20.07, 59.25, 84.25, 62.25, 14.78, 45.23, 133.25, 55.25, 38.23, 47.23, 35.05, 24.49, 28.26, 109.25, 36.05, 54.25, 118.25, 25.59, 39.23, 39.23, 83.25, 16.26, 36.05, 86.25, 18.12, 70.25, 68.25, 103.25, 74.25, 53.25, 79.25, 57.25, 65.25, 67.25, 55.25, 68.25, 44.23, 38.23, 43.23, 38.23, 50.23, 68.25, 47.23, 21.71, 43.23, 14.22, 122.25, 78.25, 31.26, 114.25, 12.22, 106.25, 90.25, 62.25, 93.25, 66.25, 61.25, 2.84, 3.85, 46.23, 55.25, 46.23, 1.0, 25.59, 31.26, 30.26, 18.12, 55.25, 78.25, 100.25, 58.25, 86.25, 36.05, 52.23];132.25;[1, 2, 1, 4, 2, 2, 5, 1, 1, 2, 1, 2, 2, 1, 5, 2, 2, 3, 1, 1, 2, 1, 1, 3, 6, 1, 1, 1, 3, 3, 2, 1, 1, 2, 1, 5, 2, 3];5;80;True
80;80;80;4;True;2000;1;0;0;0;0;0;0;192.1216537952423;73.6157066822052;90676.76210962412;80039.85355712613;5182.232812092773;5454.81;[22.88, 92.5, 15.4, 86.5, 100.5, 105.5, 58.35, 91.5, 17.4, 87.5, 20.4, 93.5, 22.68, 67.5, 105.5, 71.5, 70.5, 77.5, 70.5, 53.67, 125.5, 7.6, 37.75, 55.31, 51.75, 65.5, 69.5, 19.4, 83.5, 45.75, 82.5, 66.5, 119.5, 73.5, 83.5, 67.5, 93.5, 49.75, 68.5, 105.5, 62.5, 27.98, 90.5, 118.5, 84.5, 78.5, 60.5, 33.2, 75.5, 40.75, 55.31, 37.75, 106.5, 25.91, 96.5, 81.5, 48.75, 83.5, 47.75, 23.1, 11.68, 31.98, 125.5, 24.96, 61.5, 125.5, 85.5, 87.5, 87.5, 36.75, 34.75, 78.5, 80.5, 70.5, 39.75, 96.5, 125.5, 89.5, 119.5, 59.35];117.9;[2, 2, 2, 2, 2, 1, 1, 1, 2, 1, 1, 4, 1, 1, 1, 2, 2, 2, 1, 1, 1, 3, 3, 4, 1, 5, 1, 2, 2, 1, 2, 1, 5, 1, 3, 4, 1, 1, 1, 1, 2, 1, 1, 1];4;80;True
80;80;80;5;True;2000;1;0;0;0;0;0;0;245.08198833465576;84.74236464500427;89885.06605645143;79648.11889790048;4837.372329778135;5399.7099999999955;[44.87, 142.87, 36.31, 38.31, 13.31, 82.87, 82.87, 30.31, 79.87, 26.31, 145.87, 1.0, 25.31, 37.31, 84.87, 104.87, 24.31, 22.31, 48.87, 70.87, 158.87, 95.87, 113.87, 31.31, 2.86, 90.87, 10.96, 31.31, 117.87, 147.87, 118.87, 66.87, 93.87, 57.87, 56.87, 124.87, 7.73, 73.87, 148.87, 41.87, 27.31, 93.87, 28.31, 31.31, 61.87, 15.31, 94.87, 99.87, 119.87, 32.31, 94.87, 19.31, 63.87, 62.87, 20.31, 62.87, 43.87, 54.87, 40.31, 144.87, 132.87, 37.31, 74.87, 87.87, 109.87, 32.31, 75.87, 146.87, 126.87, 57.87, 100.87, 113.87, 99.87, 47.87, 53.87, 2.37, 50.87, 49.87, 7.73, 40.31];157.87;[2, 3, 1, 1, 1, 1, 1, 4, 2, 3, 1, 1, 2, 4, 3, 2, 1, 3, 1, 2, 1, 2, 2, 3, 1, 2, 1, 3, 3, 2, 3, 1, 2, 1, 1, 1, 1, 2, 3, 4, 1, 1];3;80;True
80;80;80;6;True;2000;1;0;0;0;0;0;0;188.2639775276184;78.14989948272705;94094.71266739767;84613.99595985247;4719.484964434559;4761.440000000001;[52.56, 48.56, 112.56, 114.56, 58.56, 53.56, 52.56, 100.56, 92.56, 23.56, 35.56, 46.56, 102.56, 109.56, 41.56, 8.24, 68.56, 76.56, 47.56, 108.56, 94.56, 58.56, 59.56, 14.53, 100.56, 114.56, 83.56, 35.56, 39.56, 27.56, 49.56, 64.56, 54.56, 101.56, 99.56, 63.56, 107.56, 25.56, 35.56, 84.56, 69.56, 22.61, 33.56, 65.56, 89.56, 52.56, 11.7, 11.23, 73.56, 113.56, 106.56, 9.22, 9.77, 44.56, 68.56, 38.56, 114.56, 38.56, 48.56, 21.0, 30.56, 38.56, 35.56, 29.56, 32.56, 102.56, 49.56, 60.56, 73.56, 82.56, 80.56, 63.56, 2.8, 80.56, 36.56, 22.14, 28.56, 114.56, 59.56, 23.56];111.76;[1, 3, 5, 2, 3, 2, 1, 1, 2, 2, 2, 3, 1, 2, 1, 3, 2, 2, 2, 1, 2, 1, 1, 4, 1, 1, 2, 2, 2, 1, 1, 4, 1, 1, 1, 1, 2, 1, 1, 2, 4, 1, 1, 1];4;80;True
90;80;90;1;True;2000;1;0;0;0;0;0;0;192.38255763053894;99.40458083152771;89668.80562965422;80401.43268025904;4665.9708358751905;4601.410000000003;[62.59, 15.19, 39.59, 101.52, 64.59, 49.59, 56.59, 105.52, 52.59, 49.59, 10.75, 58.59, 105.52, 43.59, 56.59, 80.52, 12.75, 28.27, 76.52, 49.59, 46.59, 3.13, 60.59, 40.59, 40.59, 55.59, 18.46, 68.59, 38.59, 76.52, 105.52, 10.75, 52.59, 58.59, 56.59, 82.52, 105.52, 11.75, 15.46, 84.52, 20.41, 75.52, 20.41, 75.52, 14.19, 23.41, 18.46, 76.52, 75.52, 72.52, 38.59, 87.52, 42.59, 11.75, 43.59, 34.59, 84.52, 49.59, 98.52, 43.59, 61.59, 76.52, 75.52, 67.59, 20.41, 65.59, 41.59, 22.41, 11.75, 28.27, 35.59, 61.59, 61.59, 14.19, 3.8, 76.52, 68.59, 32.59, 47.59, 29.27, 47.59, 90.52, 98.52, 29.27, 99.52, 7.83, 16.46, 16.53, 61.59, 70.59];102.39;[1, 1, 2, 2, 1, 4, 4, 1, 2, 1, 3, 2, 4, 1, 4, 1, 4, 3, 2, 5, 1, 2, 1, 1, 1, 2, 2, 1, 1, 1, 1, 2, 1, 2, 2, 4, 3, 1, 2, 1];4;80;True
90;80;90;2;True;2000;1;0;0;0;0;0;0;238.929771900177;114.23842930793762;87589.03244742575;77684.35542668197;4938.57391506762;4966.090000000002;[27.96, 90.09, 112.09, 56.56, 24.96, 112.09, 28.9, 14.08, 13.08, 69.89, 27.96, 108.09, 23.96, 34.84, 55.56, 15.52, 10.16, 111.09, 75.3, 14.52, 114.09, 62.56, 54.56, 90.09, 135.09, 85.09, 23.96, 27.96, 18.52, 17.52, 109.09, 20.52, 49.63, 18.52, 92.09, 135.09, 123.09, 32.84, 14.08, 32.84, 69.89, 22.96, 56.56, 60.56, 41.71, 31.84, 34.84, 89.09, 38.79, 101.09, 68.89, 41.71, 55.56, 12.35, 65.56, 67.56, 64.56, 10.16, 16.52, 33.84, 24.96, 86.09, 38.79, 138.09, 145.09, 33.84, 114.09, 19.52, 55.56, 9.15, 37.79, 41.71, 58.56, 13.08, 52.56, 19.52, 43.67, 95.09, 43.67, 37.79, 43.67, 75.3, 26.96, 22.96, 95.09, 74.3, 24.96, 95.09, 14.08, 117.09];135.94;[1, 1, 2, 2, 1, 1, 2, 2, 4, 1, 3, 2, 2, 4, 1, 1, 1, 3, 1, 1, 5, 2, 2, 1, 1, 1, 1, 2, 1, 1, 1, 1, 2, 1, 1, 1, 1, 1, 3, 3, 2, 1, 1, 1, 2, 1, 1, 1, 2];4;80;True
90;80;90;3;True;2000;1;0;0;0;0;0;0;214.15361857414246;95.52734303474426;83549.00008005844;74333.08071319562;4842.077139185897;4373.96;[42.28, 69.44, 58.44, 48.44, 50.44, 21.17, 16.84, 47.44, 80.44, 56.44, 13.76, 37.55, 119.44, 50.44, 27.81, 35.35, 29.87, 21.49, 17.84, 66.44, 32.33, 57.44, 82.44, 24.98, 33.35, 28.87, 96.44, 15.84, 21.17, 76.44, 19.22, 73.44, 72.44, 59.44, 52.44, 44.44, 46.44, 57.44, 39.78, 47.44, 29.87, 71.44, 44.44, 27.81, 33.35, 31.33, 40.78, 96.44, 36.55, 22.49, 35.35, 14.84, 47.44, 63.44, 26.02, 136.44, 14.76, 134.44, 75.44, 136.44, 77.44, 48.44, 62.44, 3.96, 9.14, 41.28, 42.28, 48.44, 2.0, 20.22, 19.22, 26.79, 18.22, 45.44, 136.44, 65.44, 68.44, 82.44, 30.87, 34.35, 15.84, 90.44, 56.44, 20.22, 52.44, 13.76, 67.44, 62.44, 56.44, 42.92];134.44;[1, 1, 1, 1, 3, 2, 2, 4, 1, 1, 1, 1, 1, 3, 3, 1, 4, 1, 5, 1, 1, 2, 1, 1, 1, 1, 1, 1, 1, 1, 5, 1, 1, 2, 3, 1, 1, 2, 2, 1, 1, 3, 5, 2, 1];4;80;True
90;80;90;4;True;2000;1;0;0;0;0;0;0;240.58479380607605;97.29594230651855;90856.66972719708;81195.60967115177;5163.134030904718;4497.739999999997;[14.93, 86.93, 10.72, 53.93, 83.93, 45.93, 119.93, 38.93, 14.93, 96.93, 10.13, 70.93, 12.22, 33.93, 96.93, 52.93, 40.93, 58.93, 32.93, 26.93, 87.93, 2.32, 18.93, 51.93, 15.93, 35.93, 36.93, 17.93, 49.93, 32.93, 70.93, 41.93, 95.93, 47.93, 50.93, 109.93, 47.93, 23.93, 62.93, 109.93, 43.93, 20.93, 143.93, 25.93, 44.93, 41.93, 25.93, 23.93, 35.93, 21.93, 29.93, 28.93, 97.93, 20.93, 71.93, 62.93, 57.93, 86.93, 30.93, 12.22, 10.72, 17.93, 109.93, 14.93, 30.93, 83.93, 62.93, 80.93, 37.93, 36.93, 32.93, 91.93, 40.93, 57.93, 20.93, 68.93, 143.93, 68.93, 58.93, 18.93, 77.93, 68.93, 84.93, 22.93, 63.93, 33.93, 7.93, 61.93, 23.93, 13.22];141.61;[1, 1, 1, 1, 4, 2, 1, 3, 1, 1, 1, 1, 1, 3, 1, 1, 1, 1, 2, 2, 2, 2, 2, 4, 1, 1, 1, 2, 1, 1, 2, 2, 1, 2, 1, 1, 4, 1, 2, 2, 2, 3, 4, 4, 1, 1];3;80;True
90;80;90;5;True;2000;1;0;0;0;0;0;0;191.04998803138733;75.34723091125488;86875.76506608058;77085.11598364823;4865.430146707263;4925.149999999999;[41.81, 86.74, 37.81, 51.4, 16.69, 71.74, 66.4, 25.73, 73.74, 29.1, 124.69, 1.0, 22.32, 39.81, 41.93, 78.74, 26.73, 28.73, 52.4, 64.4, 87.74, 92.74, 114.69, 33.02, 2.41, 83.74, 8.77, 28.73, 81.74, 92.74, 58.4, 61.4, 77.74, 56.4, 47.4, 123.69, 7.77, 52.4, 82.74, 31.12, 27.73, 71.74, 34.35, 37.81, 61.4, 8.77, 78.74, 77.74, 74.74, 40.81, 41.94, 21.75, 99.69, 75.74, 17.55, 44.08, 49.4, 50.4, 44.08, 60.4, 88.74, 40.81, 69.4, 53.4, 52.4, 38.81, 65.4, 64.4, 60.4, 50.4, 61.4, 72.74, 66.4, 43.08, 43.08, 2.41, 44.08, 47.4, 8.77, 39.81, 80.74, 106.69, 59.4, 3.65, 38.81, 80.74, 124.69, 55.4, 39.81, 95.74];123.69;[2, 1, 1, 1, 4, 1, 2, 1, 1, 2, 2, 4, 2, 1, 1, 3, 3, 2, 1, 1, 1, 1, 2, 1, 2, 2, 3, 1, 3, 2, 1, 3, 1, 1, 2, 2, 1, 3, 3, 3, 4, 1, 1];3;80;True
90;80;90;6;True;2000;1;0;0;0;0;0;0;246.23450207710266;135.35776448249817;95663.6195787977;85825.61222518928;4697.1454190642635;5140.920000000001;[59.41, 37.7, 82.1, 90.1, 68.08, 95.1, 37.7, 110.1, 123.1, 17.53, 28.52, 46.11, 98.1, 43.11, 45.11, 8.67, 65.08, 51.75, 42.11, 69.08, 37.7, 53.75, 81.1, 13.47, 87.1, 75.08, 53.75, 24.53, 43.11, 19.53, 48.11, 65.08, 69.08, 90.1, 64.08, 49.75, 143.1, 18.53, 35.52, 124.1, 127.1, 20.53, 19.53, 61.08, 75.08, 52.75, 13.47, 13.47, 31.52, 98.1, 117.1, 10.13, 10.53, 39.78, 86.1, 36.52, 140.1, 22.53, 48.11, 15.53, 25.53, 34.52, 22.53, 28.52, 57.41, 143.1, 56.75, 104.1, 62.08, 70.08, 112.1, 50.75, 2.8, 119.1, 43.11, 14.47, 15.53, 63.08, 48.11, 13.47, 119.1, 71.08, 112.1, 32.52, 59.41, 53.75, 18.53, 12.53, 13.47, 107.1];140.29999999999998;[2, 2, 2, 5, 1, 1, 2, 1, 2, 3, 1, 1, 1, 1, 1, 2, 1, 2, 1, 1, 3, 2, 3, 1, 1, 1, 3, 1, 3, 1, 1, 5, 4, 1, 1, 2, 3, 1, 4, 1, 2, 3];4;80;True
100;80;100;1;True;2000;1;0;0;0;0;0;0;225.91744303703308;137.31849360466003;90296.5059209719;80921.0690314227;4640.566539502308;4734.75;[80.9, 17.39, 19.78, 74.9, 60.71, 41.39, 60.9, 70.9, 43.39, 23.16, 11.15, 53.71, 121.9, 44.39, 102.9, 52.71, 13.92, 30.39, 62.9, 45.39, 49.39, 3.77, 49.39, 38.39, 35.39, 51.71, 18.39, 62.9, 22.16, 89.9, 75.9, 13.79, 48.39, 40.39, 47.39, 95.9, 66.9, 14.49, 16.21, 109.9, 21.78, 79.9, 16.99, 68.9, 15.21, 18.78, 18.39, 65.9, 98.9, 109.9, 22.16, 62.9, 38.39, 13.92, 52.71, 25.16, 88.9, 44.39, 104.9, 30.39, 51.71, 35.39, 59.71, 65.9, 19.78, 42.39, 27.16, 19.78, 14.49, 28.16, 25.16, 74.9, 47.39, 16.21, 3.77, 63.9, 92.9, 34.39, 85.9, 23.16, 36.39, 70.9, 75.9, 35.39, 86.9, 11.15, 16.99, 14.85, 67.9, 60.71, 15.21, 10.1, 12.05, 79.9, 14.49, 46.39, 53.71, 121.9, 29.16, 60.71];118.13000000000001;[1, 1, 3, 1, 6, 1, 1, 1, 1, 1, 4, 2, 1, 2, 2, 3, 2, 2, 3, 2, 4, 1, 4, 2, 1, 1, 1, 4, 3, 1, 2, 1, 2, 3, 3, 2, 3, 1, 1];5;80;True
100;80;100;2;True;2000;1;0;0;0;0;0;0;264.70718002319336;129.67987775802612;90207.7421868208;80149.96333100546;4893.942892096812;5163.469999999994;[30.11, 95.99, 74.99, 65.99, 29.11, 128.99, 25.04, 18.15, 17.36, 47.99, 28.12, 84.99, 21.15, 37.99, 38.99, 19.15, 12.39, 96.99, 63.99, 20.15, 71.99, 51.99, 30.11, 73.99, 62.99, 46.99, 21.89, 34.11, 23.89, 19.15, 88.99, 25.11, 58.99, 21.82, 57.99, 67.99, 91.99, 43.99, 16.2, 49.99, 55.99, 25.11, 42.99, 44.99, 35.31, 33.11, 45.99, 108.99, 49.99, 64.99, 59.99, 49.99, 46.99, 15.13, 69.99, 67.99, 45.99, 10.88, 18.15, 34.11, 35.31, 53.99, 32.11, 136.99, 82.99, 37.31, 125.99, 22.89, 50.99, 10.88, 37.31, 43.99, 53.99, 17.14, 88.99, 20.15, 34.11, 79.99, 34.11, 40.99, 55.99, 154.99, 23.89, 25.04, 86.99, 38.99, 25.11, 57.99, 16.2, 82.99, 75.99, 154.99, 32.11, 17.14, 66.99, 99.99, 77.99, 31.11, 116.99, 37.31];144.11;[3, 3, 2, 1, 4, 1, 2, 3, 4, 2, 1, 1, 1, 2, 1, 4, 1, 2, 4, 2, 1, 1, 1, 1, 1, 1, 1, 3, 2, 2, 1, 1, 2, 2, 1, 1, 5, 1, 3, 2, 1, 2];4;80;True
100;80;100;3;True;2000;1;0;0;0;0;0;0;229.61636590957642;117.34839963912964;83685.78068043946;74664.29161532133;4827.724873099534;4193.559999999999;[25.77, 51.77, 54.77, 135.77, 110.77, 12.37, 12.37, 41.77, 101.77, 37.77, 12.37, 25.77, 81.77, 30.77, 18.77, 22.77, 21.77, 15.77, 12.77, 76.77, 19.77, 45.77, 129.77, 13.77, 16.77, 16.77, 108.77, 14.77, 18.77, 44.77, 16.77, 83.77, 48.77, 55.77, 101.77, 36.77, 36.77, 44.77, 52.77, 37.77, 24.77, 79.77, 27.77, 13.77, 28.77, 21.77, 31.77, 49.77, 28.77, 13.77, 27.77, 10.4, 32.77, 75.77, 17.77, 93.77, 8.83, 130.77, 100.77, 66.77, 98.77, 40.77, 96.77, 4.24, 8.83, 23.77, 33.77, 23.77, 2.0, 17.77, 13.77, 13.77, 13.77, 33.77, 135.77, 34.77, 113.77, 56.77, 16.77, 26.77, 12.77, 59.77, 28.77, 13.77, 31.77, 12.37, 61.77, 19.77, 54.77, 28.77, 95.77, 63.77, 22.77, 40.77, 8.25, 10.4, 21.77, 21.77, 25.77, 12.37];133.77;[2, 4, 1, 2, 2, 1, 1, 1, 1, 3, 2, 3, 1, 2, 1, 1, 3, 1, 1, 1, 3, 1, 1, 1, 1, 5, 2, 3, 5, 1, 1, 1, 1, 1, 1, 1, 3, 1, 1, 3, 1, 2, 2, 2, 1, 1];4;80;True
100;80;100;4;True;2000;1;0;0;0;0;0;0;246.27727055549622;108.54092955589294;92114.9214623784;80983.956589196;5151.738485902894;5979.220000000007;[10.72, 102.88, 10.18, 54.88, 131.88, 119.88, 37.9, 25.21, 14.51, 148.88, 9.18, 69.88, 10.72, 56.88, 71.88, 28.03, 55.88, 77.88, 56.88, 28.03, 94.88, 1.91, 21.63, 34.9, 14.51, 37.9, 105.88, 17.5, 44.88, 45.88, 72.88, 78.88, 107.88, 75.88, 61.88, 73.88, 56.88, 48.88, 54.88, 121.88, 55.88, 19.92, 126.88, 113.88, 87.88, 93.88, 31.9, 23.63, 62.88, 22.63, 39.9, 31.79, 69.88, 14.51, 54.88, 92.88, 37.9, 82.88, 26.21, 11.78, 10.18, 15.96, 133.88, 13.53, 34.9, 112.88, 71.88, 121.88, 89.88, 37.9, 33.9, 96.88, 36.9, 72.88, 21.63, 135.88, 171.88, 63.88, 148.88, 21.63, 96.88, 105.88, 116.88, 15.96, 72.88, 57.88, 6.34, 62.88, 56.88, 12.51, 146.88, 27.72, 47.88, 18.8, 63.88, 22.63, 44.88, 33.9, 31.79, 90.88];169.97;[3, 1, 1, 1, 1, 2, 1, 2, 3, 1, 1, 3, 2, 1, 3, 1, 2, 1, 1, 1, 2, 2, 2, 4, 1, 1, 1, 3, 2, 2, 4, 1, 1, 1, 1, 2, 1, 2, 2, 1, 2, 3, 1, 1, 1, 1, 1, 2];3;80;True
100;80;100;5;True;2000;1;0;0;0;0;0;0;247.59039425849915;142.73115229606628;89641.78272578225;79068.67320359156;4889.556085331129;5683.609999999995;[39.82, 143.44, 39.58, 30.8, 17.62, 70.44, 51.24, 26.13, 57.44, 31.07, 67.44, 1.0, 20.48, 35.9, 41.93, 103.44, 27.13, 12.4, 35.9, 56.44, 93.44, 61.44, 79.44, 26.13, 3.12, 68.44, 9.83, 28.5, 107.44, 86.44, 52.44, 51.24, 77.44, 41.3, 43.58, 93.44, 9.16, 62.44, 77.44, 40.66, 27.8, 61.44, 44.58, 27.13, 59.44, 9.83, 75.44, 77.44, 112.44, 34.07, 47.98, 22.58, 70.44, 68.44, 17.62, 46.77, 63.44, 51.44, 22.58, 72.44, 77.44, 55.44, 68.44, 60.44, 55.44, 32.07, 57.44, 84.44, 62.44, 47.77, 77.44, 121.44, 54.44, 39.82, 42.58, 2.0, 44.58, 42.58, 9.83, 40.66, 113.44, 83.44, 91.44, 3.88, 29.16, 62.44, 145.44, 50.24, 38.08, 48.78, 57.44, 143.44, 110.44, 64.44, 67.44, 134.44, 89.44, 119.44, 66.44, 51.24];144.44;[1, 1, 2, 1, 1, 3, 3, 1, 2, 3, 1, 2, 1, 3, 1, 3, 1, 2, 1, 1, 3, 2, 2, 3, 1, 2, 3, 2, 3, 2, 2, 4, 2, 4, 1, 1, 3, 1, 3, 2];3;80;True
100;80;100;6;True;2000;1;0;0;0;0;0;0;206.26428151130676;126.82560443878174;94467.4430596807;84736.85756799324;4700.364328019855;5030.299999999995;[60.2, 34.04, 69.2, 95.2, 50.2, 101.2, 30.9, 101.2, 116.2, 16.58, 24.01, 35.04, 88.2, 88.2, 35.04, 7.56, 67.2, 53.2, 34.04, 93.2, 49.2, 42.04, 57.2, 12.79, 66.2, 87.2, 47.18, 25.41, 26.63, 15.47, 30.9, 53.2, 40.04, 78.2, 58.2, 58.2, 116.2, 20.16, 25.41, 74.2, 100.2, 19.58, 19.58, 41.04, 65.2, 40.04, 11.08, 11.08, 29.3, 84.2, 88.2, 8.8, 8.8, 27.47, 48.18, 32.95, 116.2, 22.49, 66.2, 13.76, 21.48, 20.16, 22.49, 22.49, 32.95, 78.2, 41.04, 90.2, 75.2, 57.2, 108.2, 44.21, 2.8, 96.2, 24.48, 13.08, 13.76, 86.2, 39.04, 13.08, 91.2, 70.2, 79.2, 27.47, 43.04, 66.2, 21.16, 11.08, 13.08, 101.2, 14.83, 78.2, 6.86, 74.2, 32.95, 67.2, 91.2, 89.2, 62.2, 48.18];113.4;[3, 3, 6, 1, 4, 1, 2, 2, 2, 1, 1, 1, 1, 2, 1, 2, 1, 1, 3, 1, 1, 2, 4, 1, 1, 4, 2, 2, 3, 1, 2, 1, 1, 3, 1, 2, 1, 3, 1, 1, 2, 2];5;80;True
90;90;90;1;True;2000;1;0;0;0;0;0;0;244.05111241340637;141.06740188598633;103198.79052677918;92431.4971770757;5244.085594930192;5523.4299999999985;[72.23, 44.05, 35.17, 116.23, 72.23, 59.05, 65.23, 98.23, 63.23, 56.16, 10.52, 66.23, 87.23, 50.5, 93.23, 81.23, 15.85, 44.05, 71.23, 63.23, 50.5, 3.13, 60.23, 42.12, 56.16, 70.23, 32.17, 73.23, 50.5, 127.23, 70.23, 18.85, 63.23, 84.23, 72.23, 77.23, 124.23, 12.39, 24.85, 124.23, 30.34, 92.23, 44.05, 69.23, 28.85, 45.5, 31.17, 112.23, 89.23, 66.23, 37.14, 97.23, 53.27, 21.85, 59.23, 45.5, 80.23, 47.5, 112.23, 59.05, 77.23, 68.23, 82.23, 76.23, 39.12, 45.5, 45.05, 24.85, 12.39, 36.17, 50.5, 111.23, 63.23, 17.85, 4.31, 80.23, 118.23, 71.23, 58.05, 40.12, 55.16, 88.23, 130.23, 47.5, 129.23, 9.39, 20.85, 29.8, 74.23, 92.23];127.1;[1, 3, 1, 2, 1, 1, 1, 1, 1, 1, 1, 1, 1, 3, 1, 2, 3, 1, 2, 4, 6, 1, 2, 2, 3, 1, 1, 1, 1, 2, 2, 3, 1, 1, 2, 1, 1, 3, 3, 2, 2, 1, 1, 2, 4, 5, 1, 3];5;90;True
90;90;90;2;True;2000;1;0;0;0;0;0;0;241.22307586669922;122.48488354682922;100521.78416102561;89551.5790010407;5695.565159994494;5274.690000000001;[34.0, 114.98, 80.42, 73.42, 37.1, 98.98, 31.0, 23.02, 18.81, 67.42, 36.1, 107.98, 27.01, 45.1, 48.1, 25.02, 13.35, 89.42, 73.42, 27.01, 81.42, 90.42, 47.1, 85.42, 123.98, 85.42, 30.0, 40.1, 30.0, 27.01, 118.98, 32.0, 65.42, 39.1, 100.98, 72.42, 76.42, 40.1, 15.35, 45.1, 73.42, 36.1, 50.97, 52.97, 34.0, 44.1, 55.15, 123.98, 59.15, 100.98, 104.98, 70.42, 57.15, 22.02, 59.15, 66.42, 87.42, 10.33, 24.02, 39.1, 42.1, 62.15, 43.1, 100.98, 123.98, 37.1, 123.98, 30.0, 51.97, 9.88, 49.74, 54.97, 68.42, 18.81, 71.42, 33.0, 43.1, 80.42, 53.97, 59.15, 65.42, 99.98, 35.0, 25.02, 107.98, 51.97, 39.1, 92.98, 18.35, 90.42];114.10000000000001;[3, 1, 2, 1, 2, 1, 1, 2, 1, 1, 1, 2, 3, 4, 1, 2, 1, 1, 1, 1, 3, 3, 1, 3, 3, 1, 4, 3, 5, 1, 1, 2, 2, 1, 3, 1, 5, 3, 2, 1, 1, 1, 1, 1, 1, 2, 2, 1];4;90;True
90;90;90;3;True;2000;1;0;0;0;0;0;0;220.0204257965088;120.68525552749634;97451.11231501709;86758.7943469851;5478.098423075398;5214.209999999999;[52.73, 63.87, 77.79, 62.87, 87.79, 23.63, 21.63, 62.87, 78.79, 75.66, 21.63, 45.22, 113.79, 55.73, 35.3, 48.95, 53.73, 28.3, 19.62, 91.79, 41.76, 69.66, 92.79, 32.3, 45.22, 35.3, 98.79, 17.09, 35.3, 85.79, 38.03, 67.94, 73.66, 96.79, 75.66, 60.35, 67.58, 55.73, 50.0, 74.66, 46.22, 70.66, 47.22, 38.03, 47.22, 41.76, 55.73, 78.79, 50.0, 25.4, 50.0, 13.9, 74.66, 81.79, 38.03, 129.79, 12.73, 113.79, 108.79, 106.79, 79.79, 71.66, 129.79, 2.83, 5.96, 50.0, 59.35, 50.0, 1.0, 33.3, 28.3, 35.3, 19.62, 53.73, 129.79, 69.66, 68.94, 87.79, 40.76, 45.22, 16.47, 93.79, 56.35, 23.63, 57.35, 16.47, 83.79, 54.73, 75.66, 105.79];128.79;[1, 1, 2, 3, 4, 2, 3, 4, 1, 2, 1, 2, 3, 1, 3, 2, 2, 3, 1, 2, 1, 1, 1, 1, 1, 1, 1, 5, 3, 4, 3, 4, 1, 3, 1, 1, 1, 1, 2, 1, 2, 1, 3, 2, 1, 1];4;90;True
90;90;90;4;True;2000;1;0;0;0;0;0;0;238.28964114189148;92.99938106536865;100451.1578096893;90253.07600871711;5656.320839761027;4541.949999999996;[16.84, 68.91, 13.45, 65.91, 61.91, 52.91, 53.91, 56.91, 23.91, 81.91, 16.84, 75.91, 17.84, 42.91, 82.91, 34.91, 53.91, 60.91, 39.91, 37.91, 59.91, 6.58, 22.91, 44.91, 23.91, 42.91, 51.91, 17.84, 57.91, 33.91, 65.91, 45.91, 65.91, 46.91, 56.91, 58.91, 62.91, 31.91, 54.91, 60.91, 47.91, 30.91, 134.91, 88.91, 79.91, 52.91, 25.91, 26.91, 42.91, 24.91, 47.91, 47.91, 90.91, 23.91, 78.91, 55.91, 39.91, 60.91, 36.91, 12.52, 10.52, 21.91, 111.91, 19.52, 37.91, 107.91, 69.91, 65.91, 65.91, 35.91, 32.91, 53.91, 51.91, 78.91, 28.91, 66.91, 117.91, 50.91, 63.91, 34.91, 75.91, 65.91, 84.91, 26.91, 73.91, 39.91, 7.59, 59.91, 31.91, 20.52];128.32999999999998;[3, 2, 1, 3, 1, 2, 2, 1, 2, 1, 1, 1, 1, 3, 3, 1, 1, 2, 4, 2, 4, 1, 3, 2, 1, 2, 1, 3, 2, 4, 2, 2, 1, 7, 1, 2, 2, 1, 2, 5, 1, 1, 3];6;90;True
90;90;90;5;True;2000;1;0;0;0;0;0;0;227.2506401538849;119.07164359092712;102732.87340995601;91208.85412347001;5318.172693161514;6205.999999999992;[49.89, 130.45, 52.83, 62.45, 16.22, 95.45, 69.45, 32.14, 91.45, 45.95, 138.45, 1.0, 29.14, 43.14, 56.45, 90.45, 43.14, 22.14, 67.45, 71.45, 98.45, 99.45, 118.45, 46.95, 2.46, 97.45, 12.55, 34.14, 138.45, 99.45, 82.45, 79.45, 99.45, 65.45, 61.45, 108.45, 6.34, 67.45, 116.45, 46.95, 31.14, 82.45, 51.89, 49.89, 63.45, 15.22, 110.45, 108.45, 101.45, 47.95, 87.45, 24.14, 72.45, 97.45, 22.14, 62.45, 64.45, 58.45, 54.45, 126.45, 88.45, 60.45, 96.45, 76.45, 71.45, 45.95, 75.45, 86.45, 113.45, 84.45, 68.45, 112.45, 88.45, 57.45, 61.45, 2.46, 50.89, 71.45, 7.17, 55.45, 114.45, 110.45, 95.45, 3.78, 47.95, 91.45, 103.45, 73.45, 65.45, 102.45];137.45;[2, 1, 4, 1, 1, 1, 2, 2, 2, 4, 1, 1, 3, 1, 2, 1, 1, 1, 1, 1, 3, 2, 3, 2, 3, 1, 1, 1, 1, 2, 1, 1, 1, 2, 2, 1, 1, 2, 4, 1, 3, 2, 1, 2, 1, 1, 5, 1, 2, 2, 2];4;90;True
90;90;90;6;True;2000;1;0;0;0;0;0;0;258.0156943798065;137.934321641922;106900.62030101308;96460.17912939377;5311.667254967602;5128.859999999995;[60.98, 42.63, 77.98, 92.22, 53.73, 82.43, 49.73, 126.69, 114.69, 21.89, 39.54, 42.63, 88.22, 64.98, 49.73, 9.05, 71.98, 42.63, 45.79, 94.22, 59.98, 63.98, 60.98, 15.9, 108.69, 81.01, 60.98, 35.87, 44.79, 32.87, 48.73, 81.43, 65.98, 83.43, 107.69, 80.01, 144.69, 23.89, 37.87, 84.87, 100.22, 34.87, 27.87, 66.98, 47.73, 53.73, 13.9, 20.89, 32.87, 91.22, 100.22, 23.84, 10.9, 41.63, 70.98, 36.87, 117.69, 37.87, 49.73, 21.89, 28.87, 34.87, 24.89, 26.88, 23.89, 79.01, 54.73, 98.22, 67.98, 73.98, 63.98, 55.73, 2.95, 80.01, 34.87, 19.89, 26.88, 76.98, 59.98, 23.84, 71.98, 83.87, 71.98, 52.73, 56.73, 65.98, 32.87, 11.9, 21.89, 103.22];141.74;[1, 2, 3, 5, 1, 6, 3, 2, 2, 2, 1, 1, 1, 2, 1, 4, 2, 2, 1, 1, 1, 1, 2, 4, 1, 2, 3, 1, 1, 2, 1, 4, 1, 2, 2, 1, 1, 2, 2, 2, 1, 1, 1, 1, 2, 1, 4];5;90;True
100;90;100;1;True;2000;1;0;0;0;0;0;0;240.36577367782593;172.865375995636;103926.92675521703;92604.47459736725;5188.312874139931;6134.120000000005;[113.27, 32.53, 28.99, 110.27, 70.27, 43.46, 49.46, 124.27, 64.27, 55.27, 11.91, 65.27, 89.27, 51.46, 106.27, 74.27, 18.08, 79.27, 55.27, 45.52, 68.27, 3.4, 84.27, 40.91, 42.91, 68.27, 26.08, 134.27, 37.4, 134.27, 62.27, 14.29, 59.27, 134.27, 66.27, 107.27, 93.27, 16.29, 31.82, 77.27, 28.28, 85.27, 35.04, 104.27, 20.29, 24.28, 24.28, 77.27, 128.27, 95.27, 38.91, 58.27, 42.91, 15.29, 55.27, 38.77, 84.27, 53.17, 134.27, 45.41, 133.27, 60.27, 117.27, 73.27, 34.54, 61.27, 41.91, 37.4, 16.69, 34.54, 54.27, 132.27, 51.46, 20.49, 4.04, 72.27, 95.27, 63.27, 49.46, 36.4, 65.27, 134.27, 134.27, 38.4, 115.27, 11.58, 20.29, 20.49, 70.27, 63.27, 20.29, 10.14, 12.59, 86.27, 28.99, 48.46, 58.27, 122.27, 43.51, 60.27];130.87;[3, 2, 2, 2, 1, 2, 1, 1, 1, 1, 1, 3, 1, 1, 1, 3, 3, 2, 1, 2, 2, 2, 1, 2, 4, 2, 1, 3, 1, 3, 2, 1, 1, 1, 1, 2, 3, 1, 1, 2, 4, 2, 3, 1, 3, 2, 2, 1, 2];3;90;True
100;90;100;2;True;2000;1;0;0;0;0;0;0;273.2528259754181;147.26049661636353;102136.92505578333;91038.74584029577;5639.167869398962;5458.990000000004;[30.98, 94.52, 112.52, 65.52, 33.96, 70.52, 33.96, 20.03, 18.03, 49.52, 33.02, 62.52, 27.64, 44.52, 42.14, 21.14, 11.57, 91.52, 86.52, 20.19, 86.52, 49.52, 43.52, 118.52, 63.52, 48.52, 33.02, 42.41, 25.64, 19.03, 81.52, 31.98, 52.52, 23.99, 73.52, 107.52, 64.52, 61.52, 15.54, 38.89, 59.52, 34.51, 48.52, 48.52, 37.93, 39.89, 39.89, 123.52, 45.52, 55.52, 87.52, 42.14, 54.52, 14.24, 70.52, 89.52, 52.52, 10.57, 21.14, 35.51, 35.51, 54.52, 43.52, 139.52, 77.52, 38.74, 64.52, 23.99, 42.14, 8.88, 42.86, 47.52, 102.52, 17.48, 94.52, 27.64, 40.95, 79.52, 39.89, 51.52, 45.52, 139.52, 37.93, 25.64, 97.52, 47.52, 35.95, 55.52, 15.54, 91.52, 65.52, 125.52, 51.52, 17.48, 68.52, 98.52, 98.52, 37.93, 123.52, 42.86];130.64000000000001;[2, 2, 1, 1, 2, 3, 1, 2, 1, 2, 1, 1, 1, 5, 3, 3, 2, 2, 2, 6, 1, 1, 2, 5, 1, 1, 3, 2, 2, 2, 1, 2, 3, 2, 1, 6, 2, 2, 2, 4, 2];5;90;True
100;90;100;3;True;2000;1;0;0;0;0;0;0;279.34134340286255;163.27148509025574;100319.76871210871;90268.06404578101;5499.099343252226;4552.229999999998;[89.98, 44.98, 69.98, 51.98, 39.98, 15.4, 14.76, 42.98, 65.98, 64.98, 11.88, 34.98, 53.98, 42.98, 26.98, 26.98, 24.98, 16.98, 14.76, 55.98, 22.98, 41.98, 124.98, 16.98, 17.98, 28.98, 93.98, 14.76, 32.98, 65.98, 17.98, 47.98, 68.98, 59.98, 70.98, 41.98, 48.98, 33.98, 32.98, 62.98, 52.98, 87.98, 28.98, 20.98, 41.98, 26.98, 35.98, 58.98, 34.98, 18.98, 29.98, 11.88, 48.98, 113.98, 22.98, 79.98, 9.88, 105.98, 78.98, 121.98, 63.98, 53.98, 55.98, 2.82, 7.04, 46.98, 35.98, 37.98, 1.0, 25.98, 16.98, 18.98, 14.76, 40.98, 122.98, 73.98, 57.98, 124.98, 21.98, 41.98, 14.76, 101.98, 103.98, 16.98, 36.98, 12.81, 56.98, 41.98, 51.98, 56.98, 63.98, 76.98, 22.98, 89.98, 7.04, 11.88, 23.98, 33.98, 49.98, 15.48];123.98;[4, 2, 1, 1, 1, 1, 1, 3, 1, 1, 1, 3, 1, 5, 3, 1, 2, 1, 2, 2, 1, 1, 1, 1, 1, 3, 2, 1, 1, 5, 1, 1, 1, 1, 3, 5, 2, 4, 2, 6, 1, 1, 2, 4, 1, 1];5;90;True
100;90;100;4;True;2000;1;0;0;0;0;0;0;279.4782910346985;156.26560473442078;104363.23003701962;92818.84166289087;5623.063789302293;5921.450000000001;[14.05, 65.82, 10.82, 62.01, 111.26, 77.82, 125.26, 75.82, 15.04, 133.26, 8.82, 95.58, 12.05, 47.69, 83.82, 82.82, 59.01, 69.82, 46.69, 36.03, 83.82, 2.12, 32.69, 40.42, 22.89, 37.03, 63.01, 18.05, 64.01, 44.42, 125.26, 67.82, 72.82, 58.85, 54.85, 80.82, 48.69, 35.0, 64.01, 108.26, 61.01, 21.62, 100.58, 111.26, 80.82, 64.01, 69.82, 27.69, 77.82, 25.43, 50.69, 32.69, 103.19, 24.88, 56.85, 70.82, 49.69, 75.82, 33.82, 11.82, 9.82, 19.36, 91.82, 19.36, 37.41, 76.82, 74.82, 85.82, 30.71, 37.41, 34.82, 73.82, 44.42, 84.82, 40.42, 93.58, 160.26, 65.82, 139.26, 28.69, 74.82, 90.82, 81.82, 21.05, 76.82, 36.03, 6.78, 64.01, 62.01, 13.01, 143.26, 36.03, 54.85, 28.69, 90.82, 24.88, 56.85, 30.69, 37.03, 133.26];158.14;[3, 1, 1, 3, 2, 2, 1, 2, 1, 1, 3, 2, 1, 2, 1, 4, 1, 1, 1, 3, 3, 3, 2, 1, 1, 1, 1, 1, 4, 1, 1, 3, 1, 2, 2, 3, 3, 2, 1, 3, 3, 4, 2, 1, 1, 4];3;90;True
100;90;100;5;True;2000;1;0;0;0;0;0;0;220.3791859149933;152.49800539016724;101831.76482092093;90076.09343502785;5287.161454973998;6468.629999999998;[40.94, 118.65, 41.54, 44.76, 16.22, 81.65, 71.51, 25.96, 85.65, 34.63, 82.65, 1.0, 25.96, 39.63, 44.76, 103.65, 30.22, 12.46, 51.29, 61.22, 125.65, 89.65, 126.65, 30.95, 2.83, 78.65, 8.62, 27.96, 114.65, 118.65, 49.29, 62.51, 106.65, 47.86, 50.29, 89.65, 8.62, 62.51, 113.65, 44.05, 25.96, 57.29, 42.43, 37.63, 60.22, 8.5, 97.65, 56.29, 108.65, 47.86, 81.65, 21.24, 92.65, 89.65, 23.24, 46.16, 68.51, 47.86, 32.83, 84.65, 105.65, 46.72, 126.65, 66.51, 70.51, 41.54, 73.51, 62.51, 70.51, 61.22, 99.65, 113.65, 57.29, 48.39, 42.43, 2.83, 51.29, 52.29, 9.53, 39.63, 98.65, 125.65, 71.51, 3.9, 44.05, 91.65, 136.65, 53.29, 38.63, 69.51, 77.65, 107.65, 112.65, 85.65, 66.51, 98.65, 130.65, 135.65, 98.65, 74.51];135.65;[1, 1, 2, 1, 1, 1, 3, 1, 3, 2, 3, 1, 2, 2, 2, 1, 1, 1, 2, 2, 1, 4, 2, 1, 1, 4, 1, 1, 1, 1, 3, 1, 1, 1, 1, 1, 1, 1, 1, 1, 2, 4, 1, 6, 1, 3, 3, 1, 1, 3, 2, 1];5;90;True
100;90;100;6;True;2000;1;0;0;0;0;0;0;282.9044916629791;181.2651674747467;107850.48228396279;97007.5523932676;5184.616779241167;5658.259999999999;[51.72, 39.78, 81.73, 89.62, 51.72, 107.62, 42.39, 85.73, 115.62, 17.3, 24.29, 30.13, 57.05, 92.62, 44.39, 8.7, 70.4, 31.0, 36.25, 116.62, 70.4, 53.05, 60.4, 14.67, 97.62, 112.62, 45.43, 34.63, 32.18, 17.8, 65.4, 57.05, 42.39, 67.4, 72.4, 71.4, 152.62, 18.86, 29.0, 75.4, 94.62, 31.0, 22.34, 59.4, 45.43, 44.39, 14.03, 13.28, 63.4, 93.62, 82.73, 17.3, 12.26, 38.4, 64.4, 34.63, 106.62, 24.29, 51.72, 15.89, 24.99, 28.0, 23.04, 23.29, 27.0, 129.62, 55.05, 105.62, 88.62, 73.4, 103.62, 38.4, 2.8, 101.62, 24.29, 14.67, 19.32, 107.62, 44.39, 14.67, 84.73, 88.62, 50.72, 29.0, 74.4, 49.72, 20.08, 12.49, 14.67, 136.62, 16.91, 133.62, 6.55, 80.73, 36.25, 90.62, 106.62, 115.62, 58.38, 86.73];149.82;[1, 3, 4, 1, 2, 3, 3, 1, 3, 1, 2, 2, 1, 1, 2, 3, 1, 2, 1, 1, 4, 1, 3, 1, 2, 2, 1, 1, 1, 4, 3, 1, 1, 2, 1, 2, 3, 4, 4, 1, 1, 2, 5, 2];4;90;True
100;100;100;1;True;2000;1;0;0;0;0;0;0;316.36844658851624;211.4405825138092;115039.32325852945;102428.84109383177;5739.801324393743;6870.770000000005;[75.14, 57.69, 36.5, 165.52, 68.14, 51.78, 59.66, 91.52, 65.14, 55.69, 10.83, 66.14, 94.52, 51.78, 74.14, 90.52, 25.5, 50.78, 77.52, 99.52, 106.52, 3.26, 69.14, 65.14, 58.55, 77.52, 32.5, 114.52, 61.66, 158.52, 81.52, 16.93, 65.14, 80.52, 84.52, 107.52, 159.52, 19.38, 34.32, 174.52, 37.5, 110.52, 37.5, 145.52, 30.5, 31.5, 28.5, 78.52, 122.52, 112.52, 44.5, 131.52, 47.12, 19.85, 56.69, 45.5, 79.52, 63.66, 117.52, 56.69, 63.66, 62.66, 88.52, 71.14, 43.5, 97.52, 52.75, 47.12, 15.04, 56.69, 58.66, 89.52, 72.14, 18.83, 3.57, 100.52, 96.52, 75.14, 86.52, 44.5, 73.14, 139.52, 152.52, 50.78, 84.52, 9.16, 27.5, 29.5, 73.14, 86.52, 33.5, 8.08, 10.83, 85.52, 22.73, 54.69, 78.52, 147.52, 45.5, 76.14];171.26000000000002;[1, 1, 1, 4, 1, 4, 1, 1, 2, 1, 4, 1, 1, 3, 1, 3, 3, 1, 1, 1, 4, 3, 5, 1, 3, 1, 1, 2, 4, 1, 1, 2, 1, 1, 1, 2, 1, 1, 1, 2, 1, 1, 1, 5, 2, 2, 3, 1, 1, 3, 1, 1, 2, 1, 1];4;100;True
100;100;100;2;True;2000;1;0;0;0;0;0;0;264.957471370697;189.64626955986023;116056.50914091102;103180.41167486174;6457.124849373659;6418.779999999989;[35.66, 129.94, 81.94, 84.94, 37.69, 84.94, 36.66, 24.74, 17.81, 79.94, 37.69, 96.94, 32.4, 52.6, 52.73, 26.7, 12.63, 95.94, 74.94, 32.4, 107.94, 89.94, 53.73, 111.94, 138.94, 114.94, 40.69, 64.94, 25.6, 26.8, 126.94, 35.66, 89.94, 38.69, 103.94, 90.94, 111.94, 49.64, 15.06, 40.69, 59.73, 38.69, 69.94, 60.73, 46.64, 53.73, 47.64, 104.94, 66.94, 68.94, 87.94, 63.73, 93.94, 24.37, 79.94, 66.94, 100.94, 10.13, 36.66, 42.69, 41.69, 66.94, 47.64, 102.94, 106.94, 61.73, 136.94, 30.4, 55.73, 9.1, 58.73, 55.73, 71.94, 15.06, 73.94, 38.69, 53.73, 89.94, 54.73, 40.69, 82.94, 138.94, 42.69, 27.73, 97.94, 62.73, 36.66, 53.73, 20.49, 92.94, 82.94, 96.94, 58.73, 29.6, 65.94, 77.94, 85.94, 55.73, 96.94, 64.73];129.84;[6, 2, 2, 2, 1, 1, 2, 1, 1, 1, 1, 1, 3, 2, 1, 4, 4, 3, 3, 2, 3, 3, 3, 1, 1, 1, 5, 3, 1, 1, 1, 2, 1, 1, 1, 1, 1, 3, 1, 2, 1, 1, 2, 1, 2, 3, 3, 1, 2, 1, 2, 1, 1];5;100;True
100;100;100;3;True;2000;1;0;0;0;0;0;0;316.0900604724884;203.46076250076294;113604.48727422248;102304.34987190814;5985.698754341163;5314.129999999992;[69.73, 72.73, 77.73, 71.73, 67.73, 20.24, 16.24, 56.73, 78.73, 60.73, 18.24, 46.73, 93.73, 52.73, 30.73, 35.73, 50.73, 23.73, 23.73, 86.73, 30.73, 66.73, 93.73, 28.73, 34.73, 42.73, 152.73, 21.24, 34.73, 84.73, 24.73, 75.73, 92.73, 63.73, 75.73, 45.73, 61.73, 38.73, 46.73, 66.73, 48.73, 73.73, 42.73, 30.73, 45.73, 34.73, 49.73, 82.73, 45.73, 31.73, 39.73, 10.92, 115.73, 87.73, 34.73, 79.73, 9.92, 97.73, 88.73, 102.73, 74.73, 53.73, 69.73, 2.88, 7.73, 52.73, 49.73, 40.73, 1.0, 35.73, 27.73, 25.73, 23.73, 46.73, 87.73, 62.73, 82.73, 83.73, 28.73, 46.73, 19.24, 94.73, 66.73, 21.73, 57.73, 20.24, 64.73, 64.73, 61.73, 54.73, 146.73, 63.73, 42.73, 63.73, 6.74, 12.48, 37.73, 39.73, 55.73, 21.24];151.73;[3, 1, 2, 2, 1, 3, 2, 3, 1, 3, 2, 1, 1, 3, 1, 2, 1, 5, 1, 1, 1, 1, 1, 2, 1, 2, 1, 1, 1, 3, 2, 6, 3, 3, 3, 1, 1, 1, 2, 1, 1, 1, 1, 4, 1, 3, 1, 1, 2, 1, 4, 1, 1, 1, 1];5;100;True
100;100;100;4;True;2000;1;0;0;0;0;0;0;289.4387812614441;168.83801746368408;114610.15678933835;102096.15575007486;6137.800893682102;6376.180000000001;[26.83, 62.35, 11.05, 68.5, 134.53, 69.5, 112.53, 65.5, 26.83, 81.53, 20.1, 78.53, 22.83, 49.68, 79.53, 42.11, 60.35, 108.53, 51.35, 44.68, 97.53, 2.12, 58.35, 46.68, 37.31, 50.68, 62.35, 18.62, 60.35, 50.68, 69.5, 66.5, 73.53, 62.35, 52.35, 61.35, 64.5, 45.68, 111.53, 65.5, 51.35, 31.64, 86.53, 131.53, 116.53, 67.5, 44.68, 42.11, 81.53, 33.59, 46.68, 42.11, 84.53, 32.62, 68.5, 61.35, 58.35, 65.5, 37.31, 12.79, 15.79, 26.83, 124.53, 24.83, 55.35, 80.53, 74.53, 117.53, 116.53, 44.68, 37.31, 85.53, 63.5, 110.53, 39.43, 100.53, 71.5, 59.35, 173.53, 49.68, 80.53, 97.53, 157.53, 36.57, 94.53, 47.68, 6.58, 62.35, 51.35, 23.83, 168.53, 40.68, 54.35, 38.25, 85.53, 33.64, 56.35, 49.68, 44.11, 103.53];171.41;[2, 2, 1, 2, 2, 4, 1, 2, 2, 2, 1, 2, 2, 1, 2, 2, 1, 1, 1, 1, 1, 2, 3, 2, 3, 1, 2, 1, 1, 1, 1, 2, 3, 2, 2, 1, 1, 2, 1, 1, 2, 1, 2, 2, 5, 3, 1, 1, 1, 1, 4, 1, 2, 1, 3, 1, 2];4;100;True
100;100;100;5;True;2000;1;0;0;0;0;0;0;273.10140013694763;177.96011662483215;114144.82414971152;100904.70935013155;5943.4060655331505;7296.629999999987;[50.67, 121.73, 56.64, 60.64, 19.25, 96.73, 84.73, 32.79, 83.73, 52.34, 93.73, 1.0, 26.1, 58.64, 62.11, 100.73, 42.7, 28.63, 66.46, 69.73, 136.73, 104.73, 113.73, 36.31, 2.87, 77.73, 14.71, 34.79, 88.73, 94.73, 66.73, 76.73, 107.73, 88.73, 61.86, 113.73, 10.08, 72.73, 149.73, 52.34, 38.78, 72.73, 57.64, 56.64, 73.73, 19.25, 97.73, 81.73, 87.73, 61.86, 93.73, 32.79, 87.73, 100.73, 42.7, 60.86, 69.73, 61.86, 53.34, 99.73, 91.73, 71.73, 101.73, 77.73, 76.73, 46.7, 77.73, 76.73, 93.73, 79.73, 78.73, 130.73, 83.73, 69.73, 53.34, 2.0, 61.86, 69.73, 11.14, 50.67, 85.73, 106.73, 160.73, 3.73, 37.42, 97.73, 105.73, 68.73, 61.86, 85.73, 83.73, 168.73, 97.73, 85.73, 87.73, 98.73, 108.73, 125.73, 87.73, 66.46];167.73;[1, 1, 4, 1, 1, 1, 2, 2, 1, 3, 1, 1, 3, 1, 3, 2, 1, 1, 1, 1, 3, 2, 1, 5, 1, 1, 1, 3, 2, 1, 1, 1, 1, 4, 1, 1, 3, 3, 1, 2, 2, 2, 1, 1, 2, 2, 1, 3, 2, 2, 1, 4, 2, 3, 2];4;100;True
100;100;100;6;True;2000;1;0;0;0;0;0;0;257.7262589931488;182.1414759159088;118415.04316543511;106531.6316592129;5794.000266257416;6089.330000000001;[57.49, 41.77, 78.0, 87.0, 53.91, 96.0, 52.14, 135.0, 84.0, 18.89, 29.83, 46.75, 79.0, 83.0, 46.09, 8.34, 70.23, 52.07, 46.75, 83.0, 49.02, 64.23, 62.93, 12.94, 124.0, 107.0, 56.27, 44.76, 38.71, 32.48, 62.93, 74.23, 67.23, 83.0, 77.0, 81.0, 137.0, 30.87, 41.77, 60.93, 112.0, 31.64, 26.63, 62.93, 61.93, 60.71, 10.94, 16.31, 43.77, 104.0, 96.0, 17.89, 9.28, 38.71, 69.23, 47.75, 137.0, 41.77, 62.93, 24.63, 36.76, 32.48, 46.09, 29.83, 36.76, 88.0, 56.49, 106.0, 84.0, 70.23, 77.0, 54.27, 2.8, 101.0, 31.64, 16.31, 17.89, 119.0, 71.23, 22.89, 101.0, 88.0, 71.23, 49.95, 60.71, 67.23, 28.83, 10.94, 22.89, 107.0, 24.63, 121.0, 7.34, 96.0, 53.14, 82.0, 103.0, 122.0, 62.93, 75.23];134.2;[1, 2, 1, 5, 4, 2, 1, 1, 2, 2, 2, 1, 1, 2, 4, 2, 1, 1, 1, 2, 3, 1, 1, 1, 2, 1, 5, 1, 2, 1, 3, 1, 2, 1, 2, 2, 2, 2, 4, 2, 1, 1, 1, 3, 4, 2, 1, 2, 2, 3, 1, 2];4;100;True
10;10;10;1;True;2000;1;0;0;0;0;0;0;39.12113332748413;0.09597420692443848;7519.287146814686;6074.743785381317;592.9216499517293;851.65;[88.26, 94.26, 48.73, 94.26, 94.26, 94.26, 88.26, 94.26, 94.26, 60.84];45.53000000000001;[1, 3, 2, 2, 2];2;10;True
10;10;10;2;True;2000;1;0;0;0;0;0;0;67.13073015213013;0.08056259155273438;8095.83121795786;6625.984974384308;420.51502253149323;1049.3;[54.43, 129.43, 92.43, 112.43, 66.43, 173.43, 120.43, 42.43, 84.43, 173.43];131.0;[1, 3, 1, 3, 1, 1];2;10;True
10;10;10;3;True;2000;1;0;0;0;0;0;0;36.85605812072754;0.0941629409790039;7692.112120611624;6391.802980899811;489.5384816731991;810.8;[76.38, 75.38, 89.38, 76.38, 89.38, 46.38, 89.38, 89.38, 89.38, 89.38];42.99999999999999;[1, 1, 2, 1, 1, 1, 1, 2];1;10;True
10;10;10;4;True;2000;1;0;0;0;0;0;0;46.835209369659424;0.09210896492004395;7616.7715713500775;6082.7370018959045;514.984217161308;1019.0599999999998;[60.66, 121.66, 39.12, 121.66, 113.66, 121.66, 121.66, 112.66, 84.66, 121.66];82.53999999999999;[2, 1, 3, 1, 1, 2];2;10;True
10;10;10;5;True;2000;1;0;0;0;0;0;0;45.973644971847534;0.08020591735839844;6243.26620271104;4909.2410364151;523.1966267996149;810.8000000000001;[63.58, 92.58, 62.58, 114.58, 28.58, 111.58, 114.58, 54.58, 83.58, 84.58];86.0;[1, 1, 1, 2, 3, 2];2;10;True
10;10;10;6;True;2000;1;0;0;0;0;0;0;30.723373651504517;0.09215092658996582;6709.784739902765;5538.140949726105;458.12041389743905;713.56;[75.67, 41.53, 75.67, 75.67, 75.67, 75.67, 75.67, 75.67, 75.67, 66.67];34.14;[2, 1, 1, 2, 1, 1, 2];1;10;True
20;10;20;1;True;2000;1;0;0;0;0;0;0;55.422569274902344;0.23398518562316895;8082.014625570872;6044.646401882172;582.7386461257967;1454.6199999999997;[125.1, 32.44, 37.44, 125.1, 119.1, 51.44, 53.44, 125.1, 62.44, 45.44, 14.38, 61.44, 115.1, 49.44, 67.44, 87.1, 22.38, 73.1, 70.1, 117.1];110.72;[1, 1, 2, 2, 1, 1, 2];1;10;True
20;10;20;2;True;2000;1;0;0;0;0;0;0;42.31832194328308;0.23126506805419922;7990.345215154591;6479.442220211029;409.7608150877726;1101.2;[34.11, 94.11, 79.11, 89.11, 35.11, 94.11, 35.11, 24.11, 23.11, 94.11, 28.11, 94.11, 28.11, 51.11, 72.11, 23.11, 17.11, 64.11, 94.11, 27.11];77.0;[2, 1, 1, 1, 1, 1, 1, 2];1;10;True
20;10;20;3;True;2000;1;0;0;0;0;0;0;43.66161584854126;0.201005220413208;8041.07083747441;6361.109652042389;490.2055280217637;1189.7799999999997;[62.77, 63.77, 94.11, 94.11, 86.11, 32.77, 30.77, 59.77, 94.11, 94.11, 17.77, 40.77, 94.11, 57.77, 27.77, 45.77, 29.77, 38.77, 30.77, 94.11];76.34;[1, 1, 1, 1, 2, 1, 1, 2];1;10;True
20;10;20;4;True;2000;1;0;0;0;0;0;0;52.096237897872925;0.24363350868225098;7895.9139747730715;6047.404160499573;490.09678622489486;1358.42;[22.88, 105.0, 16.9, 66.0, 84.0, 52.0, 70.0, 47.0, 20.88, 107.0, 18.88, 79.0, 21.88, 98.0, 115.0, 115.0, 68.0, 115.0, 90.0, 46.0];98.1;[1, 1, 1, 1, 3, 1, 1, 1];2;10;True
20;10;20;5;True;2000;1;0;0;0;0;0;0;39.54489231109619;0.18648886680603027;6500.4153245775415;4860.88927936554;527.6792245163502;1111.8;[52.4, 89.4, 62.4, 50.4, 22.4, 87.4, 70.4, 31.4, 78.4, 37.4, 89.4, 3.0, 27.4, 57.4, 66.4, 89.4, 23.4, 21.6, 76.4, 75.4];86.4;[1, 1, 1, 1, 2, 1, 2, 1];1;10;True
20;10;20;6;True;2000;1;0;0;0;0;0;0;36.75724411010742;0.23500847816467285;7150.8729675575105;5528.139893531799;454.88165609684825;1167.7899999999995;[61.8, 37.8, 79.8, 79.8, 57.8, 76.8, 43.8, 79.8, 79.8, 25.8, 33.8, 37.8, 79.8, 76.8, 36.8, 14.59, 79.8, 62.8, 45.8, 76.8];65.21;[2, 1, 4, 1, 1, 1];3;10;True
30;10;30;1;True;2000;1;0;0;0;0;0;0;59.43977642059326;0.4293992519378662;8419.966505000859;6075.553203582764;600.4830002468657;1743.8200000000008;[117.2, 27.2, 32.2, 117.2, 76.2, 43.2, 45.2, 117.2, 57.2, 38.2, 12.67, 52.2, 116.2, 43.2, 62.2, 89.2, 16.51, 46.2, 66.2, 62.2, 61.2, 4.24, 55.2, 102.2, 45.2, 63.2, 24.2, 57.2, 34.2, 59.2];112.96000000000001;[1, 1, 1, 2, 2, 1, 2];1;10;True
30;10;30;2;True;2000;1;0;0;0;0;0;0;58.869112730026245;0.4603421688079834;8848.366110101693;6569.032652378082;414.3178524966547;1865.099999999999;[35.87, 113.87, 82.87, 70.87, 36.87, 125.87, 36.87, 26.87, 25.87, 72.87, 31.87, 100.87, 28.87, 55.87, 68.87, 24.87, 15.87, 70.87, 81.87, 31.87, 116.87, 81.87, 58.87, 107.87, 125.87, 73.87, 36.87, 63.87, 34.87, 23.87];110.0;[3, 2, 1, 1, 2, 1];2;10;True
30;10;30;3;True;2000;1;0;0;0;0;0;0;45.85775828361511;0.45448994636535645;8531.273333104768;6411.501382350922;484.22022824426745;1635.6400000000003;[62.2, 62.2, 62.2, 68.2, 90.58, 28.2, 27.2, 59.2, 90.58, 90.58, 16.2, 41.2, 90.58, 71.2, 26.2, 46.2, 27.2, 37.2, 26.2, 90.58, 36.2, 73.8, 90.58, 32.2, 37.2, 29.2, 90.58, 16.2, 25.2, 90.58];74.38;[1, 1, 2, 1, 1, 1, 3];2;10;True
30;10;30;4;True;2000;1;0;0;0;0;0;0;51.78192448616028;0.4542112350463867;8176.166694490267;6071.983840465546;491.35046151901884;1612.9300000000005;[19.17, 100.17, 14.17, 64.17, 81.17, 47.17, 64.17, 42.17, 18.17, 100.17, 14.17, 76.17, 19.17, 51.17, 100.17, 100.17, 66.17, 78.17, 48.17, 41.17, 100.17, 4.0, 38.17, 45.17, 25.17, 46.17, 94.17, 21.17, 50.17, 43.17];96.17;[1, 2, 1, 3, 1, 2];2;10;True
30;10;30;5;True;2000;1;0;0;0;0;0;0;40.6286678314209;0.39602088928222656;6829.344596408188;4921.681286811829;469.7628108365667;1437.9200000000005;[48.75, 64.71, 35.75, 42.75, 20.19, 72.71, 55.71, 29.19, 71.71, 28.19, 64.71, 3.0, 23.19, 41.75, 54.71, 78.71, 19.19, 16.19, 52.71, 70.71, 78.71, 75.71, 78.71, 29.19, 4.0, 76.71, 13.19, 31.75, 76.71, 78.71];75.71;[2, 2, 2, 1, 1, 2];1;10;True
30;10;30;6;True;2000;1;0;0;0;0;0;0;46.688512086868286;0.3632016181945801;7771.562557465471;5495.1909255981445;434.10333620778056;1842.3000000000006;[72.16, 39.16, 92.16, 96.16, 59.16, 84.16, 45.16, 93.16, 96.16, 27.16, 35.16, 40.16, 84.16, 72.16, 39.16, 13.66, 80.16, 61.16, 45.16, 79.16, 71.16, 48.16, 82.16, 27.16, 96.16, 84.16, 72.16, 37.16, 38.16, 31.16];82.5;[1, 1, 1, 1, 3, 2, 1];2;10;True
40;10;40;1;True;2000;1;0;0;0;0;0;0;61.281455755233765;0.786329984664917;9153.47985992468;6084.98219537735;588.5660688695524;2479.829999999999;[116.11, 34.11, 37.11, 94.11, 116.11, 51.11, 53.11, 75.11, 63.11, 45.11, 14.41, 60.11, 91.11, 49.11, 67.11, 78.11, 21.11, 56.11, 70.11, 67.11, 66.11, 4.24, 65.11, 85.11, 54.11, 64.11, 28.11, 116.11, 41.11, 69.11, 73.11, 20.11, 52.11, 116.11, 51.11, 85.11, 65.11, 25.11, 29.11, 110.11];111.87;[1, 2, 1, 3, 1, 2];2;10;True
40;10;40;2;True;2000;1;0;0;0;0;0;0;61.50780415534973;0.644568681716919;9393.809546871706;6571.8584570884705;407.2578577353873;2414.6000000000004;[35.2, 110.2, 82.2, 69.2, 35.2, 119.2, 34.2, 25.2, 24.2, 72.2, 28.2, 93.2, 25.2, 54.2, 65.2, 22.2, 16.5, 69.2, 78.2, 27.2, 119.2, 80.2, 55.2, 110.2, 90.2, 74.2, 33.2, 60.2, 32.2, 22.2, 101.2, 43.2, 76.2, 27.2, 94.2, 96.2, 95.2, 49.2, 18.5, 50.2];102.7;[2, 2, 1, 1, 2, 1, 1];1;10;True
40;10;40;3;True;2000;1;0;0;0;0;0;0;52.651155948638916;0.6492698192596436;9278.558356018637;6428.478747844696;522.2266950900873;2328.0000000000005;[64.95, 65.95, 63.95, 69.95, 94.95, 28.95, 25.95, 60.95, 87.95, 89.95, 17.95, 41.95, 96.95, 59.95, 25.95, 48.95, 27.95, 39.95, 25.95, 96.95, 39.95, 73.95, 96.95, 34.95, 39.95, 29.95, 96.95, 17.95, 24.95, 87.95, 23.95, 88.95, 96.95, 80.95, 72.95, 50.95, 64.95, 55.95, 56.95, 55.95];79.0;[1, 1, 1, 1, 1, 2, 3];2;10;True
40;10;40;4;True;2000;1;0;0;0;0;0;0;59.92815089225769;0.6627805233001709;9085.400637461706;6066.750425338745;502.42825700951937;2516.23;[21.57, 86.57, 17.57, 66.57, 85.57, 55.57, 74.57, 50.57, 20.57, 106.57, 18.57, 81.57, 21.57, 58.57, 98.57, 102.57, 72.57, 81.57, 55.57, 45.57, 113.57, 4.0, 40.57, 50.57, 32.57, 48.57, 109.57, 22.57, 54.57, 46.57, 98.57, 67.57, 98.57, 67.57, 99.57, 74.57, 55.57, 48.57, 65.57, 94.57];109.57;[1, 1, 1, 2, 2, 1, 1, 1];1;10;True
40;10;40;5;True;2000;1;0;0;0;0;0;0;42.04786539077759;0.7785279750823975;7246.305627177117;4947.739825725555;497.3424871987402;1801.1499999999992;[47.55, 58.55, 31.55, 39.55, 20.55, 69.55, 51.55, 29.55, 68.55, 23.55, 55.55, 3.0, 22.55, 38.55, 39.55, 70.55, 19.55, 18.55, 45.55, 66.55, 61.55, 70.55, 70.55, 27.55, 4.0, 61.55, 15.96, 31.55, 70.55, 70.55, 40.55, 62.55, 67.55, 42.55, 52.55, 70.55, 14.39, 55.55, 59.55, 30.55];67.55;[2, 2, 1, 2, 2, 1];1;10;True
40;10;40;6;True;2000;1;0;0;0;0;0;0;23.27687954902649;0.711768627166748;7366.73726646875;5454.190239906311;423.58046190475943;1488.8499999999995;[39.82, 36.37, 39.82, 39.82, 39.82, 39.82, 39.82, 39.82, 39.82, 24.37, 32.37, 36.37, 39.82, 39.82, 35.37, 13.37, 39.82, 39.82, 39.82, 39.82, 39.82, 39.82, 39.82, 22.37, 39.82, 39.82, 39.82, 34.37, 35.37, 26.37, 39.82, 39.82, 39.82, 39.82, 39.82, 39.82, 39.82, 37.37, 39.82, 39.82];26.450000000000003;[1, 2, 1, 1, 1, 1, 1, 1, 1];1;10;True
50;10;50;1;True;2000;1;0;0;0;0;0;0;64.87411332130432;0.9547719955444336;9777.422229575881;6010.00500869751;631.5209198155553;3135.959999999998;[88.97, 37.97, 40.97, 99.97, 88.97, 55.97, 57.97, 81.97, 64.97, 48.97, 14.27, 64.97, 94.97, 52.97, 68.97, 82.97, 21.27, 62.97, 72.97, 71.97, 68.97, 3.85, 68.97, 76.97, 59.97, 66.97, 27.27, 115.97, 45.97, 73.97, 77.97, 20.27, 56.97, 92.97, 53.97, 90.97, 69.97, 23.27, 29.21, 87.97, 26.27, 104.97, 38.97, 75.97, 31.97, 28.27, 29.21, 89.97, 106.97, 115.97];112.12;[1, 2, 2, 1, 2, 1, 1];1;10;True
50;10;50;2;True;2000;1;0;0;0;0;0;0;55.36178421974182;1.1866798400878906;9933.01443889506;6574.709445476532;412.38098182153175;2946.1299999999983;[34.18, 82.18, 80.18, 67.18, 34.18, 98.18, 32.18, 24.18, 24.18, 71.18, 28.18, 98.18, 25.18, 53.18, 63.18, 23.18, 16.31, 67.18, 70.18, 27.18, 98.18, 76.18, 54.18, 98.18, 86.18, 74.18, 31.18, 59.18, 30.18, 23.18, 98.18, 41.18, 74.18, 27.18, 91.18, 92.18, 91.18, 48.18, 19.18, 49.18, 69.18, 44.18, 65.18, 71.18, 60.18, 56.18, 57.18, 98.18, 58.18, 84.18];81.87;[2, 2, 1, 1, 1, 1, 1, 1];1;10;True
50;10;50;3;True;2000;1;0;0;0;0;0;0;65.20816326141357;0.9593663215637207;9828.611198940202;6442.565019130707;499.3080815025871;2886.5;[67.75, 71.75, 65.75, 74.75, 94.75, 32.75, 27.75, 62.75, 90.75, 72.75, 16.75, 43.75, 116.75, 62.75, 26.75, 49.75, 28.75, 41.75, 27.75, 95.75, 41.75, 78.75, 104.75, 38.75, 41.75, 32.75, 116.75, 16.75, 24.75, 78.75, 24.75, 91.75, 92.75, 83.75, 90.75, 52.75, 67.75, 59.75, 60.75, 56.75, 35.75, 72.75, 47.75, 40.75, 32.75, 30.75, 51.75, 72.75, 45.75, 26.75];100.0;[1, 1, 3, 1, 1, 2, 1];2;10;True
50;10;50;4;True;2000;1;0;0;0;0;0;0;53.784512758255005;0.9465546607971191;9633.819326984974;6015.1908893585205;502.7369068081781;3115.830000000002;[20.67, 88.67, 15.67, 68.67, 87.67, 94.67, 76.67, 56.67, 18.67, 94.67, 16.67, 83.67, 19.67, 63.67, 94.67, 61.67, 72.67, 83.67, 62.67, 50.67, 79.67, 4.0, 46.67, 54.67, 29.67, 50.67, 70.67, 21.67, 57.67, 50.67, 94.67, 94.67, 94.67, 71.67, 72.67, 77.67, 57.67, 54.67, 68.67, 94.67, 57.67, 24.67, 94.67, 75.67, 78.67, 94.67, 72.67, 35.67, 63.67, 37.67];90.67;[3, 1, 1, 1, 2, 1, 1];2;10;True
50;10;50;5;True;2000;1;0;0;0;0;0;0;45.37051749229431;1.0347769260406494;7636.478266495745;4934.320945262909;487.69315872172956;2214.3199999999997;[46.25, 61.25, 33.61, 40.25, 19.39, 70.25, 50.25, 28.61, 69.25, 21.61, 57.25, 3.0, 21.61, 39.25, 39.25, 68.25, 17.39, 16.39, 43.25, 67.25, 69.25, 71.25, 72.25, 26.61, 4.0, 61.25, 13.23, 30.61, 72.25, 72.25, 39.25, 63.25, 68.25, 43.25, 53.25, 72.25, 12.23, 48.25, 66.25, 29.61, 31.61, 53.25, 33.61, 35.61, 44.25, 14.23, 56.25, 53.25, 53.25, 36.61];69.25;[2, 1, 1, 2, 3, 1];2;10;True
50;10;50;6;True;2000;1;0;0;0;0;0;0;47.470388650894165;1.185767650604248;8642.037255380248;5515.354148864746;442.84649120813214;2683.6699999999987;[57.95, 36.95, 79.41, 81.41, 53.95, 76.95, 40.95, 80.41, 79.41, 21.95, 30.95, 35.95, 78.41, 63.95, 34.95, 10.52, 70.95, 52.95, 39.95, 70.95, 61.95, 44.95, 71.95, 19.95, 81.41, 81.41, 64.95, 29.95, 33.95, 25.95, 50.95, 70.95, 59.95, 81.41, 56.95, 60.95, 81.41, 36.95, 43.95, 73.95, 81.41, 23.95, 26.95, 48.95, 56.95, 49.95, 17.95, 16.95, 50.95, 76.95];70.89;[1, 1, 2, 1, 1, 1, 2, 1];1;10;True
60;10;60;1;True;2000;1;0;0;0;0;0;0;50.0091598033905;1.4632370471954346;10132.035676020776;6021.7750878334045;648.1143447696303;3461.9799999999973;[82.18, 38.18, 41.18, 82.18, 81.18, 55.18, 56.18, 79.18, 64.18, 48.18, 13.98, 64.18, 82.18, 52.18, 68.18, 80.18, 20.98, 60.18, 72.18, 71.18, 68.18, 4.16, 68.18, 75.18, 58.18, 66.18, 27.18, 72.18, 44.18, 73.18, 77.18, 19.98, 55.18, 82.18, 53.18, 82.18, 68.18, 22.18, 29.18, 82.18, 26.18, 82.18, 40.18, 75.18, 33.18, 28.18, 29.18, 82.18, 82.18, 82.18, 43.18, 81.18, 43.18, 20.98, 65.18, 44.18, 82.18, 55.18, 82.18, 42.18];78.02000000000001;[1, 3, 1, 2, 1, 1, 1];2;10;True
60;10;60;2;True;2000;1;0;0;0;0;0;0;69.22183227539062;1.4330477714538574;10606.711288887927;6589.791413784027;405.91551044241095;3610.819999999998;[34.31, 85.31, 82.31, 69.31, 35.31, 110.31, 33.31, 25.31, 24.31, 72.31, 28.31, 99.31, 25.31, 54.31, 65.31, 22.31, 16.31, 69.31, 71.31, 27.31, 118.31, 77.31, 55.31, 86.31, 88.31, 77.31, 32.31, 60.31, 31.31, 22.31, 101.31, 43.31, 76.31, 27.31, 109.31, 95.31, 94.31, 49.31, 18.31, 50.31, 71.31, 46.31, 67.31, 76.31, 60.31, 57.31, 59.31, 118.31, 60.31, 88.31, 67.31, 61.31, 78.31, 17.31, 86.31, 56.31, 81.31, 12.53, 24.31, 55.31];105.78;[2, 1, 1, 1, 1, 2, 1, 1];1;10;True
60;10;60;3;True;2000;1;0;0;0;0;0;0;60.65014362335205;1.549260139465332;10378.408376777692;6426.575885772705;526.4464503952812;3425.4799999999973;[67.0, 77.0, 65.68, 73.0, 99.0, 31.68, 28.68, 62.68, 90.0, 72.0, 14.68, 44.68, 99.0, 62.68, 25.68, 49.68, 27.68, 43.68, 28.68, 94.0, 42.68, 77.0, 99.0, 36.68, 43.68, 32.68, 99.0, 15.68, 23.68, 77.0, 22.68, 90.0, 99.0, 83.0, 83.0, 51.68, 67.0, 58.68, 60.68, 55.68, 34.68, 72.0, 47.68, 39.68, 32.68, 30.68, 50.68, 72.0, 45.68, 25.68, 35.68, 20.68, 72.0, 79.0, 28.68, 99.0, 17.68, 66.68, 92.0, 87.0];84.32;[1, 1, 2, 1, 2, 1, 1, 1];1;10;True
60;10;60;4;True;2000;1;0;0;0;0;0;0;61.188977003097534;1.7270803451538086;10177.85435076477;6058.445316791534;483.4205661406535;3636.2600000000043;[21.78, 86.78, 16.78, 67.78, 85.78, 66.78, 72.78, 52.78, 19.78, 101.78, 16.78, 81.78, 21.78, 60.78, 96.78, 57.78, 60.78, 81.78, 59.78, 47.78, 75.78, 3.24, 42.78, 51.78, 28.78, 49.78, 92.78, 22.78, 55.78, 47.78, 87.78, 86.78, 96.78, 69.78, 69.78, 74.78, 55.78, 50.78, 66.78, 100.78, 55.78, 24.78, 101.78, 72.78, 70.78, 86.78, 101.78, 34.78, 59.78, 36.78, 53.78, 47.78, 89.78, 24.78, 89.78, 90.78, 54.78, 71.78, 39.78, 17.78];98.54;[1, 1, 1, 1, 1, 3, 1, 1];2;10;True
60;10;60;5;True;2000;1;0;0;0;0;0;0;49.372851610183716;1.5656778812408447;8235.319121737804;4946.805869102478;518.380284095495;2770.0699999999993;[48.66, 67.66, 36.66, 43.66, 18.66, 70.66, 52.66, 28.66, 70.66, 25.66, 63.66, 1.0, 20.66, 42.66, 45.66, 70.66, 16.1, 15.1, 48.66, 69.66, 66.66, 72.66, 74.66, 27.66, 3.24, 62.66, 13.07, 31.66, 74.66, 74.66, 46.66, 64.66, 73.66, 46.66, 55.66, 74.66, 12.07, 51.66, 62.66, 33.66, 32.66, 53.66, 37.66, 38.66, 49.66, 14.07, 57.66, 50.66, 57.66, 39.66, 52.66, 24.66, 54.66, 67.66, 18.1, 54.66, 50.66, 39.66, 30.66, 63.66];73.66;[2, 1, 1, 2, 1, 3];2;10;True
60;10;60;6;True;2000;1;0;0;0;0;0;0;30.64063549041748;1.5464556217193604;8082.920296074698;5452.947382450104;464.35073508039306;2165.8000000000006;[42.48, 34.48, 42.48, 42.48, 42.48, 42.48, 38.48, 42.48, 42.48, 21.48, 28.48, 32.48, 42.48, 42.48, 32.48, 9.48, 42.48, 42.48, 38.48, 42.48, 42.48, 41.48, 42.48, 20.48, 42.48, 42.48, 42.48, 27.48, 32.48, 22.48, 42.48, 42.48, 42.48, 42.48, 42.48, 42.48, 42.48, 31.48, 38.48, 42.48, 42.48, 23.48, 25.48, 42.48, 42.48, 42.48, 17.48, 16.48, 42.48, 42.48, 42.48, 9.48, 12.48, 32.48, 42.48, 39.48, 42.48, 31.48, 42.48, 20.48];33.0;[1, 1, 2, 1, 1, 1, 1, 1, 1];1;10;True
70;10;70;1;True;2000;1;0;0;0;0;0;0;75.1003577709198;2.304685592651367;10721.714016742004;6098.729331493378;639.9530935979099;3983.349999999995;[94.7, 32.7, 35.7, 91.7, 78.7, 50.7, 51.7, 118.7, 61.7, 44.7, 12.96, 59.7, 90.7, 48.7, 66.7, 78.7, 18.7, 55.7, 69.7, 65.7, 65.7, 3.69, 63.7, 69.7, 53.7, 62.7, 24.7, 68.7, 41.7, 68.7, 72.7, 16.8, 51.7, 93.7, 50.7, 94.7, 63.7, 21.7, 25.7, 83.7, 25.7, 106.7, 33.7, 69.7, 27.7, 26.7, 26.7, 83.7, 101.7, 118.7, 39.7, 78.7, 39.7, 17.7, 62.7, 41.7, 91.7, 50.7, 87.7, 38.7, 66.7, 50.7, 78.7, 74.7, 26.7, 58.7, 45.7, 24.7, 21.7, 38.7];115.01;[1, 2, 2, 1, 2, 1, 1];1;10;True
70;10;70;2;True;2000;1;0;0;0;0;0;0;66.76652121543884;2.4349477291107178;11107.988645568128;6634.352631568909;408.1681450804826;4065.2;[35.0, 82.0, 81.0, 66.0, 35.0, 103.0, 34.0, 23.0, 23.0, 71.0, 28.0, 97.0, 25.0, 53.0, 63.0, 22.0, 16.0, 66.0, 70.0, 27.0, 105.0, 75.0, 52.0, 86.0, 86.0, 81.0, 33.0, 57.0, 32.0, 22.0, 99.0, 45.0, 74.0, 28.0, 105.0, 93.0, 91.0, 49.0, 18.0, 50.0, 69.0, 48.0, 65.0, 70.0, 58.0, 54.0, 55.0, 105.0, 56.0, 84.0, 65.0, 59.0, 76.0, 17.0, 84.0, 55.0, 81.0, 13.1, 23.0, 51.0, 35.0, 61.0, 46.0, 105.0, 80.0, 48.0, 105.0, 27.0, 55.0, 14.1];91.9;[1, 1, 1, 1, 1, 1, 1, 1, 2];1;10;True
70;10;70;3;True;2000;1;0;0;0;0;0;0;64.06066060066223;2.413435935974121;10446.221928238929;6482.49423122406;516.146961211131;3447.289999999997;[59.41, 69.41, 60.41, 64.41, 95.41, 23.41, 21.41, 57.41, 82.41, 64.41, 12.41, 37.41, 95.41, 56.41, 21.41, 44.41, 24.41, 35.41, 20.41, 87.41, 34.41, 70.41, 95.41, 28.41, 35.41, 25.41, 93.41, 14.41, 21.41, 68.41, 20.41, 82.41, 95.41, 75.41, 68.41, 47.41, 60.41, 53.41, 54.41, 53.41, 29.41, 68.41, 41.41, 31.41, 29.41, 25.41, 46.41, 66.41, 41.41, 20.41, 30.41, 16.41, 63.41, 73.41, 23.41, 95.41, 14.41, 58.41, 86.41, 80.41, 86.41, 57.41, 53.41, 2.41, 5.41, 47.41, 51.41, 46.41, 2.0, 21.41];93.41;[1, 1, 2, 1, 2, 2, 1];1;10;True
70;10;70;4;True;2000;1;0;0;0;0;0;0;58.76279950141907;2.066178798675537;10756.986759026051;6019.712472915649;489.15737623903203;4248.169999999996;[20.6, 93.6, 15.6, 68.6, 87.6, 69.6, 78.6, 53.6, 19.6, 86.6, 16.6, 84.6, 19.6, 62.6, 93.6, 59.6, 62.6, 85.6, 61.6, 50.6, 81.6, 2.77, 46.6, 53.6, 28.6, 50.6, 72.6, 21.6, 56.6, 50.6, 89.6, 93.6, 93.6, 72.6, 74.6, 79.6, 56.6, 53.6, 69.6, 89.6, 56.6, 24.6, 93.6, 77.6, 76.6, 93.6, 74.6, 34.6, 63.6, 37.6, 55.6, 50.6, 92.6, 24.6, 93.6, 93.6, 55.6, 76.6, 41.6, 16.6, 15.6, 23.6, 79.6, 24.6, 52.6, 93.6, 73.6, 80.6, 93.6, 47.6];90.83;[1, 1, 1, 1, 1, 1, 4];3;10;True
70;10;70;5;True;2000;1;0;0;0;0;0;0;54.53972625732422;2.347301721572876;8896.719574824461;5009.486232280731;516.1278296750115;3371.3300000000045;[47.88, 59.88, 38.88, 42.88, 20.34, 70.88, 51.88, 29.88, 69.88, 27.88, 68.88, 1.0, 22.88, 42.88, 43.88, 69.88, 19.34, 18.34, 46.88, 68.88, 65.88, 73.88, 78.88, 28.88, 3.24, 61.88, 14.34, 32.88, 79.88, 79.88, 43.88, 63.88, 70.88, 45.88, 53.88, 79.88, 13.37, 49.88, 61.88, 35.88, 33.88, 51.88, 39.88, 39.88, 46.88, 14.34, 55.88, 49.88, 53.88, 41.88, 49.88, 25.88, 52.88, 66.88, 21.34, 54.88, 49.88, 41.88, 32.88, 64.88, 79.88, 41.88, 78.88, 62.88, 57.88, 39.88, 67.88, 52.88, 49.88, 47.88];78.88;[1, 1, 1, 2, 3, 1, 1];2;10;True
70;10;70;6;True;2000;1;0;0;0;0;0;0;57.785422801971436;2.3663530349731445;9634.102978952697;5587.414519786835;452.5066741137488;3594.270000000002;[55.36, 35.5, 81.36, 87.36, 54.36, 75.36, 40.36, 87.36, 80.36, 20.5, 28.5, 33.5, 75.36, 63.36, 33.5, 9.07, 74.36, 53.36, 38.36, 69.36, 60.36, 43.36, 65.36, 18.5, 87.36, 73.36, 63.36, 27.5, 32.5, 22.5, 50.36, 70.36, 59.36, 60.36, 56.36, 60.36, 81.36, 34.5, 42.36, 71.36, 87.36, 22.5, 25.5, 47.36, 56.36, 46.36, 16.07, 16.07, 51.36, 76.36, 78.36, 10.07, 14.07, 32.5, 68.36, 44.36, 87.36, 32.5, 63.36, 19.5, 34.5, 25.5, 43.36, 31.5, 55.36, 87.36, 52.36, 60.36, 82.36, 48.36];78.28999999999999;[1, 2, 1, 1, 1, 1, 2, 1];1;10;True
80;10;80;1;True;2000;1;0;0;0;0;0;0;77.00075817108154;3.023969888687134;11241.147462136923;6059.920803070068;625.38554748538;4556.150000000003;[83.67, 30.67, 36.67, 92.67, 79.67, 52.67, 53.67, 115.67, 62.67, 45.67, 12.82, 61.67, 91.67, 49.67, 66.67, 79.67, 16.67, 57.67, 70.67, 67.67, 66.67, 3.37, 65.67, 71.67, 55.67, 63.67, 23.67, 68.67, 41.67, 70.67, 77.67, 16.67, 52.67, 69.67, 51.67, 84.67, 65.67, 18.67, 24.67, 85.67, 24.67, 103.67, 34.67, 71.67, 27.67, 25.67, 25.67, 85.67, 115.67, 113.67, 40.67, 79.67, 40.67, 16.67, 63.67, 41.67, 92.67, 52.67, 80.67, 39.67, 68.67, 51.67, 79.67, 76.67, 26.67, 59.67, 47.67, 23.67, 19.67, 39.67, 50.67, 77.67, 51.67, 28.67, 4.37, 77.67, 91.67, 67.67, 90.67, 36.67];112.3;[2, 1, 1, 2, 1, 1, 2];1;10;True
80;10;80;2;True;2000;1;0;0;0;0;0;0;69.89670252799988;2.5407090187072754;11746.48019733291;6659.389360427856;419.80711039249786;4667.209999999997;[35.0, 82.73, 81.73, 67.73, 35.0, 103.73, 34.0, 25.0, 24.0, 71.73, 29.0, 104.73, 27.0, 54.73, 63.73, 22.5, 14.5, 67.73, 70.73, 29.0, 83.73, 76.73, 54.73, 105.73, 88.73, 81.73, 33.0, 58.73, 32.0, 21.5, 100.73, 43.73, 74.73, 29.0, 78.73, 92.73, 92.73, 49.73, 17.5, 50.73, 69.73, 46.73, 66.73, 70.73, 58.73, 56.73, 57.73, 105.73, 57.73, 85.73, 66.73, 60.73, 81.73, 16.5, 83.73, 56.73, 80.73, 11.83, 24.0, 53.73, 36.0, 61.73, 45.73, 105.73, 80.73, 47.73, 105.73, 27.0, 56.73, 12.5, 57.73, 68.73, 78.73, 23.5, 77.73, 27.0, 56.73, 78.73, 42.0, 52.73];93.9;[2, 1, 1, 1, 1, 1, 2, 1];1;10;True
80;10;80;3;True;2000;1;0;0;0;0;0;0;57.533207178115845;2.585005044937134;11030.654146333927;6425.429591655731;528.581398470843;4076.2900000000022;[62.46, 66.46, 63.46, 67.46, 62.46, 29.46, 25.46, 60.46, 81.46, 66.46, 15.46, 42.46, 81.46, 60.46, 24.46, 47.46, 26.46, 41.46, 24.46, 81.46, 40.46, 72.46, 81.46, 36.46, 41.46, 30.46, 81.46, 16.46, 23.46, 70.46, 21.46, 81.46, 81.46, 78.46, 70.46, 50.46, 63.46, 56.46, 58.46, 55.46, 33.46, 69.46, 45.46, 39.46, 32.46, 29.46, 49.46, 68.46, 44.46, 22.46, 34.46, 18.46, 66.46, 74.46, 26.46, 81.46, 17.46, 81.46, 81.46, 81.46, 81.46, 61.46, 57.46, 6.41, 9.46, 51.46, 55.46, 52.46, 2.0, 22.46, 29.46, 39.46, 21.46, 58.46, 60.46, 66.46, 81.46, 81.46, 44.46, 51.46];79.46;[1, 1, 2, 1, 1, 1, 1, 1, 1];1;10;True
80;10;80;4;True;2000;1;0;0;0;0;0;0;60.56375598907471;2.7238717079162598;11545.094940425575;6045.03116607666;494.9615170266431;5004.8500000000095;[20.51, 92.51, 15.51, 70.51, 89.51, 65.51, 80.51, 57.51, 19.51, 88.51, 16.51, 85.51, 20.51, 65.51, 92.51, 75.51, 65.51, 86.51, 64.51, 52.51, 83.51, 2.56, 48.51, 55.51, 30.51, 51.51, 74.51, 21.51, 58.51, 51.51, 91.51, 74.51, 92.51, 74.51, 75.51, 81.51, 58.51, 56.51, 71.51, 91.51, 58.51, 24.51, 92.51, 79.51, 92.51, 79.51, 76.51, 36.51, 66.51, 39.51, 58.51, 51.51, 92.51, 25.51, 92.51, 92.51, 57.51, 78.51, 43.51, 16.51, 16.51, 24.51, 81.51, 26.51, 54.51, 92.51, 74.51, 92.51, 63.51, 48.51, 44.51, 92.51, 52.51, 75.51, 46.51, 83.51, 92.51, 79.51, 92.51, 43.51];89.95;[1, 1, 3, 1, 1, 1, 1, 1];2;10;True
80;10;80;5;True;2000;1;0;0;0;0;0;0;58.801997900009155;2.781637668609619;9111.817187523557;5004.606547832489;501.7480800482458;3605.440000000003;[46.28, 58.96, 30.28, 38.28, 17.28, 69.96, 51.96, 27.28, 68.96, 21.28, 57.96, 1.0, 19.28, 38.28, 42.28, 67.96, 13.28, 12.28, 45.28, 66.96, 70.96, 70.96, 77.96, 24.28, 2.87, 59.96, 9.95, 29.28, 78.96, 78.96, 40.28, 62.96, 66.96, 42.28, 52.96, 78.96, 9.95, 50.96, 60.96, 27.28, 30.28, 51.96, 31.28, 33.28, 45.28, 8.95, 55.96, 49.96, 55.96, 34.28, 53.96, 23.28, 52.96, 64.96, 16.28, 52.96, 48.96, 33.28, 26.28, 61.96, 78.96, 36.28, 76.96, 59.96, 56.96, 35.28, 66.96, 53.96, 48.96, 46.28, 52.96, 76.96, 46.96, 47.96, 48.96, 2.77, 39.28, 47.96, 9.95, 46.28];77.96;[2, 1, 2, 2, 2, 1];1;10;True
80;10;80;6;True;2000;1;0;0;0;0;0;0;40.353541135787964;2.2378790378570557;8835.494443538306;5511.538421154022;439.9560223842838;2884.0;[47.0, 31.0, 48.0, 48.0, 47.0, 48.0, 35.0, 48.0, 48.0, 16.0, 25.0, 29.0, 48.0, 48.0, 29.0, 6.0, 48.0, 42.0, 33.0, 48.0, 48.0, 39.0, 48.0, 12.0, 48.0, 48.0, 48.0, 23.0, 29.0, 16.0, 42.0, 48.0, 48.0, 48.0, 48.0, 48.0, 48.0, 25.0, 33.0, 48.0, 48.0, 19.0, 19.0, 44.0, 46.0, 39.0, 11.0, 8.0, 41.0, 48.0, 48.0, 8.0, 6.0, 29.0, 48.0, 35.0, 48.0, 26.0, 48.0, 14.0, 27.0, 21.0, 33.0, 26.0, 44.0, 48.0, 44.0, 48.0, 48.0, 44.0, 48.0, 42.0, 2.0, 47.0, 37.0, 12.0, 14.0, 48.0, 39.0, 12.0];46.0;[1, 2, 1, 1, 1, 1, 1, 1, 1];1;10;True
90;10;90;1;True;2000;1;0;0;0;0;0;0;77.00079607963562;3.527602434158325;11935.22874639082;6065.776703834534;602.8062085892451;5266.839999999992;[85.95, 33.95, 38.95, 94.95, 81.95, 54.95, 55.95, 109.95, 63.95, 46.95, 13.01, 63.95, 103.95, 50.95, 67.95, 80.95, 17.95, 59.95, 71.95, 69.95, 67.95, 4.06, 67.95, 74.95, 57.95, 65.95, 25.95, 70.95, 43.95, 72.95, 79.95, 17.95, 54.95, 72.95, 52.95, 83.95, 67.95, 20.95, 25.95, 85.95, 25.95, 90.95, 36.95, 73.95, 27.95, 26.95, 26.95, 86.95, 109.95, 109.95, 41.95, 81.95, 41.95, 17.95, 64.95, 42.95, 94.95, 54.95, 81.95, 40.95, 70.95, 53.95, 79.95, 77.95, 26.95, 60.95, 49.95, 25.95, 21.95, 40.95, 52.95, 79.95, 52.95, 29.95, 4.06, 79.95, 92.95, 69.95, 90.95, 38.95, 69.95, 88.95, 99.95, 40.95, 96.95, 13.01, 18.95, 24.95, 73.95, 71.95];105.89;[2, 2, 1, 1, 1, 1, 2];1;10;True
90;10;90;2;True;2000;1;0;0;0;0;0;0;79.44138526916504;3.9278552532196045;12275.889614580863;6715.532591342926;425.480809312107;5135.200000000007;[34.38, 80.38, 79.38, 65.38, 34.38, 101.38, 32.38, 24.38, 22.38, 69.38, 28.38, 105.38, 25.38, 53.38, 63.38, 22.38, 14.38, 65.38, 68.38, 27.38, 76.38, 72.38, 54.38, 81.38, 84.38, 80.38, 30.38, 60.38, 29.38, 21.38, 98.38, 43.38, 71.38, 27.38, 110.38, 90.38, 90.38, 48.38, 17.38, 49.38, 67.38, 44.38, 65.38, 77.38, 60.38, 56.38, 57.38, 104.38, 58.38, 83.38, 65.38, 61.38, 75.38, 16.38, 81.38, 56.38, 76.38, 12.38, 23.38, 53.38, 33.38, 62.38, 44.38, 113.38, 76.38, 46.38, 113.38, 26.38, 55.38, 12.38, 58.38, 67.38, 76.38, 22.38, 75.38, 25.38, 55.38, 76.38, 41.38, 51.38, 69.38, 77.38, 29.38, 27.38, 69.38, 55.38, 48.38, 71.38, 18.38, 83.38];101.0;[2, 1, 1, 1, 1, 2, 2];1;10;True
90;10;90;3;True;2000;1;0;0;0;0;0;0;65.69447946548462;3.0323903560638428;11622.579970861625;6464.906632900238;510.3558793682164;4646.93;[64.81, 67.81, 63.81, 69.81, 64.81, 27.81, 23.81, 59.81, 84.81, 67.81, 14.51, 41.81, 87.81, 59.81, 23.81, 47.81, 25.81, 39.81, 23.81, 87.81, 38.81, 72.81, 87.81, 32.81, 39.81, 28.81, 87.81, 15.81, 22.81, 70.81, 21.81, 87.81, 76.81, 77.81, 71.81, 50.81, 64.81, 55.81, 56.81, 54.81, 31.81, 69.81, 45.81, 35.81, 30.81, 28.81, 49.81, 68.81, 43.81, 21.81, 32.81, 18.81, 67.81, 73.81, 25.81, 87.81, 16.81, 70.81, 87.81, 82.81, 87.81, 60.81, 55.81, 5.0, 9.06, 50.81, 54.81, 50.81, 2.0, 22.81, 27.81, 35.81, 20.81, 56.81, 59.81, 66.81, 74.81, 87.81, 44.81, 50.81, 18.81, 87.81, 71.81, 34.81, 56.81, 14.51, 75.81, 58.81, 77.81, 66.81];85.81;[1, 1, 2, 1, 1, 3, 1];2;10;True
90;10;90;4;True;2000;1;0;0;0;0;0;0;68.97383737564087;3.754274845123291;11352.056720464238;6103.730071544647;465.8446008754121;4782.07;[15.51, 92.6, 12.51, 64.6, 82.6, 49.6, 66.6, 43.6, 16.51, 78.6, 12.51, 77.6, 15.51, 53.6, 92.6, 47.6, 54.6, 76.6, 50.6, 39.6, 70.6, 2.5, 34.6, 44.6, 20.6, 45.6, 61.6, 19.6, 49.6, 42.6, 82.6, 60.6, 90.6, 61.6, 64.6, 70.6, 51.6, 43.6, 61.6, 80.6, 49.6, 21.6, 92.6, 65.6, 65.6, 68.6, 62.6, 28.6, 51.6, 28.6, 46.6, 41.6, 84.6, 19.6, 85.6, 76.6, 49.6, 65.6, 31.6, 14.51, 12.51, 19.6, 67.6, 18.6, 42.6, 89.6, 67.6, 92.6, 61.6, 42.6, 39.6, 85.6, 45.6, 61.6, 30.6, 69.6, 92.6, 68.6, 92.6, 29.6, 81.6, 67.6, 92.6, 21.6, 69.6, 39.6, 10.49, 54.6, 42.6, 16.51];90.1;[1, 1, 1, 1, 2, 1, 1, 2];1;10;True
90;10;90;5;True;2000;1;0;0;0;0;0;0;59.28953981399536;3.8324458599090576;9848.029191232436;5011.693681240082;514.3355099923538;4322.0;[47.0, 55.0, 38.0, 41.0, 18.0, 72.0, 53.0, 29.0, 71.0, 29.0, 61.0, 1.0, 20.0, 41.0, 57.0, 74.0, 15.0, 14.0, 46.0, 69.0, 67.0, 73.0, 78.0, 28.0, 3.0, 64.0, 10.0, 32.0, 73.0, 78.0, 43.0, 65.0, 71.0, 44.0, 54.0, 78.0, 10.0, 51.0, 72.0, 34.0, 33.0, 53.0, 39.0, 39.0, 47.0, 10.0, 59.0, 50.0, 59.0, 39.0, 51.0, 25.0, 55.0, 67.0, 18.0, 54.0, 49.0, 39.0, 32.0, 64.0, 78.0, 40.0, 78.0, 62.0, 58.0, 39.0, 69.0, 56.0, 50.0, 48.0, 56.0, 78.0, 48.0, 49.0, 50.0, 2.0, 42.0, 49.0, 11.0, 47.0, 78.0, 78.0, 57.0, 5.0, 37.0, 77.0, 78.0, 55.0, 32.0, 54.0];77.0;[1, 1, 1, 1, 2, 3, 1];2;10;True
90;10;90;6;True;2000;1;0;0;0;0;0;0;61.652140378952026;3.2497501373291016;10419.08591942645;5583.409985542297;433.7966665752122;4402.100000000003;[53.9, 33.9, 77.9, 81.9, 52.9, 72.9, 38.9, 76.9, 79.9, 18.9, 27.9, 31.9, 72.9, 61.9, 31.9, 7.9, 72.9, 50.9, 39.9, 68.9, 65.9, 42.9, 60.9, 15.9, 81.9, 68.9, 62.9, 26.9, 30.9, 19.9, 47.9, 68.9, 57.9, 59.9, 55.9, 59.9, 79.9, 31.9, 41.9, 70.9, 81.9, 21.9, 22.9, 46.9, 54.9, 45.9, 14.9, 13.9, 48.9, 81.9, 70.9, 8.9, 9.9, 31.9, 66.9, 43.9, 81.9, 30.9, 61.9, 17.9, 33.9, 23.9, 41.9, 30.9, 53.9, 81.9, 50.9, 59.9, 81.9, 47.9, 81.9, 45.9, 2.0, 56.9, 46.9, 15.9, 17.9, 66.9, 45.9, 15.9, 76.9, 80.9, 64.9, 45.9, 51.9, 62.9, 37.9, 13.9, 15.9, 81.9];79.9;[1, 1, 1, 1, 1, 1, 1, 2, 1];1;10;True
100;10;100;1;True;2000;1;0;0;0;0;0;0;67.77105808258057;4.562798976898193;11947.562162907792;6042.507549762726;621.0506039428857;5283.6400000000085;[81.27, 28.27, 34.27, 88.27, 76.27, 50.27, 51.27, 88.27, 61.27, 43.27, 12.76, 59.27, 88.27, 47.27, 66.27, 77.27, 16.27, 53.27, 69.27, 65.27, 65.27, 4.11, 63.27, 67.27, 52.27, 62.27, 22.27, 66.27, 39.27, 67.27, 74.27, 16.27, 50.27, 67.27, 50.27, 88.27, 63.27, 17.27, 21.27, 82.27, 24.27, 88.27, 31.27, 67.27, 23.27, 23.27, 23.27, 83.27, 88.27, 88.27, 37.27, 76.27, 38.27, 16.27, 62.27, 39.27, 88.27, 49.27, 79.27, 37.27, 65.27, 49.27, 77.27, 72.27, 24.27, 58.27, 44.27, 23.27, 18.27, 36.27, 48.27, 73.27, 49.27, 25.27, 5.11, 75.27, 88.27, 64.27, 74.27, 34.27, 65.27, 83.27, 88.27, 37.27, 88.27, 12.76, 18.27, 20.27, 68.27, 67.27, 21.27, 11.76, 13.76, 88.27, 18.27, 56.27, 55.27, 88.27, 51.27, 61.27];84.16;[2, 1, 1, 1, 2, 2, 1];1;10;True
100;10;100;2;True;2000;1;0;0;0;0;0;0;78.88757181167603;4.089033126831055;13245.956839217952;6655.138947486877;420.51992170187043;6169.950000000006;[35.25, 85.63, 83.63, 71.63, 36.25, 106.63, 36.25, 24.25, 24.25, 73.63, 29.25, 108.63, 25.25, 55.63, 67.63, 22.25, 16.53, 71.63, 73.63, 29.25, 81.63, 79.63, 57.63, 86.63, 91.63, 81.63, 35.25, 64.63, 34.25, 22.25, 108.63, 47.25, 78.63, 28.25, 108.63, 95.63, 95.63, 50.63, 18.25, 51.63, 73.63, 49.63, 69.63, 74.63, 64.63, 59.63, 61.63, 108.63, 62.63, 88.63, 69.63, 65.63, 86.63, 17.25, 87.63, 57.63, 83.63, 12.8, 24.25, 57.63, 37.25, 65.63, 47.25, 108.63, 83.63, 49.25, 108.63, 27.25, 58.63, 13.53, 62.63, 71.63, 80.63, 23.25, 79.63, 25.25, 59.63, 80.63, 43.25, 53.63, 76.63, 79.63, 33.25, 28.25, 73.63, 58.63, 52.63, 75.63, 19.25, 82.63, 74.63, 105.63, 67.63, 23.25, 71.63, 92.63, 108.63, 58.63, 86.63, 49.25];95.83;[1, 1, 1, 1, 1, 1, 1, 1, 1, 1];0;10;True
100;10;100;3;True;2000;1;0;0;0;0;0;0;73.92200636863708;3.7660791873931885;12252.518085920728;6514.140644073486;518.5377632452139;5219.880000000005;[65.06, 70.06, 64.06, 71.06, 65.06, 29.06, 24.06, 60.06, 87.06, 70.06, 14.06, 41.06, 92.06, 60.06, 23.06, 47.06, 26.06, 40.06, 24.06, 91.06, 40.06, 74.06, 95.06, 35.06, 40.06, 30.06, 95.06, 16.06, 22.06, 73.06, 21.06, 92.06, 78.06, 80.06, 73.06, 50.06, 65.06, 58.06, 58.06, 55.06, 33.06, 71.06, 45.06, 37.06, 32.06, 29.06, 49.06, 70.06, 43.06, 22.06, 34.06, 18.06, 71.06, 76.06, 26.06, 95.06, 15.06, 79.06, 95.06, 84.06, 91.06, 61.06, 58.06, 5.0, 9.06, 51.06, 55.06, 51.06, 2.0, 22.06, 28.06, 37.06, 21.06, 58.06, 61.06, 68.06, 78.06, 92.06, 44.06, 51.06, 17.06, 93.06, 74.06, 37.06, 58.06, 14.06, 78.06, 60.06, 79.06, 69.06, 95.06, 66.06, 48.06, 60.06, 9.06, 17.06, 38.06, 33.06, 59.06, 30.06];93.06;[1, 1, 2, 1, 1, 1, 1, 2];1;10;True
100;10;100;4;True;2000;1;0;0;0;0;0;0;74.3141303062439;4.800076007843018;12419.410862990704;6181.239463329315;484.35431827394007;5753.790000000005;[20.18, 98.55, 14.18, 66.55, 84.55, 57.53, 72.55, 49.53, 18.18, 83.55, 16.18, 80.55, 19.18, 58.55, 95.55, 55.53, 59.55, 79.55, 57.53, 44.53, 75.55, 2.41, 40.53, 49.53, 25.18, 48.53, 66.55, 21.18, 53.53, 46.53, 85.55, 65.55, 95.55, 67.55, 69.55, 74.55, 54.53, 48.53, 65.55, 85.55, 53.53, 24.18, 98.55, 71.55, 70.55, 73.55, 68.55, 32.18, 58.55, 33.18, 52.53, 45.53, 88.55, 24.18, 80.55, 81.55, 53.53, 71.55, 37.18, 16.18, 14.18, 23.18, 98.55, 23.18, 47.53, 90.55, 70.55, 98.55, 55.53, 44.53, 41.53, 92.55, 48.53, 67.55, 38.18, 75.55, 98.55, 73.55, 98.55, 36.18, 90.55, 73.55, 76.55, 24.18, 72.55, 45.53, 10.18, 58.53, 48.53, 18.18, 95.55, 39.53, 52.53, 29.18, 93.55, 38.18, 58.55, 40.53, 42.53, 98.55];96.14;[1, 1, 1, 1, 3, 1, 1, 1];2;10;True
100;10;100;5;True;2000;1;0;0;0;0;0;0;62.16730856895447;4.751581907272339;10531.194478718948;5033.86291217804;509.13926527108305;4988.099999999999;[46.44, 56.44, 35.38, 41.38, 18.38, 71.44, 53.44, 28.38, 71.44, 27.38, 62.44, 1.0, 20.38, 41.38, 58.44, 72.44, 15.0, 14.0, 45.44, 69.44, 68.44, 73.44, 77.44, 27.38, 3.0, 64.44, 10.0, 31.38, 73.44, 77.44, 42.38, 65.44, 71.44, 44.38, 54.44, 77.44, 10.0, 52.44, 71.44, 32.38, 32.38, 53.44, 35.38, 36.38, 46.44, 10.0, 58.44, 51.44, 59.44, 38.38, 52.44, 24.38, 55.44, 68.44, 17.38, 54.44, 49.44, 37.38, 30.38, 65.44, 77.44, 40.38, 77.44, 62.44, 58.44, 37.38, 69.44, 57.44, 50.44, 47.44, 56.44, 77.44, 47.44, 48.44, 50.44, 2.0, 41.38, 48.44, 11.0, 47.44, 77.44, 77.44, 57.44, 5.0, 36.38, 77.44, 77.44, 55.44, 30.38, 54.44, 51.44, 68.44, 77.44, 67.44, 54.44, 77.44, 76.44, 67.44, 71.44, 63.44];76.44;[1, 1, 1, 1, 2, 3, 1];2;10;True
100;10;100;6;True;2000;1;0;0;0;0;0;0;40.53428912162781;4.298070192337036;9700.215088173823;5553.569269657135;446.5975013460593;3700.4700000000075;[45.53, 33.53, 45.53, 45.53, 45.53, 45.53, 37.53, 45.53, 45.53, 18.53, 27.53, 31.53, 45.53, 45.53, 31.53, 9.53, 45.53, 45.53, 35.53, 45.53, 45.53, 41.53, 45.53, 14.53, 45.53, 45.53, 45.53, 25.53, 30.53, 19.53, 45.53, 45.53, 45.53, 45.53, 45.53, 45.53, 45.53, 31.53, 37.53, 45.53, 45.53, 21.53, 22.53, 45.53, 45.53, 42.53, 13.53, 13.53, 45.53, 45.53, 45.53, 9.53, 11.53, 31.53, 45.53, 39.53, 45.53, 29.53, 45.53, 16.53, 32.53, 23.53, 37.53, 29.53, 45.53, 45.53, 45.53, 45.53, 45.53, 45.53, 45.53, 43.53, 2.0, 45.53, 41.53, 14.53, 16.53, 45.53, 42.53, 14.53, 45.53, 45.53, 45.53, 42.53, 45.53, 45.53, 35.53, 12.53, 14.53, 45.53, 18.53, 45.53, 6.53, 45.53, 44.53, 45.53, 45.53, 45.53, 45.53, 45.53];43.53;[2, 1, 1, 1, 1, 1, 1, 1, 1];1;10;True
20;20;20;1;True;2000;1;0;0;0;0;0;0;54.02429914474487;0.5742621421813965;15838.22951594543;13062.379200935364;1299.5451482561195;1476.35;[99.25, 77.25, 36.8, 99.25, 99.25, 62.53, 45.53, 99.25, 73.25, 40.84, 15.27, 90.25, 99.25, 49.53, 61.53, 99.25, 30.32, 99.25, 99.25, 99.25];83.98;[2, 1, 1, 2, 2, 1, 1, 2, 1, 1, 2, 2, 2];1;20;True
20;20;20;2;True;2000;1;0;0;0;0;0;0;75.12002420425415;0.6820776462554932;15694.609245923411;12766.03711271286;1188.3828324339495;1740.19;[46.9, 143.24, 101.24, 129.24, 76.24, 143.24, 43.8, 89.24, 34.84, 143.24, 54.9, 120.24, 66.24, 82.24, 94.24, 48.9, 16.84, 103.24, 142.24, 59.89];126.4;[2, 2, 1, 2, 1, 2, 1, 3, 2, 1, 3];2;20;True
20;20;20;3;True;2000;1;0;0;0;0;0;0;70.4461624622345;0.5654358863830566;14277.148196101489;11535.108660697937;1091.732354539706;1650.2600000000002;[122.17, 99.4, 82.4, 107.4, 118.17, 31.82, 44.82, 107.4, 137.17, 117.17, 16.3, 48.82, 137.17, 72.4, 31.04, 77.4, 45.82, 73.4, 42.82, 137.17];120.86999999999999;[2, 1, 4, 1, 1, 1, 1, 1, 3, 1, 1, 3];3;20;True
20;20;20;4;True;2000;1;0;0;0;0;0;0;65.91040062904358;0.6135439872741699;14976.42061159281;11994.984115123749;976.2922832148987;2005.19;[28.57, 133.21, 58.57, 94.33, 88.33, 85.33, 114.23, 71.57, 76.57, 110.23, 17.96, 129.23, 68.57, 130.23, 133.21, 133.21, 133.21, 133.21, 133.21, 132.21];115.25;[1, 3, 1, 1, 1, 2, 2, 1, 3, 1, 1, 1, 2];2;20;True
20;20;20;5;True;2000;1;0;0;0;0;0;0;52.51755475997925;0.5905215740203857;14433.2757474956;11717.728573799133;1128.1395433135972;1587.4299999999996;[81.11, 97.11, 84.11, 93.11, 35.28, 97.11, 97.11, 64.11, 78.11, 97.11, 97.11, 3.0, 67.11, 97.11, 97.11, 97.11, 72.11, 38.28, 97.11, 97.11];94.11;[1, 2, 1, 2, 1, 1, 2, 2, 1, 1, 1, 2, 2, 1];1;20;True
20;20;20;6;True;2000;1;0;0;0;0;0;0;71.99132180213928;0.7293469905853271;15613.596993447654;12816.720530509949;1002.8898261939934;1793.9600000000007;[89.71, 95.71, 142.71, 142.71, 93.71, 98.71, 102.71, 128.71, 115.71, 36.93, 43.93, 63.93, 142.71, 105.71, 38.93, 34.93, 104.71, 68.93, 61.93, 80.93];107.78;[1, 1, 2, 2, 2, 1, 1, 2, 1, 1, 1, 2, 2, 1];1;20;True
30;20;30;1;True;2000;1;0;0;0;0;0;0;74.4277412891388;1.448831558227539;16398.222010520196;13231.999438285828;1334.6972067545723;1831.43;[120.53, 26.14, 30.14, 86.53, 90.53, 36.38, 37.38, 121.53, 48.53, 33.38, 12.26, 40.38, 121.53, 60.53, 55.53, 103.53, 15.46, 47.53, 81.53, 114.53, 62.53, 4.47, 96.53, 62.53, 48.53, 48.53, 23.14, 121.53, 32.38, 47.38];117.06;[2, 1, 3, 1, 2, 1, 2, 2, 1, 2, 1, 2];2;20;True
30;20;30;2;True;2000;1;0;0;0;0;0;0;68.11525368690491;1.068232774734497;15811.336417871244;12680.562145233154;1210.094624928211;1920.7000000000012;[33.89, 92.89, 73.89, 69.89, 33.89, 121.89, 41.89, 23.89, 23.89, 65.89, 47.89, 121.89, 24.89, 54.89, 62.89, 22.89, 15.89, 99.89, 121.89, 25.89, 121.89, 98.89, 73.89, 107.89, 121.89, 67.89, 28.89, 67.89, 27.89, 22.89];106.0;[1, 2, 1, 2, 1, 1, 1, 2, 1, 2, 5, 1];4;20;True
30;20;30;3;True;2000;1;0;0;0;0;0;0;77.93552660942078;1.3331677913665771;14423.62768759456;11644.05697631836;1136.9554407694666;1642.6000000000001;[57.73, 46.53, 69.73, 50.73, 93.4, 22.2, 22.2, 48.53, 76.73, 95.4, 15.87, 33.62, 127.4, 72.73, 23.2, 36.62, 25.2, 49.53, 21.76, 87.4, 28.62, 104.4, 82.73, 25.2, 28.62, 25.2, 127.4, 16.32, 23.2, 104.4];111.53;[1, 1, 2, 1, 1, 1, 1, 1, 2, 1, 4, 4];3;20;True
30;20;30;4;True;2000;1;0;0;0;0;0;0;74.71204257011414;1.361147165298462;14867.319553564828;12034.471369743347;956.8221997901074;1876.1000000000001;[16.61, 116.22, 12.61, 57.22, 77.22, 38.28, 50.28, 58.22, 17.61, 73.22, 12.61, 123.22, 16.61, 90.22, 106.22, 123.22, 92.22, 94.22, 94.22, 99.22, 121.22, 2.83, 30.28, 61.22, 22.51, 42.28, 99.22, 20.51, 50.28, 56.28];120.39;[2, 2, 2, 1, 3, 1, 1, 1, 1, 2, 1, 2, 1];2;20;True
30;20;30;5;True;2000;1;0;0;0;0;0;0;51.41796064376831;1.3562850952148438;14356.097404097547;11791.789002418518;1072.8698607110086;1491.4099999999999;[46.82, 80.88, 37.82, 78.88, 17.88, 80.88, 60.5, 27.82, 80.88, 21.82, 62.5, 3.0, 20.82, 36.82, 48.82, 80.88, 16.0, 13.95, 56.5, 62.5, 80.88, 76.88, 80.88, 24.82, 4.0, 80.88, 11.52, 33.82, 80.88, 80.88];77.88;[1, 1, 1, 2, 1, 2, 2, 1, 1, 2, 1, 2, 3];2;20;True
30;20;30;6;True;2000;1;0;0;0;0;0;0;69.90711116790771;1.5090162754058838;15436.22512779975;12746.27214050293;1001.455973240839;1688.5199999999993;[48.07, 34.07, 116.07, 116.07, 77.07, 56.07, 38.07, 91.07, 75.07, 21.11, 29.07, 33.07, 86.07, 46.07, 33.07, 11.37, 80.07, 38.07, 40.07, 65.07, 59.07, 43.07, 62.07, 20.11, 116.07, 74.07, 91.07, 33.07, 32.07, 23.11];104.69999999999999;[2, 3, 1, 2, 1, 1, 1, 1, 2, 2, 1, 3];2;20;True
40;20;40;1;True;2000;1;0;0;0;0;0;0;73.66534781455994;2.3312156200408936;16734.78583993379;13170.483961105347;1294.5168307380054;2269.860000000001;[115.67, 22.67, 27.67, 96.67, 115.67, 36.67, 38.67, 115.67, 51.67, 33.67, 11.74, 42.67, 81.67, 37.67, 56.67, 65.67, 14.98, 38.67, 71.67, 48.67, 55.67, 4.47, 47.67, 57.67, 55.67, 50.67, 21.67, 104.67, 28.67, 46.67, 101.67, 14.46, 38.67, 115.67, 42.67, 104.67, 115.67, 16.76, 19.67, 101.67];111.2;[1, 1, 3, 1, 1, 1, 2, 1, 1, 3, 2, 1, 2];2;20;True
40;20;40;2;True;2000;1;0;0;0;0;0;0;76.34107613563538;2.117788076400757;16033.787451026994;12670.25794839859;1156.1132528159528;2207.2699999999995;[31.45, 84.84, 69.84, 74.84, 31.45, 124.84, 28.45, 21.45, 20.45, 124.84, 24.45, 89.84, 22.45, 44.84, 41.45, 20.45, 15.17, 60.84, 70.84, 22.45, 124.84, 54.84, 40.45, 62.84, 84.84, 54.84, 26.45, 40.45, 25.45, 21.45, 124.84, 29.45, 61.84, 24.45, 92.84, 90.84, 119.84, 41.45, 17.59, 42.45];109.67;[1, 2, 1, 1, 1, 1, 2, 1, 1, 3, 1, 1, 2, 2];2;20;True
40;20;40;3;True;2000;1;0;0;0;0;0;0;72.77843451499939;2.2042317390441895;14968.445175558672;11605.873987674713;1131.3657418604012;2231.24;[83.77, 50.77, 70.77, 61.77, 76.77, 26.31, 25.23, 50.77, 82.77, 87.77, 15.98, 36.28, 109.77, 47.77, 24.98, 39.28, 26.31, 33.19, 25.23, 115.77, 33.19, 59.77, 96.77, 30.19, 33.19, 28.31, 103.77, 16.98, 23.78, 109.77, 22.98, 81.77, 107.77, 74.77, 55.77, 44.77, 54.77, 66.77, 44.12, 50.77];99.78999999999999;[1, 1, 1, 1, 2, 2, 4, 1, 1, 2, 3, 1];3;20;True
40;20;40;4;True;2000;1;0;0;0;0;0;0;71.51688575744629;1.8052916526794434;15070.60439993976;11859.640959739685;974.4431777376251;2236.5899999999997;[13.9, 83.34, 12.9, 58.34, 75.34, 40.34, 97.34, 36.34, 16.9, 78.34, 11.9, 106.34, 13.9, 54.34, 110.34, 37.34, 54.34, 75.34, 39.34, 33.34, 112.34, 3.41, 32.34, 39.34, 20.9, 42.34, 97.34, 19.9, 58.34, 37.34, 70.34, 112.34, 103.34, 82.34, 74.34, 61.34, 47.34, 35.34, 51.34, 85.34];108.93;[1, 1, 1, 1, 1, 4, 2, 1, 2, 1, 1, 2, 2];3;20;True
40;20;40;5;True;2000;1;0;0;0;0;0;0;55.95449376106262;2.288402795791626;14668.56394916759;11772.673517227173;1063.345118483741;1832.460000000001;[43.88, 52.88, 29.88, 34.88, 19.87, 81.88, 62.88, 28.88, 62.88, 24.87, 52.88, 3.0, 21.87, 34.88, 33.88, 81.88, 17.87, 16.26, 37.88, 61.88, 73.88, 67.88, 77.88, 26.87, 4.0, 60.88, 13.24, 30.88, 81.88, 81.88, 40.88, 58.88, 81.88, 35.88, 48.88, 81.88, 12.21, 38.88, 79.88, 28.88];78.88;[1, 2, 2, 1, 1, 3, 2, 3, 1, 1, 1, 2];2;20;True
40;20;40;6;True;2000;1;0;0;0;0;0;0;69.57121181488037;2.5420398712158203;15873.109259731122;12762.028848171234;1005.5567042313704;2105.5300000000007;[47.23, 33.96, 108.23, 80.23, 46.23, 53.23, 36.96, 99.23, 67.23, 21.04, 28.96, 31.96, 93.23, 47.23, 31.96, 9.6, 58.23, 38.96, 35.96, 47.23, 47.23, 40.96, 55.23, 18.04, 108.23, 61.23, 85.23, 26.96, 30.96, 22.08, 39.96, 78.23, 46.23, 108.23, 69.23, 48.23, 60.23, 29.96, 32.96, 79.23];98.63000000000001;[3, 1, 3, 1, 1, 1, 2, 1, 2, 1, 1, 1, 2];2;20;True
50;20;50;1;True;2000;1;0;0;0;0;0;0;68.35205674171448;3.6190345287323;17069.321252719175;13189.704714298248;1294.5533684430582;2585.080000000001;[86.03, 26.13, 29.13, 76.03, 98.03, 38.16, 39.16, 101.03, 53.76, 34.16, 12.26, 43.16, 101.03, 38.16, 57.76, 64.76, 16.58, 39.16, 81.03, 66.76, 56.76, 4.16, 47.08, 47.08, 39.16, 51.76, 21.48, 85.03, 31.13, 48.08, 83.03, 14.69, 39.16, 101.03, 43.16, 94.03, 46.16, 17.58, 20.58, 70.76, 23.13, 73.03, 27.13, 47.08, 21.48, 22.48, 22.48, 82.03, 101.03, 101.03];96.87;[1, 2, 1, 2, 1, 2, 4, 2, 1, 2, 2];3;20;True
50;20;50;2;True;2000;1;0;0;0;0;0;0;98.14571404457092;3.558260440826416;16625.119022052033;12932.57149887085;1157.9563726239799;2534.7100000000014;[30.88, 112.94, 66.94, 57.88, 29.84, 148.94, 25.84, 20.84, 19.84, 56.88, 22.84, 107.94, 20.84, 43.88, 36.88, 18.84, 12.41, 40.88, 61.94, 21.84, 135.94, 58.88, 35.88, 105.94, 80.94, 54.88, 23.84, 34.88, 22.84, 19.84, 75.94, 28.84, 54.88, 22.84, 65.94, 89.94, 65.94, 39.88, 16.84, 40.88, 42.88, 29.84, 49.88, 49.88, 34.88, 37.88, 33.88, 123.94, 37.88, 58.88];136.53;[1, 1, 2, 4, 1, 1, 2, 2, 1, 1, 1, 1, 2];3;20;True
50;20;50;3;True;2000;1;0;0;0;0;0;0;81.78959798812866;3.9904625415802;15115.466881874689;11668.819137096405;1110.6106255102948;2336.14;[43.34, 50.34, 50.34, 58.34, 109.34, 25.34, 23.34, 45.34, 72.34, 51.34, 15.41, 33.34, 114.34, 41.34, 24.34, 35.34, 25.34, 30.34, 23.34, 114.34, 31.34, 53.34, 89.34, 26.34, 30.34, 26.34, 94.34, 16.41, 23.34, 81.34, 22.34, 61.34, 58.34, 58.34, 76.34, 41.34, 49.34, 38.34, 37.34, 47.34, 30.34, 59.34, 34.34, 29.34, 30.34, 27.34, 38.34, 78.34, 36.34, 22.34];98.93;[1, 1, 2, 1, 1, 2, 3, 1, 2, 1, 1, 3, 1];2;20;True
50;20;50;4;True;2000;1;0;0;0;0;0;0;70.95951986312866;2.5518219470977783;15595.107899302346;11785.176642417908;951.8581493957487;2858.089999999999;[15.96, 86.22, 12.96, 62.22, 79.22, 67.22, 60.22, 38.22, 16.96, 85.22, 12.96, 103.22, 14.96, 52.22, 86.22, 44.22, 62.22, 84.22, 46.22, 36.22, 63.22, 3.41, 34.22, 42.22, 22.66, 44.22, 65.22, 19.66, 58.22, 39.22, 77.22, 92.22, 109.22, 56.22, 94.22, 71.22, 50.22, 37.22, 58.22, 89.22, 47.22, 22.66, 109.22, 59.22, 109.22, 99.22, 109.22, 29.66, 48.22, 29.66];105.81;[1, 1, 1, 1, 1, 1, 1, 1, 3, 2, 1, 2, 1, 3];2;20;True
50;20;50;5;True;2000;1;0;0;0;0;0;0;52.86493396759033;2.949646472930908;15062.286405298168;11678.715060710907;1081.198121046229;2302.2499999999995;[45.61, 69.61, 30.51, 36.61, 18.93, 67.61, 49.61, 28.51, 66.61, 25.61, 76.61, 3.0, 22.93, 37.61, 34.61, 76.61, 16.93, 15.19, 41.61, 65.61, 76.61, 76.61, 74.61, 27.51, 4.0, 65.61, 12.94, 31.51, 76.61, 76.61, 36.61, 62.61, 76.61, 37.61, 51.61, 76.61, 11.28, 42.61, 71.61, 29.51, 32.51, 76.61, 29.51, 33.51, 39.61, 12.94, 64.61, 72.61, 57.61, 33.51];73.61;[1, 3, 1, 1, 1, 2, 3, 2, 2, 1, 1, 1, 1];2;20;True
50;20;50;6;True;2000;1;0;0;0;0;0;0;72.78878903388977;3.792454957962036;16156.829539731076;12821.248313426971;1008.651297704996;2326.710000000002;[44.69, 32.69, 86.69, 75.69, 45.69, 50.69, 35.69, 63.69, 77.69, 20.42, 27.69, 30.69, 83.69, 45.69, 31.69, 8.69, 59.69, 33.69, 33.69, 47.69, 43.69, 38.69, 51.69, 18.42, 102.69, 51.69, 72.69, 26.69, 30.69, 22.42, 36.69, 65.69, 44.69, 102.69, 48.69, 46.69, 56.69, 27.69, 30.69, 64.69, 100.69, 22.42, 24.42, 43.69, 37.69, 37.69, 15.42, 14.52, 33.69, 75.69];94.0;[3, 1, 1, 2, 1, 3, 1, 1, 1, 1, 1, 2, 1, 1];2;20;True
60;20;60;1;True;2000;1;0;0;0;0;0;0;81.5287082195282;4.1869542598724365;17562.07178317264;13215.128504753113;1337.3927997715646;3009.440000000003;[66.67, 29.65, 33.65, 73.67, 90.67, 39.67, 40.67, 53.67, 52.67, 36.67, 13.78, 44.67, 72.67, 39.67, 58.67, 65.67, 20.65, 41.67, 61.67, 70.67, 57.67, 4.16, 46.67, 44.67, 54.67, 52.67, 25.65, 63.67, 33.65, 48.67, 54.67, 20.65, 41.67, 102.67, 44.67, 86.67, 45.67, 23.65, 26.65, 68.67, 25.65, 99.67, 30.65, 45.67, 27.65, 27.65, 27.65, 74.67, 96.67, 112.67, 32.65, 63.67, 35.65, 20.65, 56.67, 34.65, 93.67, 37.67, 74.67, 35.65];108.51;[1, 1, 2, 1, 1, 3, 2, 2, 1, 2, 2, 1, 1];2;20;True
60;20;60;2;True;2000;1;0;0;0;0;0;0;78.37428092956543;5.389279365539551;16800.740001232378;12877.649862289429;1161.2483467333514;2761.879999999999;[31.18, 105.18, 67.18, 72.18, 30.18, 105.18, 27.18, 20.07, 20.07, 55.18, 23.18, 67.18, 21.07, 43.18, 37.18, 20.07, 16.07, 39.18, 62.18, 21.18, 105.18, 47.18, 37.18, 54.18, 86.18, 65.18, 24.18, 36.18, 23.18, 21.07, 105.18, 29.18, 48.18, 24.18, 105.18, 89.18, 61.18, 40.18, 18.07, 41.18, 40.18, 29.18, 43.18, 51.18, 36.18, 38.18, 36.18, 87.18, 39.18, 54.18, 41.18, 38.18, 46.18, 17.07, 53.18, 47.18, 49.18, 13.25, 21.07, 35.18];91.93;[1, 1, 1, 1, 1, 1, 1, 1, 4, 1, 2, 2, 1, 1, 1];3;20;True
60;20;60;3;True;2000;1;0;0;0;0;0;0;72.7142825126648;5.018813610076904;15711.832108038136;11680.856130123138;1120.1865809916405;2910.8300000000004;[48.71, 59.71, 54.71, 71.71, 66.71, 23.11, 21.11, 48.71, 71.71, 59.71, 14.04, 34.08, 98.71, 46.71, 23.11, 37.08, 24.11, 32.08, 21.11, 98.71, 32.08, 62.71, 90.71, 27.11, 32.08, 25.11, 85.71, 16.04, 22.11, 98.71, 21.11, 69.71, 72.71, 66.71, 59.71, 43.08, 54.71, 44.08, 43.08, 49.71, 29.11, 63.71, 35.08, 29.11, 30.11, 26.11, 42.08, 91.71, 37.08, 22.11, 29.11, 18.11, 94.71, 64.71, 24.11, 98.71, 18.04, 45.08, 74.71, 64.71];84.66999999999999;[1, 1, 1, 2, 2, 1, 3, 1, 1, 2, 3, 2];2;20;True
60;20;60;4;True;2000;1;0;0;0;0;0;0;76.76134276390076;4.818491220474243;16017.415113564663;11967.26857471466;982.8889298059962;3067.0799999999967;[16.1, 78.1, 14.08, 58.1, 74.1, 106.1, 48.1, 34.1, 18.1, 98.1, 15.08, 69.1, 16.1, 42.1, 76.1, 37.1, 45.1, 81.1, 39.1, 33.1, 52.1, 3.24, 29.1, 39.1, 21.1, 42.1, 87.1, 20.1, 44.1, 37.1, 69.1, 84.1, 103.1, 45.1, 69.1, 56.1, 51.1, 33.1, 52.1, 88.1, 44.1, 23.1, 106.1, 48.1, 106.1, 100.1, 44.1, 28.1, 39.1, 28.1, 55.1, 35.1, 72.1, 21.1, 76.1, 75.1, 45.1, 49.1, 30.1, 16.08];102.86;[1, 3, 1, 1, 1, 1, 1, 1, 1, 2, 1, 2, 3, 1];2;20;True
60;20;60;5;True;2000;1;0;0;0;0;0;0;69.81781578063965;4.277560472488403;15478.685681927162;11706.247786521912;1061.1718720629676;2711.3199999999974;[45.35, 93.35, 31.35, 36.35, 19.75, 66.35, 48.35, 29.35, 65.35, 27.35, 52.35, 1.0, 23.35, 35.35, 34.35, 62.35, 19.05, 17.77, 39.35, 64.35, 67.35, 67.35, 73.35, 28.35, 3.24, 96.35, 13.77, 31.35, 91.35, 96.35, 34.35, 59.35, 77.35, 38.35, 53.35, 96.35, 11.77, 43.35, 58.35, 29.35, 33.35, 48.35, 31.35, 34.35, 40.35, 14.77, 59.35, 42.35, 47.35, 34.35, 59.35, 26.35, 49.35, 62.35, 21.35, 53.35, 47.35, 32.35, 29.35, 61.35];95.35;[1, 1, 1, 1, 3, 1, 3, 1, 3, 1, 1, 2, 1];2;20;True
60;20;60;6;True;2000;1;0;0;0;0;0;0;64.37238097190857;5.496534824371338;16218.4703717473;12766.796903133392;1029.6594717855203;2422.220000000002;[42.17, 32.17, 78.17, 74.17, 44.17, 45.17, 34.17, 62.17, 78.17, 19.17, 26.17, 29.17, 49.17, 40.17, 30.17, 11.03, 50.17, 34.17, 32.17, 40.17, 39.17, 37.17, 47.17, 16.03, 70.17, 45.17, 48.17, 24.17, 29.17, 19.17, 36.17, 52.17, 40.17, 66.17, 46.17, 42.17, 50.17, 23.17, 29.17, 61.17, 76.17, 21.17, 22.17, 42.17, 35.17, 36.17, 14.03, 13.03, 34.17, 74.17, 58.17, 10.03, 12.03, 30.17, 50.17, 32.17, 78.17, 26.17, 64.17, 18.03];68.14;[1, 3, 2, 1, 1, 1, 2, 2, 1, 1, 1, 3, 1];2;20;True
70;20;70;1;True;2000;1;0;0;0;0;0;0;81.09029507637024;7.116053104400635;18083.69396957051;13323.189978599548;1339.5678541949828;3420.8799999999997;[72.48, 22.39, 27.39, 74.48, 57.48, 36.48, 38.48, 107.48, 53.48, 32.48, 12.22, 42.48, 104.48, 36.48, 57.48, 67.48, 16.18, 37.48, 60.48, 106.48, 56.48, 3.69, 83.48, 53.48, 36.48, 51.48, 21.39, 44.48, 28.48, 47.48, 54.48, 15.18, 38.48, 107.48, 42.48, 98.48, 44.48, 17.18, 19.39, 78.48, 23.39, 71.48, 24.39, 45.48, 21.39, 22.39, 22.39, 93.48, 82.48, 107.48, 27.39, 69.48, 31.48, 15.18, 53.48, 30.48, 86.48, 34.48, 75.48, 30.48, 78.48, 35.48, 69.48, 88.48, 23.39, 50.48, 31.48, 22.39, 17.18, 28.39];103.79;[1, 2, 3, 1, 1, 2, 2, 2, 1, 2, 1, 1, 1];2;20;True
70;20;70;2;True;2000;1;0;0;0;0;0;0;76.8591697216034;6.464765787124634;17191.05315656089;12869.724078655243;1192.963117573092;3128.399999999996;[30.72, 70.72, 97.72, 36.72, 28.72, 75.72, 24.72, 18.72, 18.72, 55.72, 21.72, 76.72, 19.72, 42.72, 36.72, 18.72, 12.72, 65.72, 51.72, 19.72, 97.72, 49.72, 34.72, 53.72, 97.72, 80.72, 21.72, 35.72, 20.72, 19.72, 97.72, 26.72, 54.72, 22.72, 97.72, 89.72, 64.72, 38.72, 16.72, 39.72, 37.72, 26.72, 42.72, 49.72, 32.72, 36.72, 32.72, 78.72, 37.72, 55.72, 37.72, 36.72, 47.72, 15.72, 54.72, 46.72, 50.72, 11.72, 19.72, 32.72, 25.72, 44.72, 34.72, 97.72, 50.72, 38.72, 89.72, 23.72, 40.72, 10.72];87.0;[1, 1, 1, 1, 1, 3, 1, 3, 1, 1, 2, 1, 1, 2];2;20;True
70;20;70;3;True;2000;1;0;0;0;0;0;0;87.50849318504333;6.05111289024353;15561.517349199567;11727.890839576721;1141.045773819106;2692.289999999999;[36.41, 50.41, 46.41, 40.41, 46.41, 17.41, 16.41, 40.41, 59.41, 46.41, 13.41, 26.41, 91.41, 37.41, 19.41, 28.41, 21.41, 21.41, 16.41, 62.41, 23.41, 48.41, 84.41, 19.41, 22.41, 20.41, 59.41, 14.41, 20.41, 104.41, 18.41, 58.41, 66.41, 73.41, 66.41, 37.41, 46.41, 33.41, 31.41, 44.41, 25.41, 56.41, 26.41, 20.41, 27.41, 21.41, 33.41, 49.41, 31.41, 17.41, 24.41, 13.41, 77.41, 53.41, 19.41, 106.41, 11.41, 33.41, 63.41, 57.41, 84.41, 43.41, 31.41, 4.41, 8.41, 31.41, 37.41, 29.41, 2.0, 19.41];104.41;[1, 1, 1, 2, 1, 1, 2, 1, 1, 2, 1, 3, 1, 2];2;20;True
70;20;70;4;True;2000;1;0;0;0;0;0;0;71.03685235977173;5.7191057205200195;16072.543620053331;11884.950694084167;942.4524035404102;3245.1199999999967;[17.07, 79.49, 13.07, 58.49, 74.49, 39.49, 47.49, 29.49, 17.07, 69.49, 14.07, 69.49, 17.07, 44.49, 84.49, 31.49, 44.49, 63.49, 34.49, 28.49, 50.49, 2.77, 26.49, 36.49, 20.07, 41.49, 55.49, 20.07, 43.49, 34.49, 69.49, 45.49, 90.49, 45.49, 83.49, 57.49, 46.49, 29.49, 50.49, 83.49, 42.49, 22.07, 90.49, 46.49, 68.49, 68.49, 46.49, 27.49, 36.49, 26.49, 36.49, 32.49, 72.49, 20.07, 83.49, 76.49, 44.49, 90.49, 28.49, 15.07, 13.07, 20.07, 48.49, 19.07, 30.49, 90.49, 59.49, 49.49, 90.49, 37.49];87.72;[1, 1, 1, 1, 3, 2, 1, 1, 2, 2, 1, 4];3;20;True
70;20;70;5;True;2000;1;0;0;0;0;0;0;70.70555353164673;6.657323122024536;16015.745470912796;11797.168855190277;1045.278638654419;3173.2899999999995;[44.46, 91.46, 28.83, 34.83, 18.52, 66.46, 52.46, 27.81, 65.46, 23.81, 51.46, 1.0, 21.52, 34.83, 32.83, 91.46, 15.52, 14.52, 38.83, 64.46, 72.46, 67.46, 72.46, 25.81, 3.24, 66.46, 11.05, 29.83, 91.46, 91.46, 33.83, 59.46, 83.46, 37.83, 52.46, 91.46, 9.99, 42.46, 52.46, 27.81, 30.83, 45.46, 27.83, 31.83, 38.83, 11.05, 76.46, 40.83, 44.46, 31.83, 51.46, 24.81, 45.46, 61.46, 18.52, 49.46, 43.46, 29.83, 27.81, 56.46, 71.46, 30.83, 73.46, 55.46, 52.46, 34.83, 63.46, 74.46, 41.83, 43.46];90.46;[1, 1, 1, 1, 2, 3, 2, 1, 3, 1, 1, 2, 1];2;20;True
70;20;70;6;True;2000;1;0;0;0;0;0;0;93.07750296592712;7.279822587966919;17032.551095388022;12899.469655513763;1026.94915114061;3106.260000000002;[45.51, 32.81, 73.51, 82.51, 47.51, 52.51, 35.81, 124.51, 66.51, 19.43, 27.21, 30.21, 54.51, 46.51, 30.21, 9.4, 61.51, 36.81, 34.81, 48.51, 43.51, 38.81, 51.51, 15.92, 90.51, 59.51, 50.51, 25.0, 30.21, 20.43, 38.81, 54.51, 44.51, 51.51, 48.51, 47.51, 60.51, 26.21, 32.81, 61.51, 97.51, 21.55, 22.55, 43.51, 39.81, 37.81, 15.92, 13.92, 36.81, 75.51, 67.51, 10.4, 12.4, 30.21, 54.51, 34.81, 108.51, 27.21, 58.51, 17.92, 27.21, 23.55, 32.81, 27.21, 37.81, 79.51, 40.81, 52.51, 62.51, 42.81];115.11;[1, 1, 3, 1, 4, 1, 1, 1, 1, 1, 1, 3, 1];3;20;True
80;20;80;1;True;2000;1;0;0;0;0;0;0;89.10831069946289;8.890371084213257;18227.9705566379;13189.69287776947;1322.1290059435617;3716.0999999999967;[65.31, 23.31, 27.31, 77.31, 59.31, 36.31, 38.31, 114.31, 53.31, 31.31, 11.86, 42.31, 101.31, 36.31, 58.31, 66.31, 12.86, 38.31, 61.31, 46.31, 57.31, 3.44, 52.31, 49.31, 37.31, 51.31, 20.31, 45.31, 28.31, 49.31, 58.31, 11.86, 38.31, 49.31, 41.31, 78.31, 45.31, 14.86, 19.31, 87.31, 22.31, 71.31, 24.31, 84.31, 21.31, 21.31, 21.31, 101.31, 96.31, 103.31, 27.31, 62.31, 31.31, 12.86, 54.31, 29.31, 72.31, 33.31, 75.31, 30.31, 44.31, 35.31, 70.31, 77.31, 22.31, 50.31, 31.31, 21.31, 15.86, 28.31, 35.31, 94.31, 48.31, 21.31, 4.18, 64.31, 75.31, 45.31, 68.31, 27.31];110.87;[2, 2, 1, 1, 1, 4, 2, 1, 2, 1, 2, 1];3;20;True
80;20;80;2;True;2000;1;0;0;0;0;0;0;88.36034727096558;8.282557010650635;17593.527322443053;12868.673553943634;1208.9403645981208;3515.939999999998;[30.27, 69.91, 108.91, 39.27, 28.27, 73.91, 23.27, 16.27, 16.27, 54.91, 21.27, 96.91, 18.27, 42.27, 36.27, 17.27, 11.98, 39.27, 50.91, 19.27, 104.91, 47.91, 36.27, 90.91, 91.91, 49.91, 20.27, 35.27, 20.27, 18.27, 70.91, 26.27, 47.91, 21.27, 49.91, 64.91, 64.91, 39.27, 15.64, 39.27, 53.91, 27.27, 43.91, 46.91, 35.27, 36.27, 34.27, 108.91, 37.27, 70.91, 43.91, 37.27, 46.91, 13.98, 54.91, 46.91, 50.91, 11.98, 17.27, 32.27, 25.27, 44.91, 34.27, 108.91, 68.91, 38.27, 83.91, 22.27, 40.27, 10.98, 37.27, 46.91, 61.91, 15.64, 61.91, 17.27, 36.27, 61.91, 34.27, 42.27];97.92999999999999;[1, 1, 3, 1, 1, 2, 1, 1, 1, 3, 1, 1, 1, 2];2;20;True
80;20;80;3;True;2000;1;0;0;0;0;0;0;89.67077279090881;8.002896547317505;16035.013019083732;11694.982572555542;1182.8618748078384;3157.309999999996;[40.99, 45.99, 48.99, 46.99, 62.99, 17.14, 15.14, 43.99, 62.99, 52.99, 12.18, 29.14, 97.99, 41.99, 19.14, 32.99, 21.14, 25.14, 15.14, 64.99, 25.14, 51.99, 87.99, 20.14, 25.14, 20.14, 63.99, 14.18, 20.14, 96.99, 18.14, 70.99, 52.99, 62.99, 48.99, 39.99, 47.99, 38.99, 37.99, 45.99, 25.14, 57.99, 30.99, 22.14, 28.14, 21.14, 37.99, 51.99, 33.99, 16.14, 25.14, 12.18, 41.99, 54.99, 19.14, 104.99, 11.18, 51.99, 78.99, 55.99, 61.99, 44.99, 37.99, 4.41, 7.16, 36.99, 40.99, 34.99, 2.0, 18.14, 17.14, 22.14, 15.14, 42.99, 38.99, 42.99, 84.99, 66.99, 29.14, 35.99];102.99;[1, 1, 1, 1, 1, 1, 1, 3, 1, 3, 1, 1, 4];3;20;True
80;20;80;4;True;2000;1;0;0;0;0;0;0;74.5117015838623;7.818596601486206;17118.43589285169;11911.479820728302;954.1744670493017;4252.899999999992;[18.33, 97.74, 13.33, 61.74, 80.74, 43.74, 60.74, 36.74, 17.33, 75.74, 14.33, 75.74, 17.33, 48.74, 97.74, 41.74, 50.74, 72.74, 44.74, 34.74, 62.74, 2.77, 30.74, 41.74, 21.33, 43.74, 56.74, 20.33, 47.74, 38.74, 78.74, 55.74, 97.74, 56.74, 61.74, 64.74, 55.74, 36.74, 57.74, 90.74, 46.74, 22.33, 97.74, 59.74, 64.74, 97.74, 56.74, 28.74, 46.74, 28.74, 43.74, 37.74, 81.74, 21.33, 82.74, 95.74, 47.74, 97.74, 30.74, 15.33, 13.33, 21.33, 60.74, 20.33, 59.74, 97.74, 63.74, 97.74, 57.74, 40.74, 38.74, 79.74, 44.74, 55.74, 29.74, 70.74, 88.74, 62.74, 87.74, 28.74];94.97;[1, 1, 1, 1, 1, 1, 1, 3, 1, 1, 2, 1, 3, 1, 1];2;20;True
80;20;80;5;True;2000;1;0;0;0;0;0;0;73.53689861297607;7.154953956604004;15920.758454274113;11795.103737831116;1047.0965384045824;3078.510000000003;[41.98, 86.98, 19.13, 26.13, 15.13, 62.98, 42.98, 24.13, 61.98, 14.13, 40.98, 1.0, 15.13, 25.13, 31.13, 61.98, 9.13, 8.13, 28.13, 61.98, 65.98, 62.98, 66.98, 19.13, 2.87, 86.98, 5.87, 26.13, 86.98, 86.98, 22.13, 55.98, 69.98, 28.13, 44.98, 86.98, 6.87, 32.13, 49.98, 18.13, 25.13, 37.13, 18.13, 23.13, 28.13, 5.87, 68.98, 29.13, 35.13, 22.13, 46.98, 20.13, 39.98, 57.98, 12.13, 47.98, 26.13, 20.13, 18.13, 60.98, 86.98, 20.13, 68.98, 52.98, 48.98, 28.13, 60.98, 66.98, 32.13, 38.13, 32.13, 68.98, 29.13, 39.98, 42.98, 2.77, 25.13, 39.13, 6.87, 39.13];85.98;[1, 1, 1, 1, 2, 2, 2, 2, 2, 1, 1, 1, 1, 1, 1];1;20;True
80;20;80;6;True;2000;1;0;0;0;0;0;0;71.61539936065674;9.274022579193115;16587.94778764718;12986.381427288055;991.5788842788443;2609.6699999999964;[33.35, 28.35, 62.35, 59.35, 38.35, 37.35, 30.35, 52.35, 51.35, 14.35, 22.35, 24.35, 39.35, 31.35, 26.35, 6.0, 50.35, 23.35, 27.35, 32.35, 30.35, 32.35, 40.35, 9.49, 64.35, 46.35, 33.35, 19.35, 25.35, 13.35, 27.35, 43.35, 38.35, 44.35, 41.35, 35.35, 42.35, 18.35, 21.35, 48.35, 71.35, 18.35, 17.35, 39.35, 25.35, 28.35, 8.49, 8.0, 24.35, 70.35, 71.35, 8.0, 6.0, 26.35, 42.35, 23.35, 71.35, 21.35, 71.35, 11.35, 19.35, 18.35, 20.35, 21.35, 24.35, 71.35, 30.35, 45.35, 47.35, 37.35, 71.35, 33.35, 2.0, 25.35, 20.35, 10.35, 11.35, 30.35, 30.35, 9.49];69.35;[1, 1, 1, 2, 1, 2, 1, 1, 1, 2, 1, 4, 2];3;20;True
90;20;90;1;True;2000;1;0;0;0;0;0;0;85.43809819221497;10.211655139923096;18330.32566228834;13251.440697193146;1326.0135670297009;3752.8800000000024;[60.55, 16.75, 22.75, 94.55, 54.55, 29.75, 31.75, 97.55, 50.55, 26.75, 10.89, 36.75, 71.55, 31.75, 55.55, 62.55, 10.89, 28.75, 58.55, 39.75, 54.55, 3.33, 47.75, 42.75, 28.75, 47.75, 17.75, 38.75, 23.75, 43.75, 52.55, 9.89, 31.75, 39.75, 37.75, 83.55, 38.75, 10.89, 14.75, 67.55, 20.75, 67.55, 19.75, 84.55, 13.75, 17.75, 17.75, 97.55, 97.55, 97.55, 21.75, 57.55, 27.75, 9.89, 51.55, 24.75, 68.55, 27.75, 74.55, 25.75, 37.75, 28.75, 67.55, 91.55, 18.75, 47.75, 24.75, 18.75, 11.89, 22.75, 24.75, 84.55, 35.75, 15.75, 4.05, 60.55, 71.55, 36.75, 51.55, 23.75, 44.75, 68.55, 72.55, 26.75, 70.55, 8.67, 15.75, 12.89, 47.75, 52.55];94.22;[2, 2, 1, 1, 2, 3, 2, 1, 2, 1, 1, 1, 1];2;20;True
90;20;90;2;True;2000;1;0;0;0;0;0;0;85.73298192024231;10.641547203063965;18138.348594102754;12801.58441066742;1205.200055829262;4131.560000000007;[31.38, 83.38, 102.38, 41.38, 30.38, 79.38, 26.38, 19.38, 18.38, 57.38, 22.38, 95.38, 20.38, 43.38, 38.38, 18.38, 14.38, 41.38, 55.38, 20.38, 102.38, 52.38, 37.38, 102.38, 61.38, 67.38, 24.38, 36.38, 24.38, 20.38, 76.38, 30.38, 61.38, 23.38, 60.38, 102.38, 76.38, 40.38, 17.38, 41.38, 63.38, 31.38, 45.38, 51.38, 36.38, 38.38, 34.38, 82.38, 39.38, 60.38, 44.38, 39.38, 53.38, 15.38, 59.38, 48.38, 55.38, 11.56, 19.38, 35.38, 28.38, 47.38, 36.38, 102.38, 54.38, 40.38, 88.38, 23.38, 42.38, 11.56, 39.38, 50.38, 64.38, 17.38, 64.38, 19.38, 37.38, 64.38, 36.38, 43.38, 50.38, 67.38, 24.38, 25.38, 54.38, 43.38, 31.38, 59.38, 17.38, 63.38];90.82;[2, 1, 2, 1, 1, 1, 1, 1, 4, 1, 1, 1, 2, 1];3;20;True
90;20;90;3;True;2000;1;0;0;0;0;0;0;87.74319791793823;9.632198810577393;16613.871887112808;11643.268052101135;1197.0130805008803;3773.5899999999983;[44.96, 47.49, 51.49, 53.49, 44.96, 18.96, 18.96, 47.49, 64.49, 55.49, 12.96, 32.96, 99.49, 44.96, 20.96, 35.96, 22.96, 29.96, 17.96, 67.49, 29.96, 54.49, 93.49, 23.96, 30.96, 22.96, 68.49, 14.96, 20.96, 59.49, 18.96, 69.49, 56.49, 60.49, 51.49, 42.96, 57.49, 42.96, 41.96, 48.49, 27.96, 60.49, 33.96, 26.96, 28.96, 23.96, 39.96, 55.49, 35.96, 18.96, 27.96, 14.96, 46.49, 58.49, 20.96, 83.49, 12.69, 52.49, 69.49, 61.49, 64.49, 48.49, 41.96, 4.45, 9.34, 38.96, 43.96, 36.96, 2.0, 19.96, 18.96, 25.96, 17.96, 45.96, 41.96, 47.49, 89.49, 71.49, 32.96, 38.96, 15.96, 82.49, 97.49, 25.96, 44.96, 13.96, 58.49, 41.96, 59.49, 45.96];97.49;[1, 1, 3, 1, 1, 1, 1, 1, 1, 2, 3, 3, 1];2;20;True
90;20;90;4;True;2000;1;0;0;0;0;0;0;75.30657935142517;8.162288427352905;16529.578410404487;11902.401895046234;946.1095422932067;3681.1999999999994;[10.86, 81.77, 10.86, 55.77, 72.77, 27.77, 39.77, 23.77, 15.77, 68.77, 9.86, 67.77, 10.86, 35.77, 71.77, 37.77, 39.77, 60.77, 28.77, 23.77, 43.77, 2.24, 20.77, 31.77, 14.77, 38.77, 38.77, 18.77, 39.77, 30.77, 67.77, 37.77, 81.77, 37.77, 65.77, 50.77, 43.77, 23.77, 46.77, 78.77, 38.77, 19.77, 81.77, 39.77, 44.77, 55.77, 36.77, 23.77, 29.77, 21.77, 31.77, 28.77, 80.77, 14.77, 73.77, 77.77, 41.77, 40.77, 23.77, 12.86, 10.86, 15.77, 40.77, 13.77, 28.77, 81.77, 56.77, 81.77, 26.77, 35.77, 34.77, 64.77, 38.77, 35.77, 20.77, 65.77, 71.77, 48.77, 70.77, 21.77, 75.77, 44.77, 74.77, 16.77, 60.77, 23.77, 8.57, 44.77, 22.77, 12.86];79.53;[1, 1, 1, 1, 1, 1, 1, 1, 1, 1, 1, 1, 2, 1, 1, 1, 3];2;20;True
90;20;90;5;True;2000;1;0;0;0;0;0;0;83.23978233337402;11.172116041183472;16299.581874500964;11863.735360145569;1058.3340041128808;3377.409999999997;[39.45, 84.45, 19.84, 26.84, 15.1, 60.45, 39.45, 24.84, 60.45, 13.1, 35.45, 1.0, 15.1, 25.84, 22.84, 79.45, 9.1, 8.36, 28.84, 59.45, 42.45, 59.45, 74.45, 18.84, 3.0, 50.45, 7.36, 26.84, 82.45, 69.45, 22.84, 53.45, 56.45, 28.84, 43.45, 58.45, 7.36, 29.84, 57.45, 18.84, 25.84, 34.84, 19.84, 23.84, 28.84, 7.36, 76.45, 28.84, 29.84, 22.84, 42.45, 19.84, 34.84, 57.45, 12.1, 44.45, 26.84, 20.84, 18.84, 46.45, 58.45, 20.84, 66.45, 49.45, 47.45, 28.84, 58.45, 69.45, 30.84, 36.45, 28.84, 65.45, 28.84, 38.45, 42.45, 2.0, 25.84, 38.45, 7.36, 39.45, 90.45, 90.45, 57.45, 4.0, 26.84, 64.45, 73.45, 31.84, 16.1, 34.84];89.45;[1, 2, 1, 1, 1, 1, 1, 2, 1, 1, 1, 2, 3, 1, 1];2;20;True
90;20;90;6;True;2000;1;0;0;0;0;0;0;89.24661040306091;13.769871234893799;17196.46085287886;13029.369999885559;1014.231683322725;3152.800000000004;[35.19, 29.23, 54.13, 62.13, 39.19, 43.05, 31.23, 59.13, 54.13, 15.23, 23.23, 25.23, 47.13, 40.19, 27.23, 6.66, 51.13, 26.23, 27.23, 35.19, 35.19, 34.19, 45.13, 11.03, 65.13, 38.19, 36.19, 20.23, 26.23, 14.23, 30.23, 46.13, 36.19, 46.13, 43.05, 38.19, 55.13, 17.23, 22.23, 51.13, 78.13, 19.23, 17.23, 40.19, 28.23, 30.23, 10.03, 9.03, 27.23, 96.13, 52.13, 8.67, 8.67, 27.23, 46.13, 26.23, 96.13, 22.23, 39.19, 13.23, 20.23, 19.23, 22.23, 22.23, 28.23, 89.13, 32.23, 63.13, 50.13, 39.19, 81.13, 33.19, 2.0, 28.23, 24.23, 11.03, 13.23, 35.19, 32.23, 11.03, 54.13, 56.13, 34.19, 28.23, 28.23, 42.05, 20.23, 9.03, 11.03, 73.13];94.13;[2, 1, 2, 2, 1, 1, 3, 3, 1, 3, 1];2;20;True
100;20;100;1;True;2000;1;0;0;0;0;0;0;79.4715621471405;13.281144380569458;18698.35137118138;13269.791591644287;1333.888259153121;4094.3100000000077;[61.53, 18.53, 24.53, 71.53, 54.53, 31.53, 33.53, 81.53, 53.53, 28.53, 10.66, 37.53, 70.53, 32.53, 55.53, 61.53, 11.66, 29.53, 58.53, 38.53, 54.53, 3.39, 65.53, 45.53, 30.53, 48.53, 18.53, 40.53, 25.53, 43.53, 52.53, 11.66, 33.53, 40.53, 39.53, 84.53, 40.53, 12.66, 16.63, 66.53, 21.53, 84.53, 20.53, 82.53, 15.63, 18.53, 18.53, 84.53, 84.53, 69.53, 24.53, 58.53, 28.53, 11.66, 51.53, 26.53, 67.53, 29.53, 72.53, 27.53, 38.53, 30.53, 67.53, 81.53, 19.53, 48.53, 27.53, 19.53, 12.89, 25.53, 28.53, 50.53, 36.53, 16.63, 4.17, 59.53, 70.53, 39.53, 52.53, 25.53, 44.53, 69.53, 72.53, 28.53, 70.53, 9.66, 16.63, 15.63, 48.53, 49.53, 15.63, 8.11, 11.66, 84.53, 12.89, 48.53, 40.53, 84.53, 29.53, 37.53];81.14;[1, 1, 2, 2, 5, 2, 1, 1, 2, 1, 2];4;20;True
100;20;100;2;True;2000;1;0;0;0;0;0;0;73.69157671928406;11.983527421951294;19233.243917223204;12762.619953632355;1198.725549432078;5271.860000000011;[34.06, 86.76, 74.76, 55.76, 34.06, 86.76, 33.06, 25.06, 24.06, 63.76, 28.06, 86.76, 25.06, 48.76, 52.76, 23.06, 15.06, 55.76, 64.76, 27.06, 75.76, 63.76, 45.76, 86.76, 73.76, 67.76, 31.06, 47.76, 31.06, 22.06, 86.76, 38.06, 73.76, 27.06, 71.76, 79.76, 79.76, 45.76, 17.89, 45.76, 78.76, 40.06, 55.76, 59.76, 47.76, 47.76, 46.76, 86.76, 48.76, 72.76, 56.76, 49.76, 63.76, 16.89, 71.76, 52.76, 66.76, 12.06, 24.06, 44.76, 34.06, 54.76, 42.06, 86.76, 66.76, 44.06, 86.76, 27.06, 49.76, 12.06, 51.76, 58.76, 70.76, 24.06, 69.76, 25.06, 46.76, 70.76, 40.06, 48.76, 60.76, 72.76, 31.06, 28.06, 62.76, 49.76, 41.06, 65.76, 18.06, 86.76, 71.76, 86.76, 49.76, 24.06, 60.76, 86.76, 86.76, 45.76, 86.76, 44.06];74.7;[2, 2, 1, 1, 1, 1, 1, 1, 1, 1, 2, 1, 1, 1, 1, 1, 1];1;20;True
100;20;100;3;True;2000;1;0;0;0;0;0;0;94.77703785896301;13.16354250907898;17012.96598193408;11771.260409355164;1196.0316250732453;4045.8599999999965;[43.39, 47.39, 50.39, 54.39, 42.39, 19.39, 19.39, 46.39, 63.39, 62.39, 13.39, 31.39, 67.39, 43.39, 21.39, 34.39, 22.39, 26.39, 19.39, 65.39, 26.39, 53.39, 88.39, 22.39, 26.39, 22.39, 65.39, 15.39, 21.39, 57.39, 19.39, 65.39, 55.39, 59.39, 50.39, 41.39, 56.39, 40.39, 39.39, 47.39, 27.39, 59.39, 33.39, 23.39, 28.39, 23.39, 38.39, 54.39, 35.39, 18.39, 27.39, 15.39, 45.39, 58.39, 21.39, 80.39, 14.39, 66.39, 100.39, 63.39, 63.39, 47.39, 39.39, 4.45, 9.39, 37.39, 42.39, 36.39, 2.0, 20.39, 20.39, 23.39, 18.39, 44.39, 41.39, 46.39, 84.39, 67.39, 30.39, 36.39, 16.39, 78.39, 93.39, 23.39, 43.39, 13.39, 58.39, 39.39, 58.39, 43.39, 82.39, 55.39, 34.39, 48.39, 8.58, 15.39, 27.39, 26.39, 41.39, 20.39];98.39;[1, 1, 1, 1, 1, 1, 2, 1, 3, 1, 4, 1, 1, 1];3;20;True
100;20;100;4;True;2000;1;0;0;0;0;0;0;86.51234698295593;11.590322971343994;18142.204361895932;12023.45241689682;971.9638616761868;5146.620000000008;[17.5, 92.8, 13.43, 61.8, 78.8, 43.8, 57.8, 38.8, 17.5, 94.8, 13.94, 73.8, 15.94, 48.8, 85.8, 42.8, 51.8, 70.8, 45.8, 36.8, 60.8, 2.86, 34.58, 42.8, 21.3, 44.8, 54.8, 20.3, 47.8, 39.8, 76.8, 53.8, 84.8, 54.8, 60.8, 62.8, 49.8, 38.8, 56.8, 90.8, 47.8, 22.3, 102.8, 56.8, 56.8, 78.8, 54.8, 30.02, 46.8, 30.02, 42.8, 39.8, 79.8, 21.3, 72.8, 86.8, 48.8, 56.8, 33.02, 14.94, 13.43, 21.3, 92.8, 20.3, 39.8, 89.8, 66.8, 102.8, 42.8, 40.8, 38.8, 85.8, 44.8, 53.8, 32.02, 60.8, 86.8, 61.8, 86.8, 31.02, 84.8, 62.8, 71.8, 22.3, 66.8, 37.8, 8.76, 52.8, 38.8, 16.94, 102.8, 35.58, 43.8, 27.02, 83.8, 32.02, 50.8, 35.58, 37.8, 93.8];99.94;[1, 2, 1, 1, 2, 1, 1, 1, 3, 3, 1, 1, 2];2;20;True
100;20;100;5;True;2000;1;0;0;0;0;0;0;64.53474140167236;12.86832571029663;17279.609203850883;11788.87227344513;1099.6708840175922;4390.93;[43.19, 69.54, 27.07, 35.33, 17.14, 66.54, 51.54, 26.07, 65.54, 19.14, 49.19, 1.0, 18.14, 34.33, 38.91, 65.54, 12.86, 11.47, 38.91, 64.54, 69.54, 66.54, 69.54, 23.07, 3.0, 59.54, 8.47, 28.94, 69.54, 69.54, 34.33, 59.54, 63.54, 36.91, 49.19, 69.54, 7.66, 41.65, 52.54, 24.07, 28.94, 45.19, 27.07, 30.94, 38.91, 8.47, 60.54, 40.91, 49.19, 30.94, 40.91, 22.07, 45.19, 61.54, 15.14, 50.19, 40.91, 28.94, 23.07, 56.54, 69.54, 30.94, 69.54, 55.54, 53.54, 33.94, 63.54, 45.19, 41.65, 42.65, 44.19, 69.54, 39.91, 44.19, 46.19, 2.0, 34.33, 44.19, 8.47, 44.19, 69.54, 69.54, 65.54, 3.86, 30.94, 69.54, 69.54, 44.19, 21.34, 50.19, 42.65, 53.54, 69.54, 61.54, 48.19, 69.54, 69.54, 69.54, 63.54, 57.54];68.54;[1, 1, 1, 1, 2, 1, 2, 1, 1, 1, 1, 2, 1, 2, 1, 1];1;20;True
100;20;100;6;True;2000;1;0;0;0;0;0;0;78.18400239944458;14.9062659740448;18077.169881952737;13001.569464683533;955.2523088365192;4120.269999999998;[43.48, 32.49, 60.79, 68.79, 45.48, 52.48, 35.49, 60.79, 59.79, 19.49, 26.49, 29.49, 54.57, 51.48, 30.49, 10.0, 54.57, 36.88, 32.49, 47.48, 44.48, 38.88, 49.48, 15.49, 78.79, 48.48, 48.48, 25.49, 29.49, 20.49, 37.88, 53.48, 44.48, 51.48, 48.48, 46.48, 55.79, 25.49, 31.49, 57.79, 78.79, 21.49, 22.49, 43.48, 39.48, 36.88, 12.99, 11.29, 35.88, 78.79, 57.79, 10.0, 11.29, 30.49, 53.48, 33.49, 78.79, 27.49, 48.48, 18.49, 26.49, 23.49, 31.49, 27.49, 37.88, 74.79, 40.48, 52.48, 59.79, 42.48, 64.79, 38.88, 2.8, 39.48, 33.49, 15.49, 18.49, 45.48, 37.88, 15.49, 59.79, 58.79, 44.48, 35.88, 37.88, 49.48, 29.49, 11.29, 15.49, 78.79, 19.49, 59.79, 8.35, 58.79, 38.88, 62.79, 78.79, 72.79, 57.79, 55.57];75.99000000000001;[1, 1, 1, 5, 1, 1, 1, 2, 2, 1, 1, 1, 1, 1];4;20;True
30;30;30;1;True;2000;1;0;0;0;0;0;0;72.71254897117615;2.176950454711914;21669.748173343327;17585.906437397003;1803.1193645708993;2280.7200000000003;[107.37, 24.67, 35.67, 107.37, 107.37, 59.26, 56.26, 107.37, 55.26, 38.67, 12.08, 89.26, 95.37, 107.37, 72.26, 107.37, 47.67, 62.26, 106.37, 107.37, 93.26, 4.1, 92.26, 79.26, 107.37, 76.26, 31.67, 88.26, 107.37, 94.26];103.27000000000001;[2, 1, 1, 4, 1, 1, 1, 1, 1, 1, 1, 2, 2, 3, 1, 1, 3, 1, 1, 1];3;30;True
30;30;30;2;True;2000;1;0;0;0;0;0;0;105.00055003166199;2.5133087635040283;22226.174244268845;17955.24009513855;1952.4962510640048;2318.4100000000008;[95.96, 100.96, 121.96, 73.96, 52.96, 162.96, 56.96, 32.96, 26.96, 69.96, 48.96, 142.96, 53.96, 61.96, 94.96, 36.96, 14.21, 104.96, 127.96, 30.96, 162.96, 81.96, 88.96, 87.96, 115.96, 76.96, 57.96, 64.96, 44.96, 22.32];148.75;[2, 1, 3, 3, 1, 1, 1, 2, 1, 3, 2, 2, 3, 3, 1, 1];2;30;True
30;30;30;3;True;2000;1;0;0;0;0;0;0;90.88774871826172;2.6938729286193848;21412.0822436208;17261.044384479523;1818.1918753104069;2332.84;[92.94, 97.94, 88.94, 126.94, 127.94, 26.56, 27.95, 75.13, 120.94, 104.94, 13.99, 61.35, 136.94, 86.94, 55.34, 76.13, 52.34, 59.35, 33.13, 118.94, 37.13, 116.94, 107.94, 35.13, 51.34, 54.34, 136.94, 31.13, 55.34, 121.94];122.95;[1, 1, 2, 1, 1, 1, 1, 2, 1, 1, 1, 2, 1, 1, 2, 1, 2, 1, 4, 3];3;30;True
30;30;30;4;True;2000;1;0;0;0;0;0;0;92.95019102096558;2.7338430881500244;23832.24604096757;19967.51467180252;1533.2226512012066;2331.619999999999;[28.33, 131.12, 47.12, 68.12, 94.12, 86.12, 131.12, 69.12, 32.12, 97.12, 21.87, 82.12, 46.12, 82.12, 117.12, 131.12, 79.12, 88.12, 93.12, 125.12, 131.12, 16.97, 81.12, 73.12, 56.12, 51.12, 100.12, 31.33, 81.12, 59.12];114.15;[2, 2, 1, 1, 1, 1, 2, 3, 4, 2, 2, 1, 2, 1, 1, 1, 2, 1];3;30;True
30;30;30;5;True;2000;1;0;0;0;0;0;0;70.11760711669922;2.2966971397399902;21341.06565347094;17707.72091436386;1658.2251633475748;1975.1100000000001;[56.24, 95.24, 63.24, 95.24, 16.38, 95.24, 81.24, 34.24, 78.24, 49.24, 86.24, 3.0, 54.24, 87.24, 56.24, 95.24, 50.24, 28.24, 95.24, 72.24, 70.24, 95.24, 95.24, 50.24, 4.0, 95.24, 19.49, 62.24, 95.24, 95.24];92.24;[1, 2, 1, 1, 1, 1, 1, 1, 1, 2, 2, 1, 1, 2, 1, 1, 1, 4, 1, 2, 2];3;30;True
30;30;30;6;True;2000;1;0;0;0;0;0;0;73.55738472938538;2.552816390991211;22781.88042839855;19028.667194366455;1498.3018984908076;2254.9199999999996;[101.52, 57.52, 110.52, 100.52, 98.52, 104.52, 74.52, 111.52, 102.52, 24.24, 29.24, 47.52, 111.52, 74.52, 86.52, 14.24, 111.52, 49.52, 69.52, 91.52, 55.52, 85.52, 87.52, 38.24, 111.52, 82.52, 107.52, 44.52, 32.24, 38.24];97.28;[1, 2, 2, 1, 2, 2, 3, 2, 1, 1, 1, 2, 1, 1, 3, 1, 2, 2];2;30;True
40;30;40;1;True;2000;1;0;0;0;0;0;0;74.15614604949951;3.7669718265533447;21800.015428819872;17621.18414735794;1787.273068719765;2391.46;[101.18, 26.18, 30.18, 90.18, 101.18, 37.18, 39.18, 101.18, 51.18, 35.18, 13.15, 56.18, 101.18, 46.18, 59.18, 68.18, 17.18, 51.18, 93.18, 62.18, 67.18, 4.47, 101.18, 54.18, 46.18, 61.18, 23.18, 91.18, 35.18, 101.18, 73.18, 16.18, 61.18, 101.18, 45.18, 101.18, 101.18, 19.18, 22.18, 85.18];96.71000000000001;[1, 1, 4, 2, 1, 3, 1, 1, 1, 1, 1, 1, 2, 1, 1, 2, 2, 3, 1];3;30;True
40;30;40;2;True;2000;1;0;0;0;0;0;0;84.33590960502625;4.094242572784424;21884.563684027216;17632.53431081772;1886.5414430529142;2365.4599999999996;[31.72, 94.72, 70.72, 92.72, 48.72, 111.72, 38.72, 20.62, 19.62, 98.72, 32.72, 116.72, 22.62, 46.72, 88.72, 19.62, 11.9, 44.72, 86.72, 23.62, 116.72, 70.72, 52.72, 116.72, 84.72, 53.72, 25.72, 41.72, 25.72, 19.62, 100.72, 29.72, 80.72, 24.62, 58.72, 116.72, 107.72, 44.72, 15.9, 55.72];104.82;[1, 1, 1, 2, 2, 1, 1, 1, 1, 2, 1, 1, 2, 2, 1, 1, 1, 2, 2, 3, 1];2;30;True
40;30;40;3;True;2000;1;0;0;0;0;0;0;76.24284243583679;4.558501720428467;21489.15076579558;17300.14133787155;1841.1631798647288;2347.77;[68.87, 49.78, 83.17, 73.87, 98.17, 27.31, 25.54, 50.78, 98.17, 93.17, 15.74, 37.58, 98.17, 50.78, 25.54, 39.74, 29.95, 54.87, 25.54, 98.17, 32.94, 59.87, 98.17, 29.95, 34.27, 28.31, 92.17, 16.29, 24.54, 78.17, 23.54, 68.87, 98.17, 93.17, 55.87, 50.78, 73.87, 69.87, 98.17, 75.87];82.43;[1, 1, 1, 2, 1, 2, 2, 1, 2, 2, 1, 1, 1, 5, 3, 1, 1, 1, 1];4;30;True
40;30;40;4;True;2000;1;0;0;0;0;0;0;101.07299995422363;3.682002067565918;23879.58619183874;19802.513116836548;1552.0226890046456;2525.03;[14.72, 85.34, 11.61, 57.34, 72.34, 39.62, 132.63, 36.22, 16.72, 93.63, 11.72, 111.63, 14.72, 62.34, 94.63, 143.63, 52.36, 74.34, 52.36, 47.36, 135.63, 3.41, 32.03, 48.36, 21.15, 42.45, 100.63, 19.69, 53.34, 40.62, 97.63, 80.34, 88.63, 109.63, 105.63, 78.34, 46.36, 37.22, 70.34, 88.34];140.22;[1, 1, 3, 2, 2, 1, 3, 1, 1, 1, 2, 1, 1, 2, 1, 2, 2, 1, 2];2;30;True
40;30;40;5;True;2000;1;0;0;0;0;0;0;91.86204385757446;3.9237356185913086;21719.605095922205;17886.70192527771;1624.2866143992733;2208.770000000001;[41.9, 50.9, 34.9, 33.88, 19.41, 115.9, 59.9, 28.41, 80.9, 25.41, 53.9, 3.0, 21.41, 33.58, 40.9, 118.9, 17.41, 15.41, 93.9, 58.9, 58.9, 79.9, 65.9, 38.9, 4.83, 113.9, 13.07, 31.58, 111.9, 118.9, 33.9, 54.9, 118.9, 57.9, 44.9, 115.9, 12.07, 51.9, 88.9, 42.9];115.9;[2, 1, 1, 1, 3, 1, 1, 1, 2, 1, 5, 2, 2, 1, 2, 3, 1];4;30;True
40;30;40;6;True;2000;1;0;0;0;0;0;0;101.44924664497375;4.521550893783569;23447.51303547907;19431.87051153183;1504.053362162766;2511.6;[50.6, 32.92, 121.64, 108.64, 59.64, 92.64, 36.59, 107.64, 73.64, 20.83, 28.02, 34.59, 99.64, 46.6, 31.92, 9.84, 83.64, 36.59, 39.59, 96.64, 44.59, 39.59, 58.64, 18.35, 126.64, 67.64, 94.64, 27.02, 30.92, 22.02, 39.59, 86.64, 43.59, 139.64, 73.64, 85.64, 143.64, 28.76, 32.92, 95.64];133.79999999999998;[1, 3, 1, 1, 2, 1, 1, 2, 1, 2, 2, 2, 1, 1, 1, 3, 3, 2];2;30;True
50;30;50;1;True;2000;1;0;0;0;0;0;0;66.7709321975708;5.873913049697876;21777.418998815916;17618.92699432373;1827.0108050498063;2331.4599999999996;[75.26, 23.87, 27.71, 65.97, 57.97, 33.71, 34.71, 75.26, 47.86, 30.71, 12.73, 36.71, 74.26, 34.71, 54.86, 66.97, 14.88, 39.95, 75.26, 75.26, 62.97, 3.85, 46.82, 67.97, 46.04, 46.82, 20.87, 46.86, 27.71, 72.97, 47.86, 14.42, 34.71, 75.26, 55.97, 75.26, 75.26, 16.88, 20.02, 58.97, 22.87, 75.26, 24.87, 44.25, 20.87, 21.87, 21.87, 72.97, 75.26, 75.26];71.41000000000001;[2, 1, 1, 1, 3, 1, 1, 1, 2, 1, 2, 2, 3, 2, 1, 2, 4];3;30;True
50;30;50;2;True;2000;1;0;0;0;0;0;0;89.7499349117279;7.0349743366241455;22571.340984053335;17830.29690885544;1865.3683010576258;2875.800000000002;[31.49, 78.9, 68.9, 59.9, 31.49, 121.9, 30.49, 20.1, 20.1, 110.9, 23.93, 121.9, 21.8, 46.9, 42.9, 19.1, 11.99, 71.9, 79.9, 21.8, 121.9, 70.9, 39.9, 99.9, 120.9, 52.9, 24.93, 45.9, 24.93, 20.1, 103.9, 32.91, 82.9, 23.93, 101.9, 106.9, 93.9, 41.9, 16.1, 42.9, 45.9, 33.91, 54.9, 69.9, 38.9, 40.9, 37.9, 121.9, 54.9, 70.9];109.91000000000001;[1, 4, 1, 1, 2, 1, 2, 1, 1, 2, 1, 3, 2, 2, 1, 1, 1, 1, 1, 1];3;30;True
50;30;50;3;True;2000;1;0;0;0;0;0;0;88.89204549789429;6.292341470718384;21419.909910743554;17140.00083208084;1777.6863302984968;2502.2999999999997;[41.36, 49.36, 79.36, 53.36, 111.36, 25.36, 24.36, 42.36, 97.36, 71.36, 16.51, 31.36, 104.36, 39.36, 24.36, 34.36, 25.36, 36.36, 24.36, 111.36, 29.36, 54.36, 110.36, 26.36, 29.36, 26.36, 95.36, 16.51, 23.36, 111.36, 22.36, 59.36, 55.36, 78.36, 77.36, 39.36, 50.36, 39.36, 88.36, 46.36, 29.36, 69.36, 30.36, 27.36, 30.36, 27.36, 36.36, 70.36, 35.36, 23.36];94.85;[1, 1, 2, 2, 2, 2, 3, 1, 2, 2, 1, 1, 1, 2, 2, 1, 1, 1, 1, 1];2;30;True
50;30;50;4;True;2000;1;0;0;0;0;0;0;92.47289156913757;5.9618754386901855;24142.182927439382;19640.5952129364;1610.0280587662494;2891.4;[15.47, 90.11, 12.15, 58.11, 73.11, 124.11, 46.11, 36.11, 16.15, 105.11, 12.15, 84.11, 15.15, 75.11, 98.11, 86.11, 54.11, 77.11, 52.11, 35.11, 103.11, 3.41, 32.11, 43.11, 20.89, 43.11, 60.11, 19.89, 58.11, 38.11, 110.11, 115.11, 98.11, 47.11, 72.11, 59.11, 47.11, 35.11, 71.11, 83.11, 45.11, 21.89, 112.11, 46.11, 118.11, 77.11, 45.11, 29.48, 41.11, 29.48];120.7;[3, 5, 1, 3, 1, 1, 1, 1, 1, 2, 2, 1, 1, 1, 2, 2, 1, 1];4;30;True
50;30;50;5;True;2000;1;0;0;0;0;0;0;75.89031171798706;5.6638288497924805;21927.78121980743;17734.76694917679;1659.0870956129984;2533.7900000000004;[42.13, 65.13, 36.13, 33.13, 18.67, 63.13, 59.13, 27.93, 62.13, 22.67, 95.13, 3.0, 20.67, 33.13, 47.13, 95.13, 16.67, 14.67, 79.13, 61.13, 95.13, 87.13, 95.13, 25.41, 4.83, 70.13, 11.71, 29.93, 95.13, 95.13, 32.13, 59.13, 95.13, 39.13, 51.13, 95.13, 11.61, 81.13, 89.13, 26.58, 33.13, 62.13, 25.58, 29.93, 48.13, 11.71, 94.13, 60.13, 53.13, 29.93];92.13;[2, 1, 3, 1, 1, 1, 1, 1, 3, 1, 1, 4, 1, 2, 2, 1, 2, 1, 1];3;30;True
50;30;50;6;True;2000;1;0;0;0;0;0;0;94.92191576957703;7.221548080444336;23244.945513971663;19355.28661441803;1497.546055165681;2392.0699999999997;[41.72, 32.72, 71.72, 94.72, 52.72, 42.72, 35.72, 57.72, 90.72, 21.67, 27.72, 29.72, 69.72, 39.72, 30.72, 9.85, 77.72, 31.72, 33.72, 58.72, 40.72, 37.72, 48.72, 19.67, 115.72, 51.72, 58.72, 25.72, 29.72, 21.67, 35.72, 57.72, 39.72, 115.72, 52.72, 61.72, 66.72, 24.73, 28.72, 57.72, 115.72, 23.31, 23.31, 42.72, 69.72, 36.72, 17.67, 15.67, 32.72, 71.72];105.87;[2, 2, 2, 2, 2, 1, 1, 4, 2, 1, 1, 1, 1, 1, 3, 2, 1, 1];3;30;True
60;30;60;1;True;2000;1;0;0;0;0;0;0;83.7287802696228;10.280011653900146;22641.24040524864;17912.507724285126;1795.6476618460763;2932.9800000000023;[68.03, 21.42, 26.42, 95.03, 55.03, 33.03, 34.03, 95.03, 48.03, 30.03, 12.67, 36.03, 66.03, 34.03, 68.03, 59.03, 16.25, 31.03, 56.03, 79.03, 53.03, 3.85, 40.03, 50.03, 62.03, 46.03, 21.42, 60.03, 27.42, 92.03, 53.03, 14.51, 34.03, 95.03, 39.03, 86.03, 95.03, 17.42, 20.42, 66.03, 23.42, 95.03, 24.42, 39.03, 20.42, 22.42, 22.42, 95.03, 87.03, 87.03, 25.42, 68.03, 32.03, 15.37, 53.03, 28.03, 79.03, 51.03, 95.03, 29.03];91.18;[1, 3, 1, 1, 3, 1, 1, 1, 1, 1, 3, 1, 1, 1, 3, 1, 3, 1, 2];2;30;True
60;30;60;2;True;2000;1;0;0;0;0;0;0;118.39743733406067;11.155118942260742;23061.702171802415;18403.806236743927;1875.2896047224256;2782.7099999999987;[28.54, 68.54, 61.54, 68.54, 27.54, 121.54, 21.54, 16.4, 15.4, 93.54, 19.54, 116.54, 17.4, 40.54, 28.54, 16.4, 11.4, 30.54, 55.54, 17.54, 141.54, 37.54, 30.54, 125.54, 79.54, 46.54, 17.54, 26.54, 17.54, 18.54, 98.54, 21.54, 38.54, 19.54, 116.54, 84.54, 65.54, 36.54, 15.4, 36.54, 30.54, 21.54, 38.54, 48.54, 26.54, 30.54, 25.54, 141.54, 33.54, 60.54, 56.54, 36.54, 47.54, 14.4, 45.54, 43.54, 73.54, 10.97, 17.4, 27.54];130.57;[1, 1, 1, 2, 2, 2, 2, 1, 3, 2, 1, 1, 5, 1, 1, 2, 2];4;30;True
60;30;60;3;True;2000;1;0;0;0;0;0;0;87.46149778366089;8.861343383789062;21913.206804308338;17190.6218419075;1804.0510099896076;2918.5899999999997;[46.06, 53.98, 51.98, 59.98, 51.98, 23.5, 21.5, 47.06, 90.33, 59.98, 13.05, 32.52, 104.33, 45.06, 21.5, 37.2, 24.5, 29.52, 20.5, 83.33, 30.52, 55.98, 90.33, 26.49, 30.52, 25.27, 90.33, 15.05, 21.5, 108.33, 20.05, 64.98, 66.13, 66.13, 78.33, 42.2, 50.6, 40.2, 44.06, 47.6, 28.52, 69.13, 33.19, 27.52, 29.52, 26.27, 39.2, 58.98, 36.2, 20.05, 29.52, 17.05, 108.33, 58.98, 23.5, 108.33, 14.05, 75.33, 108.33, 74.13];95.28;[1, 1, 1, 2, 1, 2, 1, 2, 1, 2, 1, 3, 1, 1, 2, 3, 1, 2, 2];2;30;True
60;30;60;4;True;2000;1;0;0;0;0;0;0;99.55750966072083;8.9070565700531;24460.931847072057;19798.306944847107;1583.7522242682346;3079.010000000003;[17.03, 72.03, 14.03, 54.03, 69.03, 121.03, 34.03, 27.03, 18.03, 99.03, 14.03, 63.03, 17.03, 52.03, 121.03, 101.03, 39.03, 82.03, 45.03, 27.03, 40.03, 3.24, 25.03, 34.03, 19.03, 40.03, 61.03, 20.03, 41.03, 33.03, 71.03, 115.03, 101.03, 38.03, 61.03, 47.03, 44.03, 28.03, 44.03, 83.03, 40.03, 22.03, 86.03, 34.03, 103.03, 70.03, 33.03, 27.03, 82.03, 26.03, 41.03, 31.03, 64.03, 19.03, 85.03, 78.03, 42.03, 118.03, 27.03, 15.03];117.79;[5, 1, 2, 2, 1, 1, 1, 1, 2, 1, 1, 1, 2, 1, 1, 2, 1, 2, 1, 1];4;30;True
60;30;60;5;True;2000;1;0;0;0;0;0;0;89.53632521629333;8.971922159194946;22319.948686980246;17823.510401248932;1661.0901422686554;2835.3399999999992;[43.68, 74.68, 27.68, 33.68, 18.16, 61.68, 42.68, 27.68, 61.68, 22.42, 59.68, 1.0, 21.42, 31.68, 29.68, 71.68, 15.16, 14.16, 39.68, 60.68, 90.68, 69.68, 107.68, 25.42, 3.0, 107.68, 10.44, 29.68, 107.68, 107.68, 29.68, 55.68, 78.68, 34.68, 51.68, 107.68, 8.44, 38.68, 73.68, 26.68, 29.68, 72.68, 27.68, 30.68, 46.68, 10.44, 97.68, 90.68, 47.68, 29.68, 41.68, 24.42, 62.68, 79.68, 19.16, 47.68, 40.68, 32.68, 26.42, 52.68];106.68;[2, 2, 2, 1, 3, 3, 2, 1, 1, 3, 1, 1, 1, 1, 3, 1, 1, 1];2;30;True
60;30;60;6;True;2000;1;0;0;0;0;0;0;99.59332060813904;11.032662868499756;23636.641356122454;19525.65852355957;1506.0910493111069;2604.650000000001;[40.71, 30.71, 71.71, 100.71, 42.71, 86.71, 32.71, 63.71, 113.71, 18.71, 25.71, 27.71, 48.71, 36.71, 28.71, 8.7, 52.71, 29.71, 30.71, 56.71, 35.71, 35.71, 50.71, 14.97, 81.71, 48.71, 40.71, 23.71, 28.71, 18.71, 31.71, 72.71, 37.71, 69.71, 45.71, 63.71, 47.71, 22.71, 25.71, 57.71, 85.71, 20.71, 20.71, 41.71, 30.71, 34.71, 13.97, 13.97, 29.71, 78.71, 87.71, 9.48, 11.21, 28.71, 45.71, 28.71, 113.71, 24.71, 64.71, 16.72];105.00999999999999;[1, 5, 1, 2, 1, 1, 1, 2, 2, 1, 1, 1, 2, 1, 1, 3, 3, 1];4;30;True
70;30;70;1;True;2000;1;0;0;0;0;0;0;93.08046793937683;11.127816438674927;22933.724721952738;17802.51260328293;1835.0240320323023;3296.1100000000038;[70.13, 23.8, 27.8, 68.13, 62.13, 33.13, 35.13, 103.13, 51.13, 31.13, 12.44, 38.13, 65.13, 35.13, 66.13, 80.13, 16.93, 39.13, 57.13, 65.13, 54.13, 3.53, 62.13, 59.13, 35.13, 48.13, 23.8, 87.13, 27.8, 42.13, 51.13, 15.93, 35.13, 103.13, 40.13, 74.13, 39.13, 18.89, 22.8, 64.13, 23.8, 96.13, 25.8, 43.13, 23.8, 23.8, 23.8, 102.13, 79.13, 103.13, 25.8, 70.13, 32.13, 16.93, 51.13, 29.13, 82.13, 32.13, 94.13, 30.13, 42.13, 33.13, 65.13, 81.13, 24.8, 51.13, 30.13, 23.8, 19.89, 27.8];99.6;[1, 1, 3, 1, 2, 2, 1, 1, 1, 1, 3, 2, 4, 1, 2, 1, 2, 1];3;30;True
70;30;70;2;True;2000;1;0;0;0;0;0;0;102.36999249458313;13.55147409439087;22995.494265743615;18230.433210849762;1885.9659107089904;2878.760000000004;[28.4, 63.4, 110.4, 27.4, 26.4, 77.4, 20.4, 14.4, 13.4, 48.4, 17.4, 49.4, 15.4, 37.4, 26.4, 15.4, 11.4, 44.4, 55.4, 15.4, 99.4, 37.4, 28.4, 84.4, 110.4, 64.4, 16.4, 26.4, 16.4, 17.4, 110.4, 19.4, 64.4, 18.4, 89.4, 84.4, 51.4, 35.4, 15.4, 35.4, 27.4, 22.4, 33.4, 43.4, 25.4, 29.4, 25.4, 98.4, 34.4, 64.4, 28.4, 28.4, 43.4, 13.4, 41.4, 43.4, 38.4, 10.28, 15.4, 26.4, 21.4, 45.4, 30.4, 110.4, 38.4, 35.4, 92.4, 20.4, 38.4, 10.28];100.12;[1, 1, 1, 1, 1, 2, 1, 5, 2, 1, 2, 1, 1, 1, 2, 1, 4, 2];4;30;True
70;30;70;3;True;2000;1;0;0;0;0;0;0;87.33794474601746;11.337990045547485;21689.799442555206;17305.265241622925;1819.9687135085965;2564.720000000002;[32.4, 43.4, 43.4, 52.4, 43.4, 14.41, 13.41, 38.4, 78.4, 38.4, 10.41, 23.4, 90.4, 32.4, 17.4, 28.4, 19.4, 19.4, 13.41, 56.4, 20.4, 42.4, 78.4, 18.4, 20.4, 18.4, 79.4, 13.41, 18.4, 90.4, 16.41, 50.4, 61.4, 59.4, 51.4, 34.4, 40.4, 29.4, 29.4, 42.4, 23.4, 60.4, 22.4, 18.4, 26.4, 19.4, 30.4, 48.4, 28.4, 13.41, 22.4, 9.41, 90.4, 47.4, 17.4, 90.4, 8.41, 63.4, 90.4, 56.4, 79.4, 38.4, 24.4, 2.41, 5.41, 27.4, 33.4, 24.4, 2.0, 16.41];88.4;[1, 1, 2, 2, 1, 1, 1, 1, 2, 2, 1, 1, 1, 1, 4, 1, 2, 3, 2];3;30;True
70;30;70;4;True;2000;1;0;0;0;0;0;0;108.15782356262207;10.870669841766357;25028.886865304885;19835.836244106293;1544.9968447645706;3647.8799999999983;[13.87, 82.04, 10.87, 57.04, 73.04, 36.63, 129.04, 32.63, 15.87, 101.04, 10.87, 68.04, 13.83, 85.04, 90.04, 75.04, 44.04, 63.04, 37.63, 34.63, 114.04, 2.56, 28.87, 37.63, 19.87, 42.04, 90.04, 18.87, 44.04, 36.63, 68.04, 112.04, 118.04, 44.04, 76.04, 57.04, 46.04, 32.63, 50.04, 84.04, 43.04, 21.87, 104.04, 44.04, 76.04, 75.04, 43.04, 26.87, 38.63, 26.87, 50.04, 34.63, 70.04, 19.87, 73.04, 77.04, 45.04, 126.04, 29.87, 12.87, 10.87, 18.87, 46.04, 18.87, 43.04, 96.04, 60.04, 45.04, 35.63, 38.63];126.47999999999999;[2, 4, 1, 3, 1, 1, 1, 1, 1, 1, 2, 1, 2, 1, 1, 1, 1, 2, 2, 1];3;30;True
70;30;70;5;True;2000;1;0;0;0;0;0;0;94.07166767120361;11.58969259262085;22631.984518729445;17705.269694805145;1654.5715761531549;3272.069999999998;[43.87, 82.87, 26.13, 33.82, 17.6, 61.87, 43.87, 27.13, 61.87, 22.18, 52.87, 1.0, 19.18, 32.23, 33.82, 108.87, 14.91, 12.91, 35.87, 60.87, 71.87, 63.87, 108.87, 24.15, 3.0, 66.87, 10.02, 29.13, 108.87, 105.87, 31.23, 54.87, 85.87, 34.87, 47.87, 108.87, 8.69, 42.87, 82.87, 25.15, 29.13, 42.87, 25.15, 30.13, 34.87, 10.02, 108.87, 36.87, 47.87, 30.13, 54.87, 23.18, 49.87, 56.87, 17.6, 46.87, 41.87, 32.23, 25.15, 74.87, 108.87, 30.13, 67.87, 57.87, 53.87, 33.82, 59.87, 51.87, 37.87, 41.32];107.87;[2, 2, 1, 1, 1, 3, 2, 1, 1, 1, 2, 2, 1, 2, 1, 1, 1, 1, 1, 1, 1, 1];2;30;True
70;30;70;6;True;2000;1;0;0;0;0;0;0;96.0192608833313;15.299837350845337;24093.680477115937;19670.478408813477;1522.976909707386;2900.4399999999996;[39.71, 30.7, 92.71, 73.71, 43.71, 98.71, 33.71, 99.71, 66.71, 17.31, 25.27, 27.7, 43.71, 39.71, 28.7, 8.72, 58.71, 29.7, 30.7, 53.71, 35.71, 35.71, 45.71, 13.71, 78.71, 46.71, 40.71, 23.27, 28.7, 16.53, 33.71, 63.71, 37.71, 56.71, 43.71, 41.71, 51.71, 23.27, 27.7, 50.71, 88.71, 20.22, 20.22, 41.71, 30.7, 34.71, 11.72, 11.72, 30.7, 75.71, 54.71, 9.72, 10.49, 28.7, 47.71, 29.7, 99.71, 25.27, 62.71, 15.45, 24.27, 22.22, 26.7, 25.27, 29.7, 96.71, 34.71, 47.71, 62.71, 40.71];90.99;[3, 1, 2, 2, 1, 2, 1, 2, 2, 1, 1, 2, 1, 1, 2, 1, 4, 1];3;30;True
80;30;80;1;True;2000;1;0;0;0;0;0;0;91.90216374397278;16.27729320526123;22916.028783317117;17820.653467178345;1804.766028578672;3290.7200000000025;[52.19, 18.89, 24.13, 92.19, 44.19, 30.19, 31.19, 92.19, 46.19, 27.19, 10.65, 34.19, 61.19, 36.19, 52.19, 58.19, 11.65, 29.19, 54.19, 36.19, 51.19, 3.35, 38.19, 33.19, 29.19, 44.19, 17.89, 92.19, 25.12, 36.19, 48.19, 10.65, 32.19, 57.19, 37.19, 72.19, 34.19, 12.03, 16.46, 66.19, 21.89, 57.19, 20.89, 44.19, 16.89, 18.89, 18.89, 92.19, 92.19, 84.19, 23.13, 75.19, 28.19, 10.65, 48.19, 26.19, 72.19, 28.19, 92.19, 27.19, 53.19, 29.19, 62.19, 59.19, 19.89, 48.19, 26.19, 18.89, 13.03, 24.13, 26.19, 92.19, 39.19, 16.89, 4.08, 75.19, 59.19, 33.19, 67.19, 25.12];88.84;[1, 2, 1, 3, 2, 2, 1, 1, 2, 2, 3, 2, 1, 1, 1, 2, 1, 2];2;30;True
80;30;80;2;True;2000;1;0;0;0;0;0;0;123.80695915222168;15.542988061904907;23449.10457542604;18202.868612766266;1953.5941863368373;3292.73;[28.34, 69.98, 132.98, 28.89, 27.34, 83.98, 21.34, 14.51, 14.51, 49.98, 19.34, 84.98, 16.34, 38.98, 27.34, 15.51, 11.75, 28.89, 52.98, 16.34, 82.98, 36.98, 28.89, 93.98, 133.98, 38.98, 18.34, 25.34, 18.34, 18.34, 80.98, 21.34, 47.98, 19.34, 45.98, 116.98, 69.98, 35.98, 15.51, 35.98, 37.98, 22.34, 33.98, 46.98, 25.34, 29.89, 25.34, 104.98, 31.89, 42.98, 31.89, 28.89, 36.98, 13.75, 42.98, 43.98, 38.98, 10.75, 15.51, 26.34, 22.34, 45.98, 30.89, 130.98, 38.98, 35.98, 85.98, 21.34, 38.98, 10.75, 30.89, 40.98, 55.98, 13.75, 55.98, 15.51, 28.34, 54.98, 32.89, 38.98];123.22999999999999;[2, 1, 2, 3, 1, 1, 2, 1, 2, 2, 3, 1, 1, 1, 1, 3, 2, 1];2;30;True
80;30;80;3;True;2000;1;0;0;0;0;0;0;98.87733435630798;19.125727891921997;22358.754226826266;17602.896651268005;1790.1556946982448;2965.460000000003;[31.03, 37.03, 45.03, 39.03, 99.03, 14.57, 14.57, 37.03, 60.03, 39.03, 11.5, 23.57, 99.03, 33.03, 17.57, 24.57, 19.57, 17.57, 14.57, 82.03, 19.57, 48.03, 87.03, 16.57, 19.57, 17.57, 65.03, 13.9, 18.57, 99.03, 16.57, 58.03, 44.03, 91.03, 59.03, 34.03, 41.03, 29.03, 29.03, 43.03, 23.57, 62.03, 22.57, 16.57, 26.57, 19.57, 30.03, 56.03, 29.03, 14.57, 22.57, 10.5, 88.03, 49.03, 17.57, 99.03, 10.1, 54.03, 93.03, 55.03, 68.03, 39.03, 25.57, 4.41, 7.54, 27.57, 33.03, 25.57, 2.0, 17.57, 15.57, 16.57, 13.9, 37.03, 26.57, 35.03, 50.03, 64.03, 20.28, 27.57];97.03;[1, 1, 1, 1, 3, 4, 1, 1, 1, 1, 1, 1, 1, 1, 2, 2, 1, 1, 2, 2, 1];3;30;True
80;30;80;4;True;2000;1;0;0;0;0;0;0;94.34255790710449;16.38143825531006;25081.68005233202;19689.61204481125;1511.1418912245435;3881.229999999997;[14.4, 75.85, 12.4, 65.85, 71.85, 98.85, 41.85, 30.85, 16.4, 63.85, 12.4, 66.85, 14.4, 52.85, 92.85, 76.85, 42.85, 59.85, 35.85, 29.85, 54.85, 2.05, 26.85, 36.85, 18.67, 40.85, 77.85, 19.67, 42.85, 34.85, 64.85, 40.85, 97.85, 41.85, 48.85, 84.85, 45.85, 30.85, 48.85, 91.85, 41.85, 21.01, 102.85, 41.85, 43.85, 71.85, 38.85, 26.85, 35.85, 26.01, 37.85, 33.85, 67.85, 18.54, 104.85, 80.85, 43.85, 105.85, 28.85, 13.4, 12.4, 19.67, 42.85, 18.4, 39.85, 74.85, 56.85, 93.85, 32.85, 37.85, 36.85, 90.85, 40.85, 38.85, 26.85, 51.85, 105.85, 49.85, 68.85, 26.01];103.8;[1, 1, 2, 1, 1, 2, 1, 1, 2, 1, 1, 3, 3, 1, 3, 1, 2, 1, 2];2;30;True
80;30;80;5;True;2000;1;0;0;0;0;0;0;94.54376792907715;15.039002180099487;22477.924504343802;17977.536506175995;1604.8825358084782;2895.1500000000024;[38.55, 80.55, 17.55, 24.55, 14.55, 56.55, 47.55, 23.55, 55.55, 12.55, 43.55, 1.0, 14.55, 23.55, 22.55, 77.55, 8.55, 7.55, 25.55, 55.55, 64.55, 54.55, 88.55, 18.55, 3.0, 64.55, 7.0, 26.55, 88.55, 88.55, 19.55, 48.55, 56.55, 25.55, 40.55, 88.55, 7.0, 30.55, 51.55, 17.55, 24.55, 34.55, 16.55, 22.55, 25.55, 7.0, 85.55, 24.55, 31.55, 20.55, 33.55, 19.55, 47.55, 49.55, 11.55, 43.55, 29.55, 24.55, 17.55, 49.55, 88.55, 17.55, 59.55, 43.55, 43.55, 26.55, 53.55, 47.55, 27.55, 34.55, 24.55, 58.55, 25.55, 36.55, 40.55, 2.0, 23.55, 36.55, 7.0, 36.55];87.55;[3, 1, 1, 3, 1, 3, 2, 2, 1, 2, 1, 1, 1, 1, 1, 1, 1, 3, 1];2;30;True
80;30;80;6;True;2000;1;0;0;0;0;0;0;109.02395963668823;17.92841911315918;24107.762182528822;19779.43728208542;1540.324900443404;2788.0;[31.0, 28.0, 58.0, 87.0, 36.0, 108.0, 29.0, 68.0, 56.0, 15.0, 22.0, 23.0, 35.0, 32.0, 25.0, 7.0, 43.0, 20.0, 26.0, 70.0, 27.0, 32.0, 41.0, 10.0, 72.0, 36.0, 30.0, 19.0, 25.0, 13.0, 25.0, 52.0, 31.0, 42.0, 40.0, 35.0, 40.0, 14.0, 18.0, 51.0, 60.0, 18.0, 17.0, 38.0, 22.0, 27.0, 9.0, 8.0, 21.0, 73.0, 105.0, 9.0, 7.0, 26.0, 42.0, 21.0, 92.0, 20.0, 60.0, 12.0, 16.0, 18.0, 17.0, 20.0, 20.0, 66.0, 28.0, 44.0, 107.0, 37.0, 95.0, 30.0, 3.0, 22.0, 18.0, 10.0, 12.0, 27.0, 29.0, 10.0];105.0;[1, 3, 2, 1, 1, 2, 2, 1, 1, 1, 1, 1, 1, 1, 2, 1, 2, 2, 4];3;30;True
90;30;90;1;True;2000;1;0;0;0;0;0;0;95.44372487068176;23.54635262489319;23271.879639190964;18085.634370326996;1850.882492230113;3335.339999999998;[45.79, 16.08, 21.08, 70.79, 41.03, 26.08, 27.08, 85.79, 45.79, 24.08, 10.21, 29.08, 55.79, 30.08, 50.79, 52.79, 10.21, 24.08, 52.79, 27.08, 48.79, 3.31, 34.08, 33.08, 24.08, 42.03, 17.08, 83.79, 21.08, 33.08, 47.79, 9.21, 28.08, 48.79, 35.08, 68.79, 30.08, 10.75, 14.57, 56.79, 21.08, 53.79, 17.08, 68.79, 13.57, 17.08, 17.08, 80.79, 85.79, 72.79, 19.08, 85.79, 26.08, 10.21, 46.79, 22.08, 48.79, 24.08, 85.79, 24.08, 27.08, 25.08, 60.79, 69.79, 18.08, 45.79, 23.08, 18.08, 11.75, 21.08, 22.08, 85.79, 33.08, 14.57, 4.02, 50.79, 55.79, 25.08, 34.08, 22.08, 43.79, 75.79, 67.79, 25.08, 58.79, 8.28, 15.57, 12.75, 40.08, 42.03];82.48;[1, 3, 1, 2, 1, 3, 3, 3, 2, 2, 1, 1, 2, 2, 1, 2];2;30;True
90;30;90;2;True;2000;1;0;0;0;0;0;0;103.44705152511597;19.90850567817688;24241.11881385732;18091.392669677734;1948.4112337185811;4201.330000000005;[29.34, 83.53, 111.53, 41.34, 28.34, 78.53, 23.34, 15.43, 15.43, 55.53, 20.34, 77.53, 16.43, 43.34, 39.34, 16.43, 10.46, 41.34, 64.53, 17.34, 111.53, 49.53, 37.34, 101.53, 111.53, 68.53, 20.34, 36.34, 20.34, 18.34, 96.53, 27.34, 73.53, 21.34, 57.53, 105.53, 62.53, 40.34, 15.23, 40.34, 69.53, 30.34, 45.53, 58.53, 36.34, 38.34, 36.34, 95.53, 40.34, 56.53, 44.34, 39.34, 50.53, 13.33, 55.53, 47.53, 52.53, 10.41, 16.43, 35.34, 25.34, 56.53, 35.34, 111.53, 52.53, 39.34, 103.53, 21.34, 43.34, 9.26, 40.34, 55.53, 62.53, 15.23, 61.53, 16.43, 38.34, 62.53, 35.34, 43.34, 48.53, 65.53, 21.34, 24.34, 60.53, 43.34, 32.34, 57.53, 14.43, 86.53];102.27;[1, 1, 1, 2, 1, 1, 1, 2, 1, 1, 1, 1, 3, 1, 1, 3, 1, 1, 2, 2, 1, 1];2;30;True
90;30;90;3;True;2000;1;0;0;0;0;0;0;103.11280035972595;22.731083631515503;22811.604688637108;17596.897232055664;1834.2712026489132;3380.7099999999928;[33.49, 41.49, 46.49, 38.49, 51.49, 19.49, 19.49, 39.49, 52.49, 39.49, 12.99, 27.49, 95.49, 35.49, 20.49, 28.49, 22.49, 23.49, 19.49, 62.49, 24.49, 43.49, 85.49, 21.49, 24.49, 22.49, 84.49, 14.56, 21.49, 95.49, 19.49, 53.49, 50.49, 55.49, 71.49, 36.49, 49.49, 32.49, 30.49, 44.49, 26.49, 61.49, 27.49, 22.49, 28.49, 23.49, 33.49, 53.49, 31.49, 19.49, 25.49, 15.52, 33.49, 56.49, 21.49, 69.49, 14.56, 31.49, 95.49, 45.49, 58.49, 41.49, 29.49, 3.45, 7.43, 31.49, 36.49, 28.49, 2.0, 20.49, 20.49, 21.49, 18.49, 39.49, 30.49, 35.49, 49.49, 56.49, 24.49, 31.49, 16.52, 89.49, 95.49, 21.49, 37.49, 12.99, 49.49, 37.49, 49.49, 34.49];93.49;[1, 2, 3, 2, 1, 3, 1, 1, 1, 1, 2, 2, 1, 1, 1, 3, 2, 1, 1];2;30;True
90;30;90;4;True;2000;1;0;0;0;0;0;0;94.06468391418457;15.511675119400024;25407.542286937594;19571.409785747528;1525.6345970812574;4310.779999999996;[12.75, 94.58, 11.75, 57.58, 74.58, 54.58, 46.58, 29.58, 15.58, 67.58, 10.75, 68.58, 11.75, 40.58, 90.58, 30.58, 43.58, 64.58, 34.58, 27.58, 88.58, 2.12, 25.58, 35.58, 16.58, 40.58, 46.58, 18.58, 42.58, 33.58, 68.58, 41.58, 94.58, 43.58, 84.58, 60.58, 52.58, 29.58, 50.58, 79.58, 41.58, 20.58, 101.58, 46.58, 58.58, 64.58, 43.58, 25.58, 35.58, 24.58, 34.58, 32.58, 71.58, 16.58, 101.58, 69.58, 43.58, 47.58, 26.58, 12.75, 10.75, 17.58, 96.58, 15.58, 58.58, 78.58, 81.58, 101.58, 75.58, 36.58, 35.58, 66.58, 40.58, 41.58, 25.58, 50.58, 76.58, 53.58, 95.58, 24.58, 80.58, 72.58, 101.58, 18.58, 62.58, 28.58, 8.43, 47.58, 28.58, 13.75];99.46;[2, 1, 1, 1, 2, 1, 1, 1, 1, 2, 2, 2, 2, 2, 1, 1, 2, 1, 2, 2];1;30;True
90;30;90;5;True;2000;1;0;0;0;0;0;0;87.8423376083374;17.767614126205444;22623.708092913777;17690.173652648926;1637.279929961402;3296.42;[37.25, 78.25, 17.25, 26.25, 15.25, 58.25, 41.25, 24.25, 57.25, 13.33, 36.25, 1.0, 15.25, 23.25, 29.25, 82.25, 10.55, 9.55, 25.25, 56.25, 47.25, 64.25, 82.25, 18.25, 3.0, 82.25, 8.09, 26.25, 74.25, 82.25, 19.25, 50.25, 53.25, 26.25, 41.25, 71.25, 7.09, 26.25, 82.25, 17.25, 25.25, 63.25, 16.25, 22.25, 25.25, 8.09, 33.25, 28.25, 26.25, 20.25, 23.25, 20.25, 57.25, 51.25, 13.05, 42.25, 32.25, 19.25, 17.25, 46.25, 57.25, 18.25, 62.25, 45.25, 45.25, 27.25, 55.25, 61.25, 29.25, 35.25, 24.25, 61.25, 26.25, 37.25, 41.25, 2.0, 23.25, 36.25, 8.09, 38.25, 82.25, 70.25, 33.25, 4.0, 25.25, 60.25, 82.25, 27.25, 14.33, 32.25];81.25;[1, 1, 1, 2, 1, 1, 3, 1, 2, 1, 1, 1, 1, 1, 1, 1, 1, 2, 1, 3, 1, 1, 1];2;30;True
90;30;90;6;True;2000;1;0;0;0;0;0;0;102.39547038078308;20.60735249519348;24207.564555431607;19649.99123620987;1523.1000122769328;3034.3999999999983;[34.29, 28.89, 63.29, 52.29, 37.29, 37.29, 30.89, 51.29, 55.29, 15.96, 22.88, 24.89, 45.29, 30.89, 26.89, 7.57, 43.29, 23.89, 26.89, 29.89, 30.89, 33.29, 38.29, 11.96, 91.29, 34.29, 30.89, 19.96, 25.89, 14.96, 27.89, 42.29, 30.89, 43.29, 41.29, 34.29, 48.29, 16.96, 21.49, 47.29, 91.29, 18.96, 17.96, 39.29, 25.89, 28.89, 10.96, 9.96, 23.88, 91.29, 47.29, 9.33, 9.33, 26.89, 44.29, 23.88, 63.29, 21.49, 37.29, 13.96, 19.96, 19.96, 20.49, 21.49, 23.89, 55.29, 30.89, 57.29, 77.29, 38.29, 82.29, 31.89, 2.0, 24.89, 22.49, 11.96, 13.96, 29.89, 28.89, 11.96, 58.29, 72.29, 52.29, 26.89, 25.89, 39.29, 19.96, 9.96, 11.96, 62.29];89.29;[2, 1, 1, 1, 3, 1, 1, 4, 1, 2, 1, 1, 1, 3, 2, 1, 2, 2];3;30;True
100;30;100;1;True;2000;1;0;0;0;0;0;0;89.39022254943848;26.038391828536987;23441.092613895347;17930.62525987625;1816.9942110579184;3693.7599999999966;[48.33, 15.79, 19.79, 80.33, 43.33, 26.33, 28.33, 80.33, 45.33, 23.79, 10.79, 31.33, 80.33, 31.33, 51.33, 54.33, 11.79, 23.79, 54.33, 30.33, 50.33, 3.39, 37.33, 30.33, 24.33, 43.33, 17.79, 30.33, 19.79, 34.33, 46.33, 11.16, 28.33, 33.33, 35.33, 69.33, 31.33, 12.79, 14.79, 58.33, 20.79, 57.33, 16.79, 53.33, 14.79, 17.79, 17.79, 80.33, 80.33, 67.33, 17.79, 48.33, 25.33, 11.16, 47.33, 21.79, 52.33, 22.79, 80.33, 23.79, 29.33, 25.33, 62.33, 80.33, 18.79, 47.33, 21.79, 18.79, 13.79, 19.79, 21.79, 64.33, 34.33, 15.79, 3.84, 56.33, 60.33, 34.33, 41.33, 20.79, 80.33, 62.33, 64.33, 25.33, 57.33, 8.79, 16.79, 13.79, 40.33, 58.33, 13.79, 7.22, 10.79, 80.33, 13.79, 45.33, 35.33, 80.33, 22.79, 64.33];76.94;[2, 2, 3, 2, 1, 2, 2, 2, 1, 1, 2, 1, 2, 3, 1, 2, 1];2;30;True
100;30;100;2;True;2000;1;0;0;0;0;0;0;114.13129949569702;22.995845079421997;24929.495101235683;18154.698329925537;1970.2504824044481;4804.649999999997;[30.71, 86.43, 89.43, 39.43, 29.71, 75.43, 25.93, 18.06, 17.06, 55.43, 23.03, 80.43, 19.06, 44.43, 37.49, 17.06, 11.81, 39.43, 65.43, 21.06, 91.43, 49.43, 35.49, 114.43, 119.43, 76.43, 24.93, 34.03, 23.93, 19.06, 86.43, 27.93, 62.43, 23.03, 67.43, 98.43, 69.43, 39.43, 16.77, 40.43, 75.43, 27.93, 43.43, 58.43, 34.03, 36.49, 33.03, 99.43, 43.43, 58.43, 41.43, 37.49, 54.43, 14.34, 56.43, 47.43, 52.43, 11.81, 18.06, 33.03, 26.93, 45.43, 35.49, 119.43, 52.43, 39.43, 91.43, 23.03, 42.43, 10.81, 39.43, 62.43, 63.43, 15.78, 62.43, 19.06, 36.49, 63.43, 35.49, 42.43, 48.43, 66.43, 23.93, 25.93, 86.43, 42.43, 30.71, 57.43, 16.77, 68.43, 55.43, 87.43, 35.49, 15.78, 52.43, 63.43, 87.43, 34.03, 116.43, 38.49];108.62;[1, 1, 1, 1, 1, 3, 1, 1, 2, 3, 1, 1, 3, 1, 1, 2, 1, 1, 1, 1, 2];2;30;True
100;30;100;3;True;2000;1;0;0;0;0;0;0;108.49679493904114;23.634641408920288;22889.715733999416;17922.75762319565;1887.1479304962666;3080.0100000000043;[27.69, 35.69, 39.69, 30.69, 86.69, 12.69, 12.69, 33.69, 45.69, 33.69, 10.69, 21.69, 84.69, 29.69, 16.69, 22.69, 18.69, 16.69, 12.69, 46.69, 18.69, 36.69, 86.69, 14.69, 17.69, 16.69, 65.69, 13.69, 18.69, 39.69, 16.69, 41.69, 37.69, 43.69, 49.69, 32.69, 49.69, 25.69, 22.69, 40.69, 21.69, 57.69, 20.69, 15.69, 25.69, 18.69, 28.69, 41.69, 26.69, 13.69, 20.69, 9.69, 29.69, 43.69, 16.69, 55.69, 8.69, 35.69, 72.69, 37.69, 50.69, 35.69, 21.69, 3.03, 6.69, 25.69, 30.69, 21.69, 1.0, 16.69, 13.69, 15.69, 12.69, 33.69, 23.69, 29.69, 40.69, 48.69, 17.69, 25.69, 11.69, 85.69, 86.69, 14.69, 31.69, 11.69, 40.69, 22.69, 43.69, 26.69, 86.69, 58.69, 19.69, 37.69, 6.05, 9.69, 19.69, 21.69, 24.69, 12.69];85.69;[1, 1, 1, 2, 1, 3, 3, 2, 1, 1, 1, 1, 2, 1, 1, 4, 1, 3];3;30;True
100;30;100;4;True;2000;1;0;0;0;0;0;0;102.51497864723206;22.432501077651978;25828.189284321543;19837.051112174988;1513.9070963331746;4477.010000000001;[11.57, 81.5, 10.18, 55.5, 72.5, 32.5, 41.5, 27.31, 14.94, 77.5, 9.62, 102.5, 11.18, 39.5, 72.5, 60.5, 40.5, 60.5, 32.5, 27.31, 45.5, 2.5, 23.31, 34.5, 16.94, 39.5, 40.5, 17.94, 41.5, 32.5, 65.5, 36.5, 71.5, 38.5, 80.5, 55.5, 44.5, 27.31, 47.5, 81.5, 39.5, 20.48, 102.5, 40.5, 46.5, 56.5, 75.5, 25.31, 33.5, 24.31, 34.5, 31.5, 69.5, 16.94, 63.5, 58.5, 42.5, 42.5, 26.31, 12.26, 10.18, 16.94, 99.5, 14.94, 30.5, 89.5, 56.5, 93.5, 29.31, 36.5, 35.5, 77.5, 39.5, 36.5, 25.31, 68.5, 72.5, 49.5, 102.5, 24.31, 68.5, 62.5, 84.5, 17.94, 60.5, 27.31, 6.37, 45.5, 26.31, 12.96, 88.5, 27.31, 34.5, 18.95, 89.5, 22.53, 40.5, 25.31, 30.31, 90.5];100.0;[2, 2, 2, 1, 2, 2, 1, 1, 2, 3, 1, 1, 1, 1, 1, 2, 2, 1, 1, 1];2;30;True
100;30;100;5;True;2000;1;0;0;0;0;0;0;71.56113147735596;23.337759733200073;23535.94638275898;17676.161093711853;1608.5325063037246;4251.129999999999;[42.23, 69.23, 25.29, 32.23, 16.29, 63.23, 44.23, 26.29, 62.23, 20.29, 44.23, 1.0, 17.29, 31.23, 32.23, 69.23, 12.37, 11.36, 34.23, 61.23, 67.23, 63.23, 69.23, 22.29, 3.0, 52.23, 8.43, 28.29, 53.23, 69.23, 29.23, 56.23, 61.23, 37.23, 47.23, 69.23, 8.43, 37.23, 69.23, 24.29, 28.29, 63.23, 25.29, 29.08, 34.23, 8.43, 43.23, 36.23, 57.23, 28.29, 36.23, 22.29, 69.23, 58.23, 14.33, 47.23, 47.23, 29.23, 24.29, 51.23, 65.23, 28.29, 69.23, 52.23, 50.23, 32.23, 61.23, 38.23, 37.23, 40.23, 37.23, 68.23, 35.23, 42.23, 45.23, 2.0, 31.23, 42.23, 8.43, 42.23, 69.23, 69.23, 69.23, 4.13, 30.23, 67.23, 69.23, 38.23, 22.29, 41.23, 38.23, 69.23, 69.23, 56.23, 42.23, 69.23, 69.23, 69.23, 59.23, 55.23];68.23;[1, 2, 1, 4, 1, 1, 1, 1, 1, 1, 2, 1, 1, 1, 1, 2, 2, 1, 1, 1, 1, 1, 1];3;30;True
100;30;100;6;True;2000;1;0;0;0;0;0;0;107.46280121803284;24.197911024093628;25513.46973756984;19883.09853363037;1524.8853738273954;4105.730000000004;[39.85, 31.01, 79.84, 62.84, 43.37, 51.84, 33.01, 66.84, 58.84, 17.71, 24.9, 27.9, 49.37, 41.85, 29.01, 8.33, 50.84, 32.01, 30.01, 44.37, 48.37, 36.01, 46.37, 13.71, 67.84, 50.84, 43.37, 22.9, 27.9, 17.71, 35.01, 50.84, 41.85, 49.37, 46.37, 43.37, 58.84, 21.9, 26.9, 54.84, 100.84, 20.01, 20.01, 41.85, 36.01, 34.01, 10.71, 10.71, 29.01, 100.84, 54.84, 9.71, 9.71, 29.01, 51.84, 30.01, 65.84, 24.9, 65.84, 15.71, 22.9, 21.9, 26.9, 24.9, 34.01, 71.84, 37.85, 49.37, 100.84, 40.85, 100.84, 36.85, 2.8, 36.85, 29.01, 13.71, 15.71, 43.37, 34.01, 13.71, 56.84, 77.84, 78.84, 32.01, 34.01, 47.37, 23.9, 10.71, 13.71, 74.84, 16.71, 56.84, 6.85, 55.84, 32.01, 59.84, 97.84, 81.84, 50.84, 49.37];98.04;[2, 1, 1, 1, 1, 1, 3, 1, 2, 1, 2, 3, 2, 1, 1, 1, 1, 3, 2];2;30;True
40;40;40;1;True;2000;1;0;0;0;0;0;0;97.65111994743347;6.098684787750244;29893.97069650919;24709.15507555008;2342.2692004748637;2842.6399999999985;[117.35, 30.05, 34.05, 117.35, 117.35, 40.35, 51.35, 117.35, 71.35, 38.05, 37.05, 62.35, 88.35, 54.35, 77.35, 90.35, 40.35, 48.35, 117.35, 59.35, 69.35, 4.1, 115.35, 72.35, 97.35, 51.35, 39.35, 117.35, 68.35, 96.35, 63.35, 20.04, 94.35, 114.35, 63.35, 91.35, 117.35, 20.05, 36.05, 81.35];113.25;[3, 1, 3, 1, 2, 1, 1, 1, 1, 3, 1, 2, 1, 1, 2, 1, 2, 2, 1, 2, 1, 2, 1, 2, 2];2;40;True
40;40;40;2;True;2000;1;0;0;0;0;0;0;131.60391235351562;7.111534118652344;30574.65081813195;25200.486513614655;2552.1284844743423;2822.0999999999985;[93.85, 81.85, 77.85, 75.85, 41.85, 108.85, 37.85, 29.85, 19.05, 112.85, 31.85, 142.85, 47.85, 72.85, 100.85, 34.85, 14.15, 47.85, 93.85, 25.85, 139.85, 67.85, 70.85, 124.85, 89.85, 69.85, 34.85, 63.85, 32.85, 23.15, 83.85, 47.85, 95.85, 48.85, 71.85, 163.85, 117.85, 81.85, 16.15, 83.85];149.7;[1, 1, 2, 2, 1, 1, 2, 1, 2, 1, 1, 2, 1, 2, 2, 3, 2, 1, 1, 3, 2, 5, 1];4;40;True
40;40;40;3;True;2000;1;0;0;0;0;0;0;90.44176816940308;5.7010979652404785;28425.012506541985;23337.78743648529;2306.39799464394;2780.84;[56.32, 82.73, 77.94, 115.73, 111.73, 33.99, 35.99, 56.32, 100.73, 57.32, 19.99, 49.33, 115.73, 78.94, 42.37, 60.32, 33.99, 58.32, 33.99, 115.73, 45.33, 75.94, 115.73, 38.32, 51.33, 30.99, 115.73, 15.99, 51.33, 93.73, 46.33, 93.73, 104.73, 75.94, 82.73, 58.32, 88.73, 88.73, 87.73, 81.94];99.74000000000001;[1, 1, 2, 1, 1, 1, 1, 3, 1, 1, 1, 1, 1, 1, 2, 3, 1, 4, 2, 1, 4, 1, 1, 1, 1, 1, 1];3;40;True
40;40;40;4;True;2000;1;0;0;0;0;0;0;113.45230340957642;6.151043891906738;29902.11783329055;24403.698532104492;2319.0058270226177;3179.3999999999987;[42.35, 90.64, 36.35, 75.64, 90.64, 151.64, 77.64, 62.83, 29.43, 105.64, 22.43, 124.64, 27.43, 85.64, 108.64, 125.64, 92.64, 81.64, 75.64, 65.83, 151.64, 3.41, 48.35, 56.29, 40.35, 49.35, 104.64, 36.98, 60.29, 49.35, 112.64, 112.64, 111.64, 144.64, 94.64, 116.64, 62.83, 60.83, 77.64, 111.64];148.23;[1, 2, 1, 4, 2, 1, 1, 2, 2, 1, 2, 1, 1, 2, 2, 1, 2, 3, 3, 2, 1, 1, 2];3;40;True
40;40;40;5;True;2000;1;0;0;0;0;0;0;109.16606998443604;5.309619665145874;28191.9419270594;23060.70329284668;2372.860562467144;2758.460000000001;[55.53, 61.53, 52.53, 76.53, 32.13, 131.53, 64.53, 31.13, 86.53, 40.3, 67.53, 3.0, 39.3, 51.53, 47.53, 131.53, 31.13, 31.13, 51.53, 79.53, 77.53, 127.53, 131.53, 48.53, 4.83, 117.53, 15.49, 44.3, 131.53, 131.53, 107.53, 85.53, 78.53, 131.53, 66.53, 108.53, 10.58, 58.53, 69.53, 45.3];128.53;[2, 1, 1, 2, 1, 1, 1, 3, 1, 2, 1, 2, 1, 1, 3, 2, 2, 1, 2, 1, 5, 2, 2];4;40;True
40;40;40;6;True;2000;1;0;0;0;0;0;0;103.39063477516174;6.704545736312866;32136.755633563593;26745.751485824585;2232.7193261516154;3158.349999999999;[77.93, 49.52, 122.93, 124.93, 86.93, 132.93, 91.93, 112.93, 87.93, 22.33, 29.33, 45.52, 69.93, 58.93, 40.52, 11.43, 98.93, 49.52, 60.93, 106.93, 90.93, 135.93, 74.93, 32.52, 135.93, 135.93, 108.93, 37.47, 34.52, 33.52, 44.52, 113.93, 96.93, 83.93, 75.93, 96.93, 135.93, 49.52, 59.93, 97.93];124.5;[2, 2, 1, 2, 2, 1, 1, 1, 3, 1, 1, 1, 2, 1, 1, 1, 2, 3, 3, 1, 1, 1, 3, 3];2;40;True
50;40;50;1;True;2000;1;0;0;0;0;0;0;89.25256633758545;10.568531513214111;30022.234025949;24920.00356245041;2337.0142023043627;2765.2799999999997;[93.1, 26.17, 29.29, 93.1, 72.1, 35.55, 37.55, 93.1, 52.9, 48.55, 13.52, 48.55, 83.1, 67.14, 73.1, 79.1, 17.54, 35.55, 93.1, 68.1, 66.14, 4.24, 63.14, 39.55, 54.9, 53.9, 23.17, 93.1, 38.55, 86.1, 52.9, 16.54, 48.55, 93.1, 42.55, 93.1, 63.14, 17.54, 23.17, 93.1, 33.55, 74.1, 27.23, 54.9, 25.17, 24.17, 24.17, 93.1, 93.1, 89.1];88.86;[4, 3, 2, 2, 1, 1, 1, 2, 2, 3, 1, 1, 1, 2, 3, 1, 1, 3, 3, 1, 1, 1];3;40;True
50;40;50;2;True;2000;1;0;0;0;0;0;0;120.79953289031982;10.70066523551941;30656.99021192288;25202.467567443848;2494.399334652029;2960.080000000002;[30.55, 77.53, 78.53, 82.53, 36.55, 105.53, 38.55, 18.11, 18.11, 103.53, 30.55, 88.53, 19.11, 46.55, 43.55, 18.11, 11.11, 101.53, 78.53, 19.93, 137.53, 60.53, 46.55, 126.53, 83.53, 56.53, 22.93, 45.54, 21.93, 19.11, 100.53, 31.55, 65.53, 22.93, 70.53, 134.53, 102.53, 52.53, 15.11, 62.53, 49.55, 28.22, 62.53, 74.53, 38.55, 54.53, 47.55, 138.53, 54.53, 85.53];127.42;[1, 2, 2, 1, 1, 1, 1, 2, 3, 4, 2, 1, 1, 2, 4, 1, 1, 1, 1, 4, 4];3;40;True
50;40;50;3;True;2000;1;0;0;0;0;0;0;105.59454417228699;10.942056655883789;28502.49286221437;23763.152561187744;2284.831594904354;2454.3699999999994;[65.18, 49.18, 50.18, 90.18, 73.18, 21.18, 20.18, 46.18, 87.18, 66.18, 13.62, 34.18, 111.18, 39.18, 21.18, 46.18, 23.18, 52.18, 20.18, 111.18, 27.18, 44.18, 111.18, 24.18, 31.18, 26.18, 69.18, 15.02, 21.18, 88.18, 20.18, 59.18, 81.18, 58.18, 84.18, 42.18, 51.18, 41.18, 102.18, 45.18, 27.18, 72.18, 35.18, 25.18, 29.18, 24.18, 36.18, 67.18, 35.18, 19.27];97.56;[1, 1, 3, 2, 1, 4, 3, 1, 2, 3, 1, 1, 2, 2, 2, 5, 2, 2, 1, 1];4;40;True
50;40;50;4;True;2000;1;0;0;0;0;0;0;108.42624926567078;12.115655660629272;29999.672657330648;24931.718656539917;2232.3870785487443;2835.599999999999;[16.87, 70.79, 13.0, 54.79, 67.79, 37.79, 68.79, 35.79, 17.76, 97.79, 14.0, 99.79, 15.87, 53.79, 97.79, 111.79, 67.79, 63.79, 49.79, 30.79, 111.79, 3.41, 30.53, 39.79, 21.44, 40.79, 65.79, 19.77, 50.79, 42.79, 74.79, 47.79, 83.79, 50.79, 80.79, 77.79, 43.79, 37.79, 58.79, 89.79, 50.79, 22.49, 109.79, 106.79, 96.79, 75.79, 111.79, 27.91, 43.79, 30.53];108.38000000000001;[2, 1, 1, 1, 3, 1, 4, 1, 1, 4, 2, 1, 1, 1, 1, 2, 2, 1, 1, 1, 2, 2, 4];3;40;True
50;40;50;5;True;2000;1;0;0;0;0;0;0;107.6681182384491;10.10856318473816;28832.387357629228;23440.499438762665;2371.8093235335473;3020.030000000002;[44.28, 75.28, 30.83, 35.83, 20.53, 97.28, 60.28, 31.83, 79.28, 28.83, 123.28, 3.0, 24.53, 46.28, 42.28, 102.28, 19.53, 18.53, 44.28, 68.28, 123.28, 96.28, 123.28, 28.83, 4.83, 111.28, 13.32, 33.83, 123.28, 119.28, 64.28, 73.28, 100.28, 75.28, 55.28, 106.28, 11.89, 51.28, 76.28, 40.28, 46.28, 83.28, 45.28, 42.28, 65.28, 14.09, 103.28, 106.28, 44.28, 41.28];120.28;[2, 3, 1, 3, 1, 2, 1, 4, 1, 2, 3, 2, 1, 1, 1, 3, 2, 1, 1, 2, 1, 2];3;40;True
50;40;50;6;True;2000;1;0;0;0;0;0;0;116.80710101127625;11.441982507705688;32178.227584095872;27155.471118927002;2259.7293124085377;2762.9500000000007;[57.78, 31.67, 75.78, 89.78, 58.78, 91.78, 33.67, 55.78, 78.78, 18.79, 25.8, 36.67, 70.78, 54.78, 29.8, 8.31, 70.78, 31.67, 40.67, 123.78, 45.67, 38.67, 50.78, 16.75, 120.78, 106.78, 72.78, 25.8, 28.8, 19.79, 32.67, 71.78, 72.78, 127.78, 50.78, 49.78, 128.78, 24.8, 39.67, 66.78, 98.78, 21.79, 21.79, 41.67, 89.78, 32.67, 15.54, 14.54, 63.78, 84.78];120.47;[2, 1, 3, 2, 1, 1, 2, 4, 2, 4, 2, 1, 1, 2, 1, 3, 1, 1, 2, 1, 2, 1];3;40;True
60;40;60;1;True;2000;1;0;0;0;0;0;0;91.06874775886536;12.881259441375732;30090.34305552417;24822.550468444824;2334.176914986362;2933.6799999999976;[63.99, 23.94, 27.99, 86.99, 71.99, 35.99, 36.99, 60.99, 49.99, 32.99, 12.31, 38.99, 86.99, 49.99, 63.99, 60.99, 16.68, 44.99, 61.99, 69.99, 54.99, 4.01, 54.99, 86.99, 41.99, 50.99, 22.69, 57.99, 29.99, 84.99, 53.99, 14.69, 36.99, 54.99, 51.99, 72.99, 86.99, 18.69, 22.69, 70.99, 23.69, 79.99, 24.99, 48.99, 22.69, 23.69, 23.69, 69.99, 86.99, 76.99, 27.99, 61.99, 33.99, 15.69, 54.99, 30.99, 86.99, 47.99, 86.99, 30.99];82.97999999999999;[1, 3, 1, 3, 1, 3, 2, 1, 2, 2, 3, 2, 2, 1, 2, 3, 3, 1, 1, 1, 2];2;40;True
60;40;60;2;True;2000;1;0;0;0;0;0;0;131.846440076828;14.597649097442627;30603.340909891496;25199.947608470917;2561.8893184738704;2841.360000000002;[28.8, 79.8, 60.8, 86.8, 27.8, 130.8, 22.8, 16.63, 15.63, 77.8, 19.8, 85.8, 17.63, 40.8, 29.8, 16.63, 12.52, 37.8, 64.8, 17.8, 63.8, 41.8, 45.8, 114.8, 78.8, 77.8, 19.8, 28.8, 18.8, 18.8, 96.8, 21.8, 56.8, 20.8, 47.8, 138.8, 102.8, 35.8, 15.63, 50.8, 31.8, 22.8, 37.8, 52.8, 27.8, 30.8, 30.8, 112.8, 49.8, 67.8, 38.8, 42.8, 49.8, 14.63, 73.8, 44.8, 61.8, 10.63, 17.63, 33.8];128.17000000000002;[1, 2, 3, 1, 2, 1, 1, 2, 1, 2, 3, 1, 3, 2, 5, 2, 1, 1, 1, 1, 1, 2, 1];4;40;True
60;40;60;3;True;2000;1;0;0;0;0;0;0;110.41691970825195;17.524285554885864;29079.50519818879;23873.39857816696;2312.2212096392445;2893.9099999999994;[54.95, 55.95, 51.95, 78.95, 64.95, 18.3, 17.61, 46.95, 57.95, 51.95, 13.09, 27.65, 105.95, 42.95, 20.3, 36.36, 21.45, 51.95, 17.61, 77.95, 29.65, 56.95, 110.95, 20.3, 23.45, 21.3, 97.95, 14.82, 20.3, 115.95, 19.3, 64.95, 59.95, 85.95, 70.95, 36.95, 64.95, 41.95, 35.34, 44.95, 25.65, 63.95, 30.65, 21.45, 27.65, 22.45, 36.36, 72.95, 31.65, 17.61, 25.16, 14.82, 115.95, 54.95, 20.3, 115.95, 13.93, 86.95, 86.95, 56.95];102.86;[1, 2, 3, 1, 1, 1, 3, 1, 1, 2, 3, 1, 2, 1, 2, 2, 1, 2, 1, 2, 3, 2, 1, 1];2;40;True
60;40;60;4;True;2000;1;0;0;0;0;0;0;116.7218668460846;13.879741907119751;30092.64270044332;24837.350962638855;2303.052154040613;2952.41;[15.14, 81.14, 13.81, 52.14, 65.14, 30.14, 83.14, 28.14, 17.14, 87.14, 12.82, 57.14, 15.14, 68.14, 79.14, 72.14, 50.14, 71.14, 44.14, 24.14, 102.14, 2.8, 22.14, 40.14, 18.14, 39.14, 59.14, 19.14, 47.14, 31.14, 63.14, 112.14, 82.14, 58.14, 51.14, 41.14, 43.14, 27.14, 62.14, 65.14, 38.14, 21.14, 105.14, 44.14, 60.14, 71.14, 36.14, 25.14, 67.14, 24.14, 52.14, 29.14, 84.14, 18.14, 85.14, 60.14, 40.14, 98.14, 25.14, 14.14];109.34;[1, 1, 3, 2, 2, 1, 2, 1, 2, 1, 3, 1, 1, 1, 1, 1, 1, 2, 2, 1, 4, 1, 1, 3, 1];3;40;True
60;40;60;5;True;2000;1;0;0;0;0;0;0;90.56689524650574;12.880559921264648;28293.035462106956;22895.19105911255;2301.7761200478462;3096.059999999998;[44.16, 84.16, 31.16, 39.16, 18.39, 79.16, 49.16, 28.16, 67.16, 25.39, 59.16, 1.0, 21.39, 58.16, 43.16, 87.16, 16.76, 14.39, 39.16, 62.16, 97.16, 84.16, 97.16, 26.39, 3.0, 97.16, 10.4, 30.16, 97.16, 97.16, 42.16, 58.16, 88.16, 68.16, 59.16, 97.16, 9.25, 54.16, 65.16, 29.16, 32.16, 57.16, 31.16, 33.16, 52.16, 10.4, 96.16, 57.16, 95.16, 33.16, 48.16, 24.39, 82.16, 76.16, 18.39, 48.16, 54.16, 45.16, 28.16, 94.16];96.16;[2, 1, 1, 1, 1, 2, 1, 4, 2, 5, 1, 1, 1, 1, 1, 1, 1, 1, 1, 2, 3, 2, 1, 2, 1];4;40;True
60;40;60;6;True;2000;1;0;0;0;0;0;0;117.04248523712158;15.58142614364624;32137.428782850046;26903.93744659424;2344.2234525469084;2889.2599999999993;[51.41, 30.41, 73.41, 85.41, 44.41, 124.41, 32.41, 91.41, 116.41, 18.41, 25.41, 29.41, 124.41, 33.41, 28.41, 9.08, 61.41, 25.41, 32.41, 124.41, 35.41, 35.41, 42.41, 15.19, 96.41, 55.41, 47.41, 23.41, 27.41, 18.41, 30.41, 62.41, 37.41, 50.41, 47.41, 65.41, 39.41, 20.41, 24.41, 50.41, 124.41, 21.41, 20.41, 40.41, 124.41, 36.41, 15.19, 14.19, 30.41, 82.41, 56.41, 9.5, 12.19, 28.41, 56.41, 26.41, 124.41, 23.41, 38.41, 17.19];115.33;[3, 3, 2, 2, 1, 1, 2, 1, 1, 2, 1, 4, 4, 1, 2, 1, 1, 1, 1, 1, 1, 1, 2, 1];3;40;True
70;40;70;1;True;2000;1;0;0;0;0;0;0;85.41817688941956;16.774713277816772;30090.837912859304;24889.082657814026;2386.3991065301266;2815.269999999996;[58.49, 22.33, 26.33, 66.49, 52.49, 30.49, 32.49, 66.49, 48.49, 28.49, 11.76, 33.49, 59.49, 45.49, 55.49, 66.49, 16.33, 39.49, 54.49, 48.49, 50.49, 4.07, 48.49, 66.49, 38.49, 44.49, 22.33, 66.49, 26.49, 36.49, 48.49, 14.33, 32.49, 66.49, 38.49, 60.49, 34.49, 17.33, 21.33, 54.49, 23.33, 66.49, 23.33, 34.49, 21.33, 22.33, 22.33, 59.49, 66.49, 66.49, 25.33, 48.49, 36.49, 15.33, 47.49, 27.49, 66.49, 31.49, 66.49, 28.49, 35.49, 30.49, 60.49, 64.49, 23.33, 49.49, 29.49, 22.33, 17.33, 26.33];62.419999999999995;[2, 3, 1, 2, 1, 1, 1, 1, 1, 3, 2, 1, 3, 2, 1, 1, 2, 3, 3, 2, 1, 2, 1];2;40;True
70;40;70;2;True;2000;1;0;0;0;0;0;0;138.36261081695557;19.03936243057251;31153.903125178185;25602.063347816467;2623.1949554378393;2928.9000000000046;[28.51, 90.51, 133.51, 28.51, 26.51, 110.51, 20.51, 13.51, 12.51, 73.51, 18.51, 74.51, 15.51, 39.51, 27.51, 14.51, 11.51, 39.51, 51.51, 15.51, 61.51, 50.51, 29.51, 56.51, 93.51, 51.51, 17.51, 27.51, 16.51, 17.51, 63.51, 20.51, 44.51, 18.51, 98.51, 89.51, 73.51, 35.51, 14.51, 36.51, 29.51, 21.51, 34.51, 42.51, 26.51, 30.51, 26.51, 95.51, 30.51, 45.51, 35.51, 33.51, 37.51, 13.51, 86.51, 49.51, 38.51, 10.51, 14.51, 27.51, 21.51, 45.51, 31.51, 116.51, 41.51, 36.51, 72.51, 20.51, 39.51, 9.71];123.79999999999998;[1, 3, 3, 1, 1, 2, 1, 2, 1, 1, 2, 2, 2, 1, 1, 1, 2, 1, 4, 5, 1, 1, 1];4;40;True
70;40;70;3;True;2000;1;0;0;0;0;0;0;110.20286059379578;21.787837505340576;28817.57813252889;23838.23268222809;2265.2141325618395;2714.009999999999;[37.27, 52.27, 50.27, 65.27, 73.27, 11.41, 10.41, 48.27, 60.27, 46.27, 10.41, 20.27, 106.27, 35.27, 15.41, 31.27, 18.27, 28.27, 11.41, 55.27, 16.27, 53.27, 80.27, 13.41, 16.27, 15.41, 95.27, 13.41, 17.27, 106.27, 15.41, 54.27, 75.27, 74.27, 72.27, 32.27, 37.27, 26.27, 28.27, 40.27, 21.27, 58.27, 19.27, 14.41, 25.27, 17.27, 27.27, 81.27, 26.27, 12.41, 20.27, 8.41, 64.27, 46.27, 15.41, 106.27, 7.41, 106.27, 91.27, 49.27, 65.27, 35.27, 21.27, 2.41, 5.41, 24.27, 31.27, 23.27, 2.0, 15.41];104.27;[1, 1, 1, 2, 1, 1, 1, 1, 3, 1, 1, 1, 2, 2, 1, 2, 1, 3, 2, 1, 1, 3, 2, 1, 2, 2];2;40;True
70;40;70;4;True;2000;1;0;0;0;0;0;0;125.40706205368042;19.08134174346924;30586.812575874137;24799.32632780075;2283.4449712469236;3504.240000000004;[14.2, 79.9, 12.28, 54.9, 67.9, 67.9, 39.9, 32.67, 16.13, 93.9, 12.28, 62.9, 13.34, 51.9, 86.9, 37.33, 56.9, 80.9, 36.33, 33.67, 40.9, 2.32, 28.66, 38.38, 20.88, 41.9, 62.9, 18.88, 49.9, 35.49, 65.9, 111.9, 101.9, 39.9, 69.9, 57.9, 45.9, 32.67, 46.9, 72.9, 55.9, 21.88, 102.9, 57.9, 61.9, 96.9, 38.38, 28.06, 61.9, 27.06, 52.9, 35.08, 106.9, 17.88, 73.9, 58.9, 42.9, 87.9, 29.67, 13.34, 11.36, 18.88, 40.9, 16.96, 47.9, 86.9, 59.9, 45.9, 126.9, 38.38];124.58000000000001;[2, 2, 1, 1, 1, 1, 2, 1, 2, 2, 1, 1, 1, 1, 1, 3, 1, 1, 3, 1, 1, 3, 1, 1, 1, 4];3;40;True
70;40;70;5;True;2000;1;0;0;0;0;0;0;109.25697612762451;19.550909519195557;29060.067815375674;23153.90106344223;2318.2013122660646;3588.0699999999956;[42.22, 56.22, 25.18, 39.22, 17.52, 62.22, 57.22, 26.18, 61.22, 20.18, 67.22, 1.0, 19.18, 31.18, 36.18, 102.22, 14.51, 12.64, 48.22, 60.22, 86.22, 60.22, 113.22, 23.07, 3.0, 111.22, 10.48, 29.18, 113.22, 113.22, 40.22, 57.22, 100.22, 33.18, 46.22, 112.22, 9.48, 42.22, 99.22, 24.18, 28.18, 75.22, 25.18, 28.18, 57.22, 9.48, 99.22, 47.22, 110.22, 28.18, 45.22, 23.07, 77.22, 77.22, 17.52, 46.22, 65.22, 35.18, 24.18, 78.22, 113.22, 27.18, 69.22, 55.22, 52.22, 32.18, 59.22, 75.22, 39.22, 40.22];112.22;[2, 1, 1, 1, 1, 2, 1, 2, 1, 2, 3, 1, 1, 3, 1, 2, 1, 2, 1, 1, 2, 1, 3, 1, 3];2;40;True
70;40;70;6;True;2000;1;0;0;0;0;0;0;121.11239218711853;22.08470869064331;32907.95538260913;27364.425881385803;2308.686042693834;3234.859999999998;[44.56, 30.21, 78.56, 82.56, 46.56, 121.56, 32.11, 76.56, 119.56, 17.94, 24.47, 26.47, 121.56, 36.51, 27.94, 8.08, 50.56, 26.47, 29.21, 121.56, 38.51, 35.68, 53.56, 14.45, 92.56, 43.56, 75.56, 22.62, 27.24, 16.94, 30.21, 67.56, 39.51, 60.56, 42.56, 57.56, 43.56, 19.94, 24.47, 61.56, 121.56, 20.94, 19.94, 40.56, 121.56, 35.68, 12.45, 12.06, 29.21, 81.56, 59.56, 8.85, 10.44, 27.94, 42.56, 26.47, 121.56, 23.47, 40.56, 15.79, 21.74, 20.94, 24.47, 23.47, 26.47, 62.56, 35.68, 47.56, 68.56, 39.51];113.48;[2, 3, 2, 1, 2, 1, 1, 1, 5, 3, 1, 2, 1, 1, 1, 2, 2, 1, 1, 3, 1, 3];4;40;True
80;40;80;1;True;2000;1;0;0;0;0;0;0;120.18508887290955;28.651025772094727;30896.238861030513;25381.25682592392;2332.908807388636;3181.839999999995;[68.62, 12.47, 17.74, 105.62, 51.62, 24.62, 25.62, 106.62, 42.62, 21.62, 10.06, 27.62, 80.62, 37.62, 61.62, 69.62, 8.72, 22.62, 58.62, 28.62, 46.62, 3.35, 37.62, 65.62, 39.62, 42.62, 14.47, 106.62, 17.74, 30.62, 43.62, 7.72, 26.62, 36.62, 33.62, 78.62, 27.62, 8.72, 11.06, 78.62, 19.62, 49.62, 14.47, 43.62, 11.06, 15.47, 14.47, 98.62, 95.62, 102.62, 15.47, 66.62, 23.62, 7.72, 44.62, 19.62, 106.62, 22.62, 99.62, 22.62, 25.62, 23.62, 57.62, 75.62, 16.47, 44.62, 19.62, 16.47, 8.86, 17.74, 20.62, 72.62, 51.62, 11.43, 4.08, 52.62, 56.62, 24.62, 27.62, 18.74];103.27000000000001;[3, 3, 3, 2, 1, 2, 2, 1, 1, 1, 2, 1, 2, 3, 1, 1, 4, 2, 1, 1, 1, 1, 1];3;40;True
80;40;80;2;True;2000;1;0;0;0;0;0;0;156.84270596504211;26.93282437324524;31506.876084086427;25487.78627872467;2633.449479800539;3385.650000000003;[29.25, 67.42, 147.42, 30.25, 27.25, 101.42, 22.25, 15.86, 15.86, 52.42, 19.25, 70.42, 16.86, 40.21, 29.25, 16.86, 11.96, 29.25, 59.42, 17.25, 81.42, 51.42, 30.25, 92.42, 70.42, 42.42, 19.25, 28.25, 18.25, 18.25, 114.42, 23.25, 39.21, 20.25, 40.21, 48.42, 154.42, 36.21, 15.86, 37.21, 38.21, 23.25, 35.21, 45.42, 28.25, 30.84, 27.25, 69.42, 31.84, 52.42, 32.84, 36.21, 37.21, 13.86, 82.42, 54.42, 44.42, 10.96, 16.86, 28.25, 23.25, 46.42, 31.84, 127.42, 40.21, 36.21, 89.42, 21.25, 40.21, 10.38, 31.84, 47.42, 54.42, 14.86, 54.42, 16.86, 30.25, 53.42, 33.84, 40.21];144.04;[1, 1, 3, 2, 1, 2, 3, 2, 3, 2, 3, 1, 1, 1, 1, 1, 3, 1, 1, 3, 3, 1];2;40;True
80;40;80;3;True;2000;1;0;0;0;0;0;0;96.47876691818237;26.645092964172363;28934.140090841407;23884.75622844696;2349.493610809974;2699.9700000000016;[33.67, 35.67, 42.67, 38.67, 67.67, 13.62, 11.62, 37.67, 70.67, 41.67, 11.37, 22.67, 74.67, 30.67, 17.62, 23.67, 19.67, 17.83, 12.62, 67.67, 18.83, 37.67, 74.67, 16.62, 18.83, 17.62, 49.67, 13.62, 18.83, 74.67, 16.62, 62.67, 41.67, 48.67, 43.67, 33.67, 39.67, 26.67, 35.67, 41.67, 22.67, 57.67, 21.67, 17.62, 25.67, 18.83, 28.67, 45.67, 27.67, 13.62, 21.67, 10.22, 72.67, 49.67, 17.62, 74.67, 9.22, 74.67, 73.67, 43.67, 50.67, 36.67, 40.67, 3.41, 6.96, 26.67, 32.67, 23.67, 2.0, 16.62, 13.62, 17.62, 12.62, 35.67, 24.67, 31.67, 74.67, 51.67, 18.83, 27.67];72.67;[2, 1, 1, 1, 4, 3, 3, 2, 2, 2, 1, 1, 1, 1, 1, 1, 2, 1, 2, 1, 1, 4, 1, 1];3;40;True
80;40;80;4;True;2000;1;0;0;0;0;0;0;95.10703945159912;23.126774787902832;30040.636207330423;24393.49433851242;2246.672596169487;3400.5600000000036;[13.47, 58.15, 11.35, 58.15, 66.15, 80.15, 33.15, 28.15, 15.43, 57.15, 11.47, 61.15, 13.47, 53.15, 66.15, 47.15, 41.15, 54.15, 34.15, 28.15, 41.15, 2.05, 25.15, 35.15, 17.91, 39.15, 57.15, 18.63, 40.15, 33.15, 80.15, 32.15, 74.15, 49.15, 54.15, 75.15, 43.15, 28.15, 43.15, 80.15, 42.15, 20.9, 73.15, 37.15, 60.15, 49.15, 31.15, 26.15, 31.15, 24.9, 49.15, 31.15, 79.15, 16.97, 80.15, 55.15, 41.15, 78.15, 27.15, 13.47, 11.35, 17.63, 33.15, 16.06, 32.15, 72.15, 52.15, 78.15, 29.15, 36.15, 35.15, 60.15, 39.15, 32.15, 25.15, 35.15, 80.15, 42.15, 80.15, 24.9];78.10000000000001;[2, 1, 5, 1, 1, 1, 1, 1, 2, 1, 1, 1, 3, 1, 1, 1, 1, 2, 1, 1, 2, 2, 2, 2, 2, 1];4;40;True
80;40;80;5;True;2000;1;0;0;0;0;0;0;104.72540020942688;22.442808151245117;29193.296510511616;23505.420606136322;2368.942783992761;3319.1999999999953;[37.72, 53.72, 18.72, 25.72, 15.72, 56.72, 38.72, 24.72, 56.72, 14.72, 68.72, 1.0, 16.72, 24.72, 22.72, 90.72, 11.72, 10.72, 45.72, 55.72, 90.72, 55.72, 90.72, 19.72, 3.0, 90.72, 8.16, 26.72, 90.72, 90.72, 19.72, 50.72, 70.72, 28.72, 41.72, 90.72, 7.16, 53.72, 90.72, 18.72, 25.72, 40.72, 17.72, 22.72, 25.72, 8.16, 90.72, 34.72, 86.72, 22.72, 29.72, 20.72, 66.72, 67.72, 13.72, 41.72, 35.72, 22.72, 18.72, 61.72, 90.72, 18.72, 72.72, 72.72, 43.72, 27.72, 54.72, 42.72, 29.72, 34.72, 42.72, 59.72, 39.72, 37.72, 40.72, 2.0, 24.72, 50.72, 8.16, 38.72];89.72;[2, 1, 2, 1, 2, 1, 4, 1, 2, 2, 1, 1, 1, 1, 1, 2, 2, 2, 1, 1, 1, 3, 1, 2, 1, 1];3;40;True
80;40;80;6;True;2000;1;0;0;0;0;0;0;133.3697965145111;28.47506546974182;33182.70637852206;28051.34666824341;2333.1787402062187;2798.139999999995;[33.62, 27.62, 43.62, 85.62, 35.62, 45.62, 28.62, 75.62, 66.62, 15.62, 21.62, 24.62, 85.62, 32.62, 25.62, 7.0, 40.62, 19.62, 26.62, 103.62, 26.62, 30.62, 47.62, 11.04, 47.62, 94.62, 50.62, 18.62, 24.62, 13.62, 23.62, 69.62, 27.62, 43.62, 37.62, 54.62, 30.62, 14.62, 16.62, 51.62, 59.62, 18.62, 16.62, 37.62, 21.62, 24.62, 9.0, 8.0, 23.62, 79.62, 86.62, 8.0, 8.0, 25.62, 38.62, 19.62, 71.62, 19.62, 34.62, 12.62, 15.62, 18.62, 15.62, 19.62, 19.62, 59.62, 25.62, 40.62, 107.62, 35.62, 53.62, 32.62, 2.0, 19.62, 16.62, 11.04, 12.62, 48.62, 26.62, 11.04];105.62;[5, 4, 3, 1, 1, 1, 2, 2, 1, 1, 1, 1, 2, 1, 1, 1, 1, 3, 1, 2, 4, 1];4;40;True
90;40;90;1;True;2000;1;0;0;0;0;0;0;115.85220742225647;38.192869901657104;31110.59452980325;25348.692599773407;2420.5427212622567;3341.5900000000015;[55.0, 14.94, 18.94, 57.0, 39.39, 23.94, 25.94, 94.0, 47.0, 21.94, 10.33, 27.94, 93.0, 30.94, 49.0, 61.0, 10.33, 22.94, 52.0, 24.94, 48.0, 3.31, 50.0, 33.94, 21.94, 42.39, 16.94, 83.0, 18.94, 37.39, 48.0, 9.33, 26.94, 34.94, 32.94, 64.0, 27.94, 10.33, 13.94, 62.0, 20.94, 52.0, 16.94, 47.0, 12.94, 16.94, 15.94, 91.0, 93.0, 60.0, 16.94, 72.0, 24.94, 10.33, 45.0, 20.94, 70.0, 20.94, 89.0, 22.94, 25.94, 23.94, 58.0, 69.0, 17.94, 45.0, 19.94, 17.94, 11.33, 18.94, 18.94, 85.0, 33.94, 13.94, 4.02, 52.0, 53.0, 24.94, 40.39, 19.94, 29.94, 79.0, 94.0, 23.94, 59.0, 8.98, 15.94, 12.93, 34.94, 42.39];90.69;[4, 3, 1, 1, 1, 1, 1, 1, 3, 1, 3, 3, 3, 2, 1, 1, 1, 3, 2, 2, 2];3;40;True
90;40;90;2;True;2000;1;0;0;0;0;0;0;142.03755164146423;40.87568521499634;32549.530650182453;26101.6420545578;2614.5039563912646;3833.3700000000013;[27.98, 69.98, 123.98, 27.98, 26.98, 105.98, 20.98, 14.79, 13.79, 52.98, 18.98, 71.98, 15.98, 38.98, 27.98, 14.79, 10.9, 27.98, 48.98, 15.98, 94.98, 76.98, 28.98, 122.98, 97.98, 44.98, 18.98, 26.98, 17.98, 16.98, 84.98, 20.98, 37.98, 18.98, 53.98, 94.98, 124.98, 35.98, 14.79, 35.98, 49.98, 22.98, 33.98, 49.98, 25.98, 29.98, 25.98, 94.98, 30.98, 71.98, 30.98, 36.98, 44.98, 12.79, 51.98, 42.98, 38.98, 10.63, 14.98, 26.98, 21.98, 42.98, 30.98, 124.98, 41.98, 35.98, 69.98, 20.98, 38.98, 9.8, 29.98, 62.98, 53.98, 11.9, 57.98, 14.98, 27.98, 53.98, 32.98, 38.98, 36.98, 59.98, 18.98, 23.98, 80.98, 36.98, 23.98, 49.98, 14.79, 63.98];115.18;[2, 1, 4, 2, 1, 1, 1, 1, 1, 1, 2, 1, 2, 1, 3, 1, 4, 1, 1, 3, 3, 2, 1];3;40;True
90;40;90;3;True;2000;1;0;0;0;0;0;0;114.78822779655457;27.359517097473145;29375.039587257386;23869.73388338089;2374.5915802361405;3130.9200000000023;[31.96, 36.96, 43.96, 48.96, 36.96, 17.34, 16.34, 38.96, 48.96, 38.96, 12.99, 25.96, 91.96, 32.96, 19.96, 26.96, 21.96, 21.96, 16.34, 55.96, 22.96, 39.96, 91.96, 19.96, 22.96, 19.96, 66.96, 14.72, 20.96, 64.96, 18.96, 46.96, 42.96, 77.96, 41.96, 35.96, 42.96, 30.96, 28.96, 42.96, 24.96, 58.96, 24.96, 20.96, 27.96, 21.96, 31.96, 50.96, 29.96, 17.34, 24.96, 14.92, 31.96, 51.96, 19.96, 61.96, 13.72, 47.96, 78.96, 38.96, 72.96, 38.96, 26.96, 3.6, 7.09, 28.96, 35.96, 25.96, 2.0, 18.96, 17.96, 20.96, 17.34, 38.96, 27.96, 33.96, 37.96, 49.96, 22.96, 29.96, 15.23, 91.96, 58.96, 20.96, 34.96, 12.99, 44.96, 35.96, 45.96, 31.96];89.96;[4, 1, 1, 1, 3, 1, 2, 2, 2, 2, 1, 1, 1, 1, 1, 1, 1, 2, 5, 1, 1, 4, 1];4;40;True
90;40;90;4;True;2000;1;0;0;0;0;0;0;114.75510716438293;36.11830186843872;30669.017908858135;24933.195558547974;2219.1208036932558;3516.7899999999972;[10.34, 72.83, 10.34, 49.83, 61.83, 31.83, 23.83, 18.83, 14.83, 54.83, 9.34, 56.83, 9.34, 37.83, 72.83, 18.83, 52.83, 48.83, 21.83, 17.83, 92.83, 2.12, 14.83, 28.83, 11.34, 35.83, 27.83, 17.83, 34.83, 26.83, 50.83, 23.83, 77.83, 24.83, 45.83, 70.83, 37.83, 18.83, 36.83, 94.83, 37.83, 18.83, 92.83, 35.83, 31.83, 46.83, 22.83, 21.83, 21.83, 18.83, 24.83, 23.83, 52.83, 12.83, 94.83, 43.83, 36.83, 25.83, 20.83, 12.34, 10.34, 14.83, 94.83, 11.34, 25.83, 68.83, 69.83, 84.83, 84.83, 31.83, 31.83, 68.83, 35.83, 21.83, 15.83, 49.83, 89.83, 38.83, 91.83, 17.83, 59.83, 68.83, 94.83, 14.83, 52.83, 18.83, 8.04, 40.83, 16.83, 12.34];92.71;[2, 2, 1, 1, 1, 1, 1, 2, 1, 1, 1, 1, 3, 2, 2, 2, 1, 4, 1, 2, 1, 1, 3, 3];3;40;True
90;40;90;5;True;2000;1;0;0;0;0;0;0;98.16585755348206;28.57655668258667;29584.779472322592;23285.10227394104;2346.9258850013184;3953.0599999999986;[40.46, 87.91, 24.46, 30.46, 15.37, 59.91, 49.91, 25.46, 59.91, 19.37, 53.91, 1.0, 16.37, 29.46, 32.46, 80.91, 9.88, 9.36, 31.46, 58.91, 80.91, 62.91, 87.91, 21.18, 3.0, 82.91, 7.72, 27.46, 87.91, 87.91, 27.46, 52.91, 85.91, 31.46, 43.46, 87.91, 7.72, 37.46, 64.91, 23.16, 27.46, 65.91, 24.46, 27.46, 31.46, 7.72, 70.91, 36.46, 33.46, 26.46, 35.46, 21.18, 79.91, 77.91, 13.37, 44.46, 42.46, 27.46, 23.16, 87.91, 87.91, 25.46, 64.91, 61.91, 47.91, 30.46, 57.91, 56.91, 47.91, 38.46, 31.46, 63.91, 31.46, 40.46, 42.46, 2.0, 30.46, 39.46, 7.72, 40.46, 87.91, 86.91, 61.91, 4.0, 29.46, 87.91, 87.91, 36.46, 20.37, 46.46];86.91;[2, 1, 1, 1, 1, 2, 2, 1, 1, 1, 1, 3, 1, 1, 3, 2, 1, 2, 3, 1, 1, 2, 2, 2, 1, 1];2;40;True
90;40;90;6;True;2000;1;0;0;0;0;0;0;123.48695683479309;30.464295625686646;32699.543499020077;27658.08613204956;2337.093378536866;2704.1600000000008;[30.45, 26.8, 58.45, 68.45, 33.45, 47.45, 27.84, 42.45, 64.45, 13.9, 20.9, 21.9, 40.45, 27.84, 24.8, 5.97, 38.45, 17.9, 24.8, 21.9, 25.8, 30.45, 33.45, 8.79, 47.45, 30.45, 36.45, 17.9, 23.8, 11.9, 22.9, 35.45, 23.8, 41.45, 39.45, 29.45, 33.45, 12.9, 15.9, 38.45, 70.45, 17.9, 15.9, 36.45, 18.9, 24.8, 7.79, 7.55, 21.9, 89.45, 50.45, 8.79, 6.0, 24.8, 34.45, 18.9, 83.45, 17.9, 30.45, 10.9, 14.9, 16.9, 14.9, 17.9, 17.9, 89.45, 24.8, 58.45, 89.45, 35.45, 52.45, 28.84, 2.0, 17.9, 15.9, 8.79, 9.98, 21.9, 25.8, 8.79, 41.45, 54.45, 63.45, 21.9, 18.9, 33.45, 13.9, 7.55, 8.79, 52.45];87.45;[2, 3, 3, 2, 1, 1, 2, 2, 1, 2, 1, 1, 3, 1, 4, 1, 4, 2, 1, 2, 1];3;40;True
100;40;100;1;True;2000;1;0;0;0;0;0;0;108.21234393119812;42.178467988967896;31606.949985084415;25575.403274059296;2385.239600360001;3645.999999999996;[50.97, 15.69, 20.97, 57.97, 39.97, 26.97, 27.97, 78.97, 44.97, 23.97, 11.57, 30.97, 68.97, 34.97, 50.97, 58.97, 11.57, 23.97, 72.97, 28.97, 48.97, 3.57, 41.97, 34.97, 24.97, 44.97, 17.69, 29.97, 20.97, 32.97, 42.97, 9.79, 28.97, 31.97, 35.97, 75.97, 30.97, 12.36, 15.69, 60.97, 20.97, 78.97, 17.69, 42.97, 14.69, 18.69, 17.69, 55.97, 78.97, 47.97, 19.05, 78.97, 25.97, 10.79, 45.97, 22.97, 44.97, 23.97, 78.97, 24.97, 28.97, 25.97, 58.97, 60.97, 19.05, 47.97, 22.97, 18.69, 13.03, 20.97, 21.97, 77.97, 33.97, 15.69, 4.41, 54.97, 52.97, 28.97, 51.97, 21.97, 28.97, 78.97, 78.97, 25.97, 54.97, 10.79, 16.69, 13.69, 63.97, 42.97, 14.69, 9.36, 11.57, 78.97, 13.03, 44.97, 36.97, 69.97, 22.97, 44.97];75.4;[1, 3, 3, 1, 1, 1, 1, 3, 2, 2, 1, 1, 1, 3, 5, 2, 3, 2, 3, 1];4;40;True
100;40;100;2;True;2000;1;0;0;0;0;0;0;153.65651535987854;43.68699049949646;33257.194751838724;26024.354885578156;2591.5365099711935;4641.579999999997;[30.8, 71.47, 75.47, 36.83, 29.8, 106.47, 26.01, 20.91, 20.19, 53.47, 23.16, 77.47, 21.16, 43.47, 34.83, 19.19, 14.01, 36.83, 54.47, 22.16, 107.47, 43.47, 35.83, 110.47, 132.47, 70.47, 24.01, 33.79, 22.16, 20.19, 100.47, 27.01, 56.47, 24.01, 60.47, 69.47, 53.47, 39.47, 17.23, 40.47, 58.47, 28.01, 40.47, 49.47, 33.79, 35.83, 33.79, 99.47, 36.83, 48.47, 38.83, 39.47, 50.47, 16.01, 48.47, 46.47, 45.47, 12.01, 20.91, 33.3, 27.01, 50.47, 35.83, 136.47, 45.47, 38.83, 64.47, 24.01, 41.47, 11.02, 37.83, 61.47, 58.47, 19.19, 84.47, 21.16, 35.83, 58.47, 35.83, 42.47, 45.47, 63.47, 24.01, 26.01, 72.47, 41.47, 29.8, 54.47, 17.23, 62.47, 52.47, 83.47, 34.79, 19.19, 48.47, 54.47, 83.47, 34.79, 101.47, 38.83];125.45;[1, 2, 4, 1, 2, 1, 3, 1, 2, 2, 2, 1, 1, 3, 1, 1, 1, 4, 1, 1, 1, 2, 2];3;40;True
100;40;100;3;True;2000;1;0;0;0;0;0;0;104.23307991027832;44.26410222053528;29894.90794201538;24294.494544029236;2359.060330786184;3241.429999999995;[27.97, 30.97, 40.97, 35.97, 56.97, 16.47, 15.47, 36.97, 48.97, 36.97, 12.57, 23.97, 73.97, 30.97, 18.97, 24.97, 20.97, 18.97, 16.47, 48.97, 20.97, 35.97, 71.97, 17.97, 20.97, 19.97, 68.97, 14.47, 19.97, 73.97, 17.97, 41.97, 39.97, 66.97, 60.97, 33.97, 39.97, 26.97, 24.97, 41.97, 23.97, 57.97, 22.97, 18.97, 26.97, 20.97, 29.97, 45.97, 28.97, 16.47, 22.97, 12.57, 26.97, 43.97, 18.97, 60.97, 11.57, 65.97, 73.97, 40.97, 51.97, 36.97, 23.97, 3.03, 8.57, 26.97, 32.97, 23.97, 1.0, 18.97, 16.47, 17.97, 16.47, 34.97, 24.97, 29.97, 33.97, 50.97, 19.97, 25.97, 14.47, 73.97, 73.97, 17.97, 31.97, 12.57, 41.97, 28.97, 43.97, 26.97, 73.97, 56.97, 23.97, 38.97, 8.21, 12.57, 21.97, 23.97, 25.97, 16.47];72.97;[1, 2, 1, 2, 4, 1, 1, 3, 1, 1, 4, 1, 1, 1, 1, 1, 2, 2, 1, 1, 4, 1, 1, 1, 1];3;40;True
100;40;100;4;True;2000;1;0;0;0;0;0;0;101.77061986923218;32.29472732543945;30372.84004778887;24395.076052188873;2231.479469839364;3746.3099999999954;[10.79, 60.24, 10.48, 51.2, 65.24, 59.2, 32.06, 21.93, 15.24, 74.6, 9.76, 72.6, 10.79, 32.06, 57.2, 59.24, 40.33, 51.2, 24.93, 20.93, 45.2, 1.91, 17.16, 32.45, 12.85, 37.33, 33.45, 18.16, 36.33, 28.06, 55.2, 27.06, 79.6, 29.06, 63.24, 44.33, 40.33, 20.93, 40.33, 68.6, 40.33, 19.16, 69.6, 31.06, 47.2, 50.2, 26.06, 21.93, 24.93, 20.04, 28.06, 25.93, 57.2, 14.24, 70.6, 49.2, 38.33, 31.06, 21.93, 11.82, 10.48, 15.24, 74.6, 12.38, 23.93, 63.24, 52.2, 79.6, 22.93, 33.45, 33.45, 72.6, 36.33, 26.06, 17.16, 31.06, 53.2, 42.33, 79.6, 19.16, 55.2, 64.24, 68.6, 15.24, 55.2, 20.93, 6.71, 41.33, 20.93, 12.38, 79.6, 23.93, 29.06, 15.57, 57.2, 16.96, 29.06, 19.16, 25.93, 79.6];77.69;[3, 1, 1, 3, 1, 1, 3, 1, 1, 3, 1, 1, 1, 2, 1, 1, 3, 3, 1, 2, 2, 1, 3];2;40;True
100;40;100;5;True;2000;1;0;0;0;0;0;0;93.61807513237;29.168622732162476;30131.138070140783;23011.76687669754;2379.496357708228;4740.119999999996;[42.62, 82.62, 28.55, 34.89, 17.36, 63.62, 51.62, 27.07, 62.62, 23.79, 48.62, 1.0, 19.83, 33.89, 33.89, 81.62, 14.54, 12.54, 48.62, 61.62, 67.62, 62.62, 85.62, 25.7, 3.0, 80.62, 10.64, 29.55, 85.62, 85.62, 32.89, 57.62, 85.62, 35.89, 47.62, 85.62, 10.64, 48.62, 85.62, 27.55, 29.55, 47.62, 29.55, 31.55, 36.62, 9.64, 46.62, 52.62, 48.62, 31.55, 45.62, 23.79, 76.62, 59.62, 18.0, 49.62, 38.62, 32.55, 26.7, 65.62, 85.62, 30.55, 69.62, 53.62, 51.62, 33.89, 61.62, 62.62, 38.62, 41.62, 38.62, 68.62, 36.62, 43.62, 45.62, 2.0, 35.89, 43.62, 10.64, 43.62, 85.62, 85.62, 58.62, 4.13, 32.55, 68.62, 85.62, 38.62, 25.7, 42.62, 39.62, 84.62, 85.62, 76.62, 43.62, 85.62, 65.62, 67.62, 63.62, 55.62];84.62;[1, 1, 1, 3, 1, 1, 1, 1, 3, 1, 3, 1, 1, 1, 1, 1, 1, 1, 1, 2, 2, 1, 2, 1, 2, 2, 1, 1, 1];2;40;True
100;40;100;6;True;2000;1;0;0;0;0;0;0;120.41435670852661;39.95972013473511;33631.909068159875;27454.86789560318;2299.599063907278;3877.2499999999986;[36.87, 30.89, 63.96, 57.96, 39.96, 54.96, 33.87, 52.96, 86.96, 18.8, 25.49, 28.2, 48.96, 48.96, 29.64, 8.85, 45.96, 28.64, 29.89, 34.87, 35.87, 35.87, 40.96, 14.6, 60.96, 79.96, 40.96, 23.66, 28.2, 18.8, 31.89, 42.96, 37.87, 45.96, 43.96, 38.87, 56.96, 23.66, 26.2, 49.96, 98.96, 20.8, 20.98, 40.96, 29.89, 32.87, 12.95, 12.58, 29.64, 98.96, 50.96, 9.85, 10.85, 29.64, 45.96, 28.2, 71.96, 26.2, 43.96, 17.6, 24.66, 22.98, 26.2, 25.49, 28.64, 66.96, 33.87, 46.96, 84.96, 39.96, 57.96, 34.87, 2.8, 29.64, 27.2, 15.6, 17.6, 34.87, 33.87, 15.6, 50.96, 58.96, 54.96, 30.89, 29.64, 42.96, 25.49, 12.58, 15.6, 69.96, 17.8, 56.96, 6.85, 74.96, 29.64, 57.96, 94.96, 61.96, 47.96, 46.96];96.16;[3, 1, 2, 3, 1, 1, 3, 1, 1, 3, 1, 1, 3, 1, 2, 2, 1, 1, 2, 1, 1, 4, 1];3;40;True
50;50;50;1;True;2000;1;0;0;0;0;0;0;87.81881737709045;15.334516525268555;37658.238312471614;31778.588536262512;2764.3812539753008;3115.1399999999976;[83.2, 52.85, 35.47, 83.2, 83.2, 52.85, 47.85, 83.2, 72.85, 33.47, 12.98, 66.85, 83.2, 59.85, 76.85, 70.85, 25.47, 83.2, 83.2, 83.2, 83.2, 4.1, 83.2, 55.85, 83.2, 73.85, 35.47, 83.2, 61.85, 83.2, 74.85, 15.98, 62.85, 83.2, 55.85, 83.2, 83.2, 19.48, 35.47, 83.2, 47.85, 83.2, 38.66, 69.85, 28.47, 40.66, 38.66, 83.2, 83.2, 83.2];79.10000000000001;[2, 1, 1, 1, 2, 4, 2, 1, 1, 2, 2, 2, 1, 1, 1, 1, 2, 2, 1, 1, 2, 2, 2, 1, 1, 3, 1, 1, 1, 1, 3, 1];3;50;True
50;50;50;2;True;2000;1;0;0;0;0;0;0;142.9759919643402;13.357234477996826;38690.25249627426;32103.063007831573;3087.4777883759016;3499.879999999999;[71.0, 109.0, 81.0, 61.49, 45.43, 159.0, 46.43, 30.0, 18.95, 75.0, 39.49, 107.0, 42.49, 150.0, 47.49, 33.49, 12.48, 113.0, 118.0, 24.37, 102.0, 58.94, 58.94, 81.0, 100.0, 63.0, 36.49, 50.94, 29.0, 25.37, 134.0, 34.49, 74.0, 48.49, 117.0, 139.0, 87.0, 59.94, 16.37, 57.94, 64.0, 38.49, 66.0, 94.0, 51.94, 52.94, 61.49, 121.0, 72.0, 119.0];146.52;[1, 2, 5, 1, 1, 2, 2, 1, 3, 3, 1, 2, 1, 1, 3, 1, 4, 2, 1, 2, 3, 1, 1, 1, 1, 1, 2, 1];4;50;True
50;50;50;3;True;2000;1;0;0;0;0;0;0;122.98530769348145;14.27490782737732;35271.419924822716;29709.679210186005;2831.3718648557197;2730.5200000000013;[50.07, 48.07, 64.07, 110.07, 97.07, 27.07, 25.07, 62.07, 96.07, 58.07, 14.11, 39.07, 116.07, 48.07, 32.07, 53.07, 29.07, 53.07, 27.07, 101.07, 40.07, 55.07, 82.07, 30.07, 33.07, 37.07, 94.07, 15.05, 22.07, 100.07, 24.07, 77.07, 65.07, 88.07, 79.07, 51.07, 73.07, 41.07, 61.07, 46.07, 41.07, 72.07, 47.07, 35.07, 36.07, 36.07, 56.07, 77.07, 44.07, 21.07];101.96;[2, 1, 3, 1, 3, 1, 1, 3, 3, 2, 1, 4, 4, 3, 2, 2, 6, 1, 1, 1, 1, 1, 2, 1];5;50;True
50;50;50;4;True;2000;1;0;0;0;0;0;0;118.9177176952362;17.360949277877808;38639.61821330476;31894.890541553497;2725.7377967259213;4018.9999999999986;[34.12, 102.06, 12.75, 88.06, 113.06, 127.06, 71.06, 49.58, 34.12, 110.06, 25.63, 76.06, 36.34, 76.06, 99.06, 83.06, 100.06, 123.06, 84.06, 77.06, 127.06, 17.67, 63.06, 67.06, 45.34, 49.58, 120.06, 19.67, 87.06, 63.06, 115.06, 77.06, 106.06, 127.06, 95.06, 93.06, 56.06, 58.06, 102.06, 126.06, 65.06, 40.34, 101.06, 127.06, 104.06, 106.06, 120.06, 56.06, 108.06, 53.58];114.31;[2, 2, 4, 1, 2, 1, 3, 3, 1, 1, 1, 1, 3, 1, 1, 1, 3, 2, 1, 1, 1, 1, 2, 1, 3, 2, 2, 2, 1];3;50;True
50;50;50;5;True;2000;1;0;0;0;0;0;0;125.15319538116455;11.551697015762329;35851.07966797508;29382.699535369873;2990.532724210744;3477.8499999999995;[53.75, 69.75, 51.75, 80.75, 21.54, 101.75, 66.75, 37.75, 99.75, 37.75, 79.75, 3.0, 25.37, 51.75, 49.75, 138.75, 34.47, 33.47, 116.75, 77.75, 138.75, 128.75, 99.75, 50.75, 4.83, 130.75, 22.05, 39.75, 138.75, 120.75, 56.75, 70.75, 138.75, 73.75, 60.75, 137.75, 12.83, 51.75, 98.75, 51.75, 54.75, 95.75, 51.75, 43.75, 61.75, 20.54, 108.75, 87.75, 50.75, 41.75];135.75;[2, 2, 2, 1, 1, 2, 1, 1, 3, 1, 2, 1, 1, 3, 3, 4, 1, 1, 1, 1, 1, 1, 1, 1, 1, 1, 1, 2, 3, 3, 1];3;50;True
50;50;50;6;True;2000;1;0;0;0;0;0;0;128.7600438594818;14.280209064483643;40219.15689109146;34098.29305553436;2801.443560002584;3319.4199999999983;[93.81, 46.81, 102.81, 78.81, 64.81, 127.81, 57.81, 127.81, 93.81, 23.97, 26.97, 35.81, 127.81, 56.81, 47.81, 12.58, 106.81, 45.81, 48.81, 127.81, 55.81, 57.81, 58.81, 26.97, 92.81, 97.81, 87.81, 41.81, 32.81, 31.81, 46.81, 74.81, 111.81, 106.81, 82.81, 106.81, 101.81, 33.81, 36.81, 75.81, 127.81, 21.97, 32.81, 78.81, 33.81, 58.81, 17.76, 20.37, 44.81, 64.81];115.23;[1, 3, 3, 1, 2, 3, 3, 1, 3, 4, 1, 1, 1, 4, 1, 1, 1, 2, 2, 2, 1, 2, 1, 1, 3, 1, 1];3;50;True
60;50;60;1;True;2000;1;0;0;0;0;0;0;105.70443916320801;19.597596645355225;37844.31069253316;31775.03631067276;2831.885821299467;3237.540000000002;[81.4, 23.99, 30.17, 77.4, 65.4, 32.4, 35.4, 92.4, 47.4, 29.17, 11.94, 90.4, 92.4, 52.4, 60.4, 62.4, 14.15, 60.4, 71.4, 73.4, 52.4, 4.01, 63.4, 92.4, 48.4, 54.4, 20.99, 92.4, 34.4, 92.4, 56.4, 14.07, 49.4, 92.4, 39.4, 78.4, 92.4, 15.58, 20.99, 91.4, 28.11, 64.4, 24.17, 52.4, 20.99, 21.99, 21.99, 89.4, 86.4, 92.4, 38.4, 92.4, 40.4, 14.15, 53.4, 28.11, 92.4, 50.4, 85.4, 30.17];88.39;[1, 1, 4, 1, 1, 3, 1, 1, 2, 3, 2, 1, 2, 1, 2, 2, 3, 3, 2, 1, 1, 2, 2, 1, 1, 2, 2, 2];3;50;True
60;50;60;2;True;2000;1;0;0;0;0;0;0;158.02403235435486;25.54849147796631;39413.351699063045;33018.97111034393;3045.6627351952443;3348.640000000002;[46.46, 92.46, 64.46, 46.46, 34.17, 119.46, 32.17, 13.9, 13.9, 81.46, 29.17, 105.46, 15.9, 62.46, 54.46, 16.96, 10.9, 133.46, 60.46, 15.9, 125.46, 46.46, 39.46, 90.46, 99.46, 86.46, 18.17, 36.17, 18.17, 17.96, 70.46, 26.17, 59.46, 27.17, 80.46, 118.46, 140.46, 52.46, 14.9, 38.46, 70.46, 23.17, 56.46, 70.46, 29.17, 49.46, 31.17, 146.46, 43.46, 87.46, 40.46, 46.46, 61.46, 13.9, 73.46, 94.46, 91.46, 10.46, 15.9, 36.17];136.0;[1, 1, 4, 1, 1, 3, 1, 1, 3, 3, 1, 2, 1, 2, 1, 1, 4, 4, 1, 1, 3, 1, 1, 1, 2, 2, 2, 1];3;50;True
60;50;60;3;True;2000;1;0;0;0;0;0;0;120.80000853538513;22.65281367301941;35830.20555059422;29719.325278282166;2900.4167986923567;3210.5999999999995;[51.52, 56.41, 51.52, 71.54, 80.54, 22.94, 20.94, 50.52, 95.54, 79.54, 14.36, 38.28, 111.54, 57.41, 21.94, 42.28, 29.97, 41.28, 21.94, 84.54, 30.97, 61.55, 111.54, 25.68, 39.28, 27.85, 85.54, 15.13, 21.94, 102.54, 20.94, 78.54, 66.54, 66.54, 45.28, 62.55, 57.41, 45.28, 62.55, 46.28, 33.97, 78.54, 47.52, 28.85, 28.85, 25.68, 38.28, 76.54, 42.28, 20.94, 33.97, 17.98, 111.54, 90.54, 22.94, 111.54, 15.54, 102.54, 87.54, 76.54];97.18;[2, 1, 1, 1, 3, 5, 3, 2, 3, 1, 2, 1, 1, 1, 3, 1, 2, 1, 1, 1, 1, 3, 1, 4, 1, 4];4;50;True
60;50;60;4;True;2000;1;0;0;0;0;0;0;134.9714035987854;22.212032318115234;37964.525610689896;31798.86892604828;2742.750082496951;3423.0799999999963;[17.85, 90.85, 13.96, 52.85, 66.85, 129.85, 119.85, 26.85, 17.85, 110.85, 14.33, 97.85, 15.85, 73.85, 99.85, 124.85, 57.85, 92.85, 89.85, 35.85, 112.85, 3.0, 22.85, 42.85, 19.85, 37.85, 67.85, 19.85, 55.85, 36.85, 89.85, 51.85, 85.85, 59.85, 56.85, 75.85, 45.85, 27.85, 66.85, 92.85, 50.85, 21.85, 100.85, 51.85, 82.85, 49.85, 34.85, 25.85, 44.85, 25.85, 34.85, 31.85, 90.85, 18.85, 76.85, 59.85, 39.85, 109.85, 31.85, 15.19];126.85;[1, 4, 1, 3, 2, 3, 3, 2, 2, 1, 3, 2, 2, 1, 1, 1, 1, 2, 1, 1, 1, 1, 2, 3, 1, 2, 1, 1, 1];3;50;True
60;50;60;5;True;2000;1;0;0;0;0;0;0;135.0234911441803;17.263758420944214;36075.70006532057;29829.177406311035;3009.3999407543356;3237.2100000000014;[42.86, 59.86, 36.86, 58.86, 18.32, 79.86, 47.86, 27.86, 69.86, 25.76, 130.86, 1.0, 21.0, 41.86, 35.86, 82.86, 17.32, 14.35, 42.86, 65.86, 130.86, 83.86, 129.86, 34.86, 3.0, 68.86, 10.08, 30.86, 98.86, 108.86, 52.86, 58.86, 101.86, 73.86, 53.86, 127.86, 8.7, 71.86, 66.86, 29.86, 30.86, 79.86, 52.86, 37.86, 42.86, 10.08, 98.86, 41.86, 76.86, 36.86, 38.86, 24.0, 63.86, 68.86, 18.32, 48.86, 40.86, 36.86, 33.86, 85.86];129.86;[2, 1, 2, 1, 4, 1, 4, 5, 6, 1, 1, 1, 2, 2, 4, 1, 1, 1, 1, 1, 1, 2, 1, 3, 1];5;50;True
60;50;60;6;True;2000;1;0;0;0;0;0;0;131.91342759132385;23.64814567565918;40256.3634429918;34063.23119401932;2750.794198036562;3442.240000000002;[59.67, 36.67, 73.67, 84.67, 53.67, 120.67, 38.67, 111.67, 80.67, 20.67, 26.67, 38.67, 123.67, 91.67, 29.67, 8.55, 64.67, 36.67, 40.67, 103.67, 69.67, 65.67, 58.67, 17.23, 96.67, 98.67, 46.67, 34.67, 28.67, 21.67, 31.67, 63.67, 64.67, 94.67, 53.67, 55.67, 101.67, 23.67, 26.67, 124.67, 124.67, 21.67, 23.67, 82.67, 105.67, 47.67, 16.23, 14.23, 47.67, 65.67, 92.67, 9.24, 12.23, 29.67, 50.67, 38.67, 124.67, 28.67, 62.67, 19.02];116.12;[1, 2, 1, 1, 5, 4, 1, 1, 3, 1, 2, 1, 3, 2, 1, 1, 1, 1, 1, 1, 2, 2, 1, 1, 1, 2, 1, 1, 1, 3, 1];4;50;True
70;50;70;1;True;2000;1;0;0;0;0;0;0;131.6408975124359;24.316614866256714;38287.41517190202;32113.1400141716;2876.7005858057155;3297.8499999999954;[52.37, 19.99, 23.99, 96.37, 59.37, 32.37, 44.37, 86.37, 45.37, 28.37, 11.9, 49.37, 92.37, 42.37, 51.37, 63.37, 14.61, 32.37, 58.37, 102.37, 50.37, 3.96, 43.37, 58.37, 42.37, 54.37, 19.99, 97.37, 27.37, 64.37, 58.37, 14.18, 37.37, 89.37, 46.37, 68.37, 110.37, 16.61, 18.99, 81.37, 22.99, 51.37, 21.99, 35.37, 17.99, 20.99, 20.99, 82.37, 73.37, 65.37, 22.99, 63.37, 38.37, 14.61, 47.37, 26.37, 110.37, 42.37, 85.37, 27.37, 55.37, 28.37, 60.37, 83.37, 21.99, 49.37, 35.37, 20.99, 16.61, 23.99];106.41000000000001;[1, 1, 2, 1, 1, 3, 1, 2, 1, 4, 2, 1, 1, 1, 1, 2, 3, 3, 2, 2, 2, 1, 4, 1, 2, 2, 2, 1];3;50;True
70;50;70;2;True;2000;1;0;0;0;0;0;0;151.60299444198608;34.62624788284302;39640.86704766442;33076.37840938568;3183.822426635703;3380.950000000003;[27.17, 111.17, 130.17, 30.17, 25.17, 128.17, 20.17, 13.17, 12.17, 73.17, 17.17, 86.17, 14.17, 37.17, 57.17, 14.17, 11.17, 81.17, 68.17, 14.17, 104.17, 41.17, 24.17, 130.17, 95.17, 67.17, 15.17, 27.17, 15.17, 17.17, 104.17, 17.17, 42.17, 18.17, 58.17, 91.17, 107.17, 45.17, 15.17, 33.17, 23.17, 17.17, 29.17, 50.17, 20.17, 27.17, 22.17, 107.17, 30.17, 83.17, 77.17, 37.17, 32.17, 13.17, 73.17, 66.17, 55.17, 11.17, 14.17, 24.17, 21.17, 54.17, 40.17, 107.17, 56.17, 41.17, 130.17, 20.17, 48.17, 9.22];120.94999999999999;[2, 2, 2, 3, 1, 1, 1, 1, 1, 1, 1, 1, 3, 2, 1, 2, 1, 2, 1, 1, 3, 1, 1, 1, 1, 2, 2, 1, 4, 1, 3];3;50;True
70;50;70;3;True;2000;1;0;0;0;0;0;0;140.8701114654541;32.436683654785156;36109.82283189518;30571.037011623383;2840.206630487943;2698.2999999999975;[38.58, 32.58, 39.58, 77.58, 106.58, 10.41, 9.41, 55.58, 93.58, 47.58, 9.41, 20.58, 99.58, 33.58, 15.41, 29.58, 17.58, 22.58, 11.41, 75.58, 17.58, 43.58, 106.58, 13.41, 28.58, 14.41, 53.58, 12.41, 17.58, 59.58, 14.41, 36.58, 43.58, 50.58, 44.58, 40.58, 43.58, 35.58, 42.58, 38.58, 20.58, 57.58, 22.58, 15.58, 24.58, 16.58, 28.58, 55.58, 25.58, 12.41, 19.58, 7.41, 108.58, 78.58, 14.41, 108.58, 6.41, 50.58, 64.58, 63.58, 93.58, 47.58, 30.58, 2.41, 4.41, 27.58, 34.58, 33.58, 2.0, 15.41];106.58;[3, 1, 3, 2, 3, 3, 1, 1, 3, 1, 3, 1, 1, 1, 1, 1, 2, 5, 2, 5, 3, 2, 2];4;50;True
70;50;70;4;True;2000;1;0;0;0;0;0;0;153.91292572021484;30.736522912979126;38566.261168012024;32130.150222301483;2714.376316755899;3721.6099999999983;[14.49, 69.89, 12.54, 52.89, 64.89, 86.89, 35.63, 25.93, 16.43, 87.89, 12.54, 97.89, 13.49, 63.89, 93.89, 139.89, 57.89, 69.89, 97.89, 29.84, 128.89, 2.32, 24.59, 54.89, 21.37, 39.89, 57.89, 19.37, 48.89, 35.63, 79.89, 54.89, 103.89, 80.89, 55.89, 60.89, 47.89, 26.93, 66.89, 94.89, 52.89, 21.37, 106.89, 81.89, 67.89, 91.89, 31.63, 26.93, 50.89, 25.59, 46.89, 30.63, 73.89, 18.69, 90.89, 67.89, 40.89, 101.89, 29.84, 14.49, 12.54, 18.69, 39.89, 18.37, 39.89, 91.89, 61.89, 46.89, 29.84, 36.63];137.57;[2, 2, 1, 2, 1, 1, 4, 2, 1, 3, 1, 2, 1, 1, 4, 1, 1, 1, 1, 2, 1, 2, 1, 3, 2, 1, 2, 2, 1, 1];3;50;True
70;50;70;5;True;2000;1;0;0;0;0;0;0;161.0416543483734;30.964320421218872;37567.540851285245;30509.555869579315;3027.3268530413206;4030.6100000000024;[42.65, 89.65, 37.3, 39.65, 16.64, 86.65, 50.65, 26.64, 69.65, 21.3, 129.65, 1.0, 17.64, 44.65, 43.65, 150.65, 12.19, 11.83, 50.65, 58.65, 124.65, 82.65, 128.65, 23.88, 3.0, 99.65, 9.68, 28.64, 159.65, 98.65, 40.65, 51.65, 107.65, 67.65, 45.65, 159.65, 9.28, 43.65, 95.65, 30.37, 28.64, 65.65, 23.88, 29.37, 49.65, 9.68, 104.65, 53.65, 68.65, 38.77, 70.65, 22.45, 59.65, 69.65, 15.11, 44.65, 47.65, 37.3, 25.64, 82.65, 122.65, 26.64, 75.65, 92.65, 57.65, 32.37, 59.65, 96.65, 67.65, 38.77];158.65;[3, 1, 1, 1, 1, 1, 1, 1, 1, 4, 1, 3, 5, 1, 2, 2, 1, 2, 1, 3, 1, 1, 2, 1, 1, 2, 1, 3, 2];4;50;True
70;50;70;6;True;2000;1;0;0;0;0;0;0;138.31418800354004;32.49532127380371;40642.571459193285;34179.469883441925;2771.302618045676;3691.859999999998;[63.47, 31.11, 85.47, 74.47, 64.47, 110.47, 33.11, 81.47, 127.47, 18.1, 25.91, 46.47, 70.47, 86.47, 29.11, 8.43, 66.47, 31.11, 39.11, 89.47, 50.47, 37.11, 57.47, 15.32, 72.47, 60.47, 105.47, 22.91, 28.11, 18.1, 44.47, 66.47, 64.47, 90.47, 52.47, 60.47, 85.47, 22.91, 29.11, 100.47, 101.47, 20.38, 21.34, 41.32, 54.47, 50.47, 13.32, 11.32, 36.11, 63.47, 77.47, 9.19, 10.21, 29.11, 50.47, 44.47, 127.47, 25.91, 49.47, 16.1, 24.91, 21.97, 26.91, 24.91, 83.47, 114.47, 37.11, 84.47, 111.47, 41.32];119.03999999999999;[1, 2, 2, 2, 4, 3, 2, 1, 1, 1, 1, 1, 1, 2, 1, 1, 1, 1, 1, 2, 4, 1, 2, 4, 1, 4, 1, 2];3;50;True
80;50;80;1;True;2000;1;0;0;0;0;0;0;140.6371340751648;36.24609637260437;38535.28634272896;32336.64919614792;2857.8084110560653;3340.609999999999;[59.77, 14.34, 18.91, 73.77, 99.77, 24.77, 26.77, 108.77, 42.77, 22.77, 10.27, 31.77, 107.77, 36.77, 61.77, 57.77, 9.65, 22.77, 62.77, 74.77, 47.77, 3.58, 46.77, 26.77, 24.77, 41.77, 15.98, 104.77, 18.91, 52.77, 49.77, 8.65, 42.77, 30.77, 35.77, 82.77, 34.77, 10.27, 12.34, 70.77, 19.91, 104.77, 15.98, 51.77, 12.34, 16.27, 15.98, 80.77, 89.77, 108.77, 17.31, 57.77, 27.77, 9.65, 51.77, 20.77, 82.77, 42.77, 82.77, 23.77, 29.77, 23.77, 57.77, 65.77, 17.31, 41.77, 24.77, 17.31, 10.27, 18.91, 21.77, 91.77, 37.77, 13.34, 4.1, 59.77, 48.77, 26.77, 44.77, 19.91];105.19;[2, 4, 3, 2, 1, 2, 1, 3, 1, 1, 3, 4, 3, 2, 1, 5, 1, 1, 1, 1, 2, 1, 1, 1, 1, 2];4;50;True
80;50;80;2;True;2000;1;0;0;0;0;0;0;170.99448537826538;42.139201164245605;40313.24368589849;33204.308033943176;3147.1087438029663;3961.9900000000052;[30.59, 71.28, 107.28, 39.63, 28.59, 89.28, 25.59, 19.59, 18.59, 76.28, 22.59, 61.28, 20.59, 42.28, 29.59, 18.59, 12.68, 100.28, 56.28, 20.59, 94.28, 65.28, 31.59, 147.28, 97.28, 50.28, 22.59, 30.59, 21.59, 19.59, 100.28, 24.59, 49.28, 22.59, 47.28, 115.28, 121.28, 37.63, 16.79, 40.63, 43.28, 25.59, 43.28, 49.28, 28.59, 32.63, 31.59, 114.28, 36.63, 75.28, 109.28, 38.63, 40.63, 14.79, 78.28, 60.28, 53.28, 10.96, 19.59, 33.63, 25.59, 60.28, 33.63, 134.28, 119.28, 37.63, 92.28, 23.59, 47.28, 10.96, 35.63, 45.28, 54.28, 17.79, 54.28, 19.59, 31.59, 56.28, 34.63, 40.63];136.32;[1, 1, 1, 1, 1, 1, 1, 4, 1, 2, 4, 1, 2, 2, 2, 1, 1, 1, 6, 1, 1, 1, 1, 1, 2, 1, 3, 1, 2, 2];5;50;True
80;50;80;3;True;2000;1;0;0;0;0;0;0;122.33387565612793;34.16345024108887;35985.74361689179;30133.906805992126;2922.931110537411;2928.8999999999974;[30.83, 36.83, 45.83, 45.83, 45.83, 16.16, 16.16, 38.83, 67.83, 42.83, 12.51, 25.7, 83.83, 33.83, 18.49, 25.7, 20.49, 19.49, 16.16, 77.83, 21.49, 51.83, 69.83, 18.16, 25.7, 19.49, 83.83, 14.16, 19.49, 35.83, 18.16, 66.83, 50.83, 55.83, 41.83, 35.83, 49.83, 29.83, 52.83, 41.83, 24.7, 62.83, 23.7, 18.49, 26.7, 20.49, 30.83, 49.83, 28.7, 16.16, 23.7, 12.51, 83.83, 83.83, 19.49, 83.83, 11.51, 83.83, 61.83, 66.83, 55.83, 41.83, 35.83, 3.41, 7.69, 28.7, 33.83, 25.7, 2.0, 18.16, 16.16, 18.49, 15.16, 38.83, 25.7, 31.83, 45.83, 74.83, 22.34, 28.7];81.83;[1, 1, 2, 1, 1, 1, 4, 6, 2, 1, 1, 3, 1, 4, 3, 1, 1, 1, 1, 2, 2, 2, 5, 1, 1, 1];5;50;True
80;50;80;4;True;2000;1;0;0;0;0;0;0;114.90132308006287;29.97007465362549;37879.16100365773;31410.797303676605;2729.7674493627314;3738.5100000000034;[13.39, 59.07, 10.77, 58.07, 66.07, 52.07, 37.07, 31.07, 15.39, 70.07, 10.77, 91.07, 13.39, 48.07, 88.07, 86.07, 49.07, 65.07, 39.07, 37.07, 42.07, 2.12, 29.07, 44.07, 20.0, 41.07, 74.07, 19.39, 41.07, 42.07, 91.07, 35.07, 89.07, 74.07, 85.07, 68.07, 44.07, 31.07, 50.07, 67.07, 53.07, 20.71, 72.07, 43.07, 58.07, 53.07, 34.07, 27.45, 33.07, 27.45, 36.07, 33.07, 69.07, 18.18, 80.07, 53.07, 43.07, 91.07, 30.07, 12.39, 10.77, 18.18, 36.07, 18.18, 37.07, 71.07, 55.07, 84.07, 33.07, 38.07, 37.07, 71.07, 41.07, 34.07, 28.82, 66.07, 70.07, 57.07, 84.07, 28.82];88.94999999999999;[1, 1, 2, 1, 2, 1, 2, 3, 1, 1, 3, 3, 2, 3, 2, 1, 1, 1, 1, 1, 1, 4, 1, 1, 3, 4, 1, 2];3;50;True
80;50;80;5;True;2000;1;0;0;0;0;0;0;140.19147944450378;31.538427591323853;36985.33671291628;30333.56493806839;3040.341227399392;3611.379999999997;[38.06, 40.06, 22.06, 24.06, 16.06, 73.06, 69.06, 25.06, 64.06, 15.06, 111.06, 1.0, 16.06, 31.06, 22.06, 93.06, 11.06, 10.06, 45.06, 55.06, 105.06, 53.06, 111.06, 20.06, 3.0, 87.06, 8.25, 27.06, 116.06, 87.06, 24.06, 48.06, 67.06, 80.06, 41.06, 99.06, 8.25, 28.06, 116.06, 19.06, 26.06, 62.06, 18.06, 23.06, 39.06, 8.25, 86.06, 36.06, 96.06, 21.06, 30.06, 21.06, 75.06, 50.06, 13.06, 42.06, 26.06, 23.06, 19.06, 85.06, 84.06, 19.06, 71.06, 85.06, 43.06, 28.06, 55.06, 66.06, 53.06, 35.06, 40.06, 56.06, 53.06, 37.06, 40.06, 2.0, 28.06, 38.06, 8.25, 38.06];115.06;[2, 1, 3, 2, 1, 1, 1, 4, 1, 2, 3, 1, 1, 4, 3, 2, 1, 1, 1, 2, 1, 1, 1, 2, 1, 3, 1, 2, 1];3;50;True
80;50;80;6;True;2000;1;0;0;0;0;0;0;135.59155535697937;40.583489179611206;40815.85594905971;34438.08186721802;2800.3613372389336;3577.4300000000044;[50.8, 28.8, 85.8, 75.8, 43.8, 112.8, 30.8, 75.8, 94.8, 16.8, 23.8, 26.8, 112.8, 100.8, 26.8, 7.58, 81.8, 22.8, 28.8, 89.8, 37.8, 33.8, 63.8, 11.92, 69.8, 47.8, 68.8, 20.8, 26.8, 16.8, 26.8, 54.8, 53.8, 64.8, 48.8, 42.8, 96.8, 18.8, 22.8, 50.8, 78.8, 19.8, 18.8, 38.8, 39.8, 45.8, 9.33, 9.33, 31.8, 74.8, 106.8, 9.33, 7.58, 26.8, 39.8, 33.8, 91.8, 21.8, 49.8, 14.8, 20.8, 19.8, 20.8, 22.8, 22.8, 112.8, 35.8, 49.8, 68.8, 37.8, 57.8, 32.8, 2.72, 82.8, 20.8, 11.92, 13.8, 109.8, 34.8, 11.92];110.08;[1, 3, 1, 1, 5, 1, 4, 4, 2, 2, 2, 2, 1, 1, 2, 1, 2, 1, 2, 2, 1, 4, 3, 1, 1];4;50;True
90;50;90;1;True;2000;1;0;0;0;0;0;0;128.31825757026672;47.26395344734192;38978.60691332559;32541.9316945076;2900.685021634788;3536.269999999998;[70.1, 13.17, 17.77, 68.1, 69.1, 23.33, 25.1, 82.1, 42.1, 21.33, 10.71, 27.1, 49.1, 33.1, 49.1, 54.1, 9.71, 22.33, 51.1, 84.1, 47.1, 3.31, 45.1, 35.1, 45.1, 43.1, 15.17, 71.1, 17.77, 91.1, 54.1, 8.71, 26.1, 26.1, 33.1, 68.1, 33.1, 8.71, 12.17, 62.1, 19.55, 88.1, 15.17, 65.1, 11.17, 16.17, 15.17, 62.1, 91.1, 91.1, 16.17, 40.1, 25.1, 9.71, 44.1, 19.55, 91.1, 25.1, 79.1, 22.33, 36.1, 22.33, 58.1, 87.1, 17.17, 44.1, 19.55, 17.17, 8.71, 17.17, 17.77, 60.1, 35.1, 11.17, 4.02, 51.1, 57.1, 32.1, 50.1, 18.77, 50.1, 74.1, 91.1, 23.33, 91.1, 8.65, 15.17, 10.71, 50.1, 41.1];87.78999999999999;[2, 1, 1, 1, 1, 2, 1, 4, 3, 1, 1, 3, 2, 3, 4, 3, 1, 1, 2, 1, 1, 2, 2, 2, 2, 3];3;50;True
90;50;90;2;True;2000;1;0;0;0;0;0;0;168.08119344711304;50.97994875907898;41076.21514552077;33567.653242111206;3167.1093013911845;4341.619999999996;[29.33, 88.33, 114.33, 86.33, 27.33, 108.33, 23.33, 15.44, 15.44, 48.33, 21.33, 95.33, 17.33, 39.33, 27.33, 16.44, 11.23, 32.33, 58.33, 19.33, 98.33, 42.33, 29.33, 52.33, 129.33, 75.33, 20.33, 26.33, 20.33, 18.33, 140.33, 21.33, 44.33, 21.33, 116.33, 80.33, 107.33, 36.33, 14.99, 37.33, 42.33, 22.33, 37.33, 52.33, 25.33, 29.33, 29.33, 125.33, 31.33, 140.33, 35.33, 34.33, 40.33, 12.99, 66.33, 52.33, 54.33, 10.84, 16.44, 27.33, 23.33, 68.33, 31.33, 140.33, 81.33, 36.33, 85.33, 22.33, 41.33, 9.31, 33.33, 48.33, 53.33, 15.44, 61.33, 17.33, 28.33, 53.33, 33.33, 39.33, 43.33, 140.33, 21.33, 24.33, 73.33, 53.33, 23.33, 48.33, 14.99, 63.33];131.02;[1, 1, 2, 1, 1, 1, 2, 2, 2, 1, 2, 2, 1, 2, 2, 3, 1, 1, 1, 2, 2, 1, 2, 1, 1, 1, 1, 5, 2, 1, 1, 1];4;50;True
90;50;90;3;True;2000;1;0;0;0;0;0;0;130.52279210090637;58.0379958152771;36736.056147141535;30510.374579429626;2930.864773781529;3294.77;[30.0, 34.68, 42.66, 34.3, 70.02, 14.55, 13.58, 34.3, 82.02, 54.02, 11.58, 23.37, 94.02, 31.5, 17.55, 24.14, 20.07, 18.35, 14.55, 58.02, 19.23, 39.12, 83.02, 16.06, 19.23, 17.55, 57.02, 14.55, 19.23, 46.93, 16.9, 83.02, 68.02, 52.02, 40.53, 34.3, 63.02, 30.0, 31.91, 41.66, 23.37, 58.02, 22.4, 17.55, 25.86, 19.23, 30.0, 51.02, 28.45, 14.55, 22.4, 10.48, 42.66, 67.02, 17.55, 78.02, 10.48, 66.02, 94.02, 42.66, 94.02, 38.12, 25.14, 3.6, 6.43, 26.86, 34.3, 24.14, 2.0, 17.55, 14.55, 17.55, 14.55, 35.68, 25.86, 33.3, 53.02, 44.66, 20.07, 25.86, 12.58, 84.02, 94.02, 16.9, 32.91, 12.58, 43.66, 40.53, 47.93, 94.02];92.02;[1, 1, 1, 1, 3, 5, 4, 1, 1, 2, 2, 4, 1, 1, 2, 2, 1, 2, 3, 2, 6, 1, 1, 1, 1];5;50;True
90;50;90;4;True;2000;1;0;0;0;0;0;0;120.83090209960938;43.89172554016113;38410.83651211319;31865.854279518127;2795.2328704714237;3749.599999999998;[11.09, 76.89, 10.09, 49.89, 61.89, 45.89, 29.89, 25.89, 14.89, 83.89, 8.09, 56.89, 11.09, 59.89, 61.89, 51.89, 54.89, 48.89, 26.89, 21.89, 65.89, 2.1, 17.89, 43.89, 12.89, 36.89, 60.89, 17.89, 34.89, 27.89, 66.89, 27.89, 85.89, 29.89, 76.89, 52.89, 38.89, 20.89, 52.89, 78.89, 38.89, 18.89, 76.89, 29.89, 46.89, 76.89, 26.89, 21.89, 24.89, 19.89, 41.89, 34.89, 67.89, 13.89, 88.89, 53.89, 37.89, 28.89, 21.89, 12.09, 9.09, 14.89, 88.89, 12.89, 24.89, 68.89, 70.89, 81.89, 21.89, 32.89, 32.89, 65.89, 35.89, 24.89, 16.89, 39.89, 67.89, 58.89, 88.89, 18.89, 60.89, 88.89, 83.89, 15.89, 53.89, 20.89, 6.78, 58.89, 19.89, 12.09];86.79;[2, 1, 1, 1, 1, 2, 1, 2, 1, 1, 3, 2, 1, 1, 4, 1, 2, 1, 1, 2, 2, 1, 3, 2, 1, 1, 3, 3, 2, 1];3;50;True
90;50;90;5;True;2000;1;0;0;0;0;0;0;156.54036593437195;32.61681079864502;37111.04171644036;29941.498445510864;3010.5394732890686;4158.860000000004;[38.34, 95.34, 18.34, 26.34, 16.43, 57.34, 66.34, 25.34, 56.34, 15.43, 68.34, 1.0, 16.43, 25.34, 24.34, 87.34, 11.03, 10.99, 42.34, 56.34, 67.34, 55.34, 123.34, 20.34, 3.0, 85.34, 8.99, 27.34, 119.34, 139.34, 24.34, 49.34, 62.34, 31.34, 41.34, 96.34, 7.99, 33.34, 109.34, 19.34, 26.34, 81.34, 18.34, 24.34, 26.34, 8.99, 58.34, 60.34, 51.34, 22.34, 38.34, 21.34, 63.34, 65.34, 13.69, 42.34, 35.34, 26.34, 19.34, 77.34, 107.34, 19.34, 61.34, 94.34, 44.34, 28.34, 54.34, 77.34, 28.34, 35.34, 25.34, 84.34, 32.34, 37.34, 41.34, 2.0, 25.34, 47.34, 8.99, 38.34, 100.34, 98.34, 68.34, 3.97, 26.34, 79.34, 106.34, 42.34, 16.43, 59.34];138.34;[1, 1, 2, 1, 2, 1, 3, 1, 2, 2, 1, 1, 4, 1, 1, 1, 3, 1, 1, 1, 1, 2, 2, 2, 1, 3, 1, 2, 2, 1, 1, 1];3;50;True
90;50;90;6;True;2000;1;0;0;0;0;0;0;145.62187504768372;40.196457862854004;40771.20865528056;34435.003415584564;2801.759992768398;3534.590000000003;[36.29, 30.42, 69.38, 49.38, 42.69, 111.38, 32.64, 63.38, 59.38, 19.42, 25.42, 27.42, 39.69, 31.64, 28.42, 10.43, 54.38, 24.42, 31.64, 37.69, 35.64, 34.64, 43.69, 16.42, 78.38, 70.38, 39.69, 23.42, 28.42, 19.42, 29.42, 53.38, 33.64, 50.38, 45.97, 43.69, 95.38, 21.42, 23.42, 45.97, 71.38, 21.42, 21.42, 40.69, 26.42, 31.64, 13.62, 12.9, 26.42, 98.38, 94.38, 10.43, 12.42, 28.42, 45.97, 25.42, 80.38, 24.42, 40.69, 17.42, 22.42, 22.42, 22.42, 24.42, 24.42, 111.38, 32.64, 66.38, 72.38, 38.69, 78.38, 34.64, 2.0, 25.42, 23.42, 16.42, 17.42, 31.64, 33.64, 16.42, 58.38, 84.38, 43.69, 28.42, 28.42, 40.69, 21.42, 12.9, 16.42, 80.38];109.38;[3, 1, 5, 2, 1, 1, 2, 2, 1, 1, 4, 1, 1, 1, 4, 1, 4, 1, 4, 1, 3, 2, 1, 1, 2];4;50;True
100;50;100;1;True;2000;1;0;0;0;0;0;0;111.8365740776062;50.11411190032959;38565.65739402248;32039.76699447632;2843.629624333825;3682.3500000000045;[44.82, 16.51, 21.41, 57.82, 72.82, 26.88, 27.88, 72.82, 44.82, 24.88, 11.62, 30.82, 72.82, 37.82, 50.82, 57.82, 11.62, 24.88, 64.82, 44.82, 48.82, 3.52, 55.82, 36.82, 37.82, 47.82, 18.51, 52.82, 22.41, 57.82, 42.82, 11.62, 28.82, 33.82, 37.82, 72.82, 32.82, 12.62, 16.51, 68.82, 21.41, 50.82, 18.51, 54.82, 15.51, 18.51, 18.51, 58.82, 72.82, 72.82, 20.41, 47.82, 26.88, 11.62, 46.82, 23.41, 58.82, 24.88, 72.82, 25.88, 32.82, 25.88, 58.82, 47.82, 19.51, 45.82, 23.41, 19.51, 13.61, 21.41, 22.41, 72.82, 33.82, 16.51, 4.35, 53.82, 72.82, 26.88, 43.82, 22.41, 26.88, 63.82, 56.82, 25.88, 47.82, 10.86, 16.51, 15.51, 49.82, 40.82, 15.51, 9.63, 11.62, 72.82, 13.61, 44.82, 34.82, 72.82, 24.71, 27.88];69.3;[1, 1, 4, 3, 1, 3, 1, 1, 4, 2, 3, 2, 2, 2, 1, 1, 3, 3, 3, 1, 1, 3, 4];3;50;True
100;50;100;2;True;2000;1;0;0;0;0;0;0;142.34257650375366;49.627219915390015;40481.09383070291;32577.80708026886;3186.4619637369306;4717.020000000001;[30.34, 89.46, 70.46, 85.46, 29.34, 63.46, 24.33, 19.06, 18.18, 53.46, 22.07, 89.46, 20.06, 42.46, 36.83, 18.18, 12.21, 37.83, 65.46, 20.07, 101.46, 56.46, 35.83, 102.46, 115.46, 60.46, 22.07, 34.83, 21.07, 19.06, 80.46, 25.33, 44.46, 22.07, 56.46, 85.46, 75.46, 38.83, 16.18, 39.46, 52.46, 25.34, 48.46, 57.46, 34.6, 35.83, 39.46, 87.46, 38.83, 50.46, 53.46, 42.46, 48.46, 14.64, 71.46, 46.46, 58.46, 11.21, 19.06, 33.6, 25.33, 61.46, 34.6, 114.46, 46.46, 38.83, 78.46, 23.07, 53.46, 10.21, 39.46, 47.46, 58.46, 18.18, 115.46, 20.06, 35.83, 58.46, 35.83, 42.46, 47.46, 62.46, 22.07, 25.33, 80.46, 41.46, 27.34, 54.46, 16.18, 70.46, 52.46, 85.46, 34.83, 18.18, 49.46, 64.46, 71.46, 34.6, 90.46, 38.83];105.25;[2, 1, 4, 1, 1, 1, 3, 3, 2, 2, 1, 1, 1, 2, 1, 1, 1, 1, 1, 1, 1, 1, 5, 1, 1, 1, 2, 3, 2, 1, 1];4;50;True
100;50;100;3;True;2000;1;0;0;0;0;0;0;122.39407157897949;53.67387890815735;36416.546306562785;30249.486032485962;2941.9082120824105;3225.010000000002;[30.98, 32.98, 40.98, 49.98, 39.98, 15.09, 13.17, 32.98, 47.98, 35.98, 12.17, 21.98, 77.98, 29.98, 17.98, 22.98, 19.98, 16.98, 13.17, 50.98, 18.98, 39.98, 72.98, 16.98, 18.98, 17.98, 59.98, 14.09, 18.98, 77.98, 16.98, 46.98, 38.98, 44.98, 54.98, 32.98, 50.98, 26.98, 23.98, 40.98, 22.98, 57.98, 20.98, 16.98, 25.98, 19.98, 28.98, 43.98, 27.98, 14.09, 21.98, 11.17, 40.98, 56.98, 17.98, 77.98, 11.17, 55.98, 77.98, 50.98, 39.98, 35.98, 22.98, 3.84, 8.17, 26.98, 32.98, 22.98, 1.0, 17.98, 15.09, 16.98, 14.09, 35.98, 23.98, 29.98, 38.98, 61.98, 17.98, 24.98, 13.17, 70.98, 77.98, 16.98, 30.98, 12.17, 42.98, 41.98, 51.98, 28.98, 65.98, 54.98, 20.98, 37.98, 7.74, 11.17, 19.98, 21.98, 24.98, 15.09];76.98;[4, 1, 2, 1, 3, 1, 2, 1, 1, 5, 2, 1, 1, 2, 5, 1, 2, 2, 1, 1, 5, 1, 1, 1, 3];4;50;True
100;50;100;4;True;2000;1;0;0;0;0;0;0;125.30939745903015;42.91761016845703;38613.345698849174;31567.232850551605;2761.8795234612703;4284.530000000003;[11.09, 81.46, 10.66, 51.46, 65.46, 29.46, 31.46, 24.88, 15.03, 62.46, 9.31, 95.46, 11.09, 31.46, 69.46, 41.46, 50.46, 82.46, 27.88, 25.88, 74.46, 1.91, 22.03, 44.46, 15.03, 38.46, 61.46, 18.19, 38.46, 30.46, 55.46, 31.46, 88.46, 31.46, 72.46, 75.46, 41.46, 24.88, 42.46, 76.46, 41.46, 20.19, 69.46, 35.46, 67.46, 54.46, 29.46, 23.88, 28.46, 22.03, 39.46, 29.46, 73.46, 16.19, 56.46, 49.46, 40.46, 32.46, 24.88, 12.88, 10.31, 16.19, 93.46, 15.03, 26.88, 68.46, 66.46, 85.46, 25.88, 34.46, 34.46, 85.46, 37.46, 29.46, 21.19, 52.46, 95.46, 38.46, 91.46, 21.19, 95.46, 58.46, 95.46, 17.19, 55.46, 25.88, 8.66, 46.46, 24.88, 12.88, 95.46, 25.88, 34.46, 18.19, 57.46, 20.19, 35.46, 23.88, 27.88, 74.46];93.55;[2, 1, 1, 1, 1, 2, 2, 1, 2, 2, 1, 1, 2, 1, 2, 1, 1, 1, 1, 2, 2, 2, 3, 1, 3, 1, 2, 2, 4, 1, 1];3;50;True
100;50;100;5;True;2000;1;0;0;0;0;0;0;152.84125661849976;67.74760890007019;38600.17548318219;31119.200600147247;2984.0007569227423;4497.0499999999965;[39.43, 93.23, 22.9, 28.15, 16.16, 58.23, 41.43, 25.24, 57.23, 19.24, 54.23, 1.0, 17.64, 26.7, 28.15, 72.23, 13.03, 11.03, 28.74, 57.23, 80.23, 65.23, 118.23, 21.81, 3.0, 59.23, 7.76, 28.15, 98.23, 94.23, 24.24, 50.8, 59.23, 29.6, 43.43, 118.23, 7.6, 35.43, 58.23, 21.81, 27.24, 43.43, 21.9, 25.73, 40.43, 7.76, 95.23, 41.43, 44.43, 24.24, 29.6, 21.81, 61.23, 52.23, 16.03, 44.43, 40.43, 25.24, 21.81, 53.23, 75.23, 22.9, 61.23, 55.23, 46.43, 30.2, 56.23, 53.23, 30.2, 37.43, 51.23, 60.23, 29.6, 39.43, 42.43, 2.0, 26.7, 38.43, 7.76, 39.43, 83.23, 78.23, 44.43, 4.04, 28.15, 96.23, 118.23, 34.43, 20.24, 35.43, 32.44, 66.23, 118.23, 53.23, 55.23, 68.23, 98.23, 64.23, 68.23, 50.8];117.23;[1, 1, 1, 3, 2, 3, 1, 3, 1, 1, 2, 1, 1, 1, 1, 1, 1, 2, 2, 2, 2, 1, 1, 4, 1, 2, 2, 1, 2, 2, 1];3;50;True
100;50;100;6;True;2000;1;0;0;0;0;0;0;139.68279361724854;58.80096769332886;41641.07441789218;34900.17376947403;2824.261644774419;3916.4;[35.6, 30.28, 51.96, 75.15, 37.6, 55.96, 32.6, 79.15, 67.15, 18.39, 25.3, 27.28, 78.15, 32.6, 28.28, 9.95, 43.96, 26.29, 29.28, 32.6, 39.6, 34.6, 40.6, 14.81, 72.15, 42.75, 38.6, 23.08, 28.28, 18.39, 30.28, 53.96, 40.6, 62.96, 42.75, 37.6, 57.96, 20.27, 23.08, 49.96, 97.15, 20.89, 20.89, 40.6, 29.28, 31.6, 12.8, 11.97, 26.29, 97.15, 61.96, 9.95, 11.93, 28.28, 44.96, 25.3, 80.15, 24.08, 47.96, 16.67, 21.89, 21.89, 22.08, 24.08, 27.28, 96.15, 32.6, 47.96, 85.15, 39.6, 49.96, 34.6, 2.8, 29.28, 24.08, 15.81, 16.67, 61.96, 32.6, 15.81, 55.96, 59.96, 45.96, 29.28, 30.6, 40.6, 20.89, 11.97, 15.81, 77.15, 17.72, 63.96, 8.39, 56.96, 28.28, 58.96, 97.15, 56.96, 43.96, 63.96];94.35000000000001;[2, 2, 4, 1, 2, 3, 1, 1, 3, 4, 1, 1, 3, 1, 3, 1, 1, 1, 1, 1, 1, 3, 1, 1, 6, 1];5;50;True
60;60;60;1;True;2000;1;0;0;0;0;0;0;130.39472818374634;31.787174701690674;47123.55174622591;39520.50549316406;3515.8564371305165;4087.029999999997;[108.43, 45.6, 50.57, 108.43, 83.43, 65.43, 40.13, 108.43, 56.43, 40.13, 12.54, 68.43, 108.43, 71.43, 79.43, 76.43, 28.7, 48.6, 108.43, 72.43, 69.43, 4.01, 74.43, 108.43, 57.43, 79.43, 33.7, 108.43, 45.6, 108.43, 74.43, 17.16, 62.43, 108.43, 49.6, 96.43, 108.43, 21.1, 34.7, 103.43, 42.13, 96.43, 62.43, 69.43, 30.7, 28.7, 35.7, 88.43, 108.43, 108.43, 54.46, 102.43, 49.6, 24.63, 75.43, 49.6, 104.43, 64.43, 88.43, 55.46];104.42;[3, 2, 3, 1, 1, 5, 1, 1, 1, 2, 1, 2, 1, 3, 2, 4, 3, 1, 2, 2, 1, 3, 3, 2, 1, 1, 1, 1, 1, 1, 2, 1, 1];4;60;True
60;60;60;2;True;2000;1;0;0;0;0;0;0;171.2204349040985;31.835790872573853;46692.50799005128;39208.97970151901;3691.088453531181;3792.4399999999982;[52.64, 92.64, 66.64, 66.64, 38.75, 110.64, 36.75, 23.13, 15.18, 81.64, 30.17, 108.64, 35.17, 59.64, 31.17, 24.33, 12.18, 124.64, 62.64, 16.7, 120.64, 84.64, 45.64, 134.64, 148.64, 117.64, 27.17, 35.75, 22.13, 31.17, 98.64, 25.17, 68.64, 41.75, 67.64, 128.64, 116.64, 55.64, 16.18, 50.64, 36.75, 26.17, 63.64, 54.64, 38.75, 58.64, 49.64, 137.64, 60.64, 104.64, 130.64, 52.64, 73.64, 23.33, 74.64, 95.64, 95.64, 10.63, 35.17, 41.75];138.01;[1, 2, 1, 3, 1, 3, 2, 1, 3, 1, 2, 4, 1, 4, 2, 2, 1, 2, 2, 4, 3, 1, 1, 3, 1, 1, 1, 3, 2, 1, 1];3;60;True
60;60;60;3;True;2000;1;0;0;0;0;0;0;159.05970430374146;23.823493003845215;42767.6223096926;36041.48663139343;3479.9990149203295;3246.1300000000024;[49.53, 90.17, 57.56, 139.17, 95.17, 40.53, 18.63, 62.17, 54.56, 61.17, 11.56, 33.53, 126.17, 46.53, 23.53, 37.53, 24.53, 39.53, 18.63, 71.17, 29.53, 52.53, 109.17, 29.53, 45.53, 32.53, 70.17, 16.63, 30.53, 103.17, 15.62, 75.17, 58.56, 85.17, 55.56, 49.53, 54.56, 48.53, 103.17, 70.17, 38.53, 84.17, 41.53, 22.53, 45.53, 30.53, 39.53, 76.17, 39.53, 13.69, 40.53, 12.58, 121.17, 69.17, 26.53, 100.17, 10.25, 52.53, 86.17, 58.56];128.92;[4, 2, 3, 1, 1, 4, 3, 1, 2, 2, 2, 2, 1, 1, 3, 2, 2, 2, 2, 1, 2, 1, 2, 1, 1, 2, 5, 1, 4];4;60;True
60;60;60;4;True;2000;1;0;0;0;0;0;0;163.21828818321228;26.661333084106445;47493.73024823466;40172.577706336975;3398.5743842093907;3922.3699999999944;[22.15, 100.24, 18.18, 76.24, 114.24, 142.24, 87.24, 46.24, 16.94, 95.24, 17.18, 79.24, 28.24, 70.24, 109.24, 65.24, 61.24, 73.24, 53.24, 43.24, 112.24, 10.4, 31.24, 52.24, 32.24, 39.24, 55.24, 19.18, 75.24, 46.24, 110.24, 48.24, 142.24, 83.24, 55.24, 62.24, 54.24, 37.24, 84.24, 139.24, 49.24, 34.24, 142.24, 114.24, 72.24, 74.24, 120.24, 39.24, 49.24, 32.24, 49.24, 45.24, 91.24, 28.24, 86.24, 67.24, 47.24, 104.24, 39.24, 27.62];131.84;[2, 1, 2, 5, 2, 1, 2, 1, 3, 2, 2, 2, 2, 1, 1, 1, 1, 1, 1, 1, 4, 1, 3, 3, 1, 2, 2, 2, 1, 2, 2, 1, 1, 1];4;60;True
60;60;60;5;True;2000;1;0;0;0;0;0;0;162.50116062164307;23.664523363113403;43676.088088695054;35958.46569824219;3592.7180764429745;4124.930000000002;[53.4, 94.15, 46.9, 68.4, 18.32, 88.76, 69.4, 33.32, 91.15, 38.32, 62.4, 1.0, 49.52, 69.4, 59.4, 94.15, 30.32, 33.32, 65.4, 75.4, 140.15, 111.15, 143.15, 49.52, 2.43, 157.15, 18.32, 34.32, 102.15, 125.15, 51.31, 74.4, 108.15, 75.76, 63.4, 153.15, 9.58, 76.76, 101.15, 45.9, 46.9, 104.15, 55.4, 53.4, 55.4, 10.58, 114.15, 55.4, 96.15, 52.31, 74.4, 39.72, 101.15, 102.15, 42.29, 59.4, 51.31, 49.52, 50.52, 125.15];156.15;[2, 1, 1, 1, 1, 1, 1, 2, 1, 2, 2, 4, 1, 3, 5, 1, 2, 1, 1, 2, 3, 1, 2, 2, 1, 2, 3, 2, 1, 1, 1, 1, 3, 1, 1];4;60;True
60;60;60;6;True;2000;1;0;0;0;0;0;0;169.12944650650024;31.939534425735474;50862.17963623915;43564.40253162384;3266.9828548919027;4030.639999999999;[57.02, 55.02, 77.02, 89.02, 59.02, 126.02, 64.02, 118.02, 89.02, 29.02, 41.02, 55.02, 133.02, 60.02, 50.02, 10.18, 63.02, 35.02, 50.02, 139.02, 50.02, 71.02, 63.02, 33.02, 150.02, 110.02, 106.02, 39.02, 36.02, 33.02, 53.02, 73.02, 58.02, 118.02, 95.02, 61.02, 89.02, 42.02, 39.02, 88.02, 78.02, 23.04, 38.02, 80.02, 126.02, 56.02, 18.06, 26.02, 101.02, 89.02, 135.02, 10.18, 14.08, 31.02, 97.02, 44.02, 127.02, 44.02, 60.02, 26.02];139.84;[1, 1, 1, 1, 5, 3, 2, 1, 3, 1, 1, 6, 1, 1, 2, 2, 1, 2, 1, 1, 1, 2, 2, 2, 1, 1, 1, 1, 3, 2, 2, 3, 2];5;60;True
70;60;70;1;True;2000;1;0;0;0;0;0;0;134.2842800617218;28.118674278259277;45785.5335856316;38634.02845621109;3594.3022421144174;3556.9899999999993;[64.91, 22.65, 38.91, 68.91, 61.91, 56.91, 53.91, 101.91, 59.91, 31.91, 11.8, 53.91, 101.91, 47.91, 51.91, 57.91, 14.26, 38.91, 60.91, 62.91, 50.91, 4.0, 66.91, 37.91, 46.91, 66.91, 21.65, 75.91, 33.91, 95.91, 95.91, 13.82, 47.91, 83.91, 42.91, 74.91, 79.91, 16.82, 20.65, 76.91, 23.65, 101.91, 23.65, 38.91, 20.65, 23.65, 21.65, 75.91, 80.91, 101.91, 34.91, 87.91, 35.91, 14.26, 52.91, 27.65, 72.91, 41.91, 84.91, 39.91, 47.91, 44.91, 65.91, 75.91, 24.65, 56.91, 38.91, 28.65, 17.82, 30.65];97.91;[2, 1, 2, 1, 1, 2, 1, 1, 2, 3, 2, 3, 4, 2, 2, 1, 3, 3, 2, 1, 1, 1, 5, 2, 2, 2, 2, 1, 1, 1, 2, 1];4;60;True
70;60;70;2;True;2000;1;0;0;0;0;0;0;176.84391736984253;41.770612716674805;47102.76335864818;39760.05913925171;3771.74195360176;3571.2999999999975;[27.39, 108.39, 122.39, 45.39, 29.39, 131.39, 21.39, 12.39, 12.39, 81.39, 23.39, 94.39, 26.39, 52.39, 22.39, 15.39, 11.39, 88.39, 57.39, 13.39, 96.39, 45.39, 38.39, 93.39, 115.39, 89.39, 14.39, 40.39, 14.39, 17.39, 82.39, 16.39, 58.39, 17.39, 75.39, 76.39, 104.39, 51.39, 15.39, 33.39, 39.39, 18.39, 33.39, 54.39, 25.39, 35.39, 25.39, 131.39, 48.39, 81.39, 61.39, 53.39, 60.39, 13.39, 79.39, 73.39, 46.39, 11.39, 14.39, 39.39, 26.39, 65.39, 34.39, 75.39, 89.39, 45.39, 115.39, 24.39, 46.39, 10.39];120.99999999999999;[4, 2, 1, 5, 1, 1, 1, 2, 1, 2, 1, 2, 2, 3, 3, 2, 1, 1, 2, 1, 1, 1, 3, 1, 1, 1, 2, 2, 1, 2, 3, 3, 1];4;60;True
70;60;70;3;True;2000;1;0;0;0;0;0;0;180.82730078697205;43.938857078552246;44393.258788406616;37902.764647483826;3423.47076411914;3066.939999999998;[35.04, 53.04, 55.04, 52.04, 49.04, 14.41, 8.41, 68.04, 108.04, 60.04, 9.41, 23.04, 133.04, 47.04, 14.41, 32.04, 21.04, 25.04, 12.41, 82.04, 28.04, 50.04, 79.04, 18.04, 35.04, 19.04, 124.04, 12.41, 17.04, 45.04, 14.41, 58.04, 57.04, 75.04, 83.04, 37.04, 48.04, 48.04, 88.04, 37.04, 25.04, 56.04, 32.04, 24.04, 26.04, 17.04, 23.04, 65.04, 31.04, 9.41, 30.04, 6.41, 107.04, 93.04, 12.41, 91.04, 5.41, 98.04, 62.04, 63.04, 70.04, 38.04, 64.04, 2.41, 4.41, 31.04, 42.04, 45.04, 2.0, 14.41];131.04;[1, 2, 1, 2, 2, 4, 1, 1, 1, 2, 1, 1, 1, 3, 2, 2, 1, 5, 1, 2, 1, 2, 1, 2, 2, 5, 1, 2, 3, 1, 1, 2, 1];4;60;True
70;60;70;4;True;2000;1;0;0;0;0;0;0;160.51242399215698;35.5695013999939;47553.56769221579;40103.170010089874;3466.853505374335;3983.749999999996;[18.81, 111.18, 12.98, 58.18, 88.18, 77.18, 118.18, 28.81, 16.74, 102.18, 13.87, 119.18, 15.47, 59.18, 121.18, 136.18, 53.18, 68.18, 50.18, 34.21, 98.18, 2.32, 34.21, 45.18, 20.81, 40.18, 90.18, 19.81, 64.18, 50.18, 82.18, 41.18, 91.18, 54.18, 58.18, 67.18, 46.18, 38.18, 74.18, 136.18, 72.18, 21.81, 131.18, 63.18, 63.18, 58.18, 41.18, 26.81, 44.18, 26.81, 42.18, 42.18, 79.18, 18.74, 106.18, 58.18, 43.18, 72.18, 36.21, 14.77, 12.98, 18.74, 51.18, 19.81, 46.18, 68.18, 80.18, 83.18, 48.18, 36.21];133.86;[2, 2, 2, 2, 1, 4, 2, 1, 3, 2, 1, 2, 3, 3, 2, 1, 1, 3, 2, 1, 6, 1, 1, 1, 1, 1, 2, 2, 1, 1, 2, 1];5;60;True
70;60;70;5;True;2000;1;0;0;0;0;0;0;149.9296579360962;35.018242597579956;43932.13862242848;35735.55440235138;3620.438727602981;4576.09;[45.66, 128.94, 47.31, 49.31, 18.37, 76.94, 85.94, 28.86, 103.94, 43.74, 88.94, 1.0, 21.86, 49.31, 51.31, 118.94, 37.38, 15.43, 54.94, 68.94, 142.94, 106.94, 129.94, 33.77, 3.0, 76.94, 11.06, 30.86, 108.94, 109.94, 75.94, 65.94, 93.94, 59.94, 66.94, 141.94, 9.51, 77.94, 94.94, 47.31, 32.76, 76.94, 48.31, 38.38, 61.94, 11.48, 125.94, 79.94, 84.94, 52.94, 56.94, 25.86, 87.94, 89.94, 19.37, 52.31, 58.94, 49.31, 51.31, 127.94, 115.94, 71.94, 91.94, 63.94, 52.31, 40.73, 71.94, 64.94, 90.94, 52.31];141.94;[2, 3, 2, 1, 1, 5, 3, 4, 1, 1, 2, 3, 1, 1, 2, 4, 1, 3, 1, 2, 1, 1, 2, 2, 2, 2, 2, 1, 1, 1, 1, 1];4;60;True
70;60;70;6;True;2000;1;0;0;0;0;0;0;148.09373879432678;42.17045044898987;50521.33130994984;43146.014370918274;3260.7025404446626;4114.600000000003;[60.9, 31.42, 86.9, 75.9, 63.9, 62.9, 48.9, 126.9, 69.9, 18.55, 26.54, 40.94, 54.9, 73.9, 36.69, 8.61, 91.9, 109.9, 40.94, 112.9, 72.9, 67.9, 54.9, 16.23, 83.9, 121.9, 48.9, 34.98, 28.94, 21.55, 41.94, 69.9, 58.9, 68.9, 60.9, 68.9, 95.9, 24.55, 42.94, 122.9, 120.9, 21.55, 25.55, 40.94, 119.9, 54.9, 13.58, 13.04, 33.98, 82.9, 104.9, 9.22, 10.1, 28.94, 84.9, 41.94, 126.9, 30.61, 59.9, 18.23, 28.94, 22.55, 46.9, 27.67, 94.9, 106.9, 41.94, 86.9, 106.9, 56.9];118.29;[2, 1, 4, 2, 4, 2, 1, 2, 2, 2, 1, 1, 1, 1, 3, 2, 1, 1, 1, 2, 2, 2, 2, 3, 1, 1, 3, 3, 1, 1, 2, 3];3;60;True
80;60;80;1;True;2000;1;0;0;0;0;0;0;145.31848406791687;50.62417387962341;47108.40542694752;39986.884819984436;3466.8952483105063;3654.559999999998;[56.66, 17.42, 21.28, 94.66, 58.66, 34.66, 50.66, 94.66, 52.66, 26.66, 10.53, 69.66, 94.66, 42.66, 48.66, 69.66, 10.53, 30.66, 58.66, 47.66, 49.66, 3.58, 43.66, 39.66, 36.66, 50.66, 17.42, 94.66, 22.28, 73.66, 54.66, 9.81, 45.66, 42.66, 55.66, 94.66, 94.66, 11.13, 14.5, 84.66, 20.51, 54.66, 18.51, 67.66, 15.14, 18.42, 17.42, 94.66, 65.66, 73.66, 21.28, 73.66, 33.66, 9.81, 48.66, 23.04, 90.66, 41.66, 90.66, 26.66, 30.66, 26.66, 65.66, 94.66, 18.51, 41.66, 29.66, 18.42, 11.71, 21.28, 26.66, 88.66, 45.66, 15.59, 4.1, 61.66, 75.66, 53.66, 62.66, 24.04];91.08;[1, 1, 1, 2, 1, 1, 3, 1, 1, 1, 4, 2, 3, 1, 3, 4, 3, 3, 3, 2, 1, 1, 1, 4, 1, 2, 1, 2, 2, 1, 3];3;60;True
80;60;80;2;True;2000;1;0;0;0;0;0;0;173.7533733844757;55.24635982513428;46927.15353290914;39453.84172868729;3685.0561725903463;3788.099999999997;[28.97, 81.29, 124.29, 46.29, 28.03, 85.29, 29.97, 17.0, 16.18, 62.29, 26.1, 66.29, 18.0, 46.29, 35.18, 17.0, 11.29, 71.29, 58.29, 18.71, 97.29, 43.29, 36.18, 106.29, 79.29, 49.29, 20.33, 43.29, 20.33, 18.71, 73.29, 22.21, 50.29, 21.33, 68.29, 116.29, 124.29, 40.18, 15.18, 35.18, 49.29, 22.21, 38.18, 50.29, 28.97, 30.97, 28.03, 90.29, 41.29, 82.29, 58.29, 49.29, 45.29, 14.18, 56.29, 58.29, 64.29, 10.29, 18.0, 33.97, 30.97, 46.29, 40.18, 95.29, 82.29, 36.18, 105.29, 22.21, 49.29, 9.3, 47.29, 44.29, 67.29, 16.18, 57.29, 18.0, 35.18, 72.29, 33.97, 40.18];114.99000000000001;[1, 2, 4, 1, 1, 2, 1, 1, 2, 1, 1, 1, 2, 1, 2, 4, 4, 1, 1, 1, 3, 3, 1, 1, 2, 1, 2, 1, 2, 2, 4, 1, 1, 1, 1];3;60;True
80;60;80;3;True;2000;1;0;0;0;0;0;0;189.24800539016724;54.206363677978516;45234.25209138565;37870.269790649414;3481.8516184362747;3882.380000000002;[45.98, 42.98, 89.98, 85.98, 101.98, 17.05, 15.14, 60.98, 81.98, 44.98, 11.74, 28.86, 103.98, 35.98, 18.21, 35.98, 20.59, 23.57, 15.58, 86.98, 25.57, 85.98, 142.98, 20.16, 30.86, 19.8, 94.98, 13.74, 18.99, 65.98, 17.05, 50.98, 97.98, 69.98, 57.98, 41.98, 62.98, 36.98, 136.98, 41.98, 27.57, 61.98, 31.98, 21.59, 26.57, 21.59, 33.98, 50.98, 35.98, 15.14, 27.57, 12.32, 151.98, 59.98, 20.16, 135.98, 10.86, 100.98, 75.98, 81.98, 109.98, 43.98, 81.98, 3.0, 5.77, 32.98, 40.98, 39.98, 2.0, 17.91, 19.8, 20.59, 14.54, 42.98, 32.98, 49.98, 55.98, 100.98, 27.57, 30.86];149.98;[2, 1, 2, 2, 1, 2, 1, 3, 2, 2, 2, 1, 1, 2, 3, 1, 1, 3, 1, 2, 1, 1, 2, 3, 5, 1, 3, 2, 1, 1, 2, 1, 2];4;60;True
80;60;80;4;True;2000;1;0;0;0;0;0;0;177.0015721321106;45.2297739982605;48082.575943965465;40257.268570423126;3450.323347008651;4374.949999999999;[13.96, 84.56, 10.64, 72.56, 83.56, 87.56, 34.56, 27.56, 15.96, 87.56, 10.64, 112.56, 12.96, 66.56, 79.56, 94.56, 51.56, 75.56, 84.56, 38.56, 66.56, 2.32, 24.65, 45.56, 18.96, 39.56, 70.56, 18.96, 62.56, 34.56, 93.56, 99.56, 92.56, 63.56, 54.56, 65.56, 46.56, 30.56, 52.56, 104.56, 52.56, 20.96, 81.56, 68.56, 81.56, 80.56, 31.56, 26.56, 48.56, 24.65, 39.56, 31.56, 84.56, 17.96, 83.56, 79.56, 40.56, 94.56, 31.56, 12.84, 10.64, 18.96, 43.56, 16.96, 38.56, 63.56, 70.56, 114.56, 28.56, 35.56, 35.56, 71.56, 38.56, 30.56, 24.65, 93.56, 145.56, 59.56, 141.56, 25.56];143.24;[2, 1, 1, 1, 2, 3, 1, 2, 1, 2, 1, 2, 1, 1, 1, 1, 2, 2, 1, 1, 1, 3, 1, 2, 1, 1, 1, 4, 1, 1, 2, 5, 1, 2, 2, 1, 2];4;60;True
80;60;80;5;True;2000;1;0;0;0;0;0;0;182.93974018096924;40.58237075805664;44576.259318359735;37396.8799571991;3575.912716103023;3603.2299999999964;[36.18, 104.18, 24.18, 22.18, 15.18, 64.18, 48.18, 24.18, 68.18, 13.18, 83.18, 1.0, 15.18, 31.18, 28.18, 78.18, 8.18, 8.18, 29.18, 52.18, 116.18, 71.18, 98.18, 18.18, 3.0, 80.18, 7.02, 26.18, 77.18, 134.18, 30.18, 49.18, 69.18, 54.18, 38.18, 112.18, 7.02, 35.18, 62.18, 16.18, 24.18, 73.18, 18.18, 20.18, 35.18, 7.02, 70.18, 72.18, 80.18, 18.18, 41.18, 19.18, 55.18, 64.18, 12.18, 40.18, 37.18, 23.18, 27.18, 88.18, 95.18, 51.18, 79.18, 45.18, 43.18, 29.18, 57.18, 45.18, 87.18, 54.18, 24.18, 66.18, 45.18, 35.18, 39.18, 2.0, 38.18, 36.18, 8.03, 36.18];133.18;[3, 1, 2, 3, 2, 4, 1, 4, 1, 2, 3, 2, 2, 1, 2, 1, 1, 2, 2, 1, 2, 1, 3, 3, 2, 1, 3, 2, 1, 1, 1];3;60;True
80;60;80;6;True;2000;1;0;0;0;0;0;0;166.60728478431702;53.525654792785645;50636.497018458016;43743.00515317917;3277.063320831578;3616.1200000000044;[48.19, 29.19, 94.19, 70.19, 58.19, 68.19, 33.19, 111.19, 88.19, 17.19, 24.19, 36.19, 105.19, 50.19, 27.19, 8.85, 85.19, 50.19, 43.19, 64.19, 35.19, 40.19, 44.19, 12.9, 75.19, 81.19, 62.19, 29.19, 26.19, 16.19, 35.19, 54.19, 47.19, 72.19, 57.19, 63.19, 66.19, 19.19, 24.19, 78.19, 58.19, 20.19, 21.19, 38.19, 42.19, 27.19, 11.57, 11.57, 27.19, 72.19, 99.19, 9.55, 10.21, 27.19, 64.19, 33.19, 83.19, 21.19, 42.19, 15.19, 20.19, 20.19, 20.19, 22.19, 28.19, 100.19, 58.19, 56.19, 64.19, 36.19, 67.19, 51.19, 2.8, 56.19, 21.19, 13.59, 15.19, 120.19, 42.19, 13.59];117.39;[1, 3, 2, 2, 3, 1, 4, 1, 2, 1, 2, 2, 2, 1, 2, 1, 1, 1, 1, 2, 1, 1, 1, 1, 1, 3, 1, 1, 5, 1, 2, 1, 2, 4];4;60;True
90;60;90;1;True;2000;1;0;0;0;0;0;0;144.2885603904724;62.522400856018066;47479.61890972633;39734.17602062225;3582.6909189236508;4162.889999999996;[84.91, 17.33, 22.33, 74.91, 77.91, 41.33, 30.33, 102.91, 44.33, 26.33, 10.33, 67.91, 67.91, 38.33, 61.33, 53.33, 12.06, 27.33, 60.33, 55.33, 50.33, 3.62, 51.33, 34.33, 36.33, 48.33, 18.33, 61.33, 22.33, 79.91, 71.91, 11.06, 31.33, 39.33, 47.33, 85.91, 101.91, 12.33, 17.07, 61.33, 21.33, 58.33, 19.33, 50.33, 17.07, 18.96, 18.33, 102.91, 60.33, 97.91, 21.33, 46.33, 35.33, 12.06, 47.33, 24.33, 102.91, 55.33, 102.91, 26.33, 102.91, 27.33, 59.33, 62.91, 20.33, 53.33, 31.33, 19.33, 13.33, 22.33, 25.33, 78.91, 49.33, 17.31, 3.62, 71.91, 88.91, 33.33, 37.33, 23.33, 39.33, 90.91, 102.91, 27.33, 102.91, 9.16, 16.07, 15.33, 54.33, 61.33];99.28999999999999;[1, 1, 1, 3, 1, 1, 3, 2, 2, 1, 2, 1, 1, 3, 3, 3, 5, 1, 2, 4, 1, 1, 2, 5, 1, 1, 2, 1, 2, 2, 1];4;60;True
90;60;90;2;True;2000;1;0;0;0;0;0;0;182.21763563156128;62.74837613105774;47601.85546230184;39419.889718055725;3761.8199371870564;4420.109999999997;[28.75, 81.71, 117.32, 41.71, 27.75, 107.32, 22.75, 16.14, 16.14, 94.52, 19.75, 77.71, 17.14, 40.71, 32.74, 16.14, 11.37, 84.71, 63.71, 17.14, 101.52, 59.71, 31.74, 56.71, 72.71, 63.71, 17.95, 35.73, 17.95, 17.95, 87.27, 21.75, 56.71, 19.75, 79.71, 84.71, 120.32, 36.72, 14.9, 36.72, 54.71, 21.75, 40.71, 53.66, 26.75, 33.74, 27.75, 110.32, 47.7, 96.52, 61.71, 43.71, 50.7, 13.2, 110.32, 55.71, 65.71, 10.95, 17.14, 29.75, 26.75, 52.66, 36.72, 142.32, 92.27, 36.72, 90.27, 21.75, 48.7, 9.95, 36.72, 43.71, 55.71, 15.14, 70.71, 17.14, 31.74, 55.71, 33.74, 39.71, 51.7, 79.71, 24.75, 23.75, 75.71, 45.7, 23.75, 50.7, 14.9, 129.32];132.37;[2, 1, 2, 1, 1, 2, 1, 1, 2, 2, 1, 1, 1, 1, 1, 2, 4, 1, 1, 6, 3, 1, 1, 1, 6, 2, 1, 1, 3, 2, 2, 1, 2];5;60;True
90;60;90;3;True;2000;1;0;0;0;0;0;0;155.94512605667114;65.3117835521698;44652.84918971725;37240.85310268402;3464.490510543959;3947.4000000000046;[45.38, 47.01, 68.8, 54.8, 67.8, 16.13, 15.13, 50.8, 84.8, 53.8, 11.18, 27.19, 113.8, 41.02, 18.13, 28.37, 20.13, 23.13, 15.13, 59.8, 23.13, 56.8, 82.8, 19.76, 26.13, 18.83, 104.8, 14.13, 18.83, 113.8, 16.91, 69.8, 67.8, 65.8, 73.8, 56.8, 56.8, 38.24, 42.04, 43.38, 24.13, 71.8, 28.11, 21.13, 26.62, 21.13, 36.07, 65.8, 32.07, 15.13, 24.13, 13.13, 50.8, 74.8, 18.13, 98.8, 10.81, 68.8, 113.8, 52.8, 74.8, 48.8, 32.07, 3.45, 6.51, 33.63, 38.24, 36.07, 2.0, 17.5, 16.13, 21.13, 14.13, 47.8, 31.07, 44.38, 53.8, 81.8, 25.06, 35.07, 14.13, 91.8, 113.8, 20.13, 40.02, 11.18, 64.8, 58.8, 67.8, 60.8];111.8;[1, 1, 1, 1, 1, 2, 4, 1, 1, 1, 1, 1, 3, 2, 2, 2, 1, 1, 1, 1, 1, 1, 1, 3, 1, 2, 3, 1, 1, 1, 1, 7, 2, 1, 1, 2, 2];6;60;True
90;60;90;4;True;2000;1;0;0;0;0;0;0;186.492445230484;57.636178731918335;48386.69074456637;40976.1864862442;3438.2550037576357;3972.3899999999953;[8.84, 68.35, 9.84, 55.35, 59.35, 46.35, 26.35, 17.35, 14.35, 97.35, 7.84, 72.35, 8.84, 55.35, 66.35, 83.35, 38.35, 64.35, 35.35, 19.35, 91.35, 2.72, 14.35, 35.35, 12.35, 35.35, 80.35, 17.35, 35.35, 26.35, 82.35, 22.35, 86.35, 42.35, 66.35, 75.35, 49.35, 16.35, 42.35, 108.35, 38.35, 18.35, 135.35, 28.35, 94.35, 73.35, 24.35, 21.35, 28.35, 17.35, 26.35, 23.35, 85.35, 13.35, 52.35, 89.35, 35.35, 82.35, 20.35, 11.84, 9.84, 14.35, 97.35, 10.84, 26.35, 65.35, 69.35, 66.35, 17.35, 31.35, 31.35, 40.35, 34.35, 21.35, 14.35, 69.35, 135.35, 46.35, 93.35, 16.35, 69.35, 69.35, 52.35, 14.35, 51.35, 17.35, 6.95, 37.35, 14.35, 11.84];132.63;[1, 1, 2, 1, 1, 2, 1, 2, 1, 1, 1, 1, 1, 1, 3, 1, 2, 1, 2, 1, 4, 1, 2, 3, 1, 1, 2, 2, 3, 2, 2, 2, 2, 2, 2, 1, 1];3;60;True
90;60;90;5;True;2000;1;0;0;0;0;0;0;180.65226578712463;64.60665774345398;45079.30231624197;37042.5225315094;3607.958659136784;4428.9;[38.48, 139.71, 26.54, 32.48, 16.35, 55.71, 37.48, 25.54, 54.71, 19.28, 67.71, 1.0, 17.35, 26.54, 28.47, 99.71, 12.35, 10.35, 29.47, 54.48, 89.71, 56.71, 115.71, 21.54, 3.12, 59.71, 8.35, 27.54, 139.71, 139.71, 26.54, 50.48, 101.71, 41.48, 41.48, 84.71, 8.35, 37.48, 67.71, 22.54, 26.54, 70.71, 22.54, 25.54, 35.48, 8.35, 90.71, 50.48, 122.71, 34.48, 41.48, 21.54, 114.71, 83.71, 15.35, 41.48, 62.71, 29.47, 21.54, 100.71, 70.71, 35.48, 69.71, 47.48, 43.48, 31.48, 53.48, 71.71, 53.48, 37.48, 36.48, 93.71, 52.48, 37.48, 41.48, 2.12, 42.48, 41.48, 8.35, 38.48, 80.71, 85.71, 54.71, 4.03, 27.54, 61.71, 139.71, 33.48, 19.55, 54.48];138.71;[1, 1, 2, 2, 2, 1, 2, 3, 2, 1, 1, 5, 1, 1, 1, 2, 2, 1, 1, 1, 2, 2, 4, 2, 2, 1, 3, 1, 1, 1, 1, 2, 2, 2, 1];4;60;True
90;60;90;6;True;2000;1;0;0;0;0;0;0;159.68540143966675;61.68528985977173;51220.29327736581;43816.748866558075;3359.7803720913794;4043.8500000000004;[44.96, 31.14, 54.9, 80.9, 51.53, 104.9, 33.14, 95.9, 76.9, 18.14, 25.14, 31.14, 115.9, 55.9, 29.14, 8.79, 55.9, 29.14, 34.14, 81.9, 37.14, 36.14, 50.53, 15.15, 63.9, 102.9, 53.9, 23.14, 28.14, 18.14, 40.89, 54.9, 41.96, 56.9, 50.53, 62.9, 81.9, 23.14, 26.14, 62.9, 61.9, 21.14, 21.14, 40.89, 37.5, 38.5, 14.15, 14.04, 29.14, 82.9, 86.9, 9.39, 12.28, 29.14, 65.9, 28.14, 113.9, 25.14, 49.53, 16.43, 24.14, 22.14, 26.14, 25.14, 28.14, 116.9, 43.96, 65.9, 65.9, 39.89, 105.9, 44.96, 2.0, 32.14, 26.14, 15.15, 16.43, 49.53, 34.14, 15.15, 89.9, 58.9, 46.25, 30.14, 40.89, 42.96, 25.14, 14.04, 15.15, 91.9];114.9;[1, 2, 4, 3, 4, 2, 1, 2, 1, 1, 1, 1, 2, 2, 1, 1, 3, 2, 4, 1, 4, 2, 4, 1, 1, 3, 1, 1, 1, 3];3;60;True
100;60;100;1;True;2000;1;0;0;0;0;0;0;153.93714570999146;86.17190861701965;48264.57300901814;40179.56565618515;3619.2020796035213;4466.079999999997;[63.23, 18.5, 23.47, 80.23, 62.23, 32.11, 33.11, 102.23, 49.23, 28.45, 11.14, 59.23, 70.23, 39.23, 68.23, 76.23, 13.95, 52.23, 62.23, 56.23, 51.23, 3.1, 73.23, 35.11, 42.23, 67.23, 19.5, 54.23, 24.46, 53.23, 51.23, 12.28, 34.11, 37.23, 39.23, 75.23, 66.23, 14.54, 17.51, 70.23, 21.49, 94.23, 20.49, 70.23, 17.51, 19.5, 19.5, 59.23, 102.23, 97.23, 22.47, 55.23, 29.45, 13.15, 48.23, 26.45, 77.23, 33.11, 101.23, 27.45, 43.23, 30.87, 61.23, 79.23, 20.49, 52.23, 28.45, 20.49, 14.54, 23.47, 28.45, 81.23, 37.11, 18.5, 3.68, 61.23, 97.23, 37.23, 45.23, 24.46, 50.23, 85.23, 73.23, 28.45, 102.23, 8.99, 16.51, 16.51, 45.23, 46.23, 16.51, 7.84, 11.14, 100.23, 14.54, 46.23, 41.23, 80.23, 30.87, 37.11];99.13000000000001;[1, 1, 1, 1, 4, 1, 2, 2, 1, 2, 1, 2, 2, 3, 4, 2, 3, 1, 2, 2, 2, 1, 3, 3, 1, 1, 3, 2, 4, 2];3;60;True
100;60;100;2;True;2000;1;0;0;0;0;0;0;187.58201932907104;70.07129311561584;47490.80903988554;39143.74356555939;3737.9453818502543;4608.840000000002;[30.04, 85.86, 74.86, 55.86, 28.57, 82.86, 25.17, 16.89, 15.95, 50.86, 21.17, 70.86, 18.95, 41.86, 31.57, 16.89, 11.95, 96.86, 73.86, 19.95, 69.86, 53.86, 32.57, 111.86, 65.86, 39.86, 21.17, 29.04, 20.69, 18.95, 59.86, 25.17, 45.86, 21.17, 65.86, 107.86, 77.86, 37.57, 15.95, 39.86, 44.86, 26.17, 42.86, 52.86, 29.04, 33.57, 34.57, 87.86, 37.57, 56.86, 78.86, 42.86, 50.86, 14.95, 91.86, 44.86, 45.86, 10.85, 17.82, 32.57, 25.17, 44.86, 32.57, 134.86, 56.86, 37.57, 68.86, 22.17, 38.86, 10.4, 38.86, 45.86, 56.86, 15.95, 65.86, 17.95, 31.57, 55.86, 34.57, 40.86, 48.86, 62.86, 22.17, 25.17, 81.86, 38.86, 26.57, 52.86, 15.95, 64.86, 68.86, 99.86, 34.57, 15.95, 50.86, 77.86, 69.86, 30.04, 97.86, 37.57];124.46000000000001;[3, 1, 2, 1, 1, 2, 1, 1, 3, 3, 1, 1, 1, 1, 2, 3, 1, 1, 1, 3, 1, 1, 2, 1, 1, 6, 1, 1, 2, 1, 5, 1, 1, 1, 2];5;60;True
100;60;100;3;True;2000;1;0;0;0;0;0;0;164.69388937950134;87.5336287021637;44854.832964683184;38036.04522275925;3457.606563097701;3361.2100000000023;[33.98, 31.98, 46.98, 33.98, 49.98, 13.11, 13.11, 35.98, 92.98, 36.98, 11.51, 20.98, 52.98, 30.98, 16.98, 21.98, 18.98, 15.98, 13.11, 56.98, 17.98, 45.98, 71.98, 14.98, 16.98, 15.98, 53.98, 13.98, 18.98, 65.98, 16.98, 52.98, 41.98, 44.98, 60.98, 29.98, 48.98, 26.98, 23.98, 39.98, 21.98, 55.98, 18.98, 14.98, 25.98, 18.98, 27.98, 56.98, 26.98, 13.98, 20.98, 9.91, 40.98, 61.98, 16.98, 70.98, 9.91, 51.98, 92.98, 44.98, 78.98, 32.98, 20.98, 3.84, 6.69, 23.98, 30.98, 19.98, 1.0, 16.98, 13.98, 14.98, 13.11, 39.98, 21.98, 35.98, 49.98, 45.98, 16.98, 24.98, 12.51, 81.98, 92.98, 14.98, 29.98, 11.51, 39.98, 38.98, 53.98, 79.98, 89.98, 59.98, 21.98, 38.98, 6.57, 9.91, 18.98, 20.98, 30.98, 13.11];91.98;[1, 1, 2, 5, 1, 1, 2, 3, 1, 1, 2, 1, 1, 1, 1, 1, 1, 2, 1, 2, 1, 2, 3, 4, 1, 3, 1, 4, 1, 1, 1, 1, 4, 1, 1];4;60;True
100;60;100;4;True;2000;1;0;0;0;0;0;0;186.4655637741089;74.87807369232178;48725.233738783994;41085.01435422897;3401.1277520921076;4239.180000000002;[10.67, 79.63, 10.24, 58.63, 61.63, 35.49, 29.49, 25.29, 15.01, 79.63, 9.63, 130.63, 10.67, 44.63, 116.63, 23.37, 46.63, 61.63, 50.63, 23.31, 70.63, 1.91, 19.76, 41.63, 14.02, 37.49, 37.49, 17.8, 36.49, 43.63, 54.63, 33.49, 75.63, 34.49, 48.63, 58.63, 40.63, 23.37, 50.63, 62.63, 42.63, 19.76, 131.63, 30.49, 45.63, 53.63, 26.29, 23.31, 26.29, 20.76, 37.49, 27.29, 89.63, 15.01, 52.63, 56.63, 38.49, 29.49, 23.31, 11.55, 9.63, 15.82, 47.63, 14.02, 33.49, 66.63, 78.63, 114.63, 44.63, 33.49, 33.49, 72.63, 36.49, 26.29, 19.76, 38.49, 131.63, 47.63, 88.63, 20.76, 86.63, 51.63, 82.63, 15.82, 53.63, 23.31, 6.35, 47.63, 22.31, 12.48, 65.63, 25.29, 32.49, 16.8, 56.63, 18.8, 30.49, 21.43, 27.29, 38.49];129.72;[2, 1, 2, 2, 1, 2, 2, 3, 1, 1, 1, 2, 1, 1, 1, 3, 2, 1, 2, 1, 2, 1, 2, 2, 1, 5, 2, 2, 2, 2, 4, 1, 1, 1];4;60;True
100;60;100;5;True;2000;1;0;0;0;0;0;0;143.3896210193634;60.37448763847351;44660.921403858665;36068.044555187225;3665.8707342750727;4926.770000000001;[43.27, 95.21, 28.81, 31.75, 17.58, 60.21, 53.21, 27.07, 60.21, 22.91, 57.21, 1.0, 19.91, 31.2, 34.78, 72.21, 15.11, 13.54, 34.78, 59.21, 63.21, 59.21, 108.21, 24.3, 3.0, 82.21, 10.35, 29.89, 91.21, 100.21, 37.39, 55.21, 70.21, 33.78, 46.31, 75.21, 9.34, 46.62, 75.21, 25.05, 28.81, 48.21, 27.07, 29.89, 52.21, 10.35, 89.21, 44.27, 44.27, 28.81, 47.21, 24.0, 55.21, 55.21, 17.58, 48.21, 51.21, 35.78, 25.05, 66.21, 75.21, 28.81, 74.21, 60.21, 49.21, 32.66, 58.21, 49.21, 40.77, 42.27, 65.21, 75.21, 60.21, 42.27, 44.27, 2.0, 31.2, 43.27, 10.35, 41.27, 77.21, 89.21, 99.21, 4.13, 31.2, 64.21, 92.21, 46.31, 23.1, 67.21, 40.77, 59.21, 108.21, 82.21, 53.21, 108.21, 86.21, 70.21, 91.21, 53.21];107.21;[1, 1, 4, 2, 2, 1, 1, 1, 1, 1, 3, 1, 1, 4, 1, 2, 1, 2, 1, 3, 1, 2, 2, 1, 1, 2, 2, 2, 4, 1, 2, 1, 3, 2];3;60;True
100;60;100;6;True;2000;1;0;0;0;0;0;0;185.0074770450592;82.31572580337524;52217.47764453056;44431.647585868835;3330.130960691077;4455.809999999997;[39.75, 29.73, 64.99, 62.99, 37.75, 136.99, 32.73, 79.99, 71.99, 16.68, 23.91, 26.8, 98.99, 47.78, 27.73, 8.85, 51.99, 27.73, 30.73, 53.99, 51.99, 34.75, 45.0, 13.34, 74.99, 57.99, 57.99, 21.91, 27.31, 15.32, 31.73, 50.99, 47.78, 66.99, 42.75, 78.99, 86.99, 20.91, 24.8, 60.99, 70.99, 20.08, 18.68, 40.75, 32.73, 33.55, 11.35, 11.35, 29.73, 107.99, 111.99, 9.36, 10.01, 27.73, 44.0, 27.31, 114.99, 23.91, 53.99, 14.31, 22.91, 20.91, 24.8, 23.91, 27.73, 69.99, 44.0, 60.99, 84.99, 39.75, 101.99, 34.75, 2.8, 38.75, 26.8, 13.34, 14.31, 43.0, 33.55, 13.34, 55.99, 62.99, 59.99, 29.73, 39.75, 56.99, 22.91, 11.35, 13.34, 59.99, 14.65, 77.99, 6.71, 55.99, 30.73, 76.99, 131.99, 105.99, 48.78, 49.95];134.19;[2, 1, 5, 1, 2, 3, 1, 2, 2, 1, 4, 2, 1, 1, 2, 4, 1, 3, 2, 2, 3, 2, 1, 1, 1, 1, 1, 5, 3];4;60;True
70;70;70;1;True;2000;1;0;0;0;0;0;0;147.79399585723877;40.338173627853394;54795.833775943145;46601.53903865814;4277.40294893355;3917.0500000000034;[74.59, 26.59, 27.59, 78.59, 66.59, 56.59, 63.59, 98.59, 62.59, 36.59, 11.81, 60.59, 71.59, 57.59, 57.59, 86.59, 21.59, 37.59, 65.59, 65.59, 50.59, 4.0, 75.59, 61.59, 49.59, 79.59, 33.59, 63.59, 45.59, 100.59, 73.59, 15.37, 50.59, 100.59, 68.59, 72.59, 68.59, 17.37, 26.59, 65.59, 30.59, 99.59, 30.59, 50.59, 21.59, 31.59, 28.59, 100.59, 89.59, 100.59, 34.59, 78.59, 42.59, 17.37, 49.59, 41.59, 100.59, 40.59, 84.59, 46.59, 100.59, 62.59, 68.59, 100.59, 34.59, 54.59, 44.59, 27.59, 17.37, 33.59];96.59;[2, 3, 1, 1, 1, 4, 2, 1, 1, 2, 1, 1, 3, 4, 2, 3, 2, 2, 1, 3, 1, 2, 1, 2, 2, 4, 1, 5, 2, 3, 2, 2, 1, 2];4;70;True
70;70;70;2;True;2000;1;0;0;0;0;0;0;214.86148738861084;57.989835023880005;54958.114092354765;47126.29031085968;4149.308148954918;3682.8100000000036;[41.57, 80.57, 112.57, 42.57, 30.57, 83.57, 28.57, 18.57, 13.57, 65.57, 28.57, 73.57, 30.57, 52.57, 25.57, 17.57, 13.57, 124.57, 57.57, 17.57, 94.57, 50.57, 48.57, 68.57, 146.57, 71.57, 24.57, 33.57, 22.57, 19.57, 91.57, 22.57, 80.57, 41.57, 60.57, 69.57, 84.57, 39.57, 14.57, 47.57, 57.57, 73.57, 54.57, 51.57, 34.57, 37.57, 31.57, 102.57, 41.57, 74.57, 83.57, 40.57, 50.57, 18.57, 60.57, 80.57, 62.57, 9.91, 22.57, 37.57, 34.57, 59.57, 42.57, 115.57, 71.57, 46.57, 102.57, 24.57, 54.57, 11.14];136.66;[2, 1, 1, 1, 1, 1, 1, 1, 1, 3, 2, 1, 2, 3, 5, 2, 4, 1, 1, 2, 3, 3, 2, 1, 1, 4, 1, 2, 1, 2, 1, 1, 1, 1, 1, 6, 3];5;70;True
70;70;70;3;True;2000;1;0;0;0;0;0;0;201.8307192325592;61.47470808029175;53531.45619854205;45859.213347911835;4049.2331485834643;3623.3300000000027;[40.17, 59.17, 59.17, 63.17, 55.17, 19.17, 18.17, 77.17, 74.17, 62.17, 8.77, 32.17, 128.17, 54.17, 32.17, 30.17, 24.17, 34.17, 16.17, 105.17, 35.17, 45.17, 101.17, 19.17, 28.17, 23.17, 124.17, 13.17, 28.17, 65.17, 15.17, 76.17, 87.17, 98.17, 66.17, 43.17, 65.17, 38.17, 125.17, 58.17, 43.17, 64.17, 47.17, 23.17, 36.17, 23.17, 27.17, 61.17, 39.17, 13.17, 41.17, 12.77, 81.17, 109.17, 20.17, 125.17, 6.77, 135.17, 116.17, 53.17, 109.17, 43.17, 67.17, 1.77, 3.77, 46.17, 54.17, 57.17, 1.0, 12.77];134.17;[1, 4, 1, 4, 4, 2, 1, 2, 3, 1, 1, 2, 3, 2, 1, 5, 1, 1, 1, 1, 1, 1, 1, 2, 1, 8, 3, 1, 1, 2, 1, 3, 2, 2];7;70;True
70;70;70;4;True;2000;1;0;0;0;0;0;0;180.06662845611572;52.072957038879395;58174.47117066219;49332.72764635086;4298.902428376857;4542.68;[22.93, 81.27, 17.69, 98.27, 94.27, 131.27, 70.27, 40.39, 17.27, 79.27, 20.59, 97.27, 25.24, 57.27, 131.27, 55.27, 72.27, 88.27, 65.27, 59.27, 104.27, 10.42, 32.1, 57.27, 38.36, 39.36, 65.27, 18.95, 57.27, 50.27, 103.27, 52.27, 111.27, 73.27, 53.27, 93.27, 79.27, 45.18, 89.27, 68.27, 53.27, 35.1, 131.27, 52.27, 87.27, 62.27, 102.27, 40.39, 49.27, 33.1, 61.27, 50.27, 98.27, 27.53, 90.27, 88.27, 79.27, 73.27, 43.16, 25.15, 11.62, 31.79, 103.27, 46.2, 47.27, 116.27, 72.27, 105.27, 112.27, 46.2];120.85000000000001;[2, 2, 1, 4, 3, 1, 2, 2, 3, 2, 1, 2, 4, 2, 1, 1, 1, 2, 4, 2, 2, 1, 2, 1, 2, 3, 1, 1, 1, 1, 1, 1, 1, 2, 1, 2, 5];4;70;True
70;70;70;5;True;2000;1;0;0;0;0;0;0;174.46417212486267;51.25525903701782;53627.66085644861;44193.92878007889;4231.695886922213;5202.169999999996;[50.72, 101.73, 49.72, 82.73, 16.53, 100.73, 86.73, 26.48, 77.73, 48.72, 104.73, 1.0, 31.77, 65.73, 54.72, 129.73, 38.73, 27.77, 68.73, 72.73, 125.73, 91.73, 130.73, 42.3, 2.53, 148.73, 14.53, 35.73, 112.73, 129.73, 89.73, 74.73, 110.73, 79.73, 84.73, 130.73, 8.42, 92.73, 83.73, 47.72, 31.77, 114.73, 64.73, 47.72, 76.73, 9.48, 114.73, 83.73, 94.73, 65.73, 67.73, 29.77, 86.73, 93.73, 40.73, 61.52, 59.52, 58.72, 55.72, 128.73, 142.73, 83.73, 107.73, 106.73, 51.72, 45.72, 85.73, 123.73, 121.73, 70.73];147.73;[1, 1, 1, 1, 1, 2, 1, 2, 3, 4, 4, 1, 1, 2, 2, 1, 2, 3, 2, 2, 3, 3, 2, 1, 2, 3, 1, 1, 3, 1, 1, 2, 2, 3, 1, 1, 2, 1];3;70;True
70;70;70;6;True;2000;1;0;0;0;0;0;0;178.2995913028717;61.0577232837677;61460.685756634964;52721.98165035248;4116.6218458168305;4622.079999999998;[69.15, 48.69, 108.93, 100.93, 64.15, 62.05, 58.47, 89.93, 124.93, 22.88, 44.69, 54.47, 84.93, 59.27, 41.69, 8.74, 124.93, 98.93, 57.47, 110.93, 86.93, 52.47, 63.05, 25.06, 114.93, 114.93, 69.15, 41.69, 34.52, 31.52, 50.74, 72.15, 68.15, 119.93, 76.93, 76.93, 105.93, 31.52, 61.05, 79.93, 124.93, 21.49, 35.88, 102.93, 102.93, 68.15, 13.91, 17.91, 42.69, 69.15, 105.93, 9.31, 11.91, 29.66, 96.93, 55.47, 124.93, 44.69, 54.47, 23.79, 40.69, 27.68, 45.69, 69.15, 83.93, 76.15, 63.05, 85.93, 82.93, 76.15];116.19000000000001;[1, 3, 2, 2, 2, 1, 1, 3, 1, 2, 4, 1, 4, 1, 2, 3, 3, 1, 1, 1, 1, 2, 1, 2, 2, 3, 2, 1, 1, 1, 1, 3, 1, 1, 2, 1, 1, 2, 2, 1];3;70;True
80;70;80;1;True;2000;1;0;0;0;0;0;0;178.53133296966553;64.64205312728882;55698.040723344144;47243.157566547394;4167.3772065569765;4287.469999999999;[63.56, 18.1, 33.56, 81.56, 64.56, 101.56, 45.56, 105.56, 49.56, 50.56, 10.38, 73.56, 76.56, 34.56, 51.56, 69.56, 12.02, 31.56, 58.56, 57.56, 53.56, 3.16, 86.56, 41.56, 40.56, 48.56, 18.1, 96.56, 51.56, 84.56, 60.56, 10.38, 60.56, 56.56, 57.56, 116.56, 119.56, 13.02, 20.96, 87.56, 20.96, 79.56, 23.56, 54.56, 15.98, 20.96, 18.1, 89.56, 95.56, 126.56, 32.56, 98.56, 38.56, 11.02, 56.56, 27.56, 84.56, 53.56, 92.56, 38.56, 54.56, 56.56, 70.56, 95.56, 20.96, 43.56, 33.56, 22.56, 13.02, 31.56, 46.56, 70.56, 49.56, 15.98, 4.09, 74.56, 126.56, 41.56, 91.56, 26.56];123.4;[1, 2, 1, 2, 1, 1, 1, 1, 1, 1, 1, 1, 3, 2, 2, 6, 3, 1, 5, 1, 2, 3, 2, 2, 1, 1, 3, 1, 2, 1, 2, 1, 1, 2, 4, 2, 3];5;70;True
80;70;80;2;True;2000;1;0;0;0;0;0;0;197.6331331729889;57.87489557266235;54657.02675383629;46300.96796417236;4172.47627460943;4183.699999999998;[30.52, 112.58, 121.58, 43.83, 35.29, 92.58, 34.29, 18.76, 18.76, 58.58, 35.29, 74.58, 21.54, 40.83, 38.29, 19.76, 12.77, 80.58, 65.58, 19.76, 81.58, 49.96, 41.83, 78.58, 61.58, 62.58, 31.52, 34.29, 22.54, 19.76, 74.58, 28.53, 57.58, 25.54, 57.58, 136.58, 119.58, 37.29, 16.36, 38.29, 49.96, 27.54, 48.96, 57.58, 36.29, 39.29, 38.29, 110.58, 50.96, 71.58, 105.58, 44.83, 51.96, 14.77, 66.58, 78.58, 62.58, 10.77, 18.76, 36.29, 33.29, 71.58, 43.83, 127.58, 63.58, 38.29, 103.58, 25.54, 63.58, 10.69, 44.83, 54.96, 82.58, 17.76, 60.58, 25.54, 45.83, 92.58, 47.93, 55.96];125.89000000000001;[2, 1, 1, 3, 1, 1, 1, 1, 3, 1, 1, 2, 3, 1, 1, 6, 5, 2, 1, 1, 3, 1, 2, 3, 2, 3, 1, 1, 1, 4, 3, 2, 1, 1, 1, 2, 1];5;70;True
80;70;80;3;True;2000;1;0;0;0;0;0;0;162.16983270645142;47.617844581604004;50455.50633144641;42932.38149309158;3963.063066317624;3560.000000000003;[36.38, 50.38, 62.38, 44.38, 72.38, 19.64, 18.64, 66.38, 101.38, 49.38, 12.46, 33.99, 89.38, 59.38, 20.07, 35.38, 28.17, 25.73, 20.07, 93.38, 29.99, 46.38, 71.38, 25.73, 28.99, 33.99, 45.38, 14.28, 21.07, 107.38, 19.64, 66.38, 65.38, 79.38, 53.38, 42.38, 47.38, 44.38, 36.38, 42.38, 30.99, 64.38, 31.99, 27.17, 32.99, 28.17, 39.38, 56.38, 36.38, 18.3, 35.38, 15.28, 98.38, 92.38, 25.29, 107.38, 12.46, 32.99, 68.38, 85.38, 86.38, 58.38, 29.99, 3.0, 6.58, 35.38, 43.38, 34.38, 2.0, 21.07, 22.16, 21.07, 18.3, 42.38, 63.38, 74.38, 51.38, 83.38, 28.65, 33.99];105.38;[1, 1, 1, 2, 4, 4, 2, 3, 1, 5, 1, 1, 1, 3, 1, 1, 5, 1, 1, 1, 1, 1, 1, 1, 2, 2, 1, 7, 2, 1, 2, 2, 1, 1, 1, 1, 1, 2];6;70;True
80;70;80;4;True;2000;1;0;0;0;0;0;0;192.79685831069946;63.46879696846008;58440.55884745884;49062.45833539963;4331.250259588832;5046.639999999995;[17.82, 91.62, 12.73, 78.62, 106.62, 120.62, 39.62, 36.62, 16.82, 75.62, 12.73, 103.62, 14.52, 52.62, 130.62, 120.62, 54.62, 72.62, 100.62, 45.62, 122.62, 2.37, 32.62, 50.62, 24.82, 41.62, 80.62, 19.82, 67.62, 46.62, 73.62, 55.62, 100.62, 69.62, 59.62, 72.62, 58.62, 39.62, 64.62, 124.62, 55.62, 21.82, 149.62, 85.62, 98.62, 75.62, 37.62, 33.62, 42.62, 35.62, 47.62, 48.62, 83.62, 30.81, 84.62, 63.62, 78.62, 76.62, 41.62, 13.74, 11.89, 19.82, 135.62, 22.82, 55.62, 108.62, 63.62, 111.62, 45.62, 38.62, 37.62, 91.62, 45.62, 59.62, 33.62, 101.62, 149.62, 59.62, 102.62, 31.81];147.25;[3, 3, 1, 4, 1, 1, 2, 2, 2, 2, 3, 2, 2, 1, 3, 1, 2, 1, 1, 2, 3, 1, 4, 2, 1, 1, 1, 1, 1, 4, 2, 3, 1, 1, 1, 2, 2];3;70;True
80;70;80;5;True;2000;1;0;0;0;0;0;0;209.9486005306244;70.6133189201355;55064.050457037476;46198.03624916077;4159.957286818787;4706.340000000005;[37.63, 117.63, 25.63, 33.63, 15.63, 81.63, 68.63, 24.63, 75.63, 21.63, 147.63, 1.0, 17.63, 47.63, 23.63, 116.63, 16.63, 9.63, 45.63, 54.63, 134.63, 88.63, 147.63, 23.63, 2.86, 87.63, 7.78, 25.63, 147.63, 103.63, 38.63, 52.63, 99.63, 76.63, 52.63, 147.63, 7.78, 63.63, 118.63, 30.63, 24.63, 78.63, 22.63, 27.63, 52.63, 7.78, 95.63, 41.63, 112.63, 23.63, 29.63, 20.63, 109.63, 104.63, 13.63, 41.63, 28.63, 35.63, 31.63, 132.63, 124.63, 30.63, 95.63, 61.63, 47.63, 27.63, 69.63, 60.63, 104.63, 60.63, 79.63, 120.63, 90.63, 38.63, 38.63, 2.37, 88.63, 44.63, 7.78, 34.63];146.63;[1, 1, 3, 2, 2, 1, 1, 1, 3, 2, 2, 1, 2, 1, 2, 1, 1, 1, 1, 5, 2, 2, 2, 1, 1, 3, 2, 1, 2, 3, 3, 1, 1, 1, 3, 1, 1, 1, 2, 3];4;70;True
80;70;80;6;True;2000;1;0;0;0;0;0;0;193.27616357803345;68.01680421829224;60852.77551979322;52647.333052158356;4177.926240874874;4027.2000000000007;[40.98, 32.98, 76.98, 88.98, 58.98, 83.98, 41.98, 79.98, 64.98, 15.98, 22.98, 33.98, 63.98, 108.98, 34.98, 8.15, 53.98, 49.98, 33.98, 115.98, 84.98, 36.98, 48.98, 12.04, 100.98, 117.98, 49.98, 22.98, 25.98, 19.98, 54.98, 59.98, 43.98, 89.98, 62.98, 44.98, 103.98, 16.98, 27.98, 97.98, 72.98, 19.98, 20.98, 71.98, 69.98, 38.98, 11.27, 10.25, 44.98, 67.98, 107.98, 8.86, 9.25, 26.98, 47.98, 30.98, 86.98, 29.98, 52.98, 14.98, 25.98, 27.98, 29.98, 24.98, 22.98, 83.98, 51.98, 57.98, 77.98, 47.98, 111.98, 49.98, 2.72, 83.98, 36.98, 12.04, 13.98, 125.98, 41.98, 12.04];123.26;[1, 3, 4, 2, 2, 1, 1, 1, 2, 3, 1, 1, 4, 1, 2, 2, 1, 1, 1, 2, 3, 1, 1, 2, 1, 3, 1, 1, 1, 2, 1, 2, 4, 4, 1, 1, 5];4;70;True
90;70;90;1;True;2000;1;0;0;0;0;0;0;208.92683005332947;99.63722848892212;58246.94078887015;49215.1761598587;4279.035122917065;4752.910000000002;[62.14, 18.78, 23.78, 108.14, 70.14, 47.59, 59.14, 135.14, 57.14, 34.59, 11.64, 70.14, 90.14, 44.59, 63.14, 76.14, 13.55, 28.08, 59.14, 46.59, 49.59, 3.58, 78.14, 41.59, 37.59, 47.59, 18.78, 63.14, 23.78, 123.14, 89.14, 11.8, 50.59, 49.59, 50.59, 88.14, 111.14, 13.8, 16.58, 73.14, 21.78, 119.14, 20.78, 67.14, 17.58, 19.78, 18.78, 86.14, 106.14, 84.14, 28.08, 110.14, 28.08, 12.8, 62.14, 24.78, 92.14, 42.59, 85.14, 29.08, 39.59, 29.66, 59.14, 123.14, 20.78, 42.59, 28.08, 20.78, 13.8, 23.78, 37.59, 102.14, 45.59, 17.78, 4.26, 68.14, 87.14, 52.59, 73.14, 25.78, 115.14, 92.14, 108.14, 31.7, 101.14, 10.67, 16.58, 15.79, 53.59, 55.0];131.55999999999997;[1, 2, 2, 5, 1, 1, 1, 2, 1, 3, 1, 2, 1, 1, 3, 1, 4, 3, 2, 3, 2, 4, 2, 1, 1, 3, 1, 2, 2, 1, 1, 1, 1, 4, 2, 1, 1];4;70;True
90;70;90;2;True;2000;1;0;0;0;0;0;0;231.89016819000244;99.83495926856995;56567.71444633858;47581.79251194;4194.604285328152;4791.269999999997;[28.21, 88.47, 126.47, 45.47, 27.21, 104.47, 24.22, 15.22, 15.22, 53.47, 31.21, 135.47, 18.22, 50.47, 42.47, 18.22, 11.52, 143.47, 63.47, 16.22, 86.47, 101.47, 46.47, 119.47, 160.47, 56.47, 17.22, 30.21, 17.22, 18.22, 123.47, 27.21, 59.47, 20.22, 123.47, 71.47, 76.47, 36.79, 15.19, 35.21, 46.47, 22.22, 50.47, 52.47, 36.17, 41.47, 49.47, 126.47, 41.47, 63.47, 88.47, 42.47, 57.47, 13.29, 70.47, 63.47, 88.47, 10.49, 16.22, 34.21, 31.21, 58.47, 39.47, 97.47, 65.47, 36.17, 145.47, 21.22, 47.47, 9.54, 40.47, 46.47, 54.47, 15.19, 55.47, 17.22, 32.21, 75.47, 33.21, 39.47, 56.47, 81.47, 26.21, 24.22, 78.47, 52.47, 26.21, 59.47, 15.19, 92.47];150.93;[3, 1, 1, 1, 4, 4, 1, 1, 1, 6, 3, 2, 1, 2, 2, 4, 2, 1, 1, 2, 4, 1, 1, 1, 3, 2, 1, 1, 5, 2, 1, 1, 1, 1, 1, 1];5;70;True
90;70;90;3;True;2000;1;0;0;0;0;0;0;189.69202971458435;81.49473714828491;52723.26423285749;44204.17441225052;4059.902740580056;4459.159999999997;[51.47, 61.45, 70.45, 59.45, 59.45, 18.89, 18.42, 46.06, 83.45, 65.45, 13.77, 31.39, 119.45, 52.47, 22.41, 39.64, 24.4, 29.39, 18.42, 97.45, 23.46, 57.45, 128.45, 21.67, 35.66, 21.67, 90.45, 15.04, 20.42, 73.45, 18.89, 91.45, 65.45, 88.45, 69.45, 50.47, 68.45, 44.06, 41.06, 44.06, 27.4, 73.45, 34.28, 22.41, 27.62, 34.28, 46.06, 61.45, 41.06, 17.78, 39.64, 14.44, 54.47, 76.45, 21.67, 85.45, 14.41, 133.45, 107.45, 61.45, 109.45, 53.47, 125.45, 3.6, 7.73, 42.06, 55.45, 31.39, 2.0, 19.73, 19.73, 22.41, 17.78, 51.47, 31.39, 46.06, 49.47, 96.45, 30.39, 32.39, 15.84, 80.45, 90.45, 22.41, 41.06, 13.77, 94.45, 73.45, 69.45, 62.45];131.45;[1, 2, 1, 2, 2, 5, 2, 1, 4, 2, 1, 3, 1, 3, 2, 1, 1, 1, 1, 1, 1, 2, 3, 2, 3, 2, 1, 1, 1, 1, 2, 4, 2, 2, 1, 1, 1, 2, 1];4;70;True
90;70;90;4;True;2000;1;0;0;0;0;0;0;202.59418272972107;75.6231460571289;57493.22738781021;48589.54930973053;4339.469514801799;4564.119999999997;[12.29, 68.79, 10.36, 68.79, 59.79, 88.79, 27.79, 19.79, 14.79, 78.79, 8.42, 106.79, 11.29, 62.79, 92.79, 98.79, 60.79, 58.79, 51.79, 26.79, 92.79, 2.32, 18.79, 37.79, 14.79, 36.79, 46.79, 17.79, 44.79, 31.79, 61.79, 66.79, 96.79, 43.79, 38.79, 103.79, 43.79, 36.79, 60.79, 99.79, 44.79, 19.79, 134.79, 50.79, 58.79, 69.79, 21.79, 22.79, 31.79, 21.79, 41.79, 27.79, 85.79, 15.79, 60.79, 54.79, 38.79, 88.79, 24.79, 12.29, 9.42, 16.79, 126.79, 14.79, 29.79, 77.79, 59.79, 102.79, 20.79, 34.79, 32.79, 49.79, 34.79, 22.79, 19.79, 72.79, 147.79, 48.79, 147.79, 20.79, 109.79, 70.79, 95.79, 16.79, 80.79, 35.79, 6.45, 56.79, 31.79, 13.29];145.47;[2, 1, 1, 3, 2, 1, 1, 1, 2, 1, 1, 2, 1, 1, 1, 2, 1, 3, 1, 1, 1, 2, 2, 1, 3, 2, 1, 1, 1, 1, 3, 1, 2, 2, 5, 1, 2, 2, 2, 1, 1, 1, 3];4;70;True
90;70;90;5;True;2000;1;0;0;0;0;0;0;203.44887018203735;98.14512801170349;56256.7796236109;46379.140491485596;4296.958788616595;5580.629999999998;[41.36, 126.43, 37.18, 45.36, 17.41, 80.43, 78.43, 27.41, 58.36, 29.77, 65.36, 1.0, 19.41, 46.36, 53.36, 144.43, 21.41, 12.41, 57.36, 57.36, 150.43, 117.43, 113.43, 24.41, 3.88, 74.43, 9.48, 29.41, 150.43, 123.43, 58.36, 54.36, 77.43, 53.36, 63.36, 115.43, 8.72, 67.43, 150.43, 31.92, 29.41, 61.36, 40.36, 32.91, 57.36, 9.48, 87.43, 98.43, 131.43, 43.36, 72.43, 23.41, 130.43, 84.43, 16.41, 45.36, 63.36, 43.36, 41.36, 85.43, 102.43, 44.36, 71.43, 66.36, 47.36, 32.91, 62.36, 114.43, 96.43, 49.36, 53.36, 112.43, 74.43, 40.36, 44.36, 2.0, 49.36, 41.36, 9.48, 42.36, 132.43, 92.43, 79.43, 3.88, 31.92, 83.43, 150.43, 47.36, 39.36, 67.36];149.43;[1, 1, 1, 4, 2, 2, 1, 3, 2, 1, 3, 3, 2, 2, 1, 1, 1, 1, 1, 1, 2, 2, 2, 1, 1, 1, 1, 1, 2, 1, 1, 2, 2, 1, 2, 2, 1, 3, 1, 3, 2, 1, 1];3;70;True
90;70;90;6;True;2000;1;0;0;0;0;0;0;193.304603099823;92.13771677017212;61322.50784045031;52743.58222579956;4140.201809532919;4438.78;[54.17, 30.11, 86.49, 102.49, 56.17, 133.59, 38.1, 77.99, 68.82, 18.11, 25.11, 40.1, 127.59, 60.42, 35.11, 7.45, 75.82, 38.1, 34.11, 64.36, 42.1, 56.17, 50.17, 15.51, 70.82, 100.49, 54.17, 29.11, 28.11, 19.11, 40.1, 67.82, 48.1, 63.36, 69.82, 73.82, 71.82, 21.11, 28.11, 58.17, 81.99, 21.11, 22.11, 41.1, 50.17, 46.1, 13.29, 11.55, 35.11, 91.49, 97.49, 9.11, 10.35, 28.11, 49.1, 37.1, 101.49, 25.11, 61.36, 17.11, 23.11, 22.11, 25.11, 24.11, 34.11, 108.59, 50.17, 115.59, 80.99, 73.82, 61.36, 42.1, 2.72, 50.17, 26.11, 15.51, 17.11, 46.1, 41.1, 15.51, 60.42, 87.49, 59.42, 32.11, 53.17, 62.36, 23.11, 11.55, 15.51, 125.59];130.87;[1, 5, 6, 2, 4, 2, 2, 1, 1, 1, 1, 2, 1, 1, 1, 1, 1, 1, 1, 1, 2, 4, 4, 4, 4, 1, 2, 1, 2, 3, 1, 6];5;70;True
100;70;100;1;True;2000;1;0;0;0;0;0;0;193.79291939735413;118.9334819316864;58275.764073263665;49167.13920736313;4207.567618341254;4901.190000000001;[73.06, 18.71, 23.07, 121.06, 67.06, 38.19, 46.72, 79.06, 46.72, 25.79, 10.83, 63.06, 61.06, 47.37, 65.06, 86.06, 12.44, 26.8, 64.06, 57.06, 52.06, 3.08, 61.06, 55.06, 58.06, 45.72, 18.71, 90.06, 23.8, 121.06, 70.06, 11.69, 35.48, 45.72, 37.19, 77.06, 88.06, 13.23, 16.71, 64.06, 21.49, 89.06, 19.71, 95.06, 17.23, 19.71, 18.71, 90.06, 76.06, 96.06, 22.71, 62.06, 43.72, 12.44, 48.37, 25.14, 106.06, 34.48, 120.06, 26.8, 42.72, 31.08, 60.06, 56.06, 20.71, 54.06, 36.07, 20.71, 13.72, 27.8, 30.08, 73.06, 35.48, 17.71, 4.13, 66.06, 75.06, 78.06, 96.06, 23.8, 95.06, 86.06, 70.06, 26.8, 90.06, 8.96, 16.71, 15.71, 54.06, 60.06, 15.71, 7.08, 10.83, 84.06, 14.38, 45.72, 48.37, 121.06, 39.73, 62.06];117.98;[2, 4, 2, 1, 1, 2, 2, 3, 4, 2, 1, 3, 2, 2, 2, 3, 1, 2, 2, 1, 1, 1, 2, 2, 2, 2, 3, 3, 4, 5, 2, 1];4;70;True
100;70;100;2;True;2000;1;0;0;0;0;0;0;211.64543080329895;114.75639271736145;57163.8507080113;47991.91756153107;4152.65242076292;5019.310000000001;[29.21, 61.89, 75.89, 77.89, 27.72, 88.89, 23.32, 16.14, 15.8, 54.89, 19.55, 95.89, 17.52, 39.89, 41.89, 16.52, 11.98, 96.89, 54.89, 16.52, 123.89, 46.89, 33.46, 100.89, 78.89, 73.89, 18.55, 31.61, 17.55, 18.55, 81.89, 23.55, 56.89, 20.55, 83.89, 68.89, 108.89, 37.17, 15.74, 37.89, 58.89, 24.55, 40.89, 48.89, 33.46, 35.49, 50.89, 75.89, 40.89, 68.89, 74.89, 41.89, 59.89, 13.89, 89.89, 56.89, 44.89, 10.32, 16.52, 31.61, 28.57, 71.89, 33.05, 112.89, 63.89, 37.17, 115.89, 21.55, 47.89, 9.49, 55.89, 47.89, 55.89, 15.74, 66.89, 17.52, 33.05, 55.89, 34.49, 40.89, 53.89, 83.89, 20.55, 24.55, 96.89, 38.89, 28.57, 51.89, 15.74, 74.89, 83.89, 131.89, 45.89, 15.74, 63.89, 75.89, 88.89, 37.89, 99.89, 37.17];122.39999999999999;[1, 1, 3, 3, 6, 1, 1, 2, 1, 3, 1, 1, 2, 5, 3, 1, 2, 2, 1, 1, 2, 1, 2, 2, 6, 2, 1, 1, 1, 4, 1, 2, 2, 2];5;70;True
100;70;100;3;True;2000;1;0;0;0;0;0;0;192.53938674926758;92.22628831863403;52274.18281770276;44817.21922445297;4000.2684039354167;3456.630000000004;[33.69, 44.69, 55.69, 35.69, 54.69, 12.84, 11.84, 43.69, 61.69, 42.69, 10.84, 20.69, 104.69, 34.69, 16.69, 21.69, 18.69, 15.69, 12.84, 45.69, 16.69, 40.69, 69.69, 13.69, 16.69, 16.69, 79.69, 13.69, 18.69, 39.69, 16.69, 56.69, 49.69, 46.69, 46.69, 36.69, 39.69, 25.69, 46.69, 38.69, 22.69, 54.69, 21.69, 14.69, 25.69, 19.69, 26.69, 62.69, 29.69, 13.69, 22.69, 10.24, 37.69, 82.69, 16.69, 69.69, 9.24, 88.69, 71.69, 57.69, 54.69, 35.69, 18.69, 2.84, 5.99, 25.69, 31.69, 18.69, 1.0, 16.69, 13.69, 14.69, 12.84, 30.69, 18.69, 29.69, 39.69, 85.69, 15.69, 31.69, 11.84, 92.69, 61.69, 14.69, 35.69, 10.84, 49.69, 35.69, 52.69, 97.69, 90.69, 58.69, 19.69, 36.69, 5.71, 10.24, 18.69, 21.69, 25.69, 12.84];103.69;[2, 1, 1, 2, 6, 1, 2, 1, 1, 3, 1, 2, 2, 3, 1, 2, 1, 1, 1, 2, 3, 1, 1, 2, 1, 1, 4, 1, 3, 3, 1, 1, 3, 3, 4, 1, 1];5;70;True
100;70;100;4;True;2000;1;0;0;0;0;0;0;190.96787357330322;89.81796431541443;58052.63970552393;48877.761920928955;4299.682543244677;4875.060000000002;[14.04, 72.85, 12.16, 62.85, 63.85, 75.85, 35.44, 25.88, 16.35, 75.85, 12.16, 112.85, 13.42, 39.44, 64.85, 77.85, 49.76, 103.85, 74.85, 25.88, 66.85, 1.91, 24.15, 46.76, 18.09, 39.44, 65.85, 19.27, 43.44, 39.44, 67.85, 38.44, 107.85, 121.85, 58.7, 55.83, 47.76, 25.88, 69.85, 62.85, 47.76, 21.28, 130.85, 59.92, 51.83, 56.83, 31.43, 25.88, 42.44, 24.15, 47.76, 33.95, 62.85, 17.93, 58.92, 56.83, 39.44, 69.85, 26.88, 13.42, 11.8, 18.09, 116.85, 16.93, 37.44, 89.85, 63.85, 72.85, 28.17, 36.44, 35.44, 54.83, 38.44, 31.17, 23.15, 52.83, 130.85, 51.83, 57.7, 24.15, 79.85, 63.85, 85.85, 19.27, 75.85, 30.17, 8.29, 48.76, 34.44, 14.96, 59.92, 30.17, 41.44, 20.58, 85.85, 22.52, 41.44, 26.88, 30.17, 89.85];128.94;[2, 2, 1, 4, 3, 1, 2, 3, 4, 2, 3, 4, 3, 1, 1, 2, 2, 4, 1, 1, 1, 2, 3, 2, 3, 1, 1, 1, 1, 2, 1, 1, 1, 2, 2];3;70;True
100;70;100;5;True;2000;1;0;0;0;0;0;0;184.9796223640442;89.0974531173706;54752.33809439487;44761.156839847565;4280.193581105243;5710.959999999994;[43.25, 107.48, 36.09, 37.57, 18.04, 62.48, 54.37, 27.88, 61.48, 33.88, 105.48, 1.0, 20.61, 36.09, 45.46, 72.48, 15.04, 15.04, 43.25, 60.48, 130.48, 61.48, 87.48, 25.88, 3.0, 74.48, 11.03, 29.88, 130.48, 117.48, 53.37, 57.48, 67.48, 43.25, 47.42, 75.48, 10.18, 55.37, 78.48, 33.88, 30.88, 55.37, 42.48, 33.88, 47.42, 11.04, 85.48, 52.37, 74.48, 32.88, 54.37, 23.88, 74.48, 73.48, 18.04, 50.37, 56.48, 44.06, 26.88, 69.48, 93.48, 51.37, 74.48, 54.37, 53.37, 41.03, 60.48, 70.48, 78.48, 47.85, 63.48, 102.48, 59.48, 43.25, 45.46, 2.0, 61.48, 61.48, 11.03, 43.25, 130.48, 97.48, 61.48, 4.06, 32.88, 69.48, 107.48, 59.48, 25.88, 71.48, 68.48, 102.48, 113.48, 73.48, 65.48, 102.48, 97.48, 130.48, 73.48, 55.37];129.48;[1, 1, 1, 3, 3, 1, 2, 1, 3, 3, 1, 1, 2, 1, 1, 3, 2, 1, 1, 1, 1, 1, 1, 1, 2, 1, 2, 1, 2, 3, 1, 4, 2, 1, 1, 1, 3, 3, 1, 2, 1, 2];3;70;True
100;70;100;6;True;2000;1;0;0;0;0;0;0;188.33341765403748;99.99826383590698;62275.6763848129;53583.42707014084;4169.47499381226;4522.7;[36.11, 27.9, 61.18, 63.18, 40.67, 105.18, 35.11, 105.18, 73.18, 15.84, 22.97, 27.29, 80.18, 85.18, 26.29, 8.16, 80.18, 37.11, 27.69, 54.18, 28.9, 30.82, 58.18, 10.16, 98.18, 105.18, 66.18, 19.84, 25.22, 13.67, 27.29, 54.18, 74.18, 71.18, 48.94, 62.18, 105.18, 14.84, 21.19, 52.18, 105.18, 18.84, 16.84, 38.13, 59.18, 31.31, 8.16, 8.16, 23.89, 77.18, 99.18, 9.16, 7.71, 26.29, 40.67, 22.19, 105.18, 20.84, 46.2, 12.62, 17.84, 18.84, 19.84, 20.84, 22.2, 85.18, 39.67, 79.18, 76.18, 37.11, 105.18, 32.31, 2.8, 27.9, 20.84, 10.6, 12.62, 84.18, 34.11, 10.6, 77.18, 67.18, 89.18, 24.89, 26.29, 48.65, 16.84, 8.16, 10.6, 89.18, 13.17, 82.18, 6.67, 46.2, 32.31, 67.18, 96.18, 83.18, 52.18, 49.94];102.38000000000001;[2, 1, 5, 4, 1, 1, 1, 1, 1, 2, 3, 2, 1, 1, 1, 1, 1, 1, 2, 3, 1, 1, 2, 4, 2, 2, 1, 1, 1, 2, 1, 1, 2, 2, 1, 2, 1, 1, 1, 2, 3, 1];4;70;True
80;80;80;1;True;2000;1;0;0;0;0;0;0;223.4132857322693;87.24100971221924;66234.27169093525;55906.32934761047;4674.8748076692245;5653.219999999999;[101.28, 36.23, 31.23, 103.28, 127.28, 96.28, 86.28, 119.28, 69.28, 87.28, 10.77, 71.28, 119.28, 67.28, 80.28, 91.28, 19.68, 46.28, 56.28, 88.28, 71.28, 3.54, 91.28, 63.28, 69.28, 63.28, 30.23, 107.28, 56.28, 158.28, 92.28, 12.84, 85.28, 56.28, 72.28, 85.28, 136.28, 12.84, 21.72, 111.28, 28.23, 117.28, 44.28, 103.28, 16.68, 40.81, 30.23, 125.28, 111.28, 110.28, 46.28, 87.28, 45.28, 28.23, 82.28, 52.28, 101.28, 65.28, 106.28, 62.28, 104.28, 81.28, 89.28, 144.28, 46.28, 51.28, 60.28, 27.23, 13.17, 42.7, 49.28, 114.28, 82.28, 17.68, 4.1, 91.28, 91.28, 54.28, 125.28, 50.28];154.74;[1, 2, 3, 1, 1, 2, 1, 1, 1, 2, 4, 3, 5, 2, 3, 5, 3, 3, 2, 1, 1, 3, 1, 1, 1, 2, 2, 1, 2, 1, 2, 2, 1, 2, 2, 4, 1, 2, 3];4;80;True
80;80;80;2;True;2000;1;0;0;0;0;0;0;206.22292304039001;68.22996544837952;63382.97822771677;53888.852833747864;4843.101805910888;4650.93;[31.9, 104.81, 125.81, 47.81, 32.9, 79.81, 34.81, 20.7, 14.72, 73.81, 33.79, 118.81, 38.9, 44.81, 43.81, 17.72, 12.06, 111.81, 64.81, 22.78, 74.81, 94.81, 47.81, 94.81, 125.81, 90.81, 34.81, 40.81, 25.59, 18.71, 125.81, 29.88, 63.81, 46.81, 99.81, 97.81, 73.81, 38.9, 15.72, 39.81, 49.81, 33.79, 77.81, 68.81, 77.81, 50.81, 58.81, 113.81, 52.81, 70.81, 113.81, 43.81, 49.81, 19.7, 78.81, 91.81, 61.81, 11.57, 19.7, 38.9, 36.9, 54.81, 46.81, 125.81, 104.81, 52.81, 87.81, 25.18, 54.81, 11.57, 49.81, 55.81, 58.81, 13.72, 59.81, 25.18, 44.81, 93.81, 66.81, 38.9];114.24000000000001;[2, 2, 1, 1, 1, 1, 2, 2, 2, 1, 1, 1, 5, 4, 2, 5, 2, 1, 1, 1, 2, 2, 1, 1, 2, 2, 5, 1, 1, 2, 1, 2, 1, 2, 1, 1, 1, 2, 1, 4, 2, 1, 1, 1, 1, 1];4;80;True
80;80;80;3;True;2000;1;0;0;0;0;0;0;210.59971523284912;78.94974493980408;60786.28801201989;51453.312876701355;4833.190262337643;4499.479999999999;[60.14, 74.14, 72.14, 76.14, 62.14, 28.06, 19.06, 77.14, 82.14, 58.14, 15.47, 48.14, 135.14, 48.14, 37.51, 48.14, 35.14, 24.72, 25.72, 95.14, 38.51, 58.14, 131.14, 22.63, 39.51, 42.14, 105.14, 15.47, 37.51, 60.14, 18.47, 83.14, 95.14, 89.14, 78.14, 56.14, 77.14, 55.14, 43.14, 62.14, 49.14, 69.14, 42.14, 35.14, 43.14, 39.51, 50.14, 84.14, 45.14, 18.47, 51.14, 13.47, 104.14, 79.14, 33.14, 114.14, 11.55, 110.14, 100.14, 82.14, 69.14, 64.14, 76.14, 2.84, 3.85, 45.14, 60.14, 53.14, 1.0, 23.17, 28.06, 34.14, 19.06, 56.14, 79.14, 80.14, 115.14, 107.14, 35.51, 40.51];134.14;[1, 3, 2, 3, 2, 2, 6, 1, 3, 1, 1, 2, 1, 1, 1, 4, 4, 1, 1, 1, 1, 2, 1, 2, 1, 4, 2, 2, 2, 2, 1, 3, 1, 1, 3, 1, 2, 4, 3, 1];5;80;True
80;80;80;4;True;2000;1;0;0;0;0;0;0;249.4826638698578;75.90933632850647;66979.68592340114;56084.4176030159;5060.378308943874;5834.700000000001;[22.19, 85.93, 15.31, 79.93, 82.93, 120.93, 89.93, 129.93, 17.45, 82.93, 20.59, 96.93, 25.76, 51.04, 76.93, 100.93, 61.93, 70.93, 69.93, 66.93, 94.93, 6.43, 39.38, 56.93, 46.04, 57.93, 88.93, 19.59, 91.93, 48.04, 81.93, 55.93, 155.93, 60.93, 65.93, 92.93, 77.93, 58.93, 67.93, 120.93, 58.93, 27.76, 165.93, 132.93, 99.93, 75.93, 37.62, 33.84, 74.93, 40.71, 54.93, 38.85, 125.93, 25.76, 74.93, 122.93, 44.04, 84.93, 42.04, 22.19, 12.82, 30.36, 139.93, 28.57, 49.04, 85.93, 68.93, 145.93, 158.93, 36.3, 34.79, 88.93, 77.93, 132.93, 34.79, 114.93, 185.93, 69.93, 139.93, 54.04];179.5;[3, 1, 1, 3, 2, 2, 1, 2, 2, 1, 1, 2, 3, 1, 1, 3, 1, 3, 1, 1, 2, 4, 1, 3, 2, 1, 3, 1, 1, 3, 1, 2, 1, 3, 2, 2, 1, 1, 1, 2, 1, 1, 1, 3, 2];3;80;True
80;80;80;5;True;2000;1;0;0;0;0;0;0;221.9464008808136;70.19423174858093;63626.14941983826;54225.531564712524;4817.769788773266;4583.099999999999;[44.25, 113.25, 28.25, 32.25, 13.34, 87.25, 61.25, 30.25, 72.25, 23.25, 135.25, 1.0, 24.25, 33.25, 28.25, 124.25, 21.25, 21.25, 50.25, 63.25, 88.25, 94.25, 111.25, 30.25, 2.86, 79.25, 7.73, 31.25, 138.25, 100.25, 84.25, 62.25, 95.25, 54.25, 52.25, 104.25, 7.73, 43.25, 101.25, 38.25, 27.25, 92.25, 26.25, 26.25, 51.25, 13.34, 76.25, 61.25, 82.25, 25.25, 67.25, 18.25, 84.25, 72.25, 18.25, 54.25, 47.25, 32.25, 35.25, 81.25, 97.25, 38.25, 68.25, 92.25, 85.25, 33.25, 70.25, 94.25, 102.25, 43.25, 95.25, 132.25, 69.25, 46.25, 49.25, 2.37, 43.25, 45.25, 7.73, 41.25];137.25;[1, 1, 3, 2, 4, 1, 1, 4, 1, 2, 2, 3, 2, 2, 2, 2, 1, 2, 2, 1, 1, 3, 1, 2, 3, 1, 4, 1, 3, 2, 2, 3, 1, 1, 1, 1, 1, 3, 1, 3, 2, 1];3;80;True
80;80;80;6;True;2000;1;0;0;0;0;0;0;213.82341122627258;85.03113746643066;70307.15940135632;60799.75657463074;4732.826231873705;4774.509999999999;[51.6, 41.6, 113.6, 64.6, 70.6, 122.6, 53.6, 105.6, 100.6, 22.22, 33.6, 47.6, 113.6, 125.6, 41.6, 7.37, 70.6, 55.6, 46.6, 119.6, 68.6, 58.6, 52.6, 13.87, 74.6, 129.6, 53.6, 33.6, 37.6, 25.6, 44.6, 67.6, 66.6, 100.6, 80.6, 69.6, 115.6, 25.6, 50.6, 88.6, 68.6, 22.22, 30.6, 70.6, 116.6, 54.6, 12.75, 13.87, 38.6, 97.6, 109.6, 8.59, 9.36, 41.6, 90.6, 39.6, 131.6, 38.6, 46.6, 19.72, 30.6, 32.6, 28.6, 27.6, 29.6, 83.6, 46.6, 59.6, 55.6, 79.6, 103.6, 62.6, 2.8, 113.6, 43.6, 18.72, 24.6, 131.6, 48.6, 22.22];128.79999999999998;[5, 1, 2, 3, 3, 3, 3, 2, 2, 1, 2, 3, 2, 2, 3, 3, 1, 1, 4, 1, 1, 3, 1, 1, 2, 1, 1, 4, 1, 2, 5, 1, 1, 2, 1, 5, 1];4;80;True
90;80;90;1;True;2000;1;0;0;0;0;0;0;187.37770795822144;102.94555306434631;65961.57672031756;56464.47572994232;4723.491869169729;4773.61;[70.68, 19.21, 39.31, 104.27, 66.68, 56.12, 58.12, 62.12, 55.12, 52.12, 10.69, 63.12, 97.27, 46.0, 48.12, 104.27, 12.4, 35.23, 78.68, 55.12, 58.12, 3.13, 50.12, 45.0, 40.31, 59.12, 19.21, 89.27, 33.37, 80.27, 79.27, 9.69, 56.12, 48.12, 63.12, 73.68, 104.27, 11.26, 15.21, 82.27, 21.21, 84.27, 25.66, 93.27, 15.21, 23.73, 21.21, 81.27, 104.27, 104.27, 35.23, 91.27, 38.07, 11.26, 45.0, 27.59, 87.27, 46.0, 91.27, 46.0, 52.12, 59.12, 70.68, 99.27, 23.21, 67.68, 39.31, 25.66, 11.47, 36.23, 39.31, 104.27, 52.12, 15.21, 3.8, 78.68, 68.68, 45.0, 60.12, 36.23, 60.12, 71.68, 77.68, 31.51, 104.27, 8.05, 16.21, 23.21, 65.12, 78.68];101.14;[1, 4, 2, 1, 1, 1, 1, 3, 1, 1, 4, 2, 4, 1, 1, 3, 3, 3, 3, 1, 2, 3, 3, 1, 4, 2, 1, 1, 3, 3, 1, 2, 4, 2, 2, 1, 3, 1];3;80;True
90;80;90;2;True;2000;1;0;0;0;0;0;0;234.9065182209015;98.89525246620178;64891.74562179819;55007.35207986832;4948.296256609261;4935.919999999999;[28.01, 87.23, 81.23, 66.23, 26.01, 118.23, 25.0, 15.47, 14.33, 45.53, 25.0, 105.23, 24.1, 37.65, 49.53, 16.47, 11.36, 122.23, 72.23, 15.47, 63.23, 107.23, 39.51, 81.23, 146.23, 109.23, 24.1, 31.9, 18.43, 17.47, 136.23, 20.37, 47.53, 20.14, 143.23, 118.23, 74.23, 33.9, 15.0, 32.9, 69.23, 27.01, 45.53, 49.53, 43.53, 33.9, 50.53, 82.23, 34.9, 105.23, 113.23, 54.23, 91.23, 13.3, 64.23, 67.23, 73.23, 10.36, 16.47, 28.9, 29.9, 53.23, 34.9, 131.23, 62.23, 34.9, 146.23, 20.37, 46.53, 9.36, 38.65, 50.53, 56.23, 14.33, 52.23, 19.43, 38.65, 63.23, 41.53, 37.65, 57.23, 146.23, 27.01, 24.1, 98.23, 43.53, 32.9, 86.23, 15.0, 83.23];136.87;[2, 2, 2, 3, 2, 1, 2, 1, 2, 3, 4, 2, 1, 1, 4, 1, 1, 2, 2, 3, 3, 1, 2, 1, 3, 2, 1, 2, 1, 1, 1, 6, 2, 3, 1, 1, 2, 1, 1, 1, 2, 1];5;80;True
90;80;90;3;True;2000;1;0;0;0;0;0;0;193.49069046974182;98.60370349884033;60073.23888085325;50958.17114639282;4941.11464796867;4174.04;[53.77, 57.77, 54.77, 45.77, 61.77, 19.47, 16.19, 49.77, 76.77, 55.77, 13.76, 40.95, 87.77, 46.77, 27.46, 32.86, 28.64, 21.16, 16.58, 59.77, 28.64, 52.77, 102.77, 22.95, 29.81, 26.46, 104.77, 15.35, 21.0, 58.77, 18.88, 77.77, 80.77, 74.77, 55.77, 42.77, 50.77, 46.77, 38.95, 45.77, 28.64, 69.77, 37.86, 26.46, 32.86, 29.81, 39.95, 69.77, 34.86, 21.54, 33.86, 14.84, 50.77, 62.77, 25.33, 100.77, 14.76, 104.77, 77.77, 71.77, 69.77, 46.77, 71.77, 3.96, 9.14, 37.86, 43.77, 43.77, 2.0, 20.21, 17.95, 24.67, 17.54, 45.77, 104.77, 61.77, 65.77, 100.77, 26.46, 30.81, 16.19, 84.77, 86.77, 19.47, 58.77, 13.76, 66.77, 57.77, 70.77, 40.95];102.77;[1, 1, 1, 3, 1, 2, 1, 2, 2, 1, 2, 4, 1, 2, 3, 2, 3, 1, 2, 1, 1, 1, 1, 1, 1, 1, 1, 5, 2, 1, 2, 1, 1, 2, 1, 1, 2, 4, 1, 5, 6, 2, 1];5;80;True
90;80;90;4;True;2000;1;0;0;0;0;0;0;208.8427186012268;77.5643150806427;64746.490994888874;55421.48103713989;5131.083932608402;4193.739999999995;[14.93, 119.93, 10.72, 56.93, 68.93, 46.93, 60.93, 36.93, 14.93, 68.93, 10.13, 64.93, 12.22, 36.93, 63.93, 48.93, 49.93, 55.93, 32.93, 26.93, 56.93, 2.32, 18.93, 54.93, 15.93, 35.93, 36.93, 17.93, 43.93, 32.93, 86.93, 42.93, 97.93, 90.93, 66.93, 87.93, 47.93, 24.93, 53.93, 87.93, 43.93, 20.93, 100.93, 29.93, 45.93, 41.93, 24.93, 23.93, 36.93, 21.93, 32.93, 28.93, 85.93, 20.93, 62.93, 66.93, 64.93, 117.93, 30.93, 12.22, 10.72, 17.93, 105.93, 14.93, 29.93, 89.93, 52.93, 47.93, 32.93, 36.93, 32.93, 84.93, 40.93, 38.93, 19.93, 69.93, 119.93, 73.93, 53.93, 18.93, 66.93, 48.93, 47.93, 22.93, 64.93, 29.93, 7.93, 48.93, 23.93, 13.22];117.61000000000001;[4, 1, 1, 1, 4, 3, 1, 1, 3, 3, 1, 1, 1, 2, 1, 1, 1, 3, 4, 1, 1, 1, 2, 1, 1, 2, 2, 1, 2, 1, 3, 2, 1, 1, 3, 1, 3, 2, 1, 1, 3, 3, 1, 1, 2];3;80;True
90;80;90;5;True;2000;1;0;0;0;0;0;0;228.28376269340515;107.21897649765015;65487.010687956295;55307.564116477966;4794.859752119449;5384.360000000004;[39.75, 116.88, 31.76, 65.88, 16.84, 73.88, 102.88, 25.18, 82.88, 23.18, 103.88, 1.0, 21.23, 41.75, 35.75, 83.88, 20.19, 21.23, 60.88, 62.88, 136.88, 99.88, 120.88, 34.75, 2.41, 96.88, 8.77, 28.0, 126.88, 114.88, 68.88, 53.75, 79.88, 57.88, 44.75, 131.88, 7.77, 63.88, 136.88, 26.18, 26.18, 71.88, 31.76, 35.75, 61.88, 8.77, 77.88, 93.88, 97.88, 57.88, 60.88, 21.23, 71.88, 79.88, 17.84, 42.75, 39.75, 54.88, 49.75, 83.88, 86.88, 43.75, 105.88, 68.88, 57.88, 36.75, 65.88, 129.88, 69.88, 52.75, 65.88, 80.88, 76.88, 41.75, 41.75, 2.41, 45.75, 43.75, 8.77, 38.75, 94.88, 102.88, 76.88, 3.65, 37.64, 89.88, 83.88, 55.88, 36.75, 76.88];135.88;[2, 2, 1, 2, 1, 1, 2, 6, 1, 2, 1, 3, 2, 1, 5, 1, 3, 2, 1, 3, 1, 1, 1, 3, 1, 1, 3, 1, 2, 2, 2, 1, 2, 1, 1, 2, 1, 2, 2, 3, 1, 1, 1, 1, 1];5;80;True
90;80;90;6;True;2000;1;0;0;0;0;0;0;226.15927600860596;115.75018048286438;70636.03542725129;61293.908740997314;4656.709730182268;4685.42;[48.13, 38.83, 95.68, 134.43, 55.33, 96.68, 43.69, 97.68, 90.51, 17.14, 30.09, 39.83, 82.16, 62.33, 43.69, 8.92, 66.94, 48.13, 40.83, 110.43, 34.32, 53.33, 57.33, 14.14, 107.43, 64.33, 48.13, 25.63, 37.56, 21.39, 53.33, 70.94, 52.33, 87.16, 67.94, 50.13, 93.51, 19.39, 31.09, 91.51, 66.94, 20.39, 20.39, 59.33, 38.83, 55.33, 12.72, 12.14, 29.09, 87.16, 86.16, 10.14, 10.14, 37.56, 62.33, 34.32, 134.43, 23.63, 40.83, 17.14, 25.63, 34.32, 23.63, 28.06, 26.88, 107.43, 50.13, 102.68, 62.33, 71.94, 60.33, 48.13, 2.8, 91.51, 31.09, 14.14, 16.14, 87.16, 44.69, 14.14, 71.94, 68.94, 89.16, 30.09, 55.33, 60.33, 21.39, 12.14, 14.14, 127.43];131.63;[1, 3, 4, 5, 1, 2, 1, 3, 1, 1, 4, 2, 2, 4, 2, 1, 1, 2, 1, 4, 3, 1, 1, 1, 1, 4, 1, 6, 4, 1, 1, 1, 2, 1, 3, 1, 3];5;80;True
100;80;100;1;True;2000;1;0;0;0;0;0;0;206.5112931728363;120.16038465499878;65217.347194448426;56152.05935096741;4625.862525742018;4439.760000000003;[61.34, 17.35, 19.74, 111.34, 64.34, 47.34, 49.34, 82.34, 42.34, 22.56, 11.15, 58.34, 100.34, 41.34, 85.34, 53.34, 13.84, 24.91, 57.34, 34.34, 48.34, 3.77, 35.34, 33.34, 30.34, 47.34, 18.35, 69.34, 21.56, 103.34, 57.34, 13.69, 44.34, 38.34, 41.34, 92.34, 78.34, 14.41, 15.71, 88.34, 22.56, 67.34, 16.58, 61.34, 15.71, 18.74, 18.35, 48.34, 82.34, 80.34, 21.56, 76.34, 34.34, 13.84, 51.34, 24.71, 78.34, 41.34, 93.34, 31.34, 40.34, 28.34, 58.34, 54.34, 19.74, 41.34, 24.71, 19.74, 14.41, 26.34, 23.56, 86.34, 41.34, 15.71, 3.77, 68.34, 74.34, 27.34, 70.34, 22.56, 27.34, 63.34, 111.34, 34.34, 95.34, 11.15, 17.35, 15.22, 55.34, 58.34, 15.22, 10.1, 12.05, 69.34, 14.41, 45.34, 47.34, 111.34, 25.21, 47.34];107.57000000000001;[1, 5, 1, 3, 2, 1, 1, 1, 1, 1, 1, 2, 2, 2, 2, 2, 4, 3, 3, 3, 2, 3, 1, 1, 3, 2, 1, 1, 1, 1, 3, 1, 2, 1, 1, 4, 4, 3, 1, 2, 1];4;80;True
100;80;100;2;True;2000;1;0;0;0;0;0;0;282.21201634407043;137.21056413650513;66438.3126587911;56272.39669895172;4914.411438556576;5251.8099999999995;[28.49, 68.9, 80.9, 97.9, 26.38, 122.9, 22.08, 16.65, 16.39, 43.9, 27.25, 59.9, 17.66, 47.9, 34.67, 17.66, 11.41, 108.9, 68.9, 16.66, 62.9, 45.9, 28.49, 120.9, 128.9, 44.9, 16.66, 33.67, 16.66, 18.08, 140.9, 23.08, 50.9, 20.08, 117.9, 73.9, 137.9, 39.9, 15.61, 35.9, 50.9, 22.08, 42.9, 55.9, 31.97, 32.67, 41.9, 104.9, 34.67, 99.9, 52.9, 38.9, 44.9, 13.5, 84.9, 67.9, 36.9, 10.91, 17.66, 29.92, 29.92, 44.9, 28.84, 132.9, 66.9, 35.09, 142.9, 21.08, 39.9, 10.07, 35.09, 37.9, 50.9, 15.61, 67.9, 17.66, 28.84, 73.9, 32.67, 38.9, 87.9, 155.9, 18.08, 24.08, 80.9, 34.67, 28.92, 53.9, 15.61, 94.9, 65.9, 171.9, 26.02, 15.61, 47.9, 102.9, 71.9, 27.25, 115.9, 35.09];161.83;[1, 1, 1, 2, 2, 1, 1, 3, 1, 1, 1, 2, 1, 3, 3, 5, 2, 1, 1, 2, 3, 2, 2, 3, 1, 1, 1, 4, 2, 2, 1, 1, 1, 1, 3, 1, 1, 2, 4, 4, 3, 2];4;80;True
100;80;100;3;True;2000;1;0;0;0;0;0;0;212.75867652893066;97.12205624580383;59295.846252448675;50570.92913675308;4788.809031654877;3936.4300000000057;[29.82, 49.82, 52.82, 107.82, 101.82, 14.4, 14.4, 40.82, 80.82, 47.82, 12.4, 26.82, 97.82, 33.82, 19.82, 23.82, 21.82, 16.82, 14.4, 54.82, 20.82, 38.82, 111.82, 14.82, 17.82, 17.82, 74.82, 14.4, 18.82, 76.82, 16.82, 70.82, 46.82, 69.82, 54.82, 38.82, 48.82, 34.82, 34.82, 38.82, 25.82, 73.82, 23.82, 15.82, 29.82, 22.82, 33.82, 57.82, 29.82, 14.82, 33.82, 10.4, 53.82, 55.82, 18.82, 62.82, 8.83, 124.82, 64.82, 36.82, 74.82, 43.82, 69.82, 4.24, 8.83, 24.82, 40.82, 24.82, 2.0, 17.82, 15.82, 15.82, 14.4, 35.82, 111.82, 29.82, 124.82, 55.82, 17.82, 30.82, 13.4, 61.82, 33.82, 14.82, 31.82, 12.4, 50.82, 21.82, 45.82, 41.82, 86.82, 62.82, 19.82, 44.82, 8.25, 10.4, 22.82, 21.82, 27.82, 14.4];122.82;[1, 1, 2, 2, 1, 3, 2, 6, 1, 1, 2, 3, 1, 3, 2, 1, 1, 3, 1, 1, 1, 3, 1, 2, 3, 1, 5, 2, 1, 1, 1, 1, 6, 1, 3, 2, 1, 1, 5, 1];5;80;True
100;80;100;4;True;2000;1;0;0;0;0;0;0;247.75132369995117;135.52898836135864;69761.36137642781;58461.37195253372;5078.153159341689;6221.6300000000065;[10.75, 113.84, 10.18, 53.55, 102.84, 62.31, 41.55, 32.21, 14.67, 158.84, 9.18, 101.84, 10.75, 53.55, 94.84, 22.8, 44.55, 62.31, 60.55, 25.66, 145.84, 1.91, 20.34, 35.21, 14.67, 37.14, 118.84, 17.66, 41.55, 39.6, 69.31, 68.31, 158.84, 114.84, 50.55, 62.31, 47.55, 44.55, 49.55, 106.84, 48.55, 19.66, 129.84, 123.84, 101.84, 73.84, 35.21, 22.8, 71.08, 21.66, 38.6, 32.21, 81.84, 14.67, 73.84, 53.55, 36.21, 132.84, 25.66, 11.75, 10.18, 15.67, 150.84, 13.67, 39.6, 124.84, 66.31, 158.84, 144.84, 38.14, 33.21, 80.84, 36.21, 51.55, 19.76, 133.84, 158.84, 83.84, 158.84, 20.34, 94.84, 90.84, 139.84, 16.67, 68.31, 43.55, 6.34, 66.31, 55.55, 12.66, 116.84, 28.12, 47.55, 16.67, 88.84, 28.12, 52.55, 38.14, 29.18, 158.84];156.93;[2, 1, 3, 1, 1, 1, 2, 1, 1, 1, 1, 1, 2, 2, 2, 1, 1, 1, 3, 1, 3, 2, 1, 1, 1, 1, 1, 2, 2, 5, 2, 3, 1, 1, 1, 1, 2, 2, 1, 3, 3, 2, 1, 1, 1, 1, 1, 5];4;80;True
100;80;100;5;True;2000;1;0;0;0;0;0;0;205.19305396080017;103.93839526176453;63167.13504823309;52839.57023143768;4845.7009794477535;5481.6900000000005;[40.79, 112.71, 36.69, 32.61, 16.73, 78.71, 46.31, 26.01, 58.71, 32.85, 82.71, 1.0, 19.59, 36.22, 39.84, 103.71, 26.89, 11.55, 44.29, 58.71, 71.71, 59.71, 99.71, 26.89, 3.12, 80.71, 10.14, 28.89, 90.71, 91.71, 49.11, 52.71, 74.71, 41.79, 44.53, 80.71, 9.16, 47.31, 63.71, 44.29, 28.26, 58.71, 43.29, 31.27, 52.71, 10.14, 82.71, 52.71, 95.71, 37.69, 45.31, 22.89, 74.71, 69.71, 15.59, 47.31, 52.71, 43.29, 23.89, 73.71, 69.71, 56.71, 73.71, 52.11, 54.71, 33.85, 58.71, 76.71, 58.71, 57.71, 76.71, 87.71, 51.11, 41.79, 43.29, 2.0, 47.31, 44.29, 10.14, 41.79, 85.71, 100.71, 60.71, 3.88, 29.89, 64.71, 112.71, 54.71, 34.99, 52.11, 62.71, 130.71, 93.71, 61.71, 63.71, 130.71, 121.71, 113.71, 71.71, 52.11];129.71;[1, 2, 2, 1, 1, 1, 1, 1, 2, 2, 1, 1, 1, 1, 2, 1, 2, 2, 3, 1, 1, 1, 1, 2, 1, 2, 1, 3, 1, 1, 1, 1, 1, 3, 3, 3, 4, 2, 5, 2, 1, 1, 3, 3, 2, 2];4;80;True
100;80;100;6;True;2000;1;0;0;0;0;0;0;263.62056827545166;137.93968033790588;71845.1742787019;62056.074013233185;4621.634234086885;5167.410000000005;[49.34, 34.63, 65.52, 67.52, 46.34, 159.52, 29.38, 136.52, 104.52, 16.8, 24.11, 34.63, 63.52, 101.52, 34.63, 7.56, 69.52, 48.34, 31.58, 102.52, 63.52, 41.27, 68.52, 12.8, 72.52, 107.52, 54.25, 26.01, 26.92, 15.83, 28.38, 62.52, 45.34, 63.52, 50.25, 66.52, 145.52, 19.78, 24.69, 72.52, 159.52, 19.78, 19.78, 40.27, 74.52, 40.27, 11.37, 11.08, 28.38, 78.52, 93.52, 8.8, 8.8, 27.3, 50.25, 32.55, 108.52, 23.11, 61.52, 14.79, 20.94, 20.94, 21.11, 22.11, 24.39, 86.52, 42.43, 78.52, 94.52, 58.52, 110.52, 51.25, 2.8, 40.27, 23.11, 12.8, 14.79, 73.52, 35.66, 12.8, 76.52, 78.52, 53.25, 26.92, 40.27, 50.25, 19.94, 11.08, 12.8, 101.52, 15.06, 89.52, 6.86, 136.52, 36.66, 68.52, 78.52, 94.52, 57.52, 56.25];156.72;[2, 6, 5, 1, 1, 3, 2, 4, 2, 1, 1, 2, 3, 1, 3, 1, 2, 1, 2, 5, 1, 2, 3, 3, 2, 2, 1, 2, 4, 2, 2, 1, 2, 4, 1];5;80;True
90;90;90;1;True;2000;1;0;0;0;0;0;0;202.48679280281067;133.38716053962708;74093.16534957077;63596.03936481476;5237.851527749877;5259.320000000002;[76.55, 42.08, 28.16, 91.55, 65.9, 55.9, 63.9, 106.55, 55.9, 59.9, 11.22, 68.55, 93.55, 49.9, 55.9, 77.55, 18.27, 40.08, 67.55, 59.9, 49.9, 3.13, 62.9, 47.66, 52.9, 62.9, 28.16, 97.55, 46.08, 82.55, 73.55, 16.27, 56.9, 67.55, 69.55, 96.55, 113.55, 12.43, 20.27, 104.55, 29.96, 84.55, 39.08, 76.55, 27.16, 40.08, 30.96, 113.55, 94.55, 73.55, 38.08, 95.55, 45.08, 17.27, 61.9, 41.08, 105.55, 47.66, 113.55, 47.66, 113.55, 70.55, 82.55, 77.55, 41.08, 46.08, 41.08, 22.27, 12.43, 34.88, 40.08, 113.55, 57.9, 17.27, 4.31, 73.55, 86.55, 43.08, 53.9, 38.08, 58.9, 108.55, 113.55, 40.08, 81.55, 9.59, 19.27, 30.96, 66.9, 82.55];110.42;[1, 1, 2, 1, 1, 1, 1, 1, 1, 1, 4, 2, 2, 1, 3, 1, 3, 2, 1, 4, 4, 1, 1, 5, 4, 2, 1, 2, 1, 2, 3, 1, 2, 1, 2, 1, 1, 1, 1, 4, 1, 3, 1, 1, 2, 3, 1, 2, 2];4;90;True
90;90;90;2;True;2000;1;0;0;0;0;0;0;270.6318459510803;123.35235166549683;75475.85501536966;64613.68485784531;5610.5300077439515;5251.580000000001;[31.74, 116.34, 90.34, 56.83, 36.73, 87.34, 30.74, 23.74, 18.77, 55.73, 29.74, 84.34, 22.74, 45.73, 49.73, 23.74, 12.34, 83.34, 78.34, 22.74, 98.34, 75.34, 55.83, 130.34, 90.34, 68.34, 39.73, 43.73, 29.74, 25.74, 102.34, 26.74, 62.28, 40.73, 77.34, 98.34, 82.34, 40.73, 15.34, 40.73, 73.34, 32.74, 72.34, 67.34, 40.73, 49.73, 64.34, 81.34, 61.28, 107.34, 98.34, 58.44, 67.34, 22.74, 72.34, 78.34, 82.34, 10.24, 20.77, 41.73, 33.74, 51.73, 45.73, 129.34, 80.34, 37.73, 100.34, 32.74, 50.73, 10.24, 52.73, 50.73, 72.34, 18.77, 78.34, 26.74, 46.73, 77.34, 63.28, 70.34, 68.34, 150.34, 33.74, 24.74, 81.34, 53.73, 53.73, 92.34, 18.34, 96.34];140.1;[4, 2, 1, 1, 1, 1, 3, 1, 1, 3, 3, 2, 2, 3, 1, 2, 3, 1, 2, 1, 1, 2, 1, 3, 3, 2, 3, 2, 2, 1, 1, 1, 2, 7, 2, 4, 1, 1, 1, 1, 1, 2, 4, 1, 2, 1];6;90;True
90;90;90;3;True;2000;1;0;0;0;0;0;0;241.28668022155762;131.49202394485474;71518.15543755725;60806.13033771515;5524.288174549799;5187.899999999998;[54.49, 68.97, 68.69, 61.53, 77.97, 23.66, 18.16, 69.97, 114.23, 62.53, 21.66, 38.63, 86.23, 61.53, 30.67, 39.63, 52.06, 25.66, 18.16, 92.23, 33.84, 65.95, 82.23, 28.67, 42.7, 29.67, 92.23, 15.67, 34.63, 95.23, 31.67, 83.23, 90.23, 99.23, 86.23, 53.06, 76.97, 55.49, 55.67, 73.97, 41.63, 73.97, 41.63, 29.67, 42.19, 32.67, 57.93, 70.69, 48.83, 22.66, 36.63, 14.92, 64.01, 84.23, 27.69, 129.23, 13.46, 137.23, 82.23, 144.23, 86.23, 53.77, 92.23, 2.83, 5.96, 42.7, 50.74, 48.83, 1.0, 25.66, 20.16, 34.63, 18.15, 60.23, 97.23, 74.97, 118.23, 132.23, 30.67, 36.63, 16.99, 95.23, 103.23, 23.66, 53.06, 16.99, 63.53, 69.97, 78.97, 124.23];143.23;[1, 2, 1, 4, 3, 4, 2, 1, 1, 2, 2, 2, 1, 2, 2, 3, 3, 4, 2, 1, 1, 1, 2, 1, 2, 1, 1, 5, 2, 1, 3, 4, 1, 2, 1, 1, 1, 1, 5, 3, 2, 2, 1, 2, 1];4;90;True
90;90;90;4;True;2000;1;0;0;0;0;0;0;255.82159447669983;113.70428514480591;75761.99359215742;64794.2709646225;5548.195684660192;5419.729999999993;[15.44, 108.12, 13.02, 60.12, 85.12, 103.12, 118.12, 63.12, 23.12, 79.12, 14.02, 81.12, 15.44, 36.12, 116.12, 50.12, 43.12, 80.12, 42.12, 29.12, 87.12, 6.58, 20.12, 40.12, 22.12, 44.12, 55.12, 18.44, 54.12, 31.12, 63.12, 68.12, 151.12, 50.12, 46.12, 71.12, 63.12, 55.12, 83.12, 136.12, 46.12, 30.12, 151.12, 109.12, 65.12, 71.12, 28.12, 25.12, 59.12, 24.12, 38.12, 42.12, 96.12, 22.12, 72.12, 54.12, 39.12, 96.12, 32.12, 12.02, 10.52, 21.12, 146.12, 17.44, 30.12, 108.12, 60.12, 112.12, 92.12, 35.12, 32.12, 69.12, 50.12, 95.12, 37.12, 114.12, 151.12, 65.12, 116.12, 29.12, 102.12, 89.12, 131.12, 25.12, 69.12, 42.12, 7.59, 60.12, 26.12, 19.74];144.54;[4, 1, 2, 2, 3, 2, 2, 1, 1, 4, 2, 2, 1, 1, 3, 1, 2, 1, 1, 2, 2, 3, 1, 3, 2, 1, 1, 3, 2, 2, 1, 2, 1, 1, 3, 3, 1, 1, 3, 2, 2, 2, 1, 1, 3, 2, 1, 2];3;90;True
90;90;90;5;True;2000;1;0;0;0;0;0;0;227.99319624900818;112.90783953666687;73353.91261789337;62190.66045188904;5263.746362869982;5899.620000000008;[46.94, 127.52, 47.94, 68.52, 16.13, 85.52, 85.52, 23.87, 80.52, 34.9, 140.52, 1.0, 25.83, 39.68, 46.94, 91.52, 23.87, 25.85, 52.1, 69.52, 133.52, 92.52, 105.52, 33.84, 2.46, 119.52, 7.81, 32.84, 126.52, 140.52, 52.1, 71.52, 97.52, 62.52, 52.1, 100.52, 6.39, 53.1, 94.52, 32.84, 30.84, 79.52, 39.68, 46.94, 60.52, 6.39, 108.52, 79.52, 102.52, 35.89, 64.52, 23.87, 100.52, 91.52, 18.87, 54.52, 53.1, 45.94, 42.68, 124.52, 114.52, 51.1, 101.52, 61.52, 61.52, 42.68, 72.52, 90.52, 82.52, 73.52, 82.52, 127.52, 72.52, 54.1, 60.52, 2.46, 52.1, 58.52, 7.39, 38.68, 112.52, 120.52, 119.52, 3.54, 37.68, 93.52, 130.52, 58.52, 42.68, 109.52];139.52;[1, 1, 1, 1, 2, 1, 1, 1, 2, 4, 2, 3, 1, 1, 2, 3, 1, 1, 1, 2, 2, 3, 2, 2, 1, 2, 2, 2, 2, 2, 1, 1, 3, 3, 2, 1, 3, 1, 4, 2, 1, 2, 1, 2, 1, 3, 1, 3, 1, 2];3;90;True
90;90;90;6;True;2000;1;0;0;0;0;0;0;283.2044622898102;143.9696388244629;82396.10116972879;71717.57768678665;5292.679832217253;5385.840000000003;[51.47, 42.28, 70.4, 99.97, 54.47, 124.97, 48.93, 81.97, 81.97, 25.14, 39.95, 43.28, 159.97, 50.31, 55.47, 9.89, 78.14, 54.47, 44.93, 122.97, 91.97, 52.47, 73.14, 15.89, 93.97, 100.97, 72.14, 34.6, 42.28, 30.14, 57.47, 63.14, 90.97, 66.14, 75.14, 121.97, 106.97, 27.14, 35.78, 76.14, 129.97, 35.6, 31.14, 69.4, 56.47, 47.93, 13.89, 19.88, 33.6, 86.97, 80.97, 20.88, 10.89, 42.28, 63.14, 40.95, 159.97, 37.92, 44.93, 25.14, 29.14, 36.92, 28.14, 32.52, 26.14, 118.97, 69.4, 121.97, 59.47, 102.97, 63.14, 54.47, 2.95, 105.97, 33.6, 21.88, 25.14, 105.97, 44.93, 24.14, 102.97, 69.4, 102.97, 37.92, 44.93, 51.47, 32.14, 13.89, 22.88, 78.14];157.02;[1, 2, 4, 5, 4, 1, 2, 2, 3, 1, 2, 1, 1, 1, 3, 3, 1, 1, 2, 1, 4, 3, 1, 2, 2, 2, 1, 1, 5, 2, 4, 3, 2, 2, 2, 1, 2, 4, 1, 1, 1, 3];4;90;True
100;90;100;1;True;2000;1;0;0;0;0;0;0;219.37732434272766;156.15493535995483;74435.00674637122;63715.02482223511;5130.317866269953;5589.790000000001;[78.25, 21.71, 24.11, 128.25, 68.25, 40.69, 51.25, 103.25, 50.25, 43.69, 11.91, 62.25, 99.25, 40.69, 70.25, 79.25, 18.03, 43.69, 52.25, 46.25, 66.25, 3.4, 61.25, 35.0, 41.69, 71.25, 24.11, 122.25, 35.0, 92.25, 53.25, 14.53, 48.25, 123.25, 66.25, 97.25, 112.25, 15.9, 27.62, 74.25, 26.57, 84.25, 29.94, 80.25, 18.41, 23.07, 22.07, 83.25, 126.25, 110.25, 27.62, 57.25, 39.69, 14.53, 53.25, 33.52, 67.25, 54.25, 128.25, 32.52, 91.25, 57.25, 97.25, 71.25, 32.52, 59.25, 38.81, 35.0, 15.9, 25.98, 32.52, 102.25, 42.69, 19.41, 4.04, 86.25, 93.25, 60.25, 54.25, 30.94, 64.25, 106.25, 128.25, 38.81, 113.25, 11.58, 20.41, 19.54, 90.25, 63.25, 17.13, 10.14, 12.39, 128.25, 21.71, 45.25, 54.25, 70.25, 36.81, 56.25];124.85;[3, 1, 5, 1, 3, 2, 3, 3, 1, 2, 2, 1, 3, 3, 3, 1, 2, 3, 1, 1, 1, 4, 1, 3, 1, 3, 1, 1, 1, 1, 3, 3, 2, 1, 1, 4, 2, 1, 3, 3, 1, 2, 1, 1, 1];4;90;True
100;90;100;1;True;2000;1;0;0;0;0;0;0;223.3491449356079;176.77993965148926;76739.23686525598;65962.01405715942;5136.345352154816;5640.770000000001;[95.18, 31.94, 30.82, 105.18, 70.18, 43.71, 52.78, 115.18, 62.18, 48.44, 11.91, 74.18, 115.18, 43.71, 93.18, 74.18, 20.29, 40.77, 54.11, 58.18, 70.18, 3.4, 66.18, 57.18, 47.44, 81.18, 26.28, 114.18, 37.34, 84.18, 62.18, 14.29, 59.18, 83.18, 60.18, 97.18, 79.18, 16.29, 32.94, 79.18, 27.97, 87.18, 34.96, 104.18, 20.29, 24.28, 24.28, 62.18, 115.18, 80.18, 36.85, 58.18, 42.71, 15.29, 57.18, 38.81, 70.18, 45.65, 110.18, 47.44, 64.18, 50.78, 108.18, 77.18, 34.96, 64.18, 40.77, 37.34, 16.69, 34.96, 38.81, 91.18, 54.11, 20.49, 4.04, 69.18, 94.18, 60.18, 57.18, 36.85, 51.78, 115.18, 103.18, 38.81, 115.18, 11.58, 20.29, 21.46, 67.18, 58.18, 20.29, 10.14, 12.59, 92.18, 30.28, 46.65, 57.18, 75.18, 55.11, 67.18];111.78;[3, 1, 2, 3, 2, 3, 1, 1, 2, 3, 1, 3, 2, 2, 1, 1, 3, 3, 1, 2, 4, 1, 1, 5, 1, 2, 2, 2, 1, 1, 1, 1, 3, 2, 1, 2, 1, 3, 2, 3, 5, 1, 1, 2, 1, 1];4;90;True
100;90;100;2;True;2000;1;0;0;0;0;0;0;288.86932492256165;147.0869402885437;75452.20534806946;64191.49226140976;5680.123861247458;5580.419999999998;[29.4, 82.29, 110.29, 53.29, 32.28, 86.29, 29.4, 18.78, 18.54, 49.29, 29.4, 74.29, 25.31, 42.29, 44.29, 20.32, 11.57, 97.29, 61.29, 20.1, 65.29, 64.29, 43.29, 78.29, 56.29, 58.29, 29.4, 51.29, 22.32, 19.11, 92.29, 28.3, 51.29, 22.15, 63.29, 71.29, 79.29, 65.29, 15.54, 36.98, 67.29, 31.45, 47.29, 60.29, 39.29, 38.04, 42.29, 116.29, 46.29, 66.29, 99.29, 49.29, 54.29, 14.24, 70.29, 76.29, 55.29, 10.57, 20.32, 38.04, 33.28, 56.29, 42.29, 133.29, 69.29, 36.98, 135.29, 22.75, 45.29, 8.88, 53.29, 58.29, 98.29, 17.54, 84.29, 25.31, 43.29, 75.29, 39.04, 56.29, 53.29, 160.29, 33.28, 25.31, 78.29, 50.29, 33.28, 54.29, 15.54, 131.29, 68.29, 173.29, 47.29, 17.54, 62.29, 122.29, 124.29, 36.28, 125.29, 41.58];164.41;[2, 1, 2, 2, 1, 1, 1, 4, 1, 4, 1, 2, 1, 2, 1, 1, 4, 1, 1, 2, 3, 1, 1, 3, 1, 1, 1, 1, 1, 2, 1, 4, 2, 5, 2, 2, 2, 1, 2, 1, 1, 1, 1, 4, 2, 2, 2, 3, 2];4;90;True
100;90;100;3;True;2000;1;0;0;0;0;0;0;256.6650643348694;158.36271333694458;74312.8735160793;64149.5905957222;5457.876693792077;4705.750000000008;[53.55, 56.55, 64.55, 69.55, 54.55, 16.76, 15.76, 52.55, 75.55, 57.55, 11.88, 38.55, 92.55, 39.55, 27.55, 29.55, 25.55, 18.55, 15.76, 63.55, 23.55, 47.55, 106.55, 18.55, 20.55, 32.55, 119.55, 14.76, 34.55, 103.55, 18.55, 71.55, 60.55, 58.55, 66.55, 38.55, 42.55, 39.55, 30.55, 73.55, 47.55, 107.55, 28.55, 23.55, 42.55, 31.55, 43.55, 74.55, 34.55, 20.55, 40.55, 11.88, 35.55, 95.55, 25.55, 89.55, 9.88, 75.55, 75.55, 83.55, 74.55, 48.55, 78.55, 2.82, 7.04, 45.55, 57.55, 32.55, 1.0, 27.55, 17.55, 20.55, 15.76, 63.55, 108.55, 85.55, 86.55, 82.55, 25.55, 34.55, 14.76, 73.55, 121.55, 18.55, 34.55, 12.81, 71.55, 70.55, 43.55, 73.55, 71.55, 58.55, 24.55, 57.55, 7.04, 11.88, 27.55, 36.55, 42.55, 16.76];120.55;[4, 2, 2, 1, 2, 1, 3, 1, 4, 2, 1, 3, 3, 1, 3, 2, 1, 2, 2, 1, 1, 1, 1, 2, 1, 1, 3, 5, 2, 1, 2, 1, 2, 1, 2, 4, 2, 3, 1, 2, 4, 1, 4, 1, 1];4;90;True
100;90;100;4;True;2000;1;0;0;0;0;0;0;294.50311756134033;151.6897222995758;77257.37866919016;65965.09907579422;5555.886131035871;5736.500000000001;[14.06, 60.81, 10.01, 63.53, 108.53, 56.81, 144.53, 106.53, 15.06, 81.53, 8.87, 114.53, 10.81, 74.53, 64.53, 140.53, 48.72, 65.53, 53.72, 32.89, 105.53, 2.12, 29.29, 39.76, 20.67, 36.79, 67.53, 18.06, 62.53, 44.72, 137.53, 47.72, 73.53, 49.72, 45.72, 64.53, 51.72, 39.76, 57.81, 57.81, 51.72, 21.67, 98.53, 108.53, 64.53, 61.81, 29.29, 26.63, 85.53, 23.67, 37.79, 31.89, 91.53, 23.67, 58.81, 68.53, 50.72, 75.53, 31.89, 11.64, 9.79, 19.06, 84.53, 17.06, 41.76, 72.53, 63.53, 103.53, 31.89, 35.79, 33.89, 71.53, 42.72, 68.53, 28.2, 92.53, 172.53, 56.81, 153.53, 26.63, 69.53, 80.53, 141.53, 19.62, 69.53, 33.89, 6.78, 80.53, 45.72, 13.06, 166.53, 32.89, 50.72, 33.89, 71.53, 27.29, 40.76, 24.67, 34.78, 83.53];170.41;[1, 1, 2, 2, 2, 1, 4, 2, 3, 1, 3, 1, 1, 1, 1, 1, 5, 3, 2, 1, 2, 4, 1, 4, 1, 1, 1, 1, 1, 1, 2, 1, 3, 3, 1, 2, 1, 1, 3, 1, 3, 2, 2, 2, 4, 1, 1, 2];4;90;True
100;90;100;5;True;2000;1;0;0;0;0;0;0;245.44205045700073;154.29217648506165;75046.42446746994;63325.39433956146;5262.253442501678;6458.7499999999945;[40.89, 148.94, 40.89, 38.12, 17.1, 84.94, 74.94, 26.3, 87.94, 35.52, 109.94, 1.0, 26.3, 39.19, 47.91, 88.94, 29.44, 11.85, 49.95, 60.13, 98.94, 88.94, 88.94, 44.37, 2.83, 79.94, 9.48, 28.3, 148.94, 83.94, 47.91, 62.13, 123.94, 45.91, 50.95, 86.94, 9.48, 59.13, 97.94, 47.91, 26.3, 60.13, 41.19, 31.23, 65.35, 8.48, 120.94, 60.13, 132.94, 43.83, 67.35, 21.3, 81.94, 73.94, 19.1, 45.91, 53.83, 49.91, 31.23, 86.94, 95.94, 47.91, 105.94, 61.13, 53.82, 42.19, 72.35, 72.35, 80.94, 71.35, 101.94, 110.94, 59.13, 58.13, 42.51, 2.83, 48.91, 57.13, 9.48, 39.19, 83.94, 106.94, 90.94, 3.9, 40.04, 141.94, 148.94, 89.94, 37.65, 69.35, 85.94, 95.94, 107.94, 81.94, 58.13, 84.94, 122.94, 117.94, 93.94, 72.35];147.94;[2, 2, 1, 1, 1, 1, 1, 1, 1, 4, 1, 3, 3, 3, 2, 4, 1, 1, 3, 1, 1, 4, 3, 2, 1, 2, 1, 2, 1, 1, 1, 2, 1, 2, 4, 1, 2, 3, 1, 1, 2, 4, 1, 1, 1, 4, 2, 2];3;90;True
100;90;100;6;True;2000;1;0;0;0;0;0;0;238.93902158737183;166.76848244667053;81590.62673040766;70230.07099294662;5268.787662811794;6091.849999999997;[72.65, 38.94, 108.32, 122.32, 52.59, 122.32, 49.51, 112.32, 136.32, 18.13, 25.82, 38.94, 104.32, 76.65, 45.92, 8.7, 79.65, 38.01, 45.92, 113.32, 64.5, 63.5, 62.5, 14.03, 81.32, 103.32, 53.59, 43.94, 41.94, 20.32, 57.81, 60.22, 50.59, 111.32, 71.65, 60.22, 135.32, 22.93, 39.94, 79.65, 121.32, 29.83, 23.93, 66.5, 68.65, 47.9, 12.72, 11.71, 49.59, 92.32, 94.32, 17.13, 10.72, 39.94, 58.22, 60.5, 136.32, 27.83, 66.5, 16.13, 29.83, 35.76, 27.15, 32.08, 43.94, 97.32, 69.65, 95.32, 85.32, 70.65, 101.32, 46.92, 2.8, 112.32, 30.78, 15.03, 21.93, 108.32, 52.59, 15.03, 89.32, 74.65, 56.81, 34.76, 89.32, 55.3, 24.64, 11.71, 15.03, 136.32, 18.13, 101.32, 6.55, 94.32, 41.94, 79.65, 103.32, 114.32, 68.37, 80.65];133.51999999999998;[2, 2, 5, 1, 5, 1, 3, 1, 1, 2, 1, 2, 2, 2, 1, 1, 1, 2, 1, 2, 2, 1, 1, 1, 1, 2, 4, 2, 1, 1, 3, 1, 3, 1, 1, 1, 1, 1, 1, 1, 1, 1, 3, 2, 2, 1, 1, 1, 5, 2, 3];4;90;True
100;100;100;1;True;2000;1;0;0;0;0;0;0;265.433376789093;196.13396763801575;85515.25499608151;73082.45247268677;5789.430280281105;6643.499999999995;[78.53, 49.41, 43.07, 133.53, 75.53, 58.08, 63.08, 117.53, 73.53, 65.08, 10.83, 67.53, 104.53, 68.53, 68.53, 89.53, 23.59, 58.08, 126.53, 75.53, 95.53, 3.26, 66.53, 87.53, 57.08, 63.08, 31.89, 70.53, 59.08, 112.53, 94.53, 15.04, 70.53, 68.53, 75.53, 102.53, 147.53, 19.85, 33.06, 147.53, 37.23, 98.53, 44.47, 141.53, 27.72, 31.89, 28.72, 80.53, 126.53, 72.53, 43.07, 122.53, 48.41, 18.83, 56.82, 49.41, 76.53, 61.08, 147.53, 50.25, 65.53, 71.53, 76.53, 85.53, 43.07, 71.53, 50.25, 49.41, 15.04, 57.08, 64.08, 147.53, 70.53, 18.83, 3.57, 80.53, 104.53, 70.53, 73.53, 45.47, 73.53, 107.53, 88.53, 46.47, 81.53, 9.16, 25.72, 28.72, 92.53, 84.53, 31.89, 8.08, 10.83, 83.53, 20.73, 53.92, 73.53, 97.53, 59.08, 65.08];144.27;[1, 1, 1, 1, 2, 1, 1, 2, 2, 4, 1, 3, 3, 3, 1, 3, 3, 5, 1, 3, 1, 2, 6, 1, 1, 2, 1, 3, 2, 1, 2, 1, 2, 1, 1, 3, 1, 1, 3, 3, 3, 2, 1, 2, 2, 2, 1, 4, 2, 1];5;100;True
100;100;100;2;True;2000;1;0;0;0;0;0;0;272.72510957717896;176.49388360977173;84452.25089161424;71965.59006404877;6501.837014752206;5984.64;[37.12, 71.75, 86.75, 52.87, 38.96, 102.75, 38.96, 24.45, 17.81, 89.75, 39.56, 72.75, 35.17, 53.87, 60.54, 27.29, 12.63, 83.75, 67.75, 35.17, 81.75, 62.54, 53.87, 73.75, 131.75, 102.75, 55.87, 47.98, 27.12, 27.29, 94.75, 37.96, 66.75, 40.56, 76.75, 73.75, 102.75, 48.26, 15.06, 43.61, 52.87, 41.06, 61.54, 63.54, 47.98, 50.87, 45.61, 87.75, 65.75, 76.75, 61.54, 55.87, 65.54, 25.43, 76.75, 69.75, 71.75, 10.13, 38.96, 44.61, 42.61, 68.75, 47.98, 86.75, 94.75, 61.54, 90.75, 30.99, 53.87, 9.1, 53.87, 56.87, 64.54, 15.06, 71.75, 39.56, 50.26, 145.75, 57.25, 42.61, 71.75, 132.75, 44.61, 28.12, 149.75, 58.25, 40.56, 53.87, 20.6, 95.75, 75.75, 76.75, 50.26, 31.1, 59.54, 76.75, 76.75, 50.26, 112.75, 65.54];140.65;[1, 1, 4, 2, 1, 1, 1, 1, 1, 4, 1, 1, 2, 1, 2, 4, 3, 1, 1, 5, 2, 4, 2, 1, 1, 2, 1, 2, 1, 1, 1, 2, 2, 1, 2, 1, 4, 1, 2, 1, 2, 1, 4, 1, 1, 4, 1, 3, 3, 1, 1, 2, 1, 1, 2];4;100;True
100;100;100;3;True;2000;1;0;0;0;0;0;0;255.0103108882904;192.25521445274353;84799.58564946266;73440.20824575424;5808.736570434153;5550.920000000004;[68.39, 53.39, 66.39, 75.39, 107.39, 20.42, 18.42, 65.39, 109.39, 58.39, 16.42, 49.39, 107.39, 51.39, 28.39, 43.39, 51.39, 21.16, 24.39, 66.39, 32.39, 54.39, 91.39, 27.39, 36.39, 38.39, 118.39, 18.42, 36.39, 109.39, 23.28, 71.39, 77.39, 88.39, 88.39, 45.39, 73.39, 45.39, 54.39, 65.39, 46.39, 77.39, 42.39, 26.39, 44.39, 31.39, 47.39, 77.39, 43.39, 29.39, 37.39, 11.69, 95.39, 118.39, 33.39, 73.39, 10.13, 118.39, 105.39, 118.39, 105.39, 75.39, 82.39, 2.88, 7.73, 61.39, 47.39, 54.39, 1.0, 33.39, 30.39, 28.39, 25.39, 53.39, 118.39, 73.39, 71.39, 89.39, 28.39, 55.39, 20.42, 97.39, 73.39, 21.16, 56.39, 19.42, 83.39, 53.39, 59.39, 61.39, 118.39, 61.39, 40.39, 63.39, 6.74, 14.42, 35.39, 43.39, 66.39, 23.84];117.39;[4, 4, 1, 1, 4, 2, 2, 1, 2, 3, 1, 1, 3, 1, 3, 4, 2, 1, 2, 1, 2, 1, 1, 2, 1, 2, 1, 1, 3, 1, 2, 3, 3, 4, 1, 1, 1, 2, 2, 2, 2, 1, 1, 2, 1, 3, 1, 5, 1, 2, 1, 1];4;100;True
100;100;100;4;True;2000;1;0;0;0;0;0;0;295.50482535362244;220.88336038589478;87171.470788103;73794.4877204895;6160.33213913674;7216.430000000005;[30.34, 69.97, 11.01, 75.97, 134.34, 105.34, 113.34, 92.34, 24.45, 101.34, 19.88, 87.34, 22.12, 59.25, 80.34, 86.34, 61.55, 94.34, 78.97, 51.49, 93.34, 2.12, 70.97, 50.49, 32.8, 51.49, 80.34, 18.88, 60.55, 57.24, 80.34, 128.34, 93.34, 85.34, 73.97, 87.34, 64.97, 54.56, 65.97, 95.34, 52.49, 30.26, 143.34, 134.34, 103.34, 80.34, 54.56, 38.87, 86.34, 31.8, 54.49, 50.49, 113.34, 32.8, 83.34, 95.34, 59.55, 109.34, 39.26, 12.86, 15.88, 25.45, 172.34, 24.67, 69.97, 88.34, 78.97, 144.34, 112.34, 43.24, 36.17, 90.34, 68.97, 108.34, 46.24, 101.34, 147.34, 69.97, 177.34, 62.55, 92.34, 95.34, 119.34, 35.14, 79.33, 72.97, 6.58, 67.97, 60.55, 23.38, 97.34, 47.49, 58.25, 44.24, 77.97, 39.26, 66.97, 69.97, 46.24, 177.34];175.22;[3, 2, 2, 2, 1, 3, 1, 3, 1, 2, 1, 2, 1, 4, 3, 1, 2, 1, 3, 3, 4, 4, 1, 3, 1, 1, 1, 3, 2, 1, 2, 2, 2, 1, 2, 2, 1, 2, 2, 1, 2, 4, 1, 1, 1, 3, 1, 1, 4, 1, 2];3;100;True
100;100;100;5;True;2000;1;0;0;0;0;0;0;253.32314896583557;162.96067881584167;82812.9186078985;70004.06959056854;5915.63088494456;6893.46999999999;[47.1, 132.98, 46.27, 55.25, 16.65, 82.98, 71.98, 32.28, 69.98, 36.77, 113.98, 1.0, 19.28, 53.3, 54.14, 104.98, 28.28, 23.72, 42.27, 65.98, 145.98, 107.98, 93.98, 48.33, 2.87, 81.98, 12.27, 33.28, 73.98, 95.98, 50.97, 72.98, 97.98, 67.98, 58.09, 115.98, 8.96, 60.94, 110.98, 39.4, 32.28, 76.98, 61.98, 45.27, 93.98, 13.51, 119.98, 64.98, 108.98, 50.09, 87.98, 27.28, 100.98, 88.98, 33.28, 55.25, 66.98, 56.04, 35.28, 129.98, 111.98, 62.98, 99.98, 63.98, 75.98, 45.27, 69.98, 85.98, 103.98, 68.98, 94.98, 106.98, 63.98, 55.25, 49.08, 2.0, 58.94, 58.09, 8.96, 46.27, 88.98, 91.98, 99.98, 3.4, 38.27, 80.98, 144.98, 76.98, 47.44, 85.98, 98.98, 128.98, 135.98, 74.98, 81.98, 118.98, 107.98, 72.98, 88.98, 60.94];144.98;[3, 3, 1, 2, 1, 1, 1, 6, 2, 2, 2, 1, 1, 3, 1, 1, 1, 1, 1, 1, 2, 1, 1, 3, 2, 1, 2, 3, 1, 2, 1, 1, 2, 1, 2, 2, 1, 1, 1, 3, 2, 2, 1, 4, 3, 1, 4, 6, 6, 2, 1];5;100;True
100;100;100;6;True;2000;1;0;0;0;0;0;0;322.8763597011566;185.452330827713;91059.98546903806;79014.9003996849;5893.6276869509475;6151.319999999998;[59.02, 41.03, 87.9, 90.9, 57.91, 118.9, 49.83, 87.9, 116.9, 18.35, 28.68, 47.83, 88.9, 88.9, 45.44, 8.34, 108.9, 58.02, 45.44, 98.9, 68.9, 56.91, 74.9, 12.89, 76.9, 98.9, 57.91, 38.15, 43.23, 33.13, 52.8, 70.9, 59.02, 81.9, 75.9, 75.9, 131.9, 29.68, 44.23, 65.9, 98.9, 30.68, 25.39, 66.9, 84.9, 65.9, 10.94, 16.35, 45.44, 83.9, 96.9, 17.95, 9.28, 39.15, 68.9, 52.8, 110.9, 39.47, 59.02, 25.39, 33.13, 31.68, 33.32, 28.68, 32.68, 84.9, 53.8, 112.9, 91.9, 62.26, 108.9, 53.8, 2.8, 105.9, 28.68, 16.35, 17.95, 106.9, 72.9, 21.08, 82.9, 68.9, 65.9, 45.44, 91.9, 60.26, 25.76, 11.94, 20.73, 177.9, 24.1, 97.9, 7.34, 76.9, 46.72, 93.9, 143.9, 132.9, 64.26, 64.26];175.1;[1, 3, 2, 2, 5, 5, 1, 2, 1, 3, 1, 2, 1, 1, 1, 1, 1, 1, 2, 4, 2, 1, 1, 2, 1, 1, 5, 1, 2, 1, 2, 2, 1, 2, 3, 2, 1, 4, 3, 1, 2, 1, 1, 2, 3, 1, 2, 2, 4, 2, 2];4;100;True
10;10;10;1;True;2000;1;0;0;0;0;0;0;39.5019097328186;0.09775471687316895;7165.777975337654;5721.234613904285;592.9216499517293;851.65;[88.26, 94.26, 48.73, 94.26, 94.26, 94.26, 88.26, 94.26, 94.26, 60.84];45.53000000000001;[1, 3, 2, 2, 2];2;10;True
10;10;10;2;True;2000;1;0;0;0;0;0;0;67.77344393730164;0.07982230186462402;7719.404721728181;6249.5584781546295;420.51502253149323;1049.3;[54.43, 129.43, 92.43, 112.43, 66.43, 173.43, 120.43, 42.43, 84.43, 173.43];131.0;[1, 3, 1, 3, 1, 1];2;10;True
10;10;10;3;True;2000;1;0;0;0;0;0;0;37.3377730846405;0.08194780349731445;7336.439312930114;6036.130173218301;489.5384816731991;810.8;[76.38, 75.38, 89.38, 76.38, 89.38, 46.38, 89.38, 89.38, 89.38, 89.38];42.99999999999999;[1, 1, 2, 1, 1, 1, 1, 2];1;10;True
10;10;10;4;True;2000;1;0;0;0;0;0;0;47.47002720832825;0.0922849178314209;7235.95539318057;5701.9208237263965;514.984217161308;1019.0599999999998;[60.66, 121.66, 39.12, 121.66, 113.66, 121.66, 121.66, 112.66, 84.66, 121.66];82.53999999999999;[2, 1, 3, 1, 1, 2];2;10;True
10;10;10;5;True;2000;1;0;0;0;0;0;0;46.6028618812561;0.08011603355407715;5926.97905547178;4592.95388917584;523.1966267996149;810.8000000000001;[63.58, 92.58, 62.58, 114.58, 28.58, 111.58, 114.58, 54.58, 83.58, 84.58];86.0;[1, 1, 1, 2, 3, 2];2;10;True
10;10;10;6;True;2000;1;0;0;0;0;0;0;31.220624446868896;0.09273695945739746;6395.957926439164;5224.314136262504;458.12041389743905;713.56;[75.67, 41.53, 75.67, 75.67, 75.67, 75.67, 75.67, 75.67, 75.67, 66.67];34.14;[2, 1, 1, 2, 1, 1, 2];1;10;True
20;10;20;1;True;2000;1;0;0;0;0;0;0;56.29465198516846;0.23360633850097656;7743.505726580323;5706.137502891623;582.7386461257967;1454.6199999999997;[125.1, 32.44, 37.44, 125.1, 119.1, 51.44, 53.44, 125.1, 62.44, 45.44, 14.38, 61.44, 115.1, 49.44, 67.44, 87.1, 22.38, 73.1, 70.1, 117.1];110.72;[1, 1, 2, 2, 1, 1, 2];1;10;True
20;10;20;2;True;2000;1;0;0;0;0;0;0;43.11251139640808;0.23208379745483398;7712.08756585764;6201.184570914078;409.7608150877726;1101.2;[34.11, 94.11, 79.11, 89.11, 35.11, 94.11, 35.11, 24.11, 23.11, 94.11, 28.11, 94.11, 28.11, 51.11, 72.11, 23.11, 17.11, 64.11, 94.11, 27.11];77.0;[2, 1, 1, 1, 1, 1, 1, 2];1;10;True
20;10;20;3;True;2000;1;0;0;0;0;0;0;44.36797022819519;0.19951701164245605;7710.57423440972;6030.613048977699;490.2055280217637;1189.7799999999997;[62.77, 63.77, 94.11, 94.11, 86.11, 32.77, 30.77, 59.77, 94.11, 94.11, 17.77, 40.77, 94.11, 57.77, 27.77, 45.77, 29.77, 38.77, 30.77, 94.11];76.34;[1, 1, 1, 1, 2, 1, 1, 2];1;10;True
20;10;20;4;True;2000;1;0;0;0;0;0;0;53.03600311279297;0.2520253658294678;7541.40455241676;5692.894738143262;490.09678622489486;1358.42;[22.88, 105.0, 16.9, 66.0, 84.0, 52.0, 70.0, 47.0, 20.88, 107.0, 18.88, 79.0, 21.88, 98.0, 115.0, 115.0, 68.0, 115.0, 90.0, 46.0];98.1;[1, 1, 1, 1, 3, 1, 1, 1];2;10;True
20;10;20;5;True;2000;1;0;0;0;0;0;0;40.15819072723389;0.18489289283752441;6204.08704445375;4564.560999241748;527.6792245163502;1111.8;[52.4, 89.4, 62.4, 50.4, 22.4, 87.4, 70.4, 31.4, 78.4, 37.4, 89.4, 3.0, 27.4, 57.4, 66.4, 89.4, 23.4, 21.6, 76.4, 75.4];86.4;[1, 1, 1, 1, 2, 1, 2, 1];1;10;True
20;10;20;6;True;2000;1;0;0;0;0;0;0;37.98006868362427;0.23366475105285645;6847.058853081491;5224.32577905578;454.88165609684825;1167.7899999999995;[61.8, 37.8, 79.8, 79.8, 57.8, 76.8, 43.8, 79.8, 79.8, 25.8, 33.8, 37.8, 79.8, 76.8, 36.8, 14.59, 79.8, 62.8, 45.8, 76.8];65.21;[2, 1, 4, 1, 1, 1];3;10;True
30;10;30;1;True;2000;1;0;0;0;0;0;0;60.26408767700195;0.4354383945465088;8062.24784304202;5717.834541623924;600.4830002468657;1743.8200000000008;[117.2, 27.2, 32.2, 117.2, 76.2, 43.2, 45.2, 117.2, 57.2, 38.2, 12.67, 52.2, 116.2, 43.2, 62.2, 89.2, 16.51, 46.2, 66.2, 62.2, 61.2, 4.24, 55.2, 102.2, 45.2, 63.2, 24.2, 57.2, 34.2, 59.2];112.96000000000001;[1, 1, 1, 2, 2, 1, 2];1;10;True
30;10;30;2;True;2000;1;0;0;0;0;0;0;59.15182113647461;0.45612668991088867;8511.016685624143;6231.683227900533;414.3178524966547;1865.099999999999;[35.87, 113.87, 82.87, 70.87, 36.87, 125.87, 36.87, 26.87, 25.87, 72.87, 31.87, 100.87, 28.87, 55.87, 68.87, 24.87, 15.87, 70.87, 81.87, 31.87, 116.87, 81.87, 58.87, 107.87, 125.87, 73.87, 36.87, 63.87, 34.87, 23.87];110.0;[3, 2, 1, 1, 2, 1];2;10;True
30;10;30;3;True;2000;1;0;0;0;0;0;0;46.541457414627075;0.4498457908630371;8175.080266200753;6055.308315446905;484.22022824426745;1635.6400000000003;[62.2, 62.2, 62.2, 68.2, 90.58, 28.2, 27.2, 59.2, 90.58, 90.58, 16.2, 41.2, 90.58, 71.2, 26.2, 46.2, 27.2, 37.2, 26.2, 90.58, 36.2, 73.8, 90.58, 32.2, 37.2, 29.2, 90.58, 16.2, 25.2, 90.58];74.38;[1, 1, 2, 1, 1, 1, 3];2;10;True
30;10;30;4;True;2000;1;0;0;0;0;0;0;52.522568464279175;0.45328497886657715;7813.948108135351;5709.765254110629;491.35046151901884;1612.9300000000005;[19.17, 100.17, 14.17, 64.17, 81.17, 47.17, 64.17, 42.17, 18.17, 100.17, 14.17, 76.17, 19.17, 51.17, 100.17, 100.17, 66.17, 78.17, 48.17, 41.17, 100.17, 4.0, 38.17, 45.17, 25.17, 46.17, 94.17, 21.17, 50.17, 43.17];96.17;[1, 2, 1, 3, 1, 2];2;10;True
30;10;30;5;True;2000;1;0;0;0;0;0;0;41.45849108695984;0.3899877071380615;6499.555586129888;4591.892276533528;469.7628108365667;1437.9200000000005;[48.75, 64.71, 35.75, 42.75, 20.19, 72.71, 55.71, 29.19, 71.71, 28.19, 64.71, 3.0, 23.19, 41.75, 54.71, 78.71, 19.19, 16.19, 52.71, 70.71, 78.71, 75.71, 78.71, 29.19, 4.0, 76.71, 13.19, 31.75, 76.71, 78.71];75.71;[2, 2, 2, 1, 1, 2];1;10;True
30;10;30;6;True;2000;1;0;0;0;0;0;0;47.532896757125854;0.3554401397705078;7484.031078770327;5207.659446903001;434.10333620778056;1842.3000000000006;[72.16, 39.16, 92.16, 96.16, 59.16, 84.16, 45.16, 93.16, 96.16, 27.16, 35.16, 40.16, 84.16, 72.16, 39.16, 13.66, 80.16, 61.16, 45.16, 79.16, 71.16, 48.16, 82.16, 27.16, 96.16, 84.16, 72.16, 37.16, 38.16, 31.16];82.5;[1, 1, 1, 1, 3, 2, 1];2;10;True
40;10;40;1;True;2000;1;0;0;0;0;0;0;62.59946370124817;0.7770044803619385;8799.624679743012;5731.127015195681;588.5660688695524;2479.829999999999;[116.11, 34.11, 37.11, 94.11, 116.11, 51.11, 53.11, 75.11, 63.11, 45.11, 14.41, 60.11, 91.11, 49.11, 67.11, 78.11, 21.11, 56.11, 70.11, 67.11, 66.11, 4.24, 65.11, 85.11, 54.11, 64.11, 28.11, 116.11, 41.11, 69.11, 73.11, 20.11, 52.11, 116.11, 51.11, 85.11, 65.11, 25.11, 29.11, 110.11];111.87;[1, 2, 1, 3, 1, 2];2;10;True
40;10;40;2;True;2000;1;0;0;0;0;0;0;62.50009489059448;0.650395393371582;9053.591756960352;6231.6406671771165;407.2578577353873;2414.6000000000004;[35.2, 110.2, 82.2, 69.2, 35.2, 119.2, 34.2, 25.2, 24.2, 72.2, 28.2, 93.2, 25.2, 54.2, 65.2, 22.2, 16.5, 69.2, 78.2, 27.2, 119.2, 80.2, 55.2, 110.2, 90.2, 74.2, 33.2, 60.2, 32.2, 22.2, 101.2, 43.2, 76.2, 27.2, 94.2, 96.2, 95.2, 49.2, 18.5, 50.2];102.7;[2, 2, 1, 1, 2, 1, 1];1;10;True
40;10;40;3;True;2000;1;0;0;0;0;0;0;53.51671528816223;0.6455247402191162;8917.765092475394;6067.685484301454;522.2266950900873;2328.0000000000005;[64.95, 65.95, 63.95, 69.95, 94.95, 28.95, 25.95, 60.95, 87.95, 89.95, 17.95, 41.95, 96.95, 59.95, 25.95, 48.95, 27.95, 39.95, 25.95, 96.95, 39.95, 73.95, 96.95, 34.95, 39.95, 29.95, 96.95, 17.95, 24.95, 87.95, 23.95, 88.95, 96.95, 80.95, 72.95, 50.95, 64.95, 55.95, 56.95, 55.95];79.0;[1, 1, 1, 1, 1, 2, 3];2;10;True
40;10;40;4;True;2000;1;0;0;0;0;0;0;60.85265874862671;0.6645042896270752;8744.920092119955;5726.269879996997;502.42825700951937;2516.23;[21.57, 86.57, 17.57, 66.57, 85.57, 55.57, 74.57, 50.57, 20.57, 106.57, 18.57, 81.57, 21.57, 58.57, 98.57, 102.57, 72.57, 81.57, 55.57, 45.57, 113.57, 4.0, 40.57, 50.57, 32.57, 48.57, 109.57, 22.57, 54.57, 46.57, 98.57, 67.57, 98.57, 67.57, 99.57, 74.57, 55.57, 48.57, 65.57, 94.57];109.57;[1, 1, 1, 2, 2, 1, 1, 1];1;10;True
40;10;40;5;True;2000;1;0;0;0;0;0;0;43.155022859573364;0.7824928760528564;6904.504720467311;4605.93891901575;497.3424871987402;1801.1499999999992;[47.55, 58.55, 31.55, 39.55, 20.55, 69.55, 51.55, 29.55, 68.55, 23.55, 55.55, 3.0, 22.55, 38.55, 39.55, 70.55, 19.55, 18.55, 45.55, 66.55, 61.55, 70.55, 70.55, 27.55, 4.0, 61.55, 15.96, 31.55, 70.55, 70.55, 40.55, 62.55, 67.55, 42.55, 52.55, 70.55, 14.39, 55.55, 59.55, 30.55];67.55;[2, 2, 1, 2, 2, 1];1;10;True
40;10;40;6;True;2000;1;0;0;0;0;0;0;23.835888862609863;0.7289576530456543;7109.075048100278;5196.52802153784;423.58046190475943;1488.8499999999995;[39.82, 36.37, 39.82, 39.82, 39.82, 39.82, 39.82, 39.82, 39.82, 24.37, 32.37, 36.37, 39.82, 39.82, 35.37, 13.37, 39.82, 39.82, 39.82, 39.82, 39.82, 39.82, 39.82, 22.37, 39.82, 39.82, 39.82, 34.37, 35.37, 26.37, 39.82, 39.82, 39.82, 39.82, 39.82, 39.82, 39.82, 37.37, 39.82, 39.82];26.450000000000003;[1, 2, 1, 1, 1, 1, 1, 1, 1];1;10;True
50;10;50;1;True;2000;1;0;0;0;0;0;0;64.89963483810425;0.927804708480835;9468.321031240877;5700.903810362507;631.5209198155553;3135.959999999998;[88.97, 37.97, 40.97, 99.97, 88.97, 55.97, 57.97, 81.97, 64.97, 48.97, 14.27, 64.97, 94.97, 52.97, 68.97, 82.97, 21.27, 62.97, 72.97, 71.97, 68.97, 3.85, 68.97, 76.97, 59.97, 66.97, 27.27, 115.97, 45.97, 73.97, 77.97, 20.27, 56.97, 92.97, 53.97, 90.97, 69.97, 23.27, 29.21, 87.97, 26.27, 104.97, 38.97, 75.97, 31.97, 28.27, 29.21, 89.97, 106.97, 115.97];112.12;[1, 2, 2, 1, 2, 1, 1];1;10;True
50;10;50;2;True;2000;1;0;0;0;0;0;0;56.3930184841156;1.193030834197998;9592.503767546086;6234.198774127561;412.38098182153175;2946.1299999999983;[34.18, 82.18, 80.18, 67.18, 34.18, 98.18, 32.18, 24.18, 24.18, 71.18, 28.18, 98.18, 25.18, 53.18, 63.18, 23.18, 16.31, 67.18, 70.18, 27.18, 98.18, 76.18, 54.18, 98.18, 86.18, 74.18, 31.18, 59.18, 30.18, 23.18, 98.18, 41.18, 74.18, 27.18, 91.18, 92.18, 91.18, 48.18, 19.18, 49.18, 69.18, 44.18, 65.18, 71.18, 60.18, 56.18, 57.18, 98.18, 58.18, 84.18];81.87;[2, 2, 1, 1, 1, 1, 1, 1];1;10;True
50;10;50;3;True;2000;1;0;0;0;0;0;0;67.01790952682495;0.9599001407623291;9469.941293761047;6083.895113951552;499.3080815025871;2886.5;[67.75, 71.75, 65.75, 74.75, 94.75, 32.75, 27.75, 62.75, 90.75, 72.75, 16.75, 43.75, 116.75, 62.75, 26.75, 49.75, 28.75, 41.75, 27.75, 95.75, 41.75, 78.75, 104.75, 38.75, 41.75, 32.75, 116.75, 16.75, 24.75, 78.75, 24.75, 91.75, 92.75, 83.75, 90.75, 52.75, 67.75, 59.75, 60.75, 56.75, 35.75, 72.75, 47.75, 40.75, 32.75, 30.75, 51.75, 72.75, 45.75, 26.75];100.0;[1, 1, 3, 1, 1, 2, 1];2;10;True
50;10;50;4;True;2000;1;0;0;0;0;0;0;54.556461572647095;0.9569251537322998;9315.806806586641;5697.178368960187;502.7369068081781;3115.830000000002;[20.67, 88.67, 15.67, 68.67, 87.67, 94.67, 76.67, 56.67, 18.67, 94.67, 16.67, 83.67, 19.67, 63.67, 94.67, 61.67, 72.67, 83.67, 62.67, 50.67, 79.67, 4.0, 46.67, 54.67, 29.67, 50.67, 70.67, 21.67, 57.67, 50.67, 94.67, 94.67, 94.67, 71.67, 72.67, 77.67, 57.67, 54.67, 68.67, 94.67, 57.67, 24.67, 94.67, 75.67, 78.67, 94.67, 72.67, 35.67, 63.67, 37.67];90.67;[3, 1, 1, 1, 2, 1, 1];2;10;True
50;10;50;5;True;2000;1;0;0;0;0;0;0;46.19799089431763;1.0511267185211182;7293.827343651211;4591.670022418375;487.69315872172956;2214.3199999999997;[46.25, 61.25, 33.61, 40.25, 19.39, 70.25, 50.25, 28.61, 69.25, 21.61, 57.25, 3.0, 21.61, 39.25, 39.25, 68.25, 17.39, 16.39, 43.25, 67.25, 69.25, 71.25, 72.25, 26.61, 4.0, 61.25, 13.23, 30.61, 72.25, 72.25, 39.25, 63.25, 68.25, 43.25, 53.25, 72.25, 12.23, 48.25, 66.25, 29.61, 31.61, 53.25, 33.61, 35.61, 44.25, 14.23, 56.25, 53.25, 53.25, 36.61];69.25;[2, 1, 1, 2, 3, 1];2;10;True
50;10;50;6;True;2000;1;0;0;0;0;0;0;48.793638706207275;1.2042219638824463;8348.289918683084;5221.606812167582;442.84649120813214;2683.6699999999987;[57.95, 36.95, 79.41, 81.41, 53.95, 76.95, 40.95, 80.41, 79.41, 21.95, 30.95, 35.95, 78.41, 63.95, 34.95, 10.52, 70.95, 52.95, 39.95, 70.95, 61.95, 44.95, 71.95, 19.95, 81.41, 81.41, 64.95, 29.95, 33.95, 25.95, 50.95, 70.95, 59.95, 81.41, 56.95, 60.95, 81.41, 36.95, 43.95, 73.95, 81.41, 23.95, 26.95, 48.95, 56.95, 49.95, 17.95, 16.95, 50.95, 76.95];70.89;[1, 1, 2, 1, 1, 1, 2, 1];1;10;True
60;10;60;1;True;2000;1;0;0;0;0;0;0;51.04851007461548;1.5911028385162354;9812.330641430275;5702.070053242904;648.1143447696303;3461.9799999999973;[82.18, 38.18, 41.18, 82.18, 81.18, 55.18, 56.18, 79.18, 64.18, 48.18, 13.98, 64.18, 82.18, 52.18, 68.18, 80.18, 20.98, 60.18, 72.18, 71.18, 68.18, 4.16, 68.18, 75.18, 58.18, 66.18, 27.18, 72.18, 44.18, 73.18, 77.18, 19.98, 55.18, 82.18, 53.18, 82.18, 68.18, 22.18, 29.18, 82.18, 26.18, 82.18, 40.18, 75.18, 33.18, 28.18, 29.18, 82.18, 82.18, 82.18, 43.18, 81.18, 43.18, 20.98, 65.18, 44.18, 82.18, 55.18, 82.18, 42.18];78.02000000000001;[1, 3, 1, 2, 1, 1, 1];2;10;True
60;10;60;2;True;2000;1;0;0;0;0;0;0;69.86485695838928;1.4818429946899414;10263.158683829617;6246.238808725717;405.91551044241095;3610.819999999998;[34.31, 85.31, 82.31, 69.31, 35.31, 110.31, 33.31, 25.31, 24.31, 72.31, 28.31, 99.31, 25.31, 54.31, 65.31, 22.31, 16.31, 69.31, 71.31, 27.31, 118.31, 77.31, 55.31, 86.31, 88.31, 77.31, 32.31, 60.31, 31.31, 22.31, 101.31, 43.31, 76.31, 27.31, 109.31, 95.31, 94.31, 49.31, 18.31, 50.31, 71.31, 46.31, 67.31, 76.31, 60.31, 57.31, 59.31, 118.31, 60.31, 88.31, 67.31, 61.31, 78.31, 17.31, 86.31, 56.31, 81.31, 12.53, 24.31, 55.31];105.78;[2, 1, 1, 1, 1, 2, 1, 1];1;10;True
60;10;60;3;True;2000;1;0;0;0;0;0;0;60.2724072933197;1.5376670360565186;10026.059949227409;6074.227458222421;526.4464503952812;3425.4799999999973;[67.0, 77.0, 65.68, 73.0, 99.0, 31.68, 28.68, 62.68, 90.0, 72.0, 14.68, 44.68, 99.0, 62.68, 25.68, 49.68, 27.68, 43.68, 28.68, 94.0, 42.68, 77.0, 99.0, 36.68, 43.68, 32.68, 99.0, 15.68, 23.68, 77.0, 22.68, 90.0, 99.0, 83.0, 83.0, 51.68, 67.0, 58.68, 60.68, 55.68, 34.68, 72.0, 47.68, 39.68, 32.68, 30.68, 50.68, 72.0, 45.68, 25.68, 35.68, 20.68, 72.0, 79.0, 28.68, 99.0, 17.68, 66.68, 92.0, 87.0];84.32;[1, 1, 2, 1, 2, 1, 1, 1];1;10;True
60;10;60;4;True;2000;1;0;0;0;0;0;0;61.3095977306366;1.7544004917144775;9824.241022488186;5704.83198851495;483.4205661406535;3636.2600000000043;[21.78, 86.78, 16.78, 67.78, 85.78, 66.78, 72.78, 52.78, 19.78, 101.78, 16.78, 81.78, 21.78, 60.78, 96.78, 57.78, 60.78, 81.78, 59.78, 47.78, 75.78, 3.24, 42.78, 51.78, 28.78, 49.78, 92.78, 22.78, 55.78, 47.78, 87.78, 86.78, 96.78, 69.78, 69.78, 74.78, 55.78, 50.78, 66.78, 100.78, 55.78, 24.78, 101.78, 72.78, 70.78, 86.78, 101.78, 34.78, 59.78, 36.78, 53.78, 47.78, 89.78, 24.78, 89.78, 90.78, 54.78, 71.78, 39.78, 17.78];98.54;[1, 1, 1, 1, 1, 3, 1, 1];2;10;True
60;10;60;5;True;2000;1;0;0;0;0;0;0;49.66199803352356;1.5687487125396729;7893.198384308799;4604.685131673473;518.380284095495;2770.0699999999993;[48.66, 67.66, 36.66, 43.66, 18.66, 70.66, 52.66, 28.66, 70.66, 25.66, 63.66, 1.0, 20.66, 42.66, 45.66, 70.66, 16.1, 15.1, 48.66, 69.66, 66.66, 72.66, 74.66, 27.66, 3.24, 62.66, 13.07, 31.66, 74.66, 74.66, 46.66, 64.66, 73.66, 46.66, 55.66, 74.66, 12.07, 51.66, 62.66, 33.66, 32.66, 53.66, 37.66, 38.66, 49.66, 14.07, 57.66, 50.66, 57.66, 39.66, 52.66, 24.66, 54.66, 67.66, 18.1, 54.66, 50.66, 39.66, 30.66, 63.66];73.66;[2, 1, 1, 2, 1, 3];2;10;True
60;10;60;6;True;2000;1;0;0;0;0;0;0;31.340712308883667;1.5584747791290283;7830.196767299128;5200.223853674533;464.35073508039306;2165.8000000000006;[42.48, 34.48, 42.48, 42.48, 42.48, 42.48, 38.48, 42.48, 42.48, 21.48, 28.48, 32.48, 42.48, 42.48, 32.48, 9.48, 42.48, 42.48, 38.48, 42.48, 42.48, 41.48, 42.48, 20.48, 42.48, 42.48, 42.48, 27.48, 32.48, 22.48, 42.48, 42.48, 42.48, 42.48, 42.48, 42.48, 42.48, 31.48, 38.48, 42.48, 42.48, 23.48, 25.48, 42.48, 42.48, 42.48, 17.48, 16.48, 42.48, 42.48, 42.48, 9.48, 12.48, 32.48, 42.48, 39.48, 42.48, 31.48, 42.48, 20.48];33.0;[1, 1, 2, 1, 1, 1, 1, 1, 1];1;10;True
70;10;70;1;True;2000;1;0;0;0;0;0;0;76.18848466873169;2.400742292404175;10361.002721358294;5738.018036109667;639.9530935979099;3983.349999999995;[94.7, 32.7, 35.7, 91.7, 78.7, 50.7, 51.7, 118.7, 61.7, 44.7, 12.96, 59.7, 90.7, 48.7, 66.7, 78.7, 18.7, 55.7, 69.7, 65.7, 65.7, 3.69, 63.7, 69.7, 53.7, 62.7, 24.7, 68.7, 41.7, 68.7, 72.7, 16.8, 51.7, 93.7, 50.7, 94.7, 63.7, 21.7, 25.7, 83.7, 25.7, 106.7, 33.7, 69.7, 27.7, 26.7, 26.7, 83.7, 101.7, 118.7, 39.7, 78.7, 39.7, 17.7, 62.7, 41.7, 91.7, 50.7, 87.7, 38.7, 66.7, 50.7, 78.7, 74.7, 26.7, 58.7, 45.7, 24.7, 21.7, 38.7];115.01;[1, 2, 2, 1, 2, 1, 1];1;10;True
70;10;70;2;True;2000;1;0;0;0;0;0;0;67.58739709854126;2.4072329998016357;10738.876867342933;6265.240853343713;408.1681450804826;4065.2;[35.0, 82.0, 81.0, 66.0, 35.0, 103.0, 34.0, 23.0, 23.0, 71.0, 28.0, 97.0, 25.0, 53.0, 63.0, 22.0, 16.0, 66.0, 70.0, 27.0, 105.0, 75.0, 52.0, 86.0, 86.0, 81.0, 33.0, 57.0, 32.0, 22.0, 99.0, 45.0, 74.0, 28.0, 105.0, 93.0, 91.0, 49.0, 18.0, 50.0, 69.0, 48.0, 65.0, 70.0, 58.0, 54.0, 55.0, 105.0, 56.0, 84.0, 65.0, 59.0, 76.0, 17.0, 84.0, 55.0, 81.0, 13.1, 23.0, 51.0, 35.0, 61.0, 46.0, 105.0, 80.0, 48.0, 105.0, 27.0, 55.0, 14.1];91.9;[1, 1, 1, 1, 1, 1, 1, 1, 2];1;10;True
70;10;70;3;True;2000;1;0;0;0;0;0;0;64.62280559539795;2.4218034744262695;10080.24431996939;6116.516622954523;516.146961211131;3447.289999999997;[59.41, 69.41, 60.41, 64.41, 95.41, 23.41, 21.41, 57.41, 82.41, 64.41, 12.41, 37.41, 95.41, 56.41, 21.41, 44.41, 24.41, 35.41, 20.41, 87.41, 34.41, 70.41, 95.41, 28.41, 35.41, 25.41, 93.41, 14.41, 21.41, 68.41, 20.41, 82.41, 95.41, 75.41, 68.41, 47.41, 60.41, 53.41, 54.41, 53.41, 29.41, 68.41, 41.41, 31.41, 29.41, 25.41, 46.41, 66.41, 41.41, 20.41, 30.41, 16.41, 63.41, 73.41, 23.41, 95.41, 14.41, 58.41, 86.41, 80.41, 86.41, 57.41, 53.41, 2.41, 5.41, 47.41, 51.41, 46.41, 2.0, 21.41];93.41;[1, 1, 2, 1, 2, 2, 1];1;10;True
70;10;70;4;True;2000;1;0;0;0;0;0;0;59.82211923599243;2.159888505935669;10452.024469020384;5714.750182909981;489.15737623903203;4248.169999999996;[20.6, 93.6, 15.6, 68.6, 87.6, 69.6, 78.6, 53.6, 19.6, 86.6, 16.6, 84.6, 19.6, 62.6, 93.6, 59.6, 62.6, 85.6, 61.6, 50.6, 81.6, 2.77, 46.6, 53.6, 28.6, 50.6, 72.6, 21.6, 56.6, 50.6, 89.6, 93.6, 93.6, 72.6, 74.6, 79.6, 56.6, 53.6, 69.6, 89.6, 56.6, 24.6, 93.6, 77.6, 76.6, 93.6, 74.6, 34.6, 63.6, 37.6, 55.6, 50.6, 92.6, 24.6, 93.6, 93.6, 55.6, 76.6, 41.6, 16.6, 15.6, 23.6, 79.6, 24.6, 52.6, 93.6, 73.6, 80.6, 93.6, 47.6];90.83;[1, 1, 1, 1, 1, 1, 4];3;10;True
70;10;70;5;True;2000;1;0;0;0;0;0;0;55.89524793624878;2.36855411529541;8522.969077424219;4635.735734880488;516.1278296750115;3371.3300000000045;[47.88, 59.88, 38.88, 42.88, 20.34, 70.88, 51.88, 29.88, 69.88, 27.88, 68.88, 1.0, 22.88, 42.88, 43.88, 69.88, 19.34, 18.34, 46.88, 68.88, 65.88, 73.88, 78.88, 28.88, 3.24, 61.88, 14.34, 32.88, 79.88, 79.88, 43.88, 63.88, 70.88, 45.88, 53.88, 79.88, 13.37, 49.88, 61.88, 35.88, 33.88, 51.88, 39.88, 39.88, 46.88, 14.34, 55.88, 49.88, 53.88, 41.88, 49.88, 25.88, 52.88, 66.88, 21.34, 54.88, 49.88, 41.88, 32.88, 64.88, 79.88, 41.88, 78.88, 62.88, 57.88, 39.88, 67.88, 52.88, 49.88, 47.88];78.88;[1, 1, 1, 2, 3, 1, 1];2;10;True
70;10;70;6;True;2000;1;0;0;0;0;0;0;59.103397846221924;2.389665126800537;9296.391699068476;5249.703239902614;452.5066741137488;3594.270000000002;[55.36, 35.5, 81.36, 87.36, 54.36, 75.36, 40.36, 87.36, 80.36, 20.5, 28.5, 33.5, 75.36, 63.36, 33.5, 9.07, 74.36, 53.36, 38.36, 69.36, 60.36, 43.36, 65.36, 18.5, 87.36, 73.36, 63.36, 27.5, 32.5, 22.5, 50.36, 70.36, 59.36, 60.36, 56.36, 60.36, 81.36, 34.5, 42.36, 71.36, 87.36, 22.5, 25.5, 47.36, 56.36, 46.36, 16.07, 16.07, 51.36, 76.36, 78.36, 10.07, 14.07, 32.5, 68.36, 44.36, 87.36, 32.5, 63.36, 19.5, 34.5, 25.5, 43.36, 31.5, 55.36, 87.36, 52.36, 60.36, 82.36, 48.36];78.28999999999999;[1, 2, 1, 1, 1, 1, 2, 1];1;10;True
80;10;80;1;True;2000;1;0;0;0;0;0;0;78.20634746551514;3.1458706855773926;10912.524784338679;5731.2981252718255;625.38554748538;4556.150000000003;[83.67, 30.67, 36.67, 92.67, 79.67, 52.67, 53.67, 115.67, 62.67, 45.67, 12.82, 61.67, 91.67, 49.67, 66.67, 79.67, 16.67, 57.67, 70.67, 67.67, 66.67, 3.37, 65.67, 71.67, 55.67, 63.67, 23.67, 68.67, 41.67, 70.67, 77.67, 16.67, 52.67, 69.67, 51.67, 84.67, 65.67, 18.67, 24.67, 85.67, 24.67, 103.67, 34.67, 71.67, 27.67, 25.67, 25.67, 85.67, 115.67, 113.67, 40.67, 79.67, 40.67, 16.67, 63.67, 41.67, 92.67, 52.67, 80.67, 39.67, 68.67, 51.67, 79.67, 76.67, 26.67, 59.67, 47.67, 23.67, 19.67, 39.67, 50.67, 77.67, 51.67, 28.67, 4.37, 77.67, 91.67, 67.67, 90.67, 36.67];112.3;[2, 1, 1, 2, 1, 1, 2];1;10;True
80;10;80;2;True;2000;1;0;0;0;0;0;0;71.29152703285217;2.635725498199463;11372.268896846146;6285.178059941094;419.80711039249786;4667.209999999997;[35.0, 82.73, 81.73, 67.73, 35.0, 103.73, 34.0, 25.0, 24.0, 71.73, 29.0, 104.73, 27.0, 54.73, 63.73, 22.5, 14.5, 67.73, 70.73, 29.0, 83.73, 76.73, 54.73, 105.73, 88.73, 81.73, 33.0, 58.73, 32.0, 21.5, 100.73, 43.73, 74.73, 29.0, 78.73, 92.73, 92.73, 49.73, 17.5, 50.73, 69.73, 46.73, 66.73, 70.73, 58.73, 56.73, 57.73, 105.73, 57.73, 85.73, 66.73, 60.73, 81.73, 16.5, 83.73, 56.73, 80.73, 11.83, 24.0, 53.73, 36.0, 61.73, 45.73, 105.73, 80.73, 47.73, 105.73, 27.0, 56.73, 12.5, 57.73, 68.73, 78.73, 23.5, 77.73, 27.0, 56.73, 78.73, 42.0, 52.73];93.9;[2, 1, 1, 1, 1, 1, 2, 1];1;10;True
80;10;80;3;True;2000;1;0;0;0;0;0;0;58.749632596969604;2.539039373397827;10684.396244196947;6079.17168951875;528.581398470843;4076.2900000000022;[62.46, 66.46, 63.46, 67.46, 62.46, 29.46, 25.46, 60.46, 81.46, 66.46, 15.46, 42.46, 81.46, 60.46, 24.46, 47.46, 26.46, 41.46, 24.46, 81.46, 40.46, 72.46, 81.46, 36.46, 41.46, 30.46, 81.46, 16.46, 23.46, 70.46, 21.46, 81.46, 81.46, 78.46, 70.46, 50.46, 63.46, 56.46, 58.46, 55.46, 33.46, 69.46, 45.46, 39.46, 32.46, 29.46, 49.46, 68.46, 44.46, 22.46, 34.46, 18.46, 66.46, 74.46, 26.46, 81.46, 17.46, 81.46, 81.46, 81.46, 81.46, 61.46, 57.46, 6.41, 9.46, 51.46, 55.46, 52.46, 2.0, 22.46, 29.46, 39.46, 21.46, 58.46, 60.46, 66.46, 81.46, 81.46, 44.46, 51.46];79.46;[1, 1, 2, 1, 1, 1, 1, 1, 1];1;10;True
80;10;80;4;True;2000;1;0;0;0;0;0;0;61.56802415847778;2.74959659576416;11226.092130202747;5726.028355853831;494.9615170266431;5004.8500000000095;[20.51, 92.51, 15.51, 70.51, 89.51, 65.51, 80.51, 57.51, 19.51, 88.51, 16.51, 85.51, 20.51, 65.51, 92.51, 75.51, 65.51, 86.51, 64.51, 52.51, 83.51, 2.56, 48.51, 55.51, 30.51, 51.51, 74.51, 21.51, 58.51, 51.51, 91.51, 74.51, 92.51, 74.51, 75.51, 81.51, 58.51, 56.51, 71.51, 91.51, 58.51, 24.51, 92.51, 79.51, 92.51, 79.51, 76.51, 36.51, 66.51, 39.51, 58.51, 51.51, 92.51, 25.51, 92.51, 92.51, 57.51, 78.51, 43.51, 16.51, 16.51, 24.51, 81.51, 26.51, 54.51, 92.51, 74.51, 92.51, 63.51, 48.51, 44.51, 92.51, 52.51, 75.51, 46.51, 83.51, 92.51, 79.51, 92.51, 43.51];89.95;[1, 1, 3, 1, 1, 1, 1, 1];2;10;True
80;10;80;5;True;2000;1;0;0;0;0;0;0;59.7824125289917;2.8223330974578857;8739.780100516726;4632.569460825658;501.7480800482458;3605.440000000003;[46.28, 58.96, 30.28, 38.28, 17.28, 69.96, 51.96, 27.28, 68.96, 21.28, 57.96, 1.0, 19.28, 38.28, 42.28, 67.96, 13.28, 12.28, 45.28, 66.96, 70.96, 70.96, 77.96, 24.28, 2.87, 59.96, 9.95, 29.28, 78.96, 78.96, 40.28, 62.96, 66.96, 42.28, 52.96, 78.96, 9.95, 50.96, 60.96, 27.28, 30.28, 51.96, 31.28, 33.28, 45.28, 8.95, 55.96, 49.96, 55.96, 34.28, 53.96, 23.28, 52.96, 64.96, 16.28, 52.96, 48.96, 33.28, 26.28, 61.96, 78.96, 36.28, 76.96, 59.96, 56.96, 35.28, 66.96, 53.96, 48.96, 46.28, 52.96, 76.96, 46.96, 47.96, 48.96, 2.77, 39.28, 47.96, 9.95, 46.28];77.96;[2, 1, 2, 2, 2, 1];1;10;True
80;10;80;6;True;2000;1;0;0;0;0;0;0;41.17917585372925;2.25091814994812;8544.586025995146;5220.630003610861;439.9560223842838;2884.0;[47.0, 31.0, 48.0, 48.0, 47.0, 48.0, 35.0, 48.0, 48.0, 16.0, 25.0, 29.0, 48.0, 48.0, 29.0, 6.0, 48.0, 42.0, 33.0, 48.0, 48.0, 39.0, 48.0, 12.0, 48.0, 48.0, 48.0, 23.0, 29.0, 16.0, 42.0, 48.0, 48.0, 48.0, 48.0, 48.0, 48.0, 25.0, 33.0, 48.0, 48.0, 19.0, 19.0, 44.0, 46.0, 39.0, 11.0, 8.0, 41.0, 48.0, 48.0, 8.0, 6.0, 29.0, 48.0, 35.0, 48.0, 26.0, 48.0, 14.0, 27.0, 21.0, 33.0, 26.0, 44.0, 48.0, 44.0, 48.0, 48.0, 44.0, 48.0, 42.0, 2.0, 47.0, 37.0, 12.0, 14.0, 48.0, 39.0, 12.0];46.0;[1, 2, 1, 1, 1, 1, 1, 1, 1];1;10;True
90;10;90;1;True;2000;1;0;0;0;0;0;0;78.1062262058258;3.517369031906128;11601.587164889686;5732.135122333401;602.8062085892451;5266.839999999992;[85.95, 33.95, 38.95, 94.95, 81.95, 54.95, 55.95, 109.95, 63.95, 46.95, 13.01, 63.95, 103.95, 50.95, 67.95, 80.95, 17.95, 59.95, 71.95, 69.95, 67.95, 4.06, 67.95, 74.95, 57.95, 65.95, 25.95, 70.95, 43.95, 72.95, 79.95, 17.95, 54.95, 72.95, 52.95, 83.95, 67.95, 20.95, 25.95, 85.95, 25.95, 90.95, 36.95, 73.95, 27.95, 26.95, 26.95, 86.95, 109.95, 109.95, 41.95, 81.95, 41.95, 17.95, 64.95, 42.95, 94.95, 54.95, 81.95, 40.95, 70.95, 53.95, 79.95, 77.95, 26.95, 60.95, 49.95, 25.95, 21.95, 40.95, 52.95, 79.95, 52.95, 29.95, 4.06, 79.95, 92.95, 69.95, 90.95, 38.95, 69.95, 88.95, 99.95, 40.95, 96.95, 13.01, 18.95, 24.95, 73.95, 71.95];105.89;[2, 2, 1, 1, 1, 1, 2];1;10;True
90;10;90;2;True;2000;1;0;0;0;0;0;0;80.82518148422241;4.000448942184448;11875.615210632437;6315.2581873945;425.480809312107;5135.200000000007;[34.38, 80.38, 79.38, 65.38, 34.38, 101.38, 32.38, 24.38, 22.38, 69.38, 28.38, 105.38, 25.38, 53.38, 63.38, 22.38, 14.38, 65.38, 68.38, 27.38, 76.38, 72.38, 54.38, 81.38, 84.38, 80.38, 30.38, 60.38, 29.38, 21.38, 98.38, 43.38, 71.38, 27.38, 110.38, 90.38, 90.38, 48.38, 17.38, 49.38, 67.38, 44.38, 65.38, 77.38, 60.38, 56.38, 57.38, 104.38, 58.38, 83.38, 65.38, 61.38, 75.38, 16.38, 81.38, 56.38, 76.38, 12.38, 23.38, 53.38, 33.38, 62.38, 44.38, 113.38, 76.38, 46.38, 113.38, 26.38, 55.38, 12.38, 58.38, 67.38, 76.38, 22.38, 75.38, 25.38, 55.38, 76.38, 41.38, 51.38, 69.38, 77.38, 29.38, 27.38, 69.38, 55.38, 48.38, 71.38, 18.38, 83.38];101.0;[2, 1, 1, 1, 1, 2, 2];1;10;True
90;10;90;3;True;2000;1;0;0;0;0;0;0;66.68144488334656;3.032968044281006;11257.978247902924;6100.304909941536;510.3558793682164;4646.93;[64.81, 67.81, 63.81, 69.81, 64.81, 27.81, 23.81, 59.81, 84.81, 67.81, 14.51, 41.81, 87.81, 59.81, 23.81, 47.81, 25.81, 39.81, 23.81, 87.81, 38.81, 72.81, 87.81, 32.81, 39.81, 28.81, 87.81, 15.81, 22.81, 70.81, 21.81, 87.81, 76.81, 77.81, 71.81, 50.81, 64.81, 55.81, 56.81, 54.81, 31.81, 69.81, 45.81, 35.81, 30.81, 28.81, 49.81, 68.81, 43.81, 21.81, 32.81, 18.81, 67.81, 73.81, 25.81, 87.81, 16.81, 70.81, 87.81, 82.81, 87.81, 60.81, 55.81, 5.0, 9.06, 50.81, 54.81, 50.81, 2.0, 22.81, 27.81, 35.81, 20.81, 56.81, 59.81, 66.81, 74.81, 87.81, 44.81, 50.81, 18.81, 87.81, 71.81, 34.81, 56.81, 14.51, 75.81, 58.81, 77.81, 66.81];85.81;[1, 1, 2, 1, 1, 3, 1];2;10;True
90;10;90;4;True;2000;1;0;0;0;0;0;0;70.3074963092804;3.747932195663452;11003.497257233199;5755.170608313608;465.8446008754121;4782.07;[15.51, 92.6, 12.51, 64.6, 82.6, 49.6, 66.6, 43.6, 16.51, 78.6, 12.51, 77.6, 15.51, 53.6, 92.6, 47.6, 54.6, 76.6, 50.6, 39.6, 70.6, 2.5, 34.6, 44.6, 20.6, 45.6, 61.6, 19.6, 49.6, 42.6, 82.6, 60.6, 90.6, 61.6, 64.6, 70.6, 51.6, 43.6, 61.6, 80.6, 49.6, 21.6, 92.6, 65.6, 65.6, 68.6, 62.6, 28.6, 51.6, 28.6, 46.6, 41.6, 84.6, 19.6, 85.6, 76.6, 49.6, 65.6, 31.6, 14.51, 12.51, 19.6, 67.6, 18.6, 42.6, 89.6, 67.6, 92.6, 61.6, 42.6, 39.6, 85.6, 45.6, 61.6, 30.6, 69.6, 92.6, 68.6, 92.6, 29.6, 81.6, 67.6, 92.6, 21.6, 69.6, 39.6, 10.49, 54.6, 42.6, 16.51];90.1;[1, 1, 1, 1, 2, 1, 1, 2];1;10;True
90;10;90;5;True;2000;1;0;0;0;0;0;0;60.408807039260864;3.9131557941436768;9490.726592396102;4654.391082403748;514.3355099923538;4322.0;[47.0, 55.0, 38.0, 41.0, 18.0, 72.0, 53.0, 29.0, 71.0, 29.0, 61.0, 1.0, 20.0, 41.0, 57.0, 74.0, 15.0, 14.0, 46.0, 69.0, 67.0, 73.0, 78.0, 28.0, 3.0, 64.0, 10.0, 32.0, 73.0, 78.0, 43.0, 65.0, 71.0, 44.0, 54.0, 78.0, 10.0, 51.0, 72.0, 34.0, 33.0, 53.0, 39.0, 39.0, 47.0, 10.0, 59.0, 50.0, 59.0, 39.0, 51.0, 25.0, 55.0, 67.0, 18.0, 54.0, 49.0, 39.0, 32.0, 64.0, 78.0, 40.0, 78.0, 62.0, 58.0, 39.0, 69.0, 56.0, 50.0, 48.0, 56.0, 78.0, 48.0, 49.0, 50.0, 2.0, 42.0, 49.0, 11.0, 47.0, 78.0, 78.0, 57.0, 5.0, 37.0, 77.0, 78.0, 55.0, 32.0, 54.0];77.0;[1, 1, 1, 1, 2, 3, 1];2;10;True
90;10;90;6;True;2000;1;0;0;0;0;0;0;62.824923515319824;3.2208807468414307;10084.36179764049;5248.685863756337;433.7966665752122;4402.100000000003;[53.9, 33.9, 77.9, 81.9, 52.9, 72.9, 38.9, 76.9, 79.9, 18.9, 27.9, 31.9, 72.9, 61.9, 31.9, 7.9, 72.9, 50.9, 39.9, 68.9, 65.9, 42.9, 60.9, 15.9, 81.9, 68.9, 62.9, 26.9, 30.9, 19.9, 47.9, 68.9, 57.9, 59.9, 55.9, 59.9, 79.9, 31.9, 41.9, 70.9, 81.9, 21.9, 22.9, 46.9, 54.9, 45.9, 14.9, 13.9, 48.9, 81.9, 70.9, 8.9, 9.9, 31.9, 66.9, 43.9, 81.9, 30.9, 61.9, 17.9, 33.9, 23.9, 41.9, 30.9, 53.9, 81.9, 50.9, 59.9, 81.9, 47.9, 81.9, 45.9, 2.0, 56.9, 46.9, 15.9, 17.9, 66.9, 45.9, 15.9, 76.9, 80.9, 64.9, 45.9, 51.9, 62.9, 37.9, 13.9, 15.9, 81.9];79.9;[1, 1, 1, 1, 1, 1, 1, 2, 1];1;10;True
100;10;100;1;True;2000;1;0;0;0;0;0;0;69.03990602493286;4.836968183517456;11623.89561306975;5718.8409999246815;621.0506039428857;5283.6400000000085;[81.27, 28.27, 34.27, 88.27, 76.27, 50.27, 51.27, 88.27, 61.27, 43.27, 12.76, 59.27, 88.27, 47.27, 66.27, 77.27, 16.27, 53.27, 69.27, 65.27, 65.27, 4.11, 63.27, 67.27, 52.27, 62.27, 22.27, 66.27, 39.27, 67.27, 74.27, 16.27, 50.27, 67.27, 50.27, 88.27, 63.27, 17.27, 21.27, 82.27, 24.27, 88.27, 31.27, 67.27, 23.27, 23.27, 23.27, 83.27, 88.27, 88.27, 37.27, 76.27, 38.27, 16.27, 62.27, 39.27, 88.27, 49.27, 79.27, 37.27, 65.27, 49.27, 77.27, 72.27, 24.27, 58.27, 44.27, 23.27, 18.27, 36.27, 48.27, 73.27, 49.27, 25.27, 5.11, 75.27, 88.27, 64.27, 74.27, 34.27, 65.27, 83.27, 88.27, 37.27, 88.27, 12.76, 18.27, 20.27, 68.27, 67.27, 21.27, 11.76, 13.76, 88.27, 18.27, 56.27, 55.27, 88.27, 51.27, 61.27];84.16;[2, 1, 1, 1, 2, 2, 1];1;10;True
100;10;100;2;True;2000;1;0;0;0;0;0;0;80.49319791793823;4.109757900238037;12878.088561041026;6287.270669309951;420.51992170187043;6169.950000000006;[35.25, 85.63, 83.63, 71.63, 36.25, 106.63, 36.25, 24.25, 24.25, 73.63, 29.25, 108.63, 25.25, 55.63, 67.63, 22.25, 16.53, 71.63, 73.63, 29.25, 81.63, 79.63, 57.63, 86.63, 91.63, 81.63, 35.25, 64.63, 34.25, 22.25, 108.63, 47.25, 78.63, 28.25, 108.63, 95.63, 95.63, 50.63, 18.25, 51.63, 73.63, 49.63, 69.63, 74.63, 64.63, 59.63, 61.63, 108.63, 62.63, 88.63, 69.63, 65.63, 86.63, 17.25, 87.63, 57.63, 83.63, 12.8, 24.25, 57.63, 37.25, 65.63, 47.25, 108.63, 83.63, 49.25, 108.63, 27.25, 58.63, 13.53, 62.63, 71.63, 80.63, 23.25, 79.63, 25.25, 59.63, 80.63, 43.25, 53.63, 76.63, 79.63, 33.25, 28.25, 73.63, 58.63, 52.63, 75.63, 19.25, 82.63, 74.63, 105.63, 67.63, 23.25, 71.63, 92.63, 108.63, 58.63, 86.63, 49.25];95.83;[1, 1, 1, 1, 1, 1, 1, 1, 1, 1];0;10;True
100;10;100;3;True;2000;1;0;0;0;0;0;0;75.34351181983948;3.592484712600708;11875.03615338476;6136.65871153752;518.5377632452139;5219.880000000005;[65.06, 70.06, 64.06, 71.06, 65.06, 29.06, 24.06, 60.06, 87.06, 70.06, 14.06, 41.06, 92.06, 60.06, 23.06, 47.06, 26.06, 40.06, 24.06, 91.06, 40.06, 74.06, 95.06, 35.06, 40.06, 30.06, 95.06, 16.06, 22.06, 73.06, 21.06, 92.06, 78.06, 80.06, 73.06, 50.06, 65.06, 58.06, 58.06, 55.06, 33.06, 71.06, 45.06, 37.06, 32.06, 29.06, 49.06, 70.06, 43.06, 22.06, 34.06, 18.06, 71.06, 76.06, 26.06, 95.06, 15.06, 79.06, 95.06, 84.06, 91.06, 61.06, 58.06, 5.0, 9.06, 51.06, 55.06, 51.06, 2.0, 22.06, 28.06, 37.06, 21.06, 58.06, 61.06, 68.06, 78.06, 92.06, 44.06, 51.06, 17.06, 93.06, 74.06, 37.06, 58.06, 14.06, 78.06, 60.06, 79.06, 69.06, 95.06, 66.06, 48.06, 60.06, 9.06, 17.06, 38.06, 33.06, 59.06, 30.06];93.06;[1, 1, 2, 1, 1, 1, 1, 2];1;10;True
100;10;100;4;True;2000;1;0;0;0;0;0;0;75.67620658874512;4.859332084655762;12028.37738261387;5790.20598295248;484.35431827394007;5753.790000000005;[20.18, 98.55, 14.18, 66.55, 84.55, 57.53, 72.55, 49.53, 18.18, 83.55, 16.18, 80.55, 19.18, 58.55, 95.55, 55.53, 59.55, 79.55, 57.53, 44.53, 75.55, 2.41, 40.53, 49.53, 25.18, 48.53, 66.55, 21.18, 53.53, 46.53, 85.55, 65.55, 95.55, 67.55, 69.55, 74.55, 54.53, 48.53, 65.55, 85.55, 53.53, 24.18, 98.55, 71.55, 70.55, 73.55, 68.55, 32.18, 58.55, 33.18, 52.53, 45.53, 88.55, 24.18, 80.55, 81.55, 53.53, 71.55, 37.18, 16.18, 14.18, 23.18, 98.55, 23.18, 47.53, 90.55, 70.55, 98.55, 55.53, 44.53, 41.53, 92.55, 48.53, 67.55, 38.18, 75.55, 98.55, 73.55, 98.55, 36.18, 90.55, 73.55, 76.55, 24.18, 72.55, 45.53, 10.18, 58.53, 48.53, 18.18, 95.55, 39.53, 52.53, 29.18, 93.55, 38.18, 58.55, 40.53, 42.53, 98.55];96.14;[1, 1, 1, 1, 3, 1, 1, 1];2;10;True
100;10;100;5;True;2000;1;0;0;0;0;0;0;63.428529262542725;4.713152885437012;10165.07149311354;4667.739926572632;509.13926527108305;4988.099999999999;[46.44, 56.44, 35.38, 41.38, 18.38, 71.44, 53.44, 28.38, 71.44, 27.38, 62.44, 1.0, 20.38, 41.38, 58.44, 72.44, 15.0, 14.0, 45.44, 69.44, 68.44, 73.44, 77.44, 27.38, 3.0, 64.44, 10.0, 31.38, 73.44, 77.44, 42.38, 65.44, 71.44, 44.38, 54.44, 77.44, 10.0, 52.44, 71.44, 32.38, 32.38, 53.44, 35.38, 36.38, 46.44, 10.0, 58.44, 51.44, 59.44, 38.38, 52.44, 24.38, 55.44, 68.44, 17.38, 54.44, 49.44, 37.38, 30.38, 65.44, 77.44, 40.38, 77.44, 62.44, 58.44, 37.38, 69.44, 57.44, 50.44, 47.44, 56.44, 77.44, 47.44, 48.44, 50.44, 2.0, 41.38, 48.44, 11.0, 47.44, 77.44, 77.44, 57.44, 5.0, 36.38, 77.44, 77.44, 55.44, 30.38, 54.44, 51.44, 68.44, 77.44, 67.44, 54.44, 77.44, 76.44, 67.44, 71.44, 63.44];76.44;[1, 1, 1, 1, 2, 3, 1];2;10;True
100;10;100;6;True;2000;1;0;0;0;0;0;0;41.45381164550781;4.184314250946045;9378.863848224291;5232.218029707603;446.5975013460593;3700.4700000000075;[45.53, 33.53, 45.53, 45.53, 45.53, 45.53, 37.53, 45.53, 45.53, 18.53, 27.53, 31.53, 45.53, 45.53, 31.53, 9.53, 45.53, 45.53, 35.53, 45.53, 45.53, 41.53, 45.53, 14.53, 45.53, 45.53, 45.53, 25.53, 30.53, 19.53, 45.53, 45.53, 45.53, 45.53, 45.53, 45.53, 45.53, 31.53, 37.53, 45.53, 45.53, 21.53, 22.53, 45.53, 45.53, 42.53, 13.53, 13.53, 45.53, 45.53, 45.53, 9.53, 11.53, 31.53, 45.53, 39.53, 45.53, 29.53, 45.53, 16.53, 32.53, 23.53, 37.53, 29.53, 45.53, 45.53, 45.53, 45.53, 45.53, 45.53, 45.53, 43.53, 2.0, 45.53, 41.53, 14.53, 16.53, 45.53, 42.53, 14.53, 45.53, 45.53, 45.53, 42.53, 45.53, 45.53, 35.53, 12.53, 14.53, 45.53, 18.53, 45.53, 6.53, 45.53, 44.53, 45.53, 45.53, 45.53, 45.53, 45.53];43.53;[2, 1, 1, 1, 1, 1, 1, 1, 1];1;10;True
20;20;20;1;True;2000;1;0;0;0;0;0;0;55.04067850112915;0.5729343891143799;15120.788043691537;12344.93772868147;1299.5451482561195;1476.35;[99.25, 77.25, 36.8, 99.25, 99.25, 62.53, 45.53, 99.25, 73.25, 40.84, 15.27, 90.25, 99.25, 49.53, 61.53, 99.25, 30.32, 99.25, 99.25, 99.25];83.98;[2, 1, 1, 2, 2, 1, 1, 2, 1, 1, 2, 2, 2];1;20;True
20;20;20;2;True;2000;1;0;0;0;0;0;0;76.37937784194946;0.6803412437438965;14952.970309199309;12024.398175988757;1188.3828324339495;1740.19;[46.9, 143.24, 101.24, 129.24, 76.24, 143.24, 43.8, 89.24, 34.84, 143.24, 54.9, 120.24, 66.24, 82.24, 94.24, 48.9, 16.84, 103.24, 142.24, 59.89];126.4;[2, 2, 1, 2, 1, 2, 1, 3, 2, 1, 3];2;20;True
20;20;20;3;True;2000;1;0;0;0;0;0;0;71.62677121162415;0.5771820545196533;13517.13272802721;10775.093192623659;1091.732354539706;1650.2600000000002;[122.17, 99.4, 82.4, 107.4, 118.17, 31.82, 44.82, 107.4, 137.17, 117.17, 16.3, 48.82, 137.17, 72.4, 31.04, 77.4, 45.82, 73.4, 42.82, 137.17];120.86999999999999;[2, 1, 4, 1, 1, 1, 1, 1, 3, 1, 1, 3];3;20;True
20;20;20;4;True;2000;1;0;0;0;0;0;0;66.9501371383667;0.6193890571594238;14169.084327543927;11187.647831074866;976.2922832148987;2005.19;[28.57, 133.21, 58.57, 94.33, 88.33, 85.33, 114.23, 71.57, 76.57, 110.23, 17.96, 129.23, 68.57, 130.23, 133.21, 133.21, 133.21, 133.21, 133.21, 132.21];115.25;[1, 3, 1, 1, 1, 2, 2, 1, 3, 1, 1, 1, 2];2;20;True
20;20;20;5;True;2000;1;0;0;0;0;0;0;53.42780542373657;0.590233564376831;13681.408036444891;10965.860862748425;1128.1395433135972;1587.4299999999996;[81.11, 97.11, 84.11, 93.11, 35.28, 97.11, 97.11, 64.11, 78.11, 97.11, 97.11, 3.0, 67.11, 97.11, 97.11, 97.11, 72.11, 38.28, 97.11, 97.11];94.11;[1, 2, 1, 2, 1, 1, 2, 2, 1, 1, 1, 2, 2, 1];1;20;True
20;20;20;6;True;2000;1;0;0;0;0;0;0;73.07510447502136;0.7297360897064209;14841.919518531173;12045.043055593467;1002.8898261939934;1793.9600000000007;[89.71, 95.71, 142.71, 142.71, 93.71, 98.71, 102.71, 128.71, 115.71, 36.93, 43.93, 63.93, 142.71, 105.71, 38.93, 34.93, 104.71, 68.93, 61.93, 80.93];107.78;[1, 1, 2, 2, 2, 1, 1, 2, 1, 1, 1, 2, 2, 1];1;20;True
30;20;30;1;True;2000;1;0;0;0;0;0;0;75.72721290588379;1.4491307735443115;15611.004357656686;12444.781785422318;1334.6972067545723;1831.43;[120.53, 26.14, 30.14, 86.53, 90.53, 36.38, 37.38, 121.53, 48.53, 33.38, 12.26, 40.38, 121.53, 60.53, 55.53, 103.53, 15.46, 47.53, 81.53, 114.53, 62.53, 4.47, 96.53, 62.53, 48.53, 48.53, 23.14, 121.53, 32.38, 47.38];117.06;[2, 1, 3, 1, 2, 1, 2, 2, 1, 2, 1, 2];2;20;True
30;20;30;2;True;2000;1;0;0;0;0;0;0;69.41126441955566;1.0463316440582275;15127.379738954007;11996.605466315918;1210.094624928211;1920.7000000000012;[33.89, 92.89, 73.89, 69.89, 33.89, 121.89, 41.89, 23.89, 23.89, 65.89, 47.89, 121.89, 24.89, 54.89, 62.89, 22.89, 15.89, 99.89, 121.89, 25.89, 121.89, 98.89, 73.89, 107.89, 121.89, 67.89, 28.89, 67.89, 27.89, 22.89];106.0;[1, 2, 1, 2, 1, 1, 1, 2, 1, 2, 5, 1];4;20;True
30;20;30;3;True;2000;1;0;0;0;0;0;0;79.30688118934631;1.329653024673462;13666.710176773673;10887.139465497472;1136.9554407694666;1642.6000000000001;[57.73, 46.53, 69.73, 50.73, 93.4, 22.2, 22.2, 48.53, 76.73, 95.4, 15.87, 33.62, 127.4, 72.73, 23.2, 36.62, 25.2, 49.53, 21.76, 87.4, 28.62, 104.4, 82.73, 25.2, 28.62, 25.2, 127.4, 16.32, 23.2, 104.4];111.53;[1, 1, 2, 1, 1, 1, 1, 1, 2, 1, 4, 4];3;20;True
30;20;30;4;True;2000;1;0;0;0;0;0;0;76.08942437171936;1.3489596843719482;14083.317928123439;11250.469744301958;956.8221997901074;1876.1000000000001;[16.61, 116.22, 12.61, 57.22, 77.22, 38.28, 50.28, 58.22, 17.61, 73.22, 12.61, 123.22, 16.61, 90.22, 106.22, 123.22, 92.22, 94.22, 94.22, 99.22, 121.22, 2.83, 30.28, 61.22, 22.51, 42.28, 99.22, 20.51, 50.28, 56.28];120.39;[2, 2, 2, 1, 3, 1, 1, 1, 1, 2, 1, 2, 1];2;20;True
30;20;30;5;True;2000;1;0;0;0;0;0;0;52.44198989868164;1.3249828815460205;13571.08619837995;11006.77779670092;1072.8698607110086;1491.4099999999999;[46.82, 80.88, 37.82, 78.88, 17.88, 80.88, 60.5, 27.82, 80.88, 21.82, 62.5, 3.0, 20.82, 36.82, 48.82, 80.88, 16.0, 13.95, 56.5, 62.5, 80.88, 76.88, 80.88, 24.82, 4.0, 80.88, 11.52, 33.82, 80.88, 80.88];77.88;[1, 1, 1, 2, 1, 2, 2, 1, 1, 2, 1, 2, 3];2;20;True
30;20;30;6;True;2000;1;0;0;0;0;0;0;71.31168794631958;1.492851734161377;14722.83154624041;12032.87855894359;1001.455973240839;1688.5199999999993;[48.07, 34.07, 116.07, 116.07, 77.07, 56.07, 38.07, 91.07, 75.07, 21.11, 29.07, 33.07, 86.07, 46.07, 33.07, 11.37, 80.07, 38.07, 40.07, 65.07, 59.07, 43.07, 62.07, 20.11, 116.07, 74.07, 91.07, 33.07, 32.07, 23.11];104.69999999999999;[2, 3, 1, 2, 1, 1, 1, 1, 2, 2, 1, 3];2;20;True
40;20;40;1;True;2000;1;0;0;0;0;0;0;75.08682370185852;2.352027177810669;15965.230134175727;12400.928255347286;1294.5168307380054;2269.860000000001;[115.67, 22.67, 27.67, 96.67, 115.67, 36.67, 38.67, 115.67, 51.67, 33.67, 11.74, 42.67, 81.67, 37.67, 56.67, 65.67, 14.98, 38.67, 71.67, 48.67, 55.67, 4.47, 47.67, 57.67, 55.67, 50.67, 21.67, 104.67, 28.67, 46.67, 101.67, 14.46, 38.67, 115.67, 42.67, 104.67, 115.67, 16.76, 19.67, 101.67];111.2;[1, 1, 3, 1, 1, 1, 2, 1, 1, 3, 2, 1, 2];2;20;True
40;20;40;2;True;2000;1;0;0;0;0;0;0;77.6704912185669;2.1001126766204834;15347.830369990645;11984.30086736224;1156.1132528159528;2207.2699999999995;[31.45, 84.84, 69.84, 74.84, 31.45, 124.84, 28.45, 21.45, 20.45, 124.84, 24.45, 89.84, 22.45, 44.84, 41.45, 20.45, 15.17, 60.84, 70.84, 22.45, 124.84, 54.84, 40.45, 62.84, 84.84, 54.84, 26.45, 40.45, 25.45, 21.45, 124.84, 29.45, 61.84, 24.45, 92.84, 90.84, 119.84, 41.45, 17.59, 42.45];109.67;[1, 2, 1, 1, 1, 1, 2, 1, 1, 3, 1, 1, 2, 2];2;20;True
40;20;40;3;True;2000;1;0;0;0;0;0;0;73.9706039428711;2.191624879837036;14192.838738203758;10830.267550319799;1131.3657418604012;2231.24;[83.77, 50.77, 70.77, 61.77, 76.77, 26.31, 25.23, 50.77, 82.77, 87.77, 15.98, 36.28, 109.77, 47.77, 24.98, 39.28, 26.31, 33.19, 25.23, 115.77, 33.19, 59.77, 96.77, 30.19, 33.19, 28.31, 103.77, 16.98, 23.78, 109.77, 22.98, 81.77, 107.77, 74.77, 55.77, 44.77, 54.77, 66.77, 44.12, 50.77];99.78999999999999;[1, 1, 1, 1, 2, 2, 4, 1, 1, 2, 3, 1];3;20;True
40;20;40;4;True;2000;1;0;0;0;0;0;0;72.78555679321289;1.775475025177002;14380.11955152558;11169.156111325505;974.4431777376251;2236.5899999999997;[13.9, 83.34, 12.9, 58.34, 75.34, 40.34, 97.34, 36.34, 16.9, 78.34, 11.9, 106.34, 13.9, 54.34, 110.34, 37.34, 54.34, 75.34, 39.34, 33.34, 112.34, 3.41, 32.34, 39.34, 20.9, 42.34, 97.34, 19.9, 58.34, 37.34, 70.34, 112.34, 103.34, 82.34, 74.34, 61.34, 47.34, 35.34, 51.34, 85.34];108.93;[1, 1, 1, 1, 1, 4, 2, 1, 2, 1, 1, 2, 2];3;20;True
40;20;40;5;True;2000;1;0;0;0;0;0;0;57.154977798461914;2.224459409713745;13914.334830454676;11018.444398514259;1063.345118483741;1832.460000000001;[43.88, 52.88, 29.88, 34.88, 19.87, 81.88, 62.88, 28.88, 62.88, 24.87, 52.88, 3.0, 21.87, 34.88, 33.88, 81.88, 17.87, 16.26, 37.88, 61.88, 73.88, 67.88, 77.88, 26.87, 4.0, 60.88, 13.24, 30.88, 81.88, 81.88, 40.88, 58.88, 81.88, 35.88, 48.88, 81.88, 12.21, 38.88, 79.88, 28.88];78.88;[1, 2, 2, 1, 1, 3, 2, 3, 1, 1, 1, 2];2;20;True
40;20;40;6;True;2000;1;0;0;0;0;0;0;70.85236597061157;2.458207845687866;15123.498686365305;12012.418274805417;1005.5567042313704;2105.5300000000007;[47.23, 33.96, 108.23, 80.23, 46.23, 53.23, 36.96, 99.23, 67.23, 21.04, 28.96, 31.96, 93.23, 47.23, 31.96, 9.6, 58.23, 38.96, 35.96, 47.23, 47.23, 40.96, 55.23, 18.04, 108.23, 61.23, 85.23, 26.96, 30.96, 22.08, 39.96, 78.23, 46.23, 108.23, 69.23, 48.23, 60.23, 29.96, 32.96, 79.23];98.63000000000001;[3, 1, 3, 1, 1, 1, 2, 1, 2, 1, 1, 1, 2];2;20;True
50;20;50;1;True;2000;1;0;0;0;0;0;0;69.67135334014893;3.5390708446502686;16304.77371394614;12425.157175525213;1294.5533684430582;2585.080000000001;[86.03, 26.13, 29.13, 76.03, 98.03, 38.16, 39.16, 101.03, 53.76, 34.16, 12.26, 43.16, 101.03, 38.16, 57.76, 64.76, 16.58, 39.16, 81.03, 66.76, 56.76, 4.16, 47.08, 47.08, 39.16, 51.76, 21.48, 85.03, 31.13, 48.08, 83.03, 14.69, 39.16, 101.03, 43.16, 94.03, 46.16, 17.58, 20.58, 70.76, 23.13, 73.03, 27.13, 47.08, 21.48, 22.48, 22.48, 82.03, 101.03, 101.03];96.87;[1, 2, 1, 2, 1, 2, 4, 2, 1, 2, 2];3;20;True
50;20;50;2;True;2000;1;0;0;0;0;0;0;99.87783074378967;3.559277296066284;15839.022763805635;12146.475240624453;1157.9563726239799;2534.7100000000014;[30.88, 112.94, 66.94, 57.88, 29.84, 148.94, 25.84, 20.84, 19.84, 56.88, 22.84, 107.94, 20.84, 43.88, 36.88, 18.84, 12.41, 40.88, 61.94, 21.84, 135.94, 58.88, 35.88, 105.94, 80.94, 54.88, 23.84, 34.88, 22.84, 19.84, 75.94, 28.84, 54.88, 22.84, 65.94, 89.94, 65.94, 39.88, 16.84, 40.88, 42.88, 29.84, 49.88, 49.88, 34.88, 37.88, 33.88, 123.94, 37.88, 58.88];136.53;[1, 1, 2, 4, 1, 1, 2, 2, 1, 1, 1, 1, 2];3;20;True
50;20;50;3;True;2000;1;0;0;0;0;0;0;83.35550570487976;3.895571231842041;14342.064167529254;10895.41642275097;1110.6106255102948;2336.14;[43.34, 50.34, 50.34, 58.34, 109.34, 25.34, 23.34, 45.34, 72.34, 51.34, 15.41, 33.34, 114.34, 41.34, 24.34, 35.34, 25.34, 30.34, 23.34, 114.34, 31.34, 53.34, 89.34, 26.34, 30.34, 26.34, 94.34, 16.41, 23.34, 81.34, 22.34, 61.34, 58.34, 58.34, 76.34, 41.34, 49.34, 38.34, 37.34, 47.34, 30.34, 59.34, 34.34, 29.34, 30.34, 27.34, 38.34, 78.34, 36.34, 22.34];98.93;[1, 1, 2, 1, 1, 2, 3, 1, 2, 1, 1, 3, 1];2;20;True
50;20;50;4;True;2000;1;0;0;0;0;0;0;72.30881786346436;2.5134682655334473;14907.221338272835;11097.290081388397;951.8581493957487;2858.089999999999;[15.96, 86.22, 12.96, 62.22, 79.22, 67.22, 60.22, 38.22, 16.96, 85.22, 12.96, 103.22, 14.96, 52.22, 86.22, 44.22, 62.22, 84.22, 46.22, 36.22, 63.22, 3.41, 34.22, 42.22, 22.66, 44.22, 65.22, 19.66, 58.22, 39.22, 77.22, 92.22, 109.22, 56.22, 94.22, 71.22, 50.22, 37.22, 58.22, 89.22, 47.22, 22.66, 109.22, 59.22, 109.22, 99.22, 109.22, 29.66, 48.22, 29.66];105.81;[1, 1, 1, 1, 1, 1, 1, 1, 3, 2, 1, 2, 1, 3];2;20;True
50;20;50;5;True;2000;1;0;0;0;0;0;0;53.92773652076721;2.9081194400787354;14321.518684815846;10937.947340228586;1081.198121046229;2302.2499999999995;[45.61, 69.61, 30.51, 36.61, 18.93, 67.61, 49.61, 28.51, 66.61, 25.61, 76.61, 3.0, 22.93, 37.61, 34.61, 76.61, 16.93, 15.19, 41.61, 65.61, 76.61, 76.61, 74.61, 27.51, 4.0, 65.61, 12.94, 31.51, 76.61, 76.61, 36.61, 62.61, 76.61, 37.61, 51.61, 76.61, 11.28, 42.61, 71.61, 29.51, 32.51, 76.61, 29.51, 33.51, 39.61, 12.94, 64.61, 72.61, 57.61, 33.51];73.61;[1, 3, 1, 1, 1, 2, 3, 2, 2, 1, 1, 1, 1];2;20;True
50;20;50;6;True;2000;1;0;0;0;0;0;0;74.31063723564148;3.7917661666870117;15396.567072417827;12060.985846113723;1008.651297704996;2326.710000000002;[44.69, 32.69, 86.69, 75.69, 45.69, 50.69, 35.69, 63.69, 77.69, 20.42, 27.69, 30.69, 83.69, 45.69, 31.69, 8.69, 59.69, 33.69, 33.69, 47.69, 43.69, 38.69, 51.69, 18.42, 102.69, 51.69, 72.69, 26.69, 30.69, 22.42, 36.69, 65.69, 44.69, 102.69, 48.69, 46.69, 56.69, 27.69, 30.69, 64.69, 100.69, 22.42, 24.42, 43.69, 37.69, 37.69, 15.42, 14.52, 33.69, 75.69];94.0;[3, 1, 1, 2, 1, 3, 1, 1, 1, 1, 1, 2, 1, 1];2;20;True
60;20;60;1;True;2000;1;0;0;0;0;0;0;83.23737907409668;4.329254388809204;16825.592391779635;12478.649113360108;1337.3927997715646;3009.440000000003;[66.67, 29.65, 33.65, 73.67, 90.67, 39.67, 40.67, 53.67, 52.67, 36.67, 13.78, 44.67, 72.67, 39.67, 58.67, 65.67, 20.65, 41.67, 61.67, 70.67, 57.67, 4.16, 46.67, 44.67, 54.67, 52.67, 25.65, 63.67, 33.65, 48.67, 54.67, 20.65, 41.67, 102.67, 44.67, 86.67, 45.67, 23.65, 26.65, 68.67, 25.65, 99.67, 30.65, 45.67, 27.65, 27.65, 27.65, 74.67, 96.67, 112.67, 32.65, 63.67, 35.65, 20.65, 56.67, 34.65, 93.67, 37.67, 74.67, 35.65];108.51;[1, 1, 2, 1, 1, 3, 2, 2, 1, 2, 2, 1, 1];2;20;True
60;20;60;2;True;2000;1;0;0;0;0;0;0;79.87857604026794;5.392523527145386;16032.474465797222;12109.384326854273;1161.2483467333514;2761.879999999999;[31.18, 105.18, 67.18, 72.18, 30.18, 105.18, 27.18, 20.07, 20.07, 55.18, 23.18, 67.18, 21.07, 43.18, 37.18, 20.07, 16.07, 39.18, 62.18, 21.18, 105.18, 47.18, 37.18, 54.18, 86.18, 65.18, 24.18, 36.18, 23.18, 21.07, 105.18, 29.18, 48.18, 24.18, 105.18, 89.18, 61.18, 40.18, 18.07, 41.18, 40.18, 29.18, 43.18, 51.18, 36.18, 38.18, 36.18, 87.18, 39.18, 54.18, 41.18, 38.18, 46.18, 17.07, 53.18, 47.18, 49.18, 13.25, 21.07, 35.18];91.93;[1, 1, 1, 1, 1, 1, 1, 1, 4, 1, 2, 2, 1, 1, 1];3;20;True
60;20;60;3;True;2000;1;0;0;0;0;0;0;73.97684121131897;5.025838136672974;14922.959179405914;10891.983201490917;1120.1865809916405;2910.8300000000004;[48.71, 59.71, 54.71, 71.71, 66.71, 23.11, 21.11, 48.71, 71.71, 59.71, 14.04, 34.08, 98.71, 46.71, 23.11, 37.08, 24.11, 32.08, 21.11, 98.71, 32.08, 62.71, 90.71, 27.11, 32.08, 25.11, 85.71, 16.04, 22.11, 98.71, 21.11, 69.71, 72.71, 66.71, 59.71, 43.08, 54.71, 44.08, 43.08, 49.71, 29.11, 63.71, 35.08, 29.11, 30.11, 26.11, 42.08, 91.71, 37.08, 22.11, 29.11, 18.11, 94.71, 64.71, 24.11, 98.71, 18.04, 45.08, 74.71, 64.71];84.66999999999999;[1, 1, 1, 2, 2, 1, 3, 1, 1, 2, 3, 2];2;20;True
60;20;60;4;True;2000;1;0;0;0;0;0;0;78.33019948005676;4.622736692428589;15283.935616473374;11233.789077623373;982.8889298059962;3067.0799999999967;[16.1, 78.1, 14.08, 58.1, 74.1, 106.1, 48.1, 34.1, 18.1, 98.1, 15.08, 69.1, 16.1, 42.1, 76.1, 37.1, 45.1, 81.1, 39.1, 33.1, 52.1, 3.24, 29.1, 39.1, 21.1, 42.1, 87.1, 20.1, 44.1, 37.1, 69.1, 84.1, 103.1, 45.1, 69.1, 56.1, 51.1, 33.1, 52.1, 88.1, 44.1, 23.1, 106.1, 48.1, 106.1, 100.1, 44.1, 28.1, 39.1, 28.1, 55.1, 35.1, 72.1, 21.1, 76.1, 75.1, 45.1, 49.1, 30.1, 16.08];102.86;[1, 3, 1, 1, 1, 1, 1, 1, 1, 2, 1, 2, 3, 1];2;20;True
60;20;60;5;True;2000;1;0;0;0;0;0;0;71.1367564201355;4.204176425933838;14749.99015308965;10977.5522576844;1061.1718720629676;2711.3199999999974;[45.35, 93.35, 31.35, 36.35, 19.75, 66.35, 48.35, 29.35, 65.35, 27.35, 52.35, 1.0, 23.35, 35.35, 34.35, 62.35, 19.05, 17.77, 39.35, 64.35, 67.35, 67.35, 73.35, 28.35, 3.24, 96.35, 13.77, 31.35, 91.35, 96.35, 34.35, 59.35, 77.35, 38.35, 53.35, 96.35, 11.77, 43.35, 58.35, 29.35, 33.35, 48.35, 31.35, 34.35, 40.35, 14.77, 59.35, 42.35, 47.35, 34.35, 59.35, 26.35, 49.35, 62.35, 21.35, 53.35, 47.35, 32.35, 29.35, 61.35];95.35;[1, 1, 1, 1, 3, 1, 3, 1, 3, 1, 1, 2, 1];2;20;True
60;20;60;6;True;2000;1;0;0;0;0;0;0;65.86318898200989;5.334945917129517;15491.428171259058;12039.75470264515;1029.6594717855203;2422.220000000002;[42.17, 32.17, 78.17, 74.17, 44.17, 45.17, 34.17, 62.17, 78.17, 19.17, 26.17, 29.17, 49.17, 40.17, 30.17, 11.03, 50.17, 34.17, 32.17, 40.17, 39.17, 37.17, 47.17, 16.03, 70.17, 45.17, 48.17, 24.17, 29.17, 19.17, 36.17, 52.17, 40.17, 66.17, 46.17, 42.17, 50.17, 23.17, 29.17, 61.17, 76.17, 21.17, 22.17, 42.17, 35.17, 36.17, 14.03, 13.03, 34.17, 74.17, 58.17, 10.03, 12.03, 30.17, 50.17, 32.17, 78.17, 26.17, 64.17, 18.03];68.14;[1, 3, 2, 1, 1, 1, 2, 2, 1, 1, 1, 3, 1];2;20;True
70;20;70;1;True;2000;1;0;0;0;0;0;0;82.78937816619873;7.036433458328247;17275.720071406926;12515.216080435961;1339.5678541949828;3420.8799999999997;[72.48, 22.39, 27.39, 74.48, 57.48, 36.48, 38.48, 107.48, 53.48, 32.48, 12.22, 42.48, 104.48, 36.48, 57.48, 67.48, 16.18, 37.48, 60.48, 106.48, 56.48, 3.69, 83.48, 53.48, 36.48, 51.48, 21.39, 44.48, 28.48, 47.48, 54.48, 15.18, 38.48, 107.48, 42.48, 98.48, 44.48, 17.18, 19.39, 78.48, 23.39, 71.48, 24.39, 45.48, 21.39, 22.39, 22.39, 93.48, 82.48, 107.48, 27.39, 69.48, 31.48, 15.18, 53.48, 30.48, 86.48, 34.48, 75.48, 30.48, 78.48, 35.48, 69.48, 88.48, 23.39, 50.48, 31.48, 22.39, 17.18, 28.39];103.79;[1, 2, 3, 1, 1, 2, 2, 2, 1, 2, 1, 1, 1];2;20;True
70;20;70;2;True;2000;1;0;0;0;0;0;0;78.43778681755066;6.38862681388855;16419.096150754747;12097.767072849101;1192.963117573092;3128.399999999996;[30.72, 70.72, 97.72, 36.72, 28.72, 75.72, 24.72, 18.72, 18.72, 55.72, 21.72, 76.72, 19.72, 42.72, 36.72, 18.72, 12.72, 65.72, 51.72, 19.72, 97.72, 49.72, 34.72, 53.72, 97.72, 80.72, 21.72, 35.72, 20.72, 19.72, 97.72, 26.72, 54.72, 22.72, 97.72, 89.72, 64.72, 38.72, 16.72, 39.72, 37.72, 26.72, 42.72, 49.72, 32.72, 36.72, 32.72, 78.72, 37.72, 55.72, 37.72, 36.72, 47.72, 15.72, 54.72, 46.72, 50.72, 11.72, 19.72, 32.72, 25.72, 44.72, 34.72, 97.72, 50.72, 38.72, 89.72, 23.72, 40.72, 10.72];87.0;[1, 1, 1, 1, 1, 3, 1, 3, 1, 1, 2, 1, 1, 2];2;20;True
70;20;70;3;True;2000;1;0;0;0;0;0;0;89.26421189308167;5.878493070602417;14760.412667953755;10926.78615833091;1141.045773819106;2692.289999999999;[36.41, 50.41, 46.41, 40.41, 46.41, 17.41, 16.41, 40.41, 59.41, 46.41, 13.41, 26.41, 91.41, 37.41, 19.41, 28.41, 21.41, 21.41, 16.41, 62.41, 23.41, 48.41, 84.41, 19.41, 22.41, 20.41, 59.41, 14.41, 20.41, 104.41, 18.41, 58.41, 66.41, 73.41, 66.41, 37.41, 46.41, 33.41, 31.41, 44.41, 25.41, 56.41, 26.41, 20.41, 27.41, 21.41, 33.41, 49.41, 31.41, 17.41, 24.41, 13.41, 77.41, 53.41, 19.41, 106.41, 11.41, 33.41, 63.41, 57.41, 84.41, 43.41, 31.41, 4.41, 8.41, 31.41, 37.41, 29.41, 2.0, 19.41];104.41;[1, 1, 1, 2, 1, 1, 2, 1, 1, 2, 1, 3, 1, 2];2;20;True
70;20;70;4;True;2000;1;0;0;0;0;0;0;72.55826759338379;6.183136463165283;15365.205667275877;11177.612741306713;942.4524035404102;3245.1199999999967;[17.07, 79.49, 13.07, 58.49, 74.49, 39.49, 47.49, 29.49, 17.07, 69.49, 14.07, 69.49, 17.07, 44.49, 84.49, 31.49, 44.49, 63.49, 34.49, 28.49, 50.49, 2.77, 26.49, 36.49, 20.07, 41.49, 55.49, 20.07, 43.49, 34.49, 69.49, 45.49, 90.49, 45.49, 83.49, 57.49, 46.49, 29.49, 50.49, 83.49, 42.49, 22.07, 90.49, 46.49, 68.49, 68.49, 46.49, 27.49, 36.49, 26.49, 36.49, 32.49, 72.49, 20.07, 83.49, 76.49, 44.49, 90.49, 28.49, 15.07, 13.07, 20.07, 48.49, 19.07, 30.49, 90.49, 59.49, 49.49, 90.49, 37.49];87.72;[1, 1, 1, 1, 3, 2, 1, 1, 2, 2, 1, 4];3;20;True
70;20;70;5;True;2000;1;0;0;0;0;0;0;72.25673913955688;6.617709398269653;15278.059158476417;11059.482542753898;1045.278638654419;3173.2899999999995;[44.46, 91.46, 28.83, 34.83, 18.52, 66.46, 52.46, 27.81, 65.46, 23.81, 51.46, 1.0, 21.52, 34.83, 32.83, 91.46, 15.52, 14.52, 38.83, 64.46, 72.46, 67.46, 72.46, 25.81, 3.24, 66.46, 11.05, 29.83, 91.46, 91.46, 33.83, 59.46, 83.46, 37.83, 52.46, 91.46, 9.99, 42.46, 52.46, 27.81, 30.83, 45.46, 27.83, 31.83, 38.83, 11.05, 76.46, 40.83, 44.46, 31.83, 51.46, 24.81, 45.46, 61.46, 18.52, 49.46, 43.46, 29.83, 27.81, 56.46, 71.46, 30.83, 73.46, 55.46, 52.46, 34.83, 63.46, 74.46, 41.83, 43.46];90.46;[1, 1, 1, 1, 2, 3, 2, 1, 3, 1, 1, 2, 1];2;20;True
70;20;70;6;True;2000;1;0;0;0;0;0;0;94.91813945770264;7.275689601898193;16252.484270444029;12119.40283056977;1026.94915114061;3106.260000000002;[45.51, 32.81, 73.51, 82.51, 47.51, 52.51, 35.81, 124.51, 66.51, 19.43, 27.21, 30.21, 54.51, 46.51, 30.21, 9.4, 61.51, 36.81, 34.81, 48.51, 43.51, 38.81, 51.51, 15.92, 90.51, 59.51, 50.51, 25.0, 30.21, 20.43, 38.81, 54.51, 44.51, 51.51, 48.51, 47.51, 60.51, 26.21, 32.81, 61.51, 97.51, 21.55, 22.55, 43.51, 39.81, 37.81, 15.92, 13.92, 36.81, 75.51, 67.51, 10.4, 12.4, 30.21, 54.51, 34.81, 108.51, 27.21, 58.51, 17.92, 27.21, 23.55, 32.81, 27.21, 37.81, 79.51, 40.81, 52.51, 62.51, 42.81];115.11;[1, 1, 3, 1, 4, 1, 1, 1, 1, 1, 1, 3, 1];3;20;True
80;20;80;1;True;2000;1;0;0;0;0;0;0;90.98281240463257;8.737476825714111;17485.31863460877;12447.04095574034;1322.1290059435617;3716.0999999999967;[65.31, 23.31, 27.31, 77.31, 59.31, 36.31, 38.31, 114.31, 53.31, 31.31, 11.86, 42.31, 101.31, 36.31, 58.31, 66.31, 12.86, 38.31, 61.31, 46.31, 57.31, 3.44, 52.31, 49.31, 37.31, 51.31, 20.31, 45.31, 28.31, 49.31, 58.31, 11.86, 38.31, 49.31, 41.31, 78.31, 45.31, 14.86, 19.31, 87.31, 22.31, 71.31, 24.31, 84.31, 21.31, 21.31, 21.31, 101.31, 96.31, 103.31, 27.31, 62.31, 31.31, 12.86, 54.31, 29.31, 72.31, 33.31, 75.31, 30.31, 44.31, 35.31, 70.31, 77.31, 22.31, 50.31, 31.31, 21.31, 15.86, 28.31, 35.31, 94.31, 48.31, 21.31, 4.18, 64.31, 75.31, 45.31, 68.31, 27.31];110.87;[2, 2, 1, 1, 1, 4, 2, 1, 2, 1, 2, 1];3;20;True
80;20;80;2;True;2000;1;0;0;0;0;0;0;90.28219485282898;8.14754867553711;16832.46943466471;12107.615666165291;1208.9403645981208;3515.939999999998;[30.27, 69.91, 108.91, 39.27, 28.27, 73.91, 23.27, 16.27, 16.27, 54.91, 21.27, 96.91, 18.27, 42.27, 36.27, 17.27, 11.98, 39.27, 50.91, 19.27, 104.91, 47.91, 36.27, 90.91, 91.91, 49.91, 20.27, 35.27, 20.27, 18.27, 70.91, 26.27, 47.91, 21.27, 49.91, 64.91, 64.91, 39.27, 15.64, 39.27, 53.91, 27.27, 43.91, 46.91, 35.27, 36.27, 34.27, 108.91, 37.27, 70.91, 43.91, 37.27, 46.91, 13.98, 54.91, 46.91, 50.91, 11.98, 17.27, 32.27, 25.27, 44.91, 34.27, 108.91, 68.91, 38.27, 83.91, 22.27, 40.27, 10.98, 37.27, 46.91, 61.91, 15.64, 61.91, 17.27, 36.27, 61.91, 34.27, 42.27];97.92999999999999;[1, 1, 3, 1, 1, 2, 1, 1, 1, 3, 1, 1, 1, 2];2;20;True
80;20;80;3;True;2000;1;0;0;0;0;0;0;91.64822506904602;7.85132908821106;15268.246302559284;10928.215856031095;1182.8618748078384;3157.309999999996;[40.99, 45.99, 48.99, 46.99, 62.99, 17.14, 15.14, 43.99, 62.99, 52.99, 12.18, 29.14, 97.99, 41.99, 19.14, 32.99, 21.14, 25.14, 15.14, 64.99, 25.14, 51.99, 87.99, 20.14, 25.14, 20.14, 63.99, 14.18, 20.14, 96.99, 18.14, 70.99, 52.99, 62.99, 48.99, 39.99, 47.99, 38.99, 37.99, 45.99, 25.14, 57.99, 30.99, 22.14, 28.14, 21.14, 37.99, 51.99, 33.99, 16.14, 25.14, 12.18, 41.99, 54.99, 19.14, 104.99, 11.18, 51.99, 78.99, 55.99, 61.99, 44.99, 37.99, 4.41, 7.16, 36.99, 40.99, 34.99, 2.0, 18.14, 17.14, 22.14, 15.14, 42.99, 38.99, 42.99, 84.99, 66.99, 29.14, 35.99];102.99;[1, 1, 1, 1, 1, 1, 1, 3, 1, 3, 1, 1, 4];3;20;True
80;20;80;4;True;2000;1;0;0;0;0;0;0;76.43708562850952;7.706071853637695;16427.3362415801;11220.380169456712;954.1744670493017;4252.899999999992;[18.33, 97.74, 13.33, 61.74, 80.74, 43.74, 60.74, 36.74, 17.33, 75.74, 14.33, 75.74, 17.33, 48.74, 97.74, 41.74, 50.74, 72.74, 44.74, 34.74, 62.74, 2.77, 30.74, 41.74, 21.33, 43.74, 56.74, 20.33, 47.74, 38.74, 78.74, 55.74, 97.74, 56.74, 61.74, 64.74, 55.74, 36.74, 57.74, 90.74, 46.74, 22.33, 97.74, 59.74, 64.74, 97.74, 56.74, 28.74, 46.74, 28.74, 43.74, 37.74, 81.74, 21.33, 82.74, 95.74, 47.74, 97.74, 30.74, 15.33, 13.33, 21.33, 60.74, 20.33, 59.74, 97.74, 63.74, 97.74, 57.74, 40.74, 38.74, 79.74, 44.74, 55.74, 29.74, 70.74, 88.74, 62.74, 87.74, 28.74];94.97;[1, 1, 1, 1, 1, 1, 1, 3, 1, 1, 2, 1, 3, 1, 1];2;20;True
80;20;80;5;True;2000;1;0;0;0;0;0;0;75.26366639137268;7.062763929367065;15157.516227534583;11031.861511091585;1047.0965384045824;3078.510000000003;[41.98, 86.98, 19.13, 26.13, 15.13, 62.98, 42.98, 24.13, 61.98, 14.13, 40.98, 1.0, 15.13, 25.13, 31.13, 61.98, 9.13, 8.13, 28.13, 61.98, 65.98, 62.98, 66.98, 19.13, 2.87, 86.98, 5.87, 26.13, 86.98, 86.98, 22.13, 55.98, 69.98, 28.13, 44.98, 86.98, 6.87, 32.13, 49.98, 18.13, 25.13, 37.13, 18.13, 23.13, 28.13, 5.87, 68.98, 29.13, 35.13, 22.13, 46.98, 20.13, 39.98, 57.98, 12.13, 47.98, 26.13, 20.13, 18.13, 60.98, 86.98, 20.13, 68.98, 52.98, 48.98, 28.13, 60.98, 66.98, 32.13, 38.13, 32.13, 68.98, 29.13, 39.98, 42.98, 2.77, 25.13, 39.13, 6.87, 39.13];85.98;[1, 1, 1, 1, 2, 2, 2, 2, 2, 1, 1, 1, 1, 1, 1];1;20;True
80;20;80;6;True;2000;1;0;0;0;0;0;0;73.4522135257721;8.783297777175903;15781.411179609659;12179.844819250537;991.5788842788443;2609.6699999999964;[33.35, 28.35, 62.35, 59.35, 38.35, 37.35, 30.35, 52.35, 51.35, 14.35, 22.35, 24.35, 39.35, 31.35, 26.35, 6.0, 50.35, 23.35, 27.35, 32.35, 30.35, 32.35, 40.35, 9.49, 64.35, 46.35, 33.35, 19.35, 25.35, 13.35, 27.35, 43.35, 38.35, 44.35, 41.35, 35.35, 42.35, 18.35, 21.35, 48.35, 71.35, 18.35, 17.35, 39.35, 25.35, 28.35, 8.49, 8.0, 24.35, 70.35, 71.35, 8.0, 6.0, 26.35, 42.35, 23.35, 71.35, 21.35, 71.35, 11.35, 19.35, 18.35, 20.35, 21.35, 24.35, 71.35, 30.35, 45.35, 47.35, 37.35, 71.35, 33.35, 2.0, 25.35, 20.35, 10.35, 11.35, 30.35, 30.35, 9.49];69.35;[1, 1, 1, 2, 1, 2, 1, 1, 1, 2, 1, 4, 2];3;20;True
90;20;90;1;True;2000;1;0;0;0;0;0;0;87.38973212242126;9.949031829833984;17566.272190858672;12487.38722576348;1326.0135670297009;3752.8800000000024;[60.55, 16.75, 22.75, 94.55, 54.55, 29.75, 31.75, 97.55, 50.55, 26.75, 10.89, 36.75, 71.55, 31.75, 55.55, 62.55, 10.89, 28.75, 58.55, 39.75, 54.55, 3.33, 47.75, 42.75, 28.75, 47.75, 17.75, 38.75, 23.75, 43.75, 52.55, 9.89, 31.75, 39.75, 37.75, 83.55, 38.75, 10.89, 14.75, 67.55, 20.75, 67.55, 19.75, 84.55, 13.75, 17.75, 17.75, 97.55, 97.55, 97.55, 21.75, 57.55, 27.75, 9.89, 51.55, 24.75, 68.55, 27.75, 74.55, 25.75, 37.75, 28.75, 67.55, 91.55, 18.75, 47.75, 24.75, 18.75, 11.89, 22.75, 24.75, 84.55, 35.75, 15.75, 4.05, 60.55, 71.55, 36.75, 51.55, 23.75, 44.75, 68.55, 72.55, 26.75, 70.55, 8.67, 15.75, 12.89, 47.75, 52.55];94.22;[2, 2, 1, 1, 2, 3, 2, 1, 2, 1, 1, 1, 1];2;20;True
90;20;90;2;True;2000;1;0;0;0;0;0;0;87.7497193813324;10.176506042480469;17419.38870667619;12082.624523240851;1205.200055829262;4131.560000000007;[31.38, 83.38, 102.38, 41.38, 30.38, 79.38, 26.38, 19.38, 18.38, 57.38, 22.38, 95.38, 20.38, 43.38, 38.38, 18.38, 14.38, 41.38, 55.38, 20.38, 102.38, 52.38, 37.38, 102.38, 61.38, 67.38, 24.38, 36.38, 24.38, 20.38, 76.38, 30.38, 61.38, 23.38, 60.38, 102.38, 76.38, 40.38, 17.38, 41.38, 63.38, 31.38, 45.38, 51.38, 36.38, 38.38, 34.38, 82.38, 39.38, 60.38, 44.38, 39.38, 53.38, 15.38, 59.38, 48.38, 55.38, 11.56, 19.38, 35.38, 28.38, 47.38, 36.38, 102.38, 54.38, 40.38, 88.38, 23.38, 42.38, 11.56, 39.38, 50.38, 64.38, 17.38, 64.38, 19.38, 37.38, 64.38, 36.38, 43.38, 50.38, 67.38, 24.38, 25.38, 54.38, 43.38, 31.38, 59.38, 17.38, 63.38];90.82;[2, 1, 2, 1, 1, 1, 1, 1, 4, 1, 1, 1, 2, 1];3;20;True
90;20;90;3;True;2000;1;0;0;0;0;0;0;79.16673064231873;9.01642370223999;15867.943487950977;10913.605372784605;1187.417402730766;3767.0400000000022;[45.96, 48.96, 51.96, 56.96, 45.96, 18.96, 18.96, 46.96, 66.96, 57.96, 12.96, 31.96, 85.96, 44.96, 20.96, 34.96, 22.96, 29.96, 17.96, 71.96, 29.96, 56.96, 85.96, 23.96, 30.96, 22.96, 71.96, 14.96, 20.96, 64.96, 18.96, 72.96, 58.96, 62.96, 53.96, 40.96, 58.96, 39.96, 38.96, 47.96, 27.96, 60.96, 32.96, 26.96, 28.96, 23.96, 38.96, 55.96, 35.96, 18.96, 27.96, 14.96, 47.96, 59.96, 20.96, 80.96, 12.69, 54.96, 71.96, 62.96, 67.96, 47.96, 38.96, 4.45, 9.34, 37.96, 42.96, 36.96, 2.0, 19.96, 18.96, 25.96, 17.96, 45.96, 39.96, 48.96, 81.96, 72.96, 30.96, 37.96, 15.96, 85.96, 85.96, 25.96, 43.96, 13.96, 59.96, 38.96, 60.96, 45.96];83.96;[1, 1, 2, 1, 1, 2, 1, 1, 1, 4, 4, 1];3;20;True
90;20;90;4;True;2000;1;0;0;0;0;0;0;76.87984609603882;8.089131355285645;15808.716378977742;11181.539863619488;946.1095422932067;3681.1999999999994;[10.86, 81.77, 10.86, 55.77, 72.77, 27.77, 39.77, 23.77, 15.77, 68.77, 9.86, 67.77, 10.86, 35.77, 71.77, 37.77, 39.77, 60.77, 28.77, 23.77, 43.77, 2.24, 20.77, 31.77, 14.77, 38.77, 38.77, 18.77, 39.77, 30.77, 67.77, 37.77, 81.77, 37.77, 65.77, 50.77, 43.77, 23.77, 46.77, 78.77, 38.77, 19.77, 81.77, 39.77, 44.77, 55.77, 36.77, 23.77, 29.77, 21.77, 31.77, 28.77, 80.77, 14.77, 73.77, 77.77, 41.77, 40.77, 23.77, 12.86, 10.86, 15.77, 40.77, 13.77, 28.77, 81.77, 56.77, 81.77, 26.77, 35.77, 34.77, 64.77, 38.77, 35.77, 20.77, 65.77, 71.77, 48.77, 70.77, 21.77, 75.77, 44.77, 74.77, 16.77, 60.77, 23.77, 8.57, 44.77, 22.77, 12.86];79.53;[1, 1, 1, 1, 1, 1, 1, 1, 1, 1, 1, 1, 2, 1, 1, 1, 3];2;20;True
90;20;90;5;True;2000;1;0;0;0;0;0;0;84.90585207939148;10.672097206115723;15513.38608355567;11077.539569200275;1058.3340041128808;3377.409999999997;[39.45, 84.45, 19.84, 26.84, 15.1, 60.45, 39.45, 24.84, 60.45, 13.1, 35.45, 1.0, 15.1, 25.84, 22.84, 79.45, 9.1, 8.36, 28.84, 59.45, 42.45, 59.45, 74.45, 18.84, 3.0, 50.45, 7.36, 26.84, 82.45, 69.45, 22.84, 53.45, 56.45, 28.84, 43.45, 58.45, 7.36, 29.84, 57.45, 18.84, 25.84, 34.84, 19.84, 23.84, 28.84, 7.36, 76.45, 28.84, 29.84, 22.84, 42.45, 19.84, 34.84, 57.45, 12.1, 44.45, 26.84, 20.84, 18.84, 46.45, 58.45, 20.84, 66.45, 49.45, 47.45, 28.84, 58.45, 69.45, 30.84, 36.45, 28.84, 65.45, 28.84, 38.45, 42.45, 2.0, 25.84, 38.45, 7.36, 39.45, 90.45, 90.45, 57.45, 4.0, 26.84, 64.45, 73.45, 31.84, 16.1, 34.84];89.45;[1, 2, 1, 1, 1, 1, 1, 2, 1, 1, 1, 2, 3, 1, 1];2;20;True
90;20;90;6;True;2000;1;0;0;0;0;0;0;91.39545249938965;13.497884511947632;16403.44126972662;12236.35041673332;1014.231683322725;3152.800000000004;[35.19, 29.23, 54.13, 62.13, 39.19, 43.05, 31.23, 59.13, 54.13, 15.23, 23.23, 25.23, 47.13, 40.19, 27.23, 6.66, 51.13, 26.23, 27.23, 35.19, 35.19, 34.19, 45.13, 11.03, 65.13, 38.19, 36.19, 20.23, 26.23, 14.23, 30.23, 46.13, 36.19, 46.13, 43.05, 38.19, 55.13, 17.23, 22.23, 51.13, 78.13, 19.23, 17.23, 40.19, 28.23, 30.23, 10.03, 9.03, 27.23, 96.13, 52.13, 8.67, 8.67, 27.23, 46.13, 26.23, 96.13, 22.23, 39.19, 13.23, 20.23, 19.23, 22.23, 22.23, 28.23, 89.13, 32.23, 63.13, 50.13, 39.19, 81.13, 33.19, 2.0, 28.23, 24.23, 11.03, 13.23, 35.19, 32.23, 11.03, 54.13, 56.13, 34.19, 28.23, 28.23, 42.05, 20.23, 9.03, 11.03, 73.13];94.13;[2, 1, 2, 2, 1, 1, 3, 3, 1, 3, 1];2;20;True
100;20;100;1;True;2000;1;0;0;0;0;0;0;81.26389694213867;13.360558032989502;17942.68983152773;12514.130051990638;1333.888259153121;4094.3100000000077;[61.53, 18.53, 24.53, 71.53, 54.53, 31.53, 33.53, 81.53, 53.53, 28.53, 10.66, 37.53, 70.53, 32.53, 55.53, 61.53, 11.66, 29.53, 58.53, 38.53, 54.53, 3.39, 65.53, 45.53, 30.53, 48.53, 18.53, 40.53, 25.53, 43.53, 52.53, 11.66, 33.53, 40.53, 39.53, 84.53, 40.53, 12.66, 16.63, 66.53, 21.53, 84.53, 20.53, 82.53, 15.63, 18.53, 18.53, 84.53, 84.53, 69.53, 24.53, 58.53, 28.53, 11.66, 51.53, 26.53, 67.53, 29.53, 72.53, 27.53, 38.53, 30.53, 67.53, 81.53, 19.53, 48.53, 27.53, 19.53, 12.89, 25.53, 28.53, 50.53, 36.53, 16.63, 4.17, 59.53, 70.53, 39.53, 52.53, 25.53, 44.53, 69.53, 72.53, 28.53, 70.53, 9.66, 16.63, 15.63, 48.53, 49.53, 15.63, 8.11, 11.66, 84.53, 12.89, 48.53, 40.53, 84.53, 29.53, 37.53];81.14;[1, 1, 2, 2, 5, 2, 1, 1, 2, 1, 2];4;20;True
100;20;100;2;True;2000;1;0;0;0;0;0;0;75.3460521697998;11.935909032821655;18522.2928913085;12051.668927717654;1198.725549432078;5271.860000000011;[34.06, 86.76, 74.76, 55.76, 34.06, 86.76, 33.06, 25.06, 24.06, 63.76, 28.06, 86.76, 25.06, 48.76, 52.76, 23.06, 15.06, 55.76, 64.76, 27.06, 75.76, 63.76, 45.76, 86.76, 73.76, 67.76, 31.06, 47.76, 31.06, 22.06, 86.76, 38.06, 73.76, 27.06, 71.76, 79.76, 79.76, 45.76, 17.89, 45.76, 78.76, 40.06, 55.76, 59.76, 47.76, 47.76, 46.76, 86.76, 48.76, 72.76, 56.76, 49.76, 63.76, 16.89, 71.76, 52.76, 66.76, 12.06, 24.06, 44.76, 34.06, 54.76, 42.06, 86.76, 66.76, 44.06, 86.76, 27.06, 49.76, 12.06, 51.76, 58.76, 70.76, 24.06, 69.76, 25.06, 46.76, 70.76, 40.06, 48.76, 60.76, 72.76, 31.06, 28.06, 62.76, 49.76, 41.06, 65.76, 18.06, 86.76, 71.76, 86.76, 49.76, 24.06, 60.76, 86.76, 86.76, 45.76, 86.76, 44.06];74.7;[2, 2, 1, 1, 1, 1, 1, 1, 1, 1, 2, 1, 1, 1, 1, 1, 1];1;20;True
100;20;100;3;True;2000;1;0;0;0;0;0;0;96.90805435180664;13.0854172706604;16263.886680946207;11022.18110836729;1196.0316250732453;4045.8599999999965;[43.39, 47.39, 50.39, 54.39, 42.39, 19.39, 19.39, 46.39, 63.39, 62.39, 13.39, 31.39, 67.39, 43.39, 21.39, 34.39, 22.39, 26.39, 19.39, 65.39, 26.39, 53.39, 88.39, 22.39, 26.39, 22.39, 65.39, 15.39, 21.39, 57.39, 19.39, 65.39, 55.39, 59.39, 50.39, 41.39, 56.39, 40.39, 39.39, 47.39, 27.39, 59.39, 33.39, 23.39, 28.39, 23.39, 38.39, 54.39, 35.39, 18.39, 27.39, 15.39, 45.39, 58.39, 21.39, 80.39, 14.39, 66.39, 100.39, 63.39, 63.39, 47.39, 39.39, 4.45, 9.39, 37.39, 42.39, 36.39, 2.0, 20.39, 20.39, 23.39, 18.39, 44.39, 41.39, 46.39, 84.39, 67.39, 30.39, 36.39, 16.39, 78.39, 93.39, 23.39, 43.39, 13.39, 58.39, 39.39, 58.39, 43.39, 82.39, 55.39, 34.39, 48.39, 8.58, 15.39, 27.39, 26.39, 41.39, 20.39];98.39;[1, 1, 1, 1, 1, 1, 2, 1, 3, 1, 4, 1, 1, 1];3;20;True
100;20;100;4;True;2000;1;0;0;0;0;0;0;88.23175954818726;11.503210067749023;17367.446975114384;11248.69503011527;971.9638616761868;5146.620000000008;[17.5, 92.8, 13.43, 61.8, 78.8, 43.8, 57.8, 38.8, 17.5, 94.8, 13.94, 73.8, 15.94, 48.8, 85.8, 42.8, 51.8, 70.8, 45.8, 36.8, 60.8, 2.86, 34.58, 42.8, 21.3, 44.8, 54.8, 20.3, 47.8, 39.8, 76.8, 53.8, 84.8, 54.8, 60.8, 62.8, 49.8, 38.8, 56.8, 90.8, 47.8, 22.3, 102.8, 56.8, 56.8, 78.8, 54.8, 30.02, 46.8, 30.02, 42.8, 39.8, 79.8, 21.3, 72.8, 86.8, 48.8, 56.8, 33.02, 14.94, 13.43, 21.3, 92.8, 20.3, 39.8, 89.8, 66.8, 102.8, 42.8, 40.8, 38.8, 85.8, 44.8, 53.8, 32.02, 60.8, 86.8, 61.8, 86.8, 31.02, 84.8, 62.8, 71.8, 22.3, 66.8, 37.8, 8.76, 52.8, 38.8, 16.94, 102.8, 35.58, 43.8, 27.02, 83.8, 32.02, 50.8, 35.58, 37.8, 93.8];99.94;[1, 2, 1, 1, 2, 1, 1, 1, 3, 3, 1, 1, 2];2;20;True
100;20;100;5;True;2000;1;0;0;0;0;0;0;66.03701567649841;12.721011877059937;16523.175382574584;11032.927242759873;1099.6708840175922;4390.390000000001;[43.18, 69.53, 27.07, 35.33, 17.14, 66.53, 51.53, 26.07, 65.53, 19.14, 49.18, 1.0, 18.14, 34.33, 38.91, 65.53, 12.86, 11.47, 38.91, 64.53, 69.53, 66.53, 69.53, 23.07, 3.0, 59.53, 8.47, 28.94, 69.53, 69.53, 34.33, 59.53, 63.53, 36.91, 49.18, 69.53, 7.66, 41.65, 52.53, 24.07, 28.94, 45.18, 27.07, 30.94, 38.91, 8.47, 60.53, 40.91, 49.18, 30.94, 40.91, 22.07, 45.18, 61.53, 15.14, 50.18, 40.91, 28.94, 23.07, 56.53, 69.53, 30.94, 69.53, 55.53, 53.53, 33.94, 63.53, 45.18, 41.65, 42.65, 44.18, 69.53, 39.91, 44.18, 46.18, 2.0, 34.33, 44.18, 8.47, 44.18, 69.53, 69.53, 65.53, 3.86, 30.94, 69.53, 69.53, 44.18, 21.34, 50.18, 42.65, 53.53, 69.53, 61.53, 48.18, 69.53, 69.53, 69.53, 63.53, 57.53];68.53;[1, 1, 1, 1, 2, 1, 2, 1, 1, 1, 1, 2, 1, 2, 1, 1];1;20;True
100;20;100;6;True;2000;1;0;0;0;0;0;0;79.90150308609009;14.680918216705322;17305.014246983963;12229.413829714757;955.2523088365192;4120.269999999998;[43.48, 32.49, 60.79, 68.79, 45.48, 52.48, 35.49, 60.79, 59.79, 19.49, 26.49, 29.49, 54.57, 51.48, 30.49, 10.0, 54.57, 36.88, 32.49, 47.48, 44.48, 38.88, 49.48, 15.49, 78.79, 48.48, 48.48, 25.49, 29.49, 20.49, 37.88, 53.48, 44.48, 51.48, 48.48, 46.48, 55.79, 25.49, 31.49, 57.79, 78.79, 21.49, 22.49, 43.48, 39.48, 36.88, 12.99, 11.29, 35.88, 78.79, 57.79, 10.0, 11.29, 30.49, 53.48, 33.49, 78.79, 27.49, 48.48, 18.49, 26.49, 23.49, 31.49, 27.49, 37.88, 74.79, 40.48, 52.48, 59.79, 42.48, 64.79, 38.88, 2.8, 39.48, 33.49, 15.49, 18.49, 45.48, 37.88, 15.49, 59.79, 58.79, 44.48, 35.88, 37.88, 49.48, 29.49, 11.29, 15.49, 78.79, 19.49, 59.79, 8.35, 58.79, 38.88, 62.79, 78.79, 72.79, 57.79, 55.57];75.99000000000001;[1, 1, 1, 5, 1, 1, 1, 2, 2, 1, 1, 1, 1, 1];4;20;True
30;30;30;1;True;2000;1;0;0;0;0;0;0;74.1856005191803;2.1879427433013916;20473.542837877845;16389.70110193152;1803.1193645708993;2280.7200000000003;[107.37, 24.67, 35.67, 107.37, 107.37, 59.26, 56.26, 107.37, 55.26, 38.67, 12.08, 89.26, 95.37, 107.37, 72.26, 107.37, 47.67, 62.26, 106.37, 107.37, 93.26, 4.1, 92.26, 79.26, 107.37, 76.26, 31.67, 88.26, 107.37, 94.26];103.27000000000001;[2, 1, 1, 4, 1, 1, 1, 1, 1, 1, 1, 2, 2, 3, 1, 1, 3, 1, 1, 1];3;30;True
30;30;30;2;True;2000;1;0;0;0;0;0;0;106.71389961242676;2.472111940383911;21040.568068318305;16769.63391918801;1952.4962510640048;2318.4100000000008;[95.96, 100.96, 121.96, 73.96, 52.96, 162.96, 56.96, 32.96, 26.96, 69.96, 48.96, 142.96, 53.96, 61.96, 94.96, 36.96, 14.21, 104.96, 127.96, 30.96, 162.96, 81.96, 88.96, 87.96, 115.96, 76.96, 57.96, 64.96, 44.96, 22.32];148.75;[2, 1, 3, 3, 1, 1, 1, 2, 1, 3, 2, 2, 3, 3, 1, 1];2;30;True
30;30;30;3;True;2000;1;0;0;0;0;0;0;92.66606855392456;2.662651300430298;20242.79299230573;16091.755133164454;1818.1918753104069;2332.84;[92.94, 97.94, 88.94, 126.94, 127.94, 26.56, 27.95, 75.13, 120.94, 104.94, 13.99, 61.35, 136.94, 86.94, 55.34, 76.13, 52.34, 59.35, 33.13, 118.94, 37.13, 116.94, 107.94, 35.13, 51.34, 54.34, 136.94, 31.13, 55.34, 121.94];122.95;[1, 1, 2, 1, 1, 1, 1, 2, 1, 1, 1, 2, 1, 1, 2, 1, 2, 1, 4, 3];3;30;True
30;30;30;4;True;2000;1;0;0;0;0;0;0;94.8943030834198;2.528867483139038;22589.497825586568;18648.95220687211;1584.8130663935272;2355.8099999999995;[29.53, 134.31, 36.31, 65.31, 96.31, 119.31, 134.31, 66.31, 33.31, 89.31, 22.72, 80.31, 42.31, 99.31, 120.31, 134.31, 85.31, 95.31, 69.31, 134.31, 134.31, 16.97, 86.31, 62.31, 53.31, 51.31, 91.31, 31.53, 81.31, 59.31];117.34;[2, 2, 1, 1, 1, 1, 3, 4, 1, 2, 1, 2, 2, 4, 2, 1];3;30;True
30;30;30;5;True;2000;1;0;0;0;0;0;0;71.49436616897583;2.298269033432007;20137.37639773001;16504.03165862293;1658.2251633475748;1975.1100000000001;[56.24, 95.24, 63.24, 95.24, 16.38, 95.24, 81.24, 34.24, 78.24, 49.24, 86.24, 3.0, 54.24, 87.24, 56.24, 95.24, 50.24, 28.24, 95.24, 72.24, 70.24, 95.24, 95.24, 50.24, 4.0, 95.24, 19.49, 62.24, 95.24, 95.24];92.24;[1, 2, 1, 1, 1, 1, 1, 1, 1, 2, 2, 1, 1, 2, 1, 1, 1, 4, 1, 2, 2];3;30;True
30;30;30;6;True;2000;1;0;0;0;0;0;0;74.81641602516174;2.5253217220306396;21651.944686086874;17898.73145205478;1498.3018984908076;2254.9199999999996;[101.52, 57.52, 110.52, 100.52, 98.52, 104.52, 74.52, 111.52, 102.52, 24.24, 29.24, 47.52, 111.52, 74.52, 86.52, 14.24, 111.52, 49.52, 69.52, 91.52, 55.52, 85.52, 87.52, 38.24, 111.52, 82.52, 107.52, 44.52, 32.24, 38.24];97.28;[1, 2, 2, 1, 2, 2, 3, 2, 1, 1, 1, 2, 1, 1, 3, 1, 2, 2];2;30;True
40;30;40;1;True;2000;1;0;0;0;0;0;0;75.68218350410461;3.744380235671997;20612.158645859334;16433.327364397403;1787.273068719765;2391.46;[101.18, 26.18, 30.18, 90.18, 101.18, 37.18, 39.18, 101.18, 51.18, 35.18, 13.15, 56.18, 101.18, 46.18, 59.18, 68.18, 17.18, 51.18, 93.18, 62.18, 67.18, 4.47, 101.18, 54.18, 46.18, 61.18, 23.18, 91.18, 35.18, 101.18, 73.18, 16.18, 61.18, 101.18, 45.18, 101.18, 101.18, 19.18, 22.18, 85.18];96.71000000000001;[1, 1, 4, 2, 1, 3, 1, 1, 1, 1, 1, 1, 2, 1, 1, 2, 2, 3, 1];3;30;True
40;30;40;2;True;2000;1;0;0;0;0;0;0;86.25029492378235;3.991434335708618;20802.096980442526;16550.067607233028;1886.5414430529142;2365.4599999999996;[31.72, 94.72, 70.72, 92.72, 48.72, 111.72, 38.72, 20.62, 19.62, 98.72, 32.72, 116.72, 22.62, 46.72, 88.72, 19.62, 11.9, 44.72, 86.72, 23.62, 116.72, 70.72, 52.72, 116.72, 84.72, 53.72, 25.72, 41.72, 25.72, 19.62, 100.72, 29.72, 80.72, 24.62, 58.72, 116.72, 107.72, 44.72, 15.9, 55.72];104.82;[1, 1, 1, 2, 2, 1, 1, 1, 1, 2, 1, 1, 2, 2, 1, 1, 1, 2, 2, 3, 1];2;30;True
40;30;40;3;True;2000;1;0;0;0;0;0;0;77.85581469535828;4.564634799957275;20311.381788610073;16122.372360686046;1841.1631798647288;2347.77;[68.87, 49.78, 83.17, 73.87, 98.17, 27.31, 25.54, 50.78, 98.17, 93.17, 15.74, 37.58, 98.17, 50.78, 25.54, 39.74, 29.95, 54.87, 25.54, 98.17, 32.94, 59.87, 98.17, 29.95, 34.27, 28.31, 92.17, 16.29, 24.54, 78.17, 23.54, 68.87, 98.17, 93.17, 55.87, 50.78, 73.87, 69.87, 98.17, 75.87];82.43;[1, 1, 1, 2, 1, 2, 2, 1, 2, 2, 1, 1, 1, 5, 3, 1, 1, 1, 1];4;30;True
40;30;40;4;True;2000;1;0;0;0;0;0;0;103.14895796775818;3.7163021564483643;22679.121419751304;18602.04834474911;1552.0226890046456;2525.03;[14.72, 85.34, 11.61, 57.34, 72.34, 39.62, 132.63, 36.22, 16.72, 93.63, 11.72, 111.63, 14.72, 62.34, 94.63, 143.63, 52.36, 74.34, 52.36, 47.36, 135.63, 3.41, 32.03, 48.36, 21.15, 42.45, 100.63, 19.69, 53.34, 40.62, 97.63, 80.34, 88.63, 109.63, 105.63, 78.34, 46.36, 37.22, 70.34, 88.34];140.22;[1, 1, 3, 2, 2, 1, 3, 1, 1, 1, 2, 1, 1, 2, 1, 2, 2, 1, 2];2;30;True
40;30;40;5;True;2000;1;0;0;0;0;0;0;93.67405986785889;3.9427058696746826;20487.357130384473;16654.453959739978;1624.2866143992733;2208.770000000001;[41.9, 50.9, 34.9, 33.88, 19.41, 115.9, 59.9, 28.41, 80.9, 25.41, 53.9, 3.0, 21.41, 33.58, 40.9, 118.9, 17.41, 15.41, 93.9, 58.9, 58.9, 79.9, 65.9, 38.9, 4.83, 113.9, 13.07, 31.58, 111.9, 118.9, 33.9, 54.9, 118.9, 57.9, 44.9, 115.9, 12.07, 51.9, 88.9, 42.9];115.9;[2, 1, 1, 1, 3, 1, 1, 1, 2, 1, 5, 2, 2, 1, 2, 3, 1];4;30;True
40;30;40;6;True;2000;1;0;0;0;0;0;0;103.3402271270752;4.539194583892822;22299.264081806654;18283.621557859413;1504.053362162766;2511.6;[50.6, 32.92, 121.64, 108.64, 59.64, 92.64, 36.59, 107.64, 73.64, 20.83, 28.02, 34.59, 99.64, 46.6, 31.92, 9.84, 83.64, 36.59, 39.59, 96.64, 44.59, 39.59, 58.64, 18.35, 126.64, 67.64, 94.64, 27.02, 30.92, 22.02, 39.59, 86.64, 43.59, 139.64, 73.64, 85.64, 143.64, 28.76, 32.92, 95.64];133.79999999999998;[1, 3, 1, 1, 2, 1, 1, 2, 1, 2, 2, 2, 1, 1, 1, 3, 3, 2];2;30;True
50;30;50;1;True;2000;1;0;0;0;0;0;0;90.21150708198547;6.6071388721466064;21306.641744835713;16621.970032411333;1806.480241247553;2878.1999999999994;[100.52, 27.49, 30.87, 73.27, 66.27, 36.87, 38.87, 116.52, 51.19, 34.87, 12.57, 42.19, 73.27, 37.87, 60.27, 61.27, 16.49, 54.27, 93.52, 87.52, 69.27, 3.85, 54.03, 76.27, 60.27, 51.19, 23.5, 80.52, 31.87, 96.52, 58.27, 15.85, 38.87, 116.52, 65.27, 107.52, 110.52, 17.5, 23.5, 73.27, 24.5, 113.52, 28.49, 59.27, 25.5, 24.5, 24.5, 90.52, 87.52, 109.52];112.67;[1, 2, 1, 1, 2, 1, 1, 1, 4, 1, 2, 2, 1, 3, 1, 1, 1, 4];3;30;True
50;30;50;2;True;2000;1;0;0;0;0;0;0;90.79978513717651;6.214148044586182;21299.46907862103;16749.179973468992;1883.0781647756924;2667.289999999999;[30.71, 82.83, 65.83, 54.83, 29.71, 115.83, 27.05, 19.36, 18.64, 91.83, 23.36, 99.83, 20.36, 47.5, 38.71, 18.64, 11.99, 62.83, 72.83, 21.36, 115.83, 56.83, 37.71, 78.83, 115.83, 47.5, 24.36, 39.71, 23.36, 19.36, 107.83, 28.71, 63.83, 23.36, 102.83, 115.83, 96.83, 40.5, 15.68, 41.5, 39.71, 30.71, 48.5, 56.83, 36.71, 38.71, 35.71, 109.83, 48.5, 71.83];103.84;[1, 3, 1, 2, 1, 2, 1, 3, 1, 4, 2, 2, 2, 2, 2, 1];3;30;True
50;30;50;3;True;2000;1;0;0;0;0;0;0;90.70470929145813;6.350347995758057;20289.54012114089;16009.631042478177;1777.6863302984968;2502.2999999999997;[41.36, 49.36, 79.36, 53.36, 111.36, 25.36, 24.36, 42.36, 97.36, 71.36, 16.51, 31.36, 104.36, 39.36, 24.36, 34.36, 25.36, 36.36, 24.36, 111.36, 29.36, 54.36, 110.36, 26.36, 29.36, 26.36, 95.36, 16.51, 23.36, 111.36, 22.36, 59.36, 55.36, 78.36, 77.36, 39.36, 50.36, 39.36, 88.36, 46.36, 29.36, 69.36, 30.36, 27.36, 30.36, 27.36, 36.36, 70.36, 35.36, 23.36];94.85;[1, 1, 2, 2, 2, 2, 3, 1, 2, 2, 1, 1, 1, 2, 2, 1, 1, 1, 1, 1];2;30;True
50;30;50;4;True;2000;1;0;0;0;0;0;0;94.44837093353271;5.956820726394653;23005.578785702986;18503.991071200002;1610.0280587662494;2891.4;[15.47, 90.11, 12.15, 58.11, 73.11, 124.11, 46.11, 36.11, 16.15, 105.11, 12.15, 84.11, 15.15, 75.11, 98.11, 86.11, 54.11, 77.11, 52.11, 35.11, 103.11, 3.41, 32.11, 43.11, 20.89, 43.11, 60.11, 19.89, 58.11, 38.11, 110.11, 115.11, 98.11, 47.11, 72.11, 59.11, 47.11, 35.11, 71.11, 83.11, 45.11, 21.89, 112.11, 46.11, 118.11, 77.11, 45.11, 29.48, 41.11, 29.48];120.7;[3, 5, 1, 3, 1, 1, 1, 1, 1, 2, 2, 1, 1, 1, 2, 2, 1, 1];4;30;True
50;30;50;5;True;2000;1;0;0;0;0;0;0;77.51802158355713;5.444967031478882;20744.62206163095;16551.607791000308;1659.0870956129984;2533.7900000000004;[42.13, 65.13, 36.13, 33.13, 18.67, 63.13, 59.13, 27.93, 62.13, 22.67, 95.13, 3.0, 20.67, 33.13, 47.13, 95.13, 16.67, 14.67, 79.13, 61.13, 95.13, 87.13, 95.13, 25.41, 4.83, 70.13, 11.71, 29.93, 95.13, 95.13, 32.13, 59.13, 95.13, 39.13, 51.13, 95.13, 11.61, 81.13, 89.13, 26.58, 33.13, 62.13, 25.58, 29.93, 48.13, 11.71, 94.13, 60.13, 53.13, 29.93];92.13;[2, 1, 3, 1, 1, 1, 1, 1, 3, 1, 1, 4, 1, 2, 2, 1, 2, 1, 1];3;30;True
50;30;50;6;True;2000;1;0;0;0;0;0;0;89.70849561691284;7.069094657897949;22047.341640644954;18196.292683903226;1490.7692658614744;2360.3100000000004;[42.41, 33.21, 79.41, 105.41, 50.41, 44.41, 35.41, 58.41, 68.41, 21.67, 28.21, 30.21, 65.41, 39.41, 31.21, 9.85, 77.41, 32.21, 34.41, 62.41, 41.41, 37.41, 49.41, 19.67, 105.41, 50.41, 54.41, 26.21, 30.21, 22.69, 36.41, 58.41, 39.41, 105.41, 52.41, 64.41, 75.41, 26.21, 30.21, 58.41, 105.41, 22.69, 24.18, 42.41, 55.41, 37.41, 17.67, 15.67, 33.21, 72.41];95.56;[1, 2, 1, 1, 3, 1, 1, 4, 2, 1, 1, 1, 1, 2, 2, 3, 1, 1, 1];3;30;True
60;30;60;1;True;2000;1;0;0;0;0;0;0;85.66141867637634;10.054003477096558;21427.004282882674;16698.271601919158;1795.6476618460763;2932.9800000000023;[68.03, 21.42, 26.42, 95.03, 55.03, 33.03, 34.03, 95.03, 48.03, 30.03, 12.67, 36.03, 66.03, 34.03, 68.03, 59.03, 16.25, 31.03, 56.03, 79.03, 53.03, 3.85, 40.03, 50.03, 62.03, 46.03, 21.42, 60.03, 27.42, 92.03, 53.03, 14.51, 34.03, 95.03, 39.03, 86.03, 95.03, 17.42, 20.42, 66.03, 23.42, 95.03, 24.42, 39.03, 20.42, 22.42, 22.42, 95.03, 87.03, 87.03, 25.42, 68.03, 32.03, 15.37, 53.03, 28.03, 79.03, 51.03, 95.03, 29.03];91.18;[1, 3, 1, 1, 3, 1, 1, 1, 1, 1, 3, 1, 1, 1, 3, 1, 3, 1, 2];2;30;True
60;30;60;2;True;2000;1;0;0;0;0;0;0;120.9776451587677;11.150521516799927;21841.9581871714;17184.062252112915;1875.2896047224256;2782.7099999999987;[28.54, 68.54, 61.54, 68.54, 27.54, 121.54, 21.54, 16.4, 15.4, 93.54, 19.54, 116.54, 17.4, 40.54, 28.54, 16.4, 11.4, 30.54, 55.54, 17.54, 141.54, 37.54, 30.54, 125.54, 79.54, 46.54, 17.54, 26.54, 17.54, 18.54, 98.54, 21.54, 38.54, 19.54, 116.54, 84.54, 65.54, 36.54, 15.4, 36.54, 30.54, 21.54, 38.54, 48.54, 26.54, 30.54, 25.54, 141.54, 33.54, 60.54, 56.54, 36.54, 47.54, 14.4, 45.54, 43.54, 73.54, 10.97, 17.4, 27.54];130.57;[1, 1, 1, 2, 2, 2, 2, 1, 3, 2, 1, 1, 5, 1, 1, 2, 2];4;30;True
60;30;60;3;True;2000;1;0;0;0;0;0;0;89.53784394264221;8.962629795074463;20779.37803512143;16056.793072720595;1804.0510099896076;2918.5899999999997;[46.06, 53.98, 51.98, 59.98, 51.98, 23.5, 21.5, 47.06, 90.33, 59.98, 13.05, 32.52, 104.33, 45.06, 21.5, 37.2, 24.5, 29.52, 20.5, 83.33, 30.52, 55.98, 90.33, 26.49, 30.52, 25.27, 90.33, 15.05, 21.5, 108.33, 20.05, 64.98, 66.13, 66.13, 78.33, 42.2, 50.6, 40.2, 44.06, 47.6, 28.52, 69.13, 33.19, 27.52, 29.52, 26.27, 39.2, 58.98, 36.2, 20.05, 29.52, 17.05, 108.33, 58.98, 23.5, 108.33, 14.05, 75.33, 108.33, 74.13];95.28;[1, 1, 1, 2, 1, 2, 1, 2, 1, 2, 1, 3, 1, 1, 2, 3, 1, 2, 2];2;30;True
60;30;60;4;True;2000;1;0;0;0;0;0;0;101.9114637374878;8.67774748802185;23346.741415322853;18684.116513097902;1583.7522242682346;3079.010000000003;[17.03, 72.03, 14.03, 54.03, 69.03, 121.03, 34.03, 27.03, 18.03, 99.03, 14.03, 63.03, 17.03, 52.03, 121.03, 101.03, 39.03, 82.03, 45.03, 27.03, 40.03, 3.24, 25.03, 34.03, 19.03, 40.03, 61.03, 20.03, 41.03, 33.03, 71.03, 115.03, 101.03, 38.03, 61.03, 47.03, 44.03, 28.03, 44.03, 83.03, 40.03, 22.03, 86.03, 34.03, 103.03, 70.03, 33.03, 27.03, 82.03, 26.03, 41.03, 31.03, 64.03, 19.03, 85.03, 78.03, 42.03, 118.03, 27.03, 15.03];117.79;[5, 1, 2, 2, 1, 1, 1, 1, 2, 1, 1, 1, 2, 1, 1, 2, 1, 2, 1, 1];4;30;True
60;30;60;5;True;2000;1;0;0;0;0;0;0;91.74006843566895;8.408363103866577;21176.28969232914;16679.851406597827;1661.0901422686554;2835.3399999999992;[43.68, 74.68, 27.68, 33.68, 18.16, 61.68, 42.68, 27.68, 61.68, 22.42, 59.68, 1.0, 21.42, 31.68, 29.68, 71.68, 15.16, 14.16, 39.68, 60.68, 90.68, 69.68, 107.68, 25.42, 3.0, 107.68, 10.44, 29.68, 107.68, 107.68, 29.68, 55.68, 78.68, 34.68, 51.68, 107.68, 8.44, 38.68, 73.68, 26.68, 29.68, 72.68, 27.68, 30.68, 46.68, 10.44, 97.68, 90.68, 47.68, 29.68, 41.68, 24.42, 62.68, 79.68, 19.16, 47.68, 40.68, 32.68, 26.42, 52.68];106.68;[2, 2, 2, 1, 3, 3, 2, 1, 1, 3, 1, 1, 1, 1, 3, 1, 1, 1];2;30;True
60;30;60;6;True;2000;1;0;0;0;0;0;0;88.97125244140625;10.840869903564453;22424.985791746793;18429.98714045572;1494.1068680392962;2500.6500000000015;[39.71, 30.71, 70.71, 90.71, 41.71, 88.71, 32.71, 56.71, 90.71, 18.71, 25.71, 27.71, 42.71, 35.71, 28.71, 8.7, 49.71, 27.71, 30.71, 51.71, 35.71, 35.71, 48.71, 14.97, 83.71, 43.71, 38.71, 23.71, 28.71, 18.71, 31.71, 70.71, 36.71, 68.71, 45.71, 82.71, 43.71, 21.71, 25.71, 56.71, 84.71, 20.71, 20.71, 40.71, 30.71, 34.71, 13.97, 13.97, 28.71, 76.71, 75.71, 9.48, 11.21, 28.71, 43.71, 27.71, 90.71, 24.71, 59.71, 16.72];82.00999999999999;[5, 2, 2, 1, 1, 1, 3, 2, 1, 3, 1, 2, 1, 1, 1, 2, 1];4;30;True
70;30;70;1;True;2000;1;0;0;0;0;0;0;95.28393030166626;10.986708164215088;21748.978410382606;16617.766291712796;1835.0240320323023;3296.1100000000038;[70.13, 23.8, 27.8, 68.13, 62.13, 33.13, 35.13, 103.13, 51.13, 31.13, 12.44, 38.13, 65.13, 35.13, 66.13, 80.13, 16.93, 39.13, 57.13, 65.13, 54.13, 3.53, 62.13, 59.13, 35.13, 48.13, 23.8, 87.13, 27.8, 42.13, 51.13, 15.93, 35.13, 103.13, 40.13, 74.13, 39.13, 18.89, 22.8, 64.13, 23.8, 96.13, 25.8, 43.13, 23.8, 23.8, 23.8, 102.13, 79.13, 103.13, 25.8, 70.13, 32.13, 16.93, 51.13, 29.13, 82.13, 32.13, 94.13, 30.13, 42.13, 33.13, 65.13, 81.13, 24.8, 51.13, 30.13, 23.8, 19.89, 27.8];99.6;[1, 1, 3, 1, 2, 2, 1, 1, 1, 1, 3, 2, 4, 1, 2, 1, 2, 1];3;30;True
70;30;70;2;True;2000;1;0;0;0;0;0;0;104.2758960723877;13.860805749893188;21780.736629169787;17015.675574275934;1885.9659107089904;2878.760000000004;[28.4, 63.4, 110.4, 27.4, 26.4, 77.4, 20.4, 14.4, 13.4, 48.4, 17.4, 49.4, 15.4, 37.4, 26.4, 15.4, 11.4, 44.4, 55.4, 15.4, 99.4, 37.4, 28.4, 84.4, 110.4, 64.4, 16.4, 26.4, 16.4, 17.4, 110.4, 19.4, 64.4, 18.4, 89.4, 84.4, 51.4, 35.4, 15.4, 35.4, 27.4, 22.4, 33.4, 43.4, 25.4, 29.4, 25.4, 98.4, 34.4, 64.4, 28.4, 28.4, 43.4, 13.4, 41.4, 43.4, 38.4, 10.28, 15.4, 26.4, 21.4, 45.4, 30.4, 110.4, 38.4, 35.4, 92.4, 20.4, 38.4, 10.28];100.12;[1, 1, 1, 1, 1, 2, 1, 5, 2, 1, 2, 1, 1, 1, 2, 1, 4, 2];4;30;True
70;30;70;3;True;2000;1;0;0;0;0;0;0;96.78320384025574;11.294641256332397;20459.597836483576;16181.395938549149;1802.6364105107386;2475.7200000000025;[32.4, 42.4, 43.4, 46.4, 40.4, 14.41, 13.41, 38.4, 75.4, 38.4, 10.41, 23.4, 83.4, 32.4, 17.4, 28.4, 19.4, 19.4, 13.41, 51.4, 20.4, 41.4, 74.4, 18.4, 20.4, 18.4, 68.4, 13.41, 18.4, 92.4, 16.41, 48.4, 56.4, 56.4, 46.4, 34.4, 40.4, 29.4, 29.4, 42.4, 23.4, 59.4, 22.4, 18.4, 26.4, 19.4, 30.4, 48.4, 28.4, 13.41, 22.4, 9.41, 75.4, 46.4, 17.4, 92.4, 8.41, 54.4, 92.4, 47.4, 75.4, 38.4, 24.4, 2.41, 5.41, 27.4, 33.4, 24.4, 2.0, 16.41];90.4;[1, 1, 3, 1, 1, 1, 1, 1, 2, 2, 1, 1, 1, 1, 4, 1, 2, 2, 3];3;30;True
70;30;70;4;True;2000;1;0;0;0;0;0;0;120.15071749687195;11.458721399307251;23840.41658328686;18671.03542197043;1543.4973551178505;3625.6499999999946;[13.87, 80.97, 10.87, 56.97, 71.97, 36.47, 110.97, 32.62, 15.87, 97.97, 10.87, 66.97, 13.83, 81.97, 88.97, 70.97, 43.97, 61.97, 37.47, 34.62, 144.97, 2.56, 28.87, 37.47, 19.87, 41.97, 89.97, 18.87, 43.97, 35.62, 66.97, 115.97, 112.97, 43.97, 73.97, 56.97, 45.97, 32.62, 48.97, 81.97, 42.97, 21.87, 101.97, 44.97, 73.97, 69.97, 42.97, 26.87, 38.97, 26.87, 49.97, 34.62, 67.97, 19.87, 71.97, 74.97, 44.97, 131.97, 29.87, 12.87, 10.87, 18.87, 44.97, 18.87, 42.97, 94.97, 58.97, 45.97, 35.62, 38.47];142.41;[2, 2, 1, 3, 1, 2, 1, 2, 1, 1, 2, 1, 2, 1, 1, 1, 1, 2, 2, 1];2;30;True
70;30;70;5;True;2000;1;0;0;0;0;0;0;96.37924265861511;11.780833721160889;21499.697457122464;16572.982633198164;1654.5715761531549;3272.069999999998;[43.87, 82.87, 26.13, 33.82, 17.6, 61.87, 43.87, 27.13, 61.87, 22.18, 52.87, 1.0, 19.18, 32.23, 33.82, 108.87, 14.91, 12.91, 35.87, 60.87, 71.87, 63.87, 108.87, 24.15, 3.0, 66.87, 10.02, 29.13, 108.87, 105.87, 31.23, 54.87, 85.87, 34.87, 47.87, 108.87, 8.69, 42.87, 82.87, 25.15, 29.13, 42.87, 25.15, 30.13, 34.87, 10.02, 108.87, 36.87, 47.87, 30.13, 54.87, 23.18, 49.87, 56.87, 17.6, 46.87, 41.87, 32.23, 25.15, 74.87, 108.87, 30.13, 67.87, 57.87, 53.87, 33.82, 59.87, 51.87, 37.87, 41.32];107.87;[2, 2, 1, 1, 1, 3, 2, 1, 1, 1, 2, 2, 1, 2, 1, 1, 1, 1, 1, 1, 1, 1];2;30;True
70;30;70;6;True;2000;1;0;0;0;0;0;0;100.93830800056458;14.336060047149658;22937.87967714836;18493.813087383387;1548.6638977355278;2895.32;[40.27, 30.85, 94.57, 64.57, 43.57, 100.57, 32.66, 103.57, 62.57, 17.31, 25.3, 27.85, 43.57, 39.27, 28.85, 8.72, 57.57, 27.85, 29.85, 54.57, 34.25, 35.25, 45.57, 13.71, 74.57, 47.57, 40.27, 23.3, 27.85, 16.53, 32.66, 70.57, 37.25, 56.57, 43.57, 42.57, 52.57, 23.3, 25.63, 52.57, 89.57, 20.31, 20.31, 41.57, 30.85, 33.25, 11.72, 11.72, 28.85, 79.57, 54.57, 9.72, 10.49, 28.85, 47.57, 27.85, 103.57, 25.3, 58.57, 15.45, 24.3, 21.31, 25.63, 25.3, 29.85, 99.57, 34.25, 47.57, 67.57, 40.27];94.85;[3, 1, 2, 2, 1, 2, 1, 2, 2, 1, 1, 1, 1, 1, 2, 1, 4, 2];3;30;True
80;30;80;1;True;2000;1;0;0;0;0;0;0;93.68616700172424;16.30042338371277;21714.03074108054;16618.655424941768;1804.766028578672;3290.7200000000025;[52.19, 18.89, 24.13, 92.19, 44.19, 30.19, 31.19, 92.19, 46.19, 27.19, 10.65, 34.19, 61.19, 36.19, 52.19, 58.19, 11.65, 29.19, 54.19, 36.19, 51.19, 3.35, 38.19, 33.19, 29.19, 44.19, 17.89, 92.19, 25.12, 36.19, 48.19, 10.65, 32.19, 57.19, 37.19, 72.19, 34.19, 12.03, 16.46, 66.19, 21.89, 57.19, 20.89, 44.19, 16.89, 18.89, 18.89, 92.19, 92.19, 84.19, 23.13, 75.19, 28.19, 10.65, 48.19, 26.19, 72.19, 28.19, 92.19, 27.19, 53.19, 29.19, 62.19, 59.19, 19.89, 48.19, 26.19, 18.89, 13.03, 24.13, 26.19, 92.19, 39.19, 16.89, 4.08, 75.19, 59.19, 33.19, 67.19, 25.12];88.84;[1, 2, 1, 3, 2, 2, 1, 1, 2, 2, 3, 2, 1, 1, 1, 2, 1, 2];2;30;True
80;30;80;2;True;2000;1;0;0;0;0;0;0;98.36529970169067;16.292386770248413;22202.02754591122;16973.36504620347;1944.558750234424;3284.0400000000022;[28.34, 73.25, 101.25, 31.26, 27.34, 88.25, 21.34, 14.51, 14.51, 51.25, 19.34, 83.25, 16.34, 39.26, 29.34, 15.51, 11.75, 31.26, 56.25, 16.34, 82.25, 39.26, 30.26, 101.25, 101.25, 44.25, 18.34, 28.34, 18.34, 18.34, 88.25, 21.34, 50.25, 19.34, 47.25, 100.25, 70.25, 36.26, 15.51, 36.26, 43.25, 22.34, 36.26, 49.25, 28.34, 31.26, 27.34, 101.25, 32.26, 46.25, 35.26, 31.26, 39.26, 13.75, 46.25, 44.25, 42.25, 10.75, 15.51, 27.34, 22.34, 47.25, 31.26, 101.25, 42.25, 36.26, 95.25, 21.34, 40.25, 10.75, 32.26, 42.25, 57.25, 13.75, 57.25, 15.51, 29.34, 56.25, 32.26, 39.26];90.5;[2, 1, 2, 3, 1, 1, 2, 1, 1, 2, 2, 2, 1, 1, 1, 1, 3, 2, 1];2;30;True
80;30;80;3;True;2000;1;0;0;0;0;0;0;101.120365858078;18.76522994041443;21190.63879438093;16434.78121882267;1790.1556946982448;2965.460000000003;[31.03, 37.03, 45.03, 39.03, 99.03, 14.57, 14.57, 37.03, 60.03, 39.03, 11.5, 23.57, 99.03, 33.03, 17.57, 24.57, 19.57, 17.57, 14.57, 82.03, 19.57, 48.03, 87.03, 16.57, 19.57, 17.57, 65.03, 13.9, 18.57, 99.03, 16.57, 58.03, 44.03, 91.03, 59.03, 34.03, 41.03, 29.03, 29.03, 43.03, 23.57, 62.03, 22.57, 16.57, 26.57, 19.57, 30.03, 56.03, 29.03, 14.57, 22.57, 10.5, 88.03, 49.03, 17.57, 99.03, 10.1, 54.03, 93.03, 55.03, 68.03, 39.03, 25.57, 4.41, 7.54, 27.57, 33.03, 25.57, 2.0, 17.57, 15.57, 16.57, 13.9, 37.03, 26.57, 35.03, 50.03, 64.03, 20.28, 27.57];97.03;[1, 1, 1, 1, 3, 4, 1, 1, 1, 1, 1, 1, 1, 1, 2, 2, 1, 1, 2, 2, 1];3;30;True
80;30;80;4;True;2000;1;0;0;0;0;0;0;96.35906314849854;16.28894853591919;23949.530493365062;18557.46248584429;1511.1418912245435;3881.229999999997;[14.4, 75.85, 12.4, 65.85, 71.85, 98.85, 41.85, 30.85, 16.4, 63.85, 12.4, 66.85, 14.4, 52.85, 92.85, 76.85, 42.85, 59.85, 35.85, 29.85, 54.85, 2.05, 26.85, 36.85, 18.67, 40.85, 77.85, 19.67, 42.85, 34.85, 64.85, 40.85, 97.85, 41.85, 48.85, 84.85, 45.85, 30.85, 48.85, 91.85, 41.85, 21.01, 102.85, 41.85, 43.85, 71.85, 38.85, 26.85, 35.85, 26.01, 37.85, 33.85, 67.85, 18.54, 104.85, 80.85, 43.85, 105.85, 28.85, 13.4, 12.4, 19.67, 42.85, 18.4, 39.85, 74.85, 56.85, 93.85, 32.85, 37.85, 36.85, 90.85, 40.85, 38.85, 26.85, 51.85, 105.85, 49.85, 68.85, 26.01];103.8;[1, 1, 2, 1, 1, 2, 1, 1, 2, 1, 1, 3, 3, 1, 3, 1, 2, 1, 2];2;30;True
80;30;80;5;True;2000;1;0;0;0;0;0;0;77.04321551322937;13.263670206069946;20899.923317972418;16589.778197344152;1602.6396582689338;2707.1500000000015;[38.55, 64.55, 16.55, 23.55, 14.55, 56.55, 42.55, 23.55, 55.55, 12.55, 50.55, 1.0, 14.55, 21.55, 18.55, 64.55, 8.55, 7.55, 23.55, 55.55, 63.55, 54.55, 64.55, 17.55, 3.0, 64.55, 7.0, 25.55, 64.55, 64.55, 17.55, 48.55, 59.55, 24.55, 40.55, 64.55, 7.0, 27.55, 57.55, 16.55, 24.55, 36.55, 14.55, 20.55, 23.55, 7.0, 64.55, 21.55, 32.55, 18.55, 34.55, 19.55, 45.55, 49.55, 11.55, 42.55, 29.55, 19.55, 16.55, 64.55, 64.55, 16.55, 60.55, 43.55, 42.55, 26.55, 54.55, 48.55, 26.55, 33.55, 22.55, 58.55, 23.55, 36.55, 40.55, 2.0, 21.55, 35.55, 7.0, 36.55];63.55;[2, 1, 1, 2, 1, 3, 1, 1, 1, 1, 2, 1, 2, 1, 1, 1, 1, 1, 2, 3, 1];2;30;True
80;30;80;6;True;2000;1;0;0;0;0;0;0;115.66697311401367;17.528159141540527;22723.074244625783;18539.5438920879;1537.1967889274827;2646.4000000000037;[29.4, 27.4, 74.4, 90.4, 34.4, 111.4, 28.4, 60.4, 47.4, 14.4, 21.4, 22.4, 30.4, 27.4, 24.4, 7.0, 46.4, 18.4, 25.4, 61.4, 24.4, 30.4, 41.4, 8.0, 65.4, 42.4, 26.4, 18.4, 24.4, 11.4, 23.4, 56.4, 27.4, 40.4, 38.4, 33.4, 33.4, 14.4, 17.4, 42.4, 60.4, 18.4, 15.4, 37.4, 20.4, 25.4, 7.0, 7.0, 19.4, 80.4, 90.4, 9.0, 7.0, 25.4, 51.4, 19.4, 83.4, 19.4, 50.4, 10.4, 16.4, 17.4, 16.4, 19.4, 18.4, 60.4, 26.4, 42.4, 90.4, 35.4, 77.4, 28.4, 3.0, 19.4, 16.4, 9.0, 10.4, 23.4, 27.4, 9.0];108.4;[4, 5, 2, 1, 1, 1, 3, 2, 2, 1, 1, 1, 1, 1, 3, 1];4;30;True
90;30;90;1;True;2000;1;0;0;0;0;0;0;96.69412040710449;23.96993136405945;22110.568739539463;16956.054164185764;1843.1517987198467;3311.339999999998;[45.79, 16.08, 21.08, 70.79, 41.03, 26.08, 27.08, 83.79, 45.79, 24.08, 10.21, 29.08, 54.79, 30.08, 50.79, 52.79, 10.21, 24.08, 52.79, 27.08, 48.79, 3.31, 34.08, 33.08, 24.08, 42.03, 17.08, 83.79, 21.08, 33.08, 47.79, 9.21, 28.08, 48.79, 35.08, 67.79, 30.08, 10.75, 14.57, 56.79, 21.08, 53.79, 17.08, 66.79, 13.57, 17.08, 17.08, 79.79, 83.79, 70.79, 19.08, 83.79, 26.08, 10.21, 46.79, 22.08, 48.79, 24.08, 83.79, 24.08, 27.08, 25.08, 59.79, 67.79, 18.08, 45.79, 23.08, 18.08, 11.75, 21.08, 22.08, 83.79, 33.08, 14.57, 4.02, 50.79, 55.79, 25.08, 34.08, 22.08, 43.79, 74.79, 65.79, 25.08, 57.79, 8.28, 15.57, 12.75, 40.08, 42.03];80.48;[1, 3, 1, 2, 1, 3, 3, 3, 2, 2, 1, 1, 2, 2, 1, 2];2;30;True
90;30;90;2;True;2000;1;0;0;0;0;0;0;105.50943660736084;19.766998529434204;23086.640664889528;16936.914520709943;1948.4112337185811;4201.330000000005;[29.34, 83.53, 111.53, 41.34, 28.34, 78.53, 23.34, 15.43, 15.43, 55.53, 20.34, 77.53, 16.43, 43.34, 39.34, 16.43, 10.46, 41.34, 64.53, 17.34, 111.53, 49.53, 37.34, 101.53, 111.53, 68.53, 20.34, 36.34, 20.34, 18.34, 96.53, 27.34, 73.53, 21.34, 57.53, 105.53, 62.53, 40.34, 15.23, 40.34, 69.53, 30.34, 45.53, 58.53, 36.34, 38.34, 36.34, 95.53, 40.34, 56.53, 44.34, 39.34, 50.53, 13.33, 55.53, 47.53, 52.53, 10.41, 16.43, 35.34, 25.34, 56.53, 35.34, 111.53, 52.53, 39.34, 103.53, 21.34, 43.34, 9.26, 40.34, 55.53, 62.53, 15.23, 61.53, 16.43, 38.34, 62.53, 35.34, 43.34, 48.53, 65.53, 21.34, 24.34, 60.53, 43.34, 32.34, 57.53, 14.43, 86.53];102.27;[1, 1, 1, 2, 1, 1, 1, 2, 1, 1, 1, 1, 3, 1, 1, 3, 1, 1, 2, 2, 1, 1];2;30;True
90;30;90;3;True;2000;1;0;0;0;0;0;0;103.71044540405273;21.769838094711304;21739.000738970644;16319.348526980826;1812.815396098871;3606.859999999994;[37.49, 48.04, 49.04, 45.04, 58.04, 18.49, 18.49, 42.49, 59.04, 44.04, 12.99, 27.49, 100.04, 38.49, 20.49, 28.49, 22.49, 22.49, 18.49, 67.04, 23.49, 49.04, 97.04, 20.49, 23.49, 21.49, 67.04, 14.56, 21.49, 100.04, 19.49, 58.04, 57.04, 57.04, 82.04, 37.49, 54.04, 34.49, 31.49, 45.04, 26.49, 64.04, 27.49, 21.49, 28.49, 22.49, 34.49, 61.04, 31.49, 19.49, 25.49, 15.52, 40.49, 61.04, 21.49, 76.04, 14.56, 34.49, 100.04, 56.04, 97.04, 44.04, 29.49, 3.45, 7.43, 31.49, 37.49, 29.49, 2.0, 20.49, 19.49, 21.49, 18.49, 42.49, 33.49, 41.49, 57.04, 62.04, 24.49, 34.49, 16.52, 88.04, 96.04, 21.49, 39.49, 12.99, 56.04, 47.04, 54.04, 42.49];98.04;[1, 1, 1, 3, 3, 1, 1, 2, 2, 1, 1, 1, 2, 1, 1, 3, 1, 2, 1, 1];2;30;True
90;30;90;4;True;2000;1;0;0;0;0;0;0;95.60746026039124;15.635103225708008;24289.854038364807;18453.72153717474;1525.6345970812574;4310.779999999996;[12.75, 94.58, 11.75, 57.58, 74.58, 54.58, 46.58, 29.58, 15.58, 67.58, 10.75, 68.58, 11.75, 40.58, 90.58, 30.58, 43.58, 64.58, 34.58, 27.58, 88.58, 2.12, 25.58, 35.58, 16.58, 40.58, 46.58, 18.58, 42.58, 33.58, 68.58, 41.58, 94.58, 43.58, 84.58, 60.58, 52.58, 29.58, 50.58, 79.58, 41.58, 20.58, 101.58, 46.58, 58.58, 64.58, 43.58, 25.58, 35.58, 24.58, 34.58, 32.58, 71.58, 16.58, 101.58, 69.58, 43.58, 47.58, 26.58, 12.75, 10.75, 17.58, 96.58, 15.58, 58.58, 78.58, 81.58, 101.58, 75.58, 36.58, 35.58, 66.58, 40.58, 41.58, 25.58, 50.58, 76.58, 53.58, 95.58, 24.58, 80.58, 72.58, 101.58, 18.58, 62.58, 28.58, 8.43, 47.58, 28.58, 13.75];99.46;[2, 1, 1, 1, 2, 1, 1, 1, 1, 2, 2, 2, 2, 2, 1, 1, 2, 1, 2, 2];1;30;True
90;30;90;5;True;2000;1;0;0;0;0;0;0;86.96556949615479;16.45566153526306;21509.539656062643;16485.18343180861;1635.1017139505834;3389.42;[38.25, 81.25, 17.25, 27.25, 15.25, 59.25, 42.25, 24.25, 58.25, 13.33, 37.25, 1.0, 15.25, 24.25, 31.25, 81.25, 10.55, 9.55, 26.25, 57.25, 52.25, 68.25, 81.25, 18.25, 3.0, 81.25, 8.09, 26.25, 80.25, 81.25, 21.25, 51.25, 54.25, 27.25, 42.25, 73.25, 7.09, 28.25, 81.25, 17.25, 25.25, 66.25, 17.25, 23.25, 26.25, 8.09, 34.25, 30.25, 28.25, 21.25, 25.25, 20.25, 61.25, 52.25, 13.05, 43.25, 34.25, 21.25, 17.25, 50.25, 59.25, 20.25, 64.25, 46.25, 45.25, 28.25, 56.25, 62.25, 30.25, 35.25, 27.25, 63.25, 27.25, 38.25, 41.25, 2.0, 24.25, 37.25, 8.09, 38.25, 81.25, 74.25, 35.25, 4.0, 26.25, 62.25, 81.25, 29.25, 14.33, 34.25];80.25;[1, 1, 1, 2, 1, 1, 3, 1, 2, 1, 1, 1, 1, 1, 1, 1, 2, 2, 1, 3, 1, 1];2;30;True
90;30;90;6;True;2000;1;0;0;0;0;0;0;108.98939728736877;19.685295343399048;23217.264304544406;18483.11165049118;1503.5546150615517;3230.410000000001;[34.58, 28.58, 75.03, 62.03, 37.38, 40.38, 30.58, 56.03, 61.03, 15.96, 22.74, 24.74, 60.03, 32.58, 26.58, 7.57, 46.38, 23.74, 26.58, 33.58, 33.58, 33.58, 39.38, 11.96, 88.03, 36.38, 33.58, 20.89, 25.74, 14.96, 28.58, 46.38, 32.58, 44.38, 41.38, 35.38, 59.08, 17.96, 20.89, 50.03, 103.03, 18.96, 17.96, 39.38, 25.74, 28.58, 10.96, 9.96, 23.74, 103.03, 49.03, 9.33, 9.33, 26.58, 47.03, 23.74, 81.03, 21.74, 39.38, 13.96, 18.96, 19.89, 19.89, 21.74, 24.74, 63.03, 30.58, 60.03, 75.03, 38.38, 83.03, 31.58, 2.0, 24.74, 22.74, 11.96, 13.96, 32.58, 29.58, 11.96, 61.03, 68.03, 70.03, 26.58, 25.74, 40.38, 18.96, 9.96, 11.96, 98.03];101.03;[2, 1, 1, 1, 3, 1, 1, 3, 1, 2, 2, 1, 1, 1, 1, 2, 1, 1, 1, 3];2;30;True
100;30;100;1;True;2000;1;0;0;0;0;0;0;91.37746095657349;26.591275930404663;22273.556252331073;16763.088898311977;1816.9942110579184;3693.7599999999966;[48.33, 15.79, 19.79, 80.33, 43.33, 26.33, 28.33, 80.33, 45.33, 23.79, 10.79, 31.33, 80.33, 31.33, 51.33, 54.33, 11.79, 23.79, 54.33, 30.33, 50.33, 3.39, 37.33, 30.33, 24.33, 43.33, 17.79, 30.33, 19.79, 34.33, 46.33, 11.16, 28.33, 33.33, 35.33, 69.33, 31.33, 12.79, 14.79, 58.33, 20.79, 57.33, 16.79, 53.33, 14.79, 17.79, 17.79, 80.33, 80.33, 67.33, 17.79, 48.33, 25.33, 11.16, 47.33, 21.79, 52.33, 22.79, 80.33, 23.79, 29.33, 25.33, 62.33, 80.33, 18.79, 47.33, 21.79, 18.79, 13.79, 19.79, 21.79, 64.33, 34.33, 15.79, 3.84, 56.33, 60.33, 34.33, 41.33, 20.79, 80.33, 62.33, 64.33, 25.33, 57.33, 8.79, 16.79, 13.79, 40.33, 58.33, 13.79, 7.22, 10.79, 80.33, 13.79, 45.33, 35.33, 80.33, 22.79, 64.33];76.94;[2, 2, 3, 2, 1, 2, 2, 2, 1, 1, 2, 1, 2, 3, 1, 2, 1];2;30;True
100;30;100;2;True;2000;1;0;0;0;0;0;0;116.24885058403015;24.552144289016724;23750.27693947175;16975.480168161605;1970.2504824044481;4804.649999999997;[30.71, 86.43, 89.43, 39.43, 29.71, 75.43, 25.93, 18.06, 17.06, 55.43, 23.03, 80.43, 19.06, 44.43, 37.49, 17.06, 11.81, 39.43, 65.43, 21.06, 91.43, 49.43, 35.49, 114.43, 119.43, 76.43, 24.93, 34.03, 23.93, 19.06, 86.43, 27.93, 62.43, 23.03, 67.43, 98.43, 69.43, 39.43, 16.77, 40.43, 75.43, 27.93, 43.43, 58.43, 34.03, 36.49, 33.03, 99.43, 43.43, 58.43, 41.43, 37.49, 54.43, 14.34, 56.43, 47.43, 52.43, 11.81, 18.06, 33.03, 26.93, 45.43, 35.49, 119.43, 52.43, 39.43, 91.43, 23.03, 42.43, 10.81, 39.43, 62.43, 63.43, 15.78, 62.43, 19.06, 36.49, 63.43, 35.49, 42.43, 48.43, 66.43, 23.93, 25.93, 86.43, 42.43, 30.71, 57.43, 16.77, 68.43, 55.43, 87.43, 35.49, 15.78, 52.43, 63.43, 87.43, 34.03, 116.43, 38.49];108.62;[1, 1, 1, 1, 1, 3, 1, 1, 2, 3, 1, 1, 3, 1, 1, 2, 1, 1, 1, 1, 2];2;30;True
100;30;100;3;True;2000;1;0;0;0;0;0;0;102.10693979263306;23.41359519958496;21680.012089994954;16656.756865701507;1906.1133743660328;3116.8099999999986;[29.14, 34.14, 41.14, 33.14, 75.14, 12.14, 12.14, 35.14, 46.14, 35.14, 11.14, 22.14, 77.14, 31.14, 17.14, 23.14, 19.14, 16.14, 12.14, 54.14, 18.14, 39.14, 76.14, 15.14, 17.14, 16.14, 52.14, 14.14, 18.14, 34.14, 16.14, 46.14, 41.14, 45.14, 63.14, 33.14, 55.14, 28.14, 25.14, 41.14, 22.14, 58.14, 21.14, 15.14, 26.14, 18.14, 29.14, 43.14, 27.14, 13.14, 21.14, 9.28, 32.14, 45.14, 16.14, 61.14, 8.72, 35.14, 77.14, 49.14, 56.14, 37.14, 25.14, 3.03, 7.72, 26.14, 32.14, 25.14, 1.0, 17.14, 13.14, 15.14, 12.14, 34.14, 26.14, 32.14, 39.14, 49.14, 19.14, 27.14, 12.14, 77.14, 77.14, 15.14, 33.14, 12.14, 44.14, 25.14, 44.14, 28.14, 77.14, 58.14, 20.14, 38.14, 6.76, 9.28, 20.14, 21.14, 27.14, 12.14];76.14;[1, 2, 1, 1, 2, 2, 1, 1, 1, 1, 2, 2, 1, 1, 4, 4, 3];3;30;True
100;30;100;4;True;2000;1;0;0;0;0;0;0;108.26129388809204;23.134766340255737;24749.114419157817;18716.334574636487;1532.5487687079503;4500.010000000001;[11.57, 82.5, 10.18, 55.5, 72.5, 32.5, 41.5, 27.31, 14.94, 78.5, 9.62, 106.5, 11.18, 39.5, 72.5, 60.5, 40.5, 60.5, 32.5, 27.31, 45.5, 2.5, 23.31, 34.5, 16.94, 39.5, 40.5, 17.94, 41.5, 32.5, 65.5, 36.5, 71.5, 38.5, 83.5, 55.5, 44.5, 27.31, 47.5, 82.5, 39.5, 20.48, 106.5, 40.5, 46.5, 56.5, 77.5, 25.31, 33.5, 24.31, 34.5, 31.5, 69.5, 16.94, 63.5, 58.5, 42.5, 42.5, 26.31, 12.26, 10.18, 16.94, 99.5, 14.94, 30.5, 89.5, 56.5, 93.5, 29.31, 36.5, 35.5, 78.5, 39.5, 36.5, 25.31, 66.5, 72.5, 49.5, 106.5, 24.31, 68.5, 62.5, 86.5, 17.94, 60.5, 27.31, 6.37, 45.5, 26.31, 12.96, 89.5, 27.31, 34.5, 18.95, 90.5, 22.53, 40.5, 25.31, 30.31, 90.5];104.0;[2, 2, 2, 1, 2, 2, 1, 1, 2, 3, 1, 1, 1, 1, 1, 2, 2, 1, 1, 1];2;30;True
100;30;100;5;True;2000;1;0;0;0;0;0;0;73.44363617897034;23.05416464805603;22377.9750258155;16518.189736768374;1608.5325063037246;4251.129999999999;[42.23, 69.23, 25.29, 32.23, 16.29, 63.23, 44.23, 26.29, 62.23, 20.29, 44.23, 1.0, 17.29, 31.23, 32.23, 69.23, 12.37, 11.36, 34.23, 61.23, 67.23, 63.23, 69.23, 22.29, 3.0, 52.23, 8.43, 28.29, 53.23, 69.23, 29.23, 56.23, 61.23, 37.23, 47.23, 69.23, 8.43, 37.23, 69.23, 24.29, 28.29, 63.23, 25.29, 29.08, 34.23, 8.43, 43.23, 36.23, 57.23, 28.29, 36.23, 22.29, 69.23, 58.23, 14.33, 47.23, 47.23, 29.23, 24.29, 51.23, 65.23, 28.29, 69.23, 52.23, 50.23, 32.23, 61.23, 38.23, 37.23, 40.23, 37.23, 68.23, 35.23, 42.23, 45.23, 2.0, 31.23, 42.23, 8.43, 42.23, 69.23, 69.23, 69.23, 4.13, 30.23, 67.23, 69.23, 38.23, 22.29, 41.23, 38.23, 69.23, 69.23, 56.23, 42.23, 69.23, 69.23, 69.23, 59.23, 55.23];68.23;[1, 2, 1, 4, 1, 1, 1, 1, 1, 1, 2, 1, 1, 1, 1, 2, 2, 1, 1, 1, 1, 1, 1];3;30;True
100;30;100;6;True;2000;1;0;0;0;0;0;0;119.7196958065033;25.477415561676025;24281.24557919234;18829.489893440612;1534.5714097533985;3917.040000000003;[37.33, 30.2, 83.8, 58.8, 40.33, 48.8, 32.2, 64.8, 56.8, 17.51, 24.9, 27.28, 45.52, 36.33, 28.2, 8.33, 47.8, 28.2, 29.2, 36.33, 43.33, 35.11, 43.33, 13.71, 62.8, 46.8, 37.33, 22.9, 27.28, 17.51, 32.2, 45.8, 36.33, 46.8, 44.33, 39.33, 54.8, 20.9, 25.9, 52.8, 110.8, 20.01, 20.01, 41.33, 31.2, 32.2, 10.71, 10.71, 27.28, 102.8, 51.8, 9.71, 9.71, 28.2, 48.8, 28.2, 60.8, 23.9, 57.8, 15.71, 22.9, 21.9, 24.9, 23.9, 30.2, 66.8, 34.31, 47.8, 103.8, 40.33, 95.8, 35.11, 2.8, 31.2, 26.28, 13.71, 15.71, 36.33, 32.2, 13.71, 53.8, 76.8, 76.8, 30.2, 30.59, 44.33, 21.9, 10.71, 13.71, 71.8, 16.71, 54.8, 6.85, 52.8, 30.2, 57.8, 98.8, 80.8, 48.8, 45.52];108.0;[2, 1, 1, 1, 1, 3, 1, 2, 1, 2, 4, 2, 1, 1, 1, 3, 3];3;30;True
40;40;40;1;True;2000;1;0;0;0;0;0;0;99.52693605422974;6.1148388385772705;28211.83915036377;23027.023529404658;2342.2692004748637;2842.6399999999985;[117.35, 30.05, 34.05, 117.35, 117.35, 40.35, 51.35, 117.35, 71.35, 38.05, 37.05, 62.35, 88.35, 54.35, 77.35, 90.35, 40.35, 48.35, 117.35, 59.35, 69.35, 4.1, 115.35, 72.35, 97.35, 51.35, 39.35, 117.35, 68.35, 96.35, 63.35, 20.04, 94.35, 114.35, 63.35, 91.35, 117.35, 20.05, 36.05, 81.35];113.25;[3, 1, 3, 1, 2, 1, 1, 1, 1, 3, 1, 2, 1, 1, 2, 1, 2, 2, 1, 2, 1, 2, 1, 2, 2];2;40;True
40;40;40;2;True;2000;1;0;0;0;0;0;0;125.65913128852844;7.381839990615845;28795.27986786734;23562.80441399684;2560.6365737455385;2671.900000000002;[85.15, 91.15, 77.15, 71.15, 42.15, 112.15, 43.15, 29.15, 19.05, 96.15, 31.15, 127.15, 42.15, 68.15, 80.15, 34.15, 14.15, 45.15, 81.15, 26.15, 148.15, 61.15, 75.15, 131.15, 114.15, 61.15, 34.15, 52.15, 31.15, 23.15, 77.15, 47.15, 71.15, 44.15, 76.15, 148.15, 103.15, 84.15, 16.15, 57.15];134.0;[1, 1, 3, 2, 2, 1, 2, 1, 1, 1, 2, 1, 1, 2, 4, 2, 1, 2, 2, 3, 4, 1];3;40;True
40;40;40;3;True;2000;1;0;0;0;0;0;0;92.10981225967407;5.660225868225098;26805.902009185524;21835.057204850098;2296.4152745609463;2674.429999999999;[56.11, 73.87, 75.87, 110.87, 110.87, 36.16, 35.99, 56.11, 95.87, 57.11, 19.99, 47.9, 110.87, 72.87, 42.37, 60.88, 33.99, 59.88, 33.99, 110.87, 45.33, 71.87, 110.87, 38.32, 50.11, 30.99, 104.87, 15.99, 51.11, 85.87, 46.59, 95.87, 95.87, 72.87, 76.87, 57.11, 79.87, 80.87, 80.87, 79.87];94.88000000000001;[1, 1, 2, 1, 1, 1, 1, 3, 1, 1, 1, 1, 1, 3, 2, 3, 1, 1, 1, 3, 4, 1, 1, 1, 1, 1, 1];3;40;True
40;40;40;4;True;2000;1;0;0;0;0;0;0;115.93943953514099;5.988138437271118;28325.66616651767;22827.24686533161;2319.0058270226177;3179.3999999999987;[42.35, 90.64, 36.35, 75.64, 90.64, 151.64, 77.64, 62.83, 29.43, 105.64, 22.43, 124.64, 27.43, 85.64, 108.64, 125.64, 92.64, 81.64, 75.64, 65.83, 151.64, 3.41, 48.35, 56.29, 40.35, 49.35, 104.64, 36.98, 60.29, 49.35, 112.64, 112.64, 111.64, 144.64, 94.64, 116.64, 62.83, 60.83, 77.64, 111.64];148.23;[1, 2, 1, 4, 2, 1, 1, 2, 2, 1, 2, 1, 1, 2, 2, 1, 2, 3, 3, 2, 1, 1, 2];3;40;True
40;40;40;5;True;2000;1;0;0;0;0;0;0;92.81856632232666;5.0725507736206055;26417.479937811964;21468.89535926432;2380.206506802068;2568.4600000000005;[55.53, 61.53, 52.53, 77.53, 32.13, 105.53, 64.53, 31.13, 87.53, 40.3, 67.53, 3.0, 39.3, 51.53, 47.53, 105.53, 31.13, 31.13, 51.53, 80.53, 79.53, 105.53, 105.53, 47.53, 4.83, 105.53, 15.49, 44.3, 105.53, 105.53, 105.53, 86.53, 78.53, 105.53, 66.53, 105.53, 10.58, 58.53, 69.53, 45.3];102.53;[2, 1, 1, 2, 1, 1, 1, 3, 1, 2, 1, 2, 1, 1, 2, 2, 2, 1, 3, 1, 5, 2, 2];4;40;True
40;40;40;6;True;2000;1;0;0;0;0;0;0;122.48008751869202;6.969980716705322;30731.355723647153;25423.124956321255;2252.286827769025;3055.9299999999994;[72.22, 47.7, 120.22, 113.22, 75.22, 121.22, 94.22, 106.22, 83.22, 22.33, 29.33, 44.36, 60.22, 51.7, 39.36, 11.43, 99.22, 45.36, 57.22, 120.22, 88.22, 154.22, 67.22, 32.36, 153.22, 105.22, 97.22, 37.36, 34.36, 33.36, 41.36, 127.22, 105.22, 76.22, 70.22, 81.22, 154.22, 45.36, 51.7, 86.22];142.79;[2, 2, 2, 3, 1, 2, 1, 3, 1, 1, 2, 2, 1, 1, 1, 2, 1, 1, 2, 2, 1, 4, 2];3;40;True
50;40;50;1;True;2000;1;0;0;0;0;0;0;99.46608090400696;8.77464246749878;28552.603568294257;23356.911505495333;2323.5046849863766;2872.1600000000008;[104.36, 22.98, 26.98, 103.36, 78.36, 32.98, 34.98, 104.36, 51.42, 46.42, 13.52, 48.42, 72.36, 67.66, 70.36, 71.36, 17.09, 31.98, 104.36, 104.36, 93.36, 4.24, 68.66, 46.42, 65.66, 57.66, 21.98, 98.36, 34.98, 89.36, 53.3, 16.25, 49.42, 83.36, 41.42, 101.36, 66.66, 17.34, 20.87, 95.36, 32.98, 78.36, 23.98, 36.98, 21.13, 22.98, 22.98, 103.36, 97.36, 98.36];100.12;[2, 2, 3, 3, 1, 1, 1, 2, 5, 2, 1, 2, 1, 1, 2, 1, 1, 1, 3, 1, 1, 3];4;40;True
50;40;50;2;True;2000;1;0;0;0;0;0;0;117.302072763443;10.078714370727539;29200.276692873547;23686.681092596256;2507.184779354768;3006.410000000002;[30.55, 78.15, 79.15, 82.15, 36.55, 108.15, 38.55, 18.11, 18.11, 101.15, 30.55, 90.15, 19.11, 47.55, 45.55, 18.11, 11.11, 104.15, 79.15, 19.93, 134.15, 62.15, 48.55, 134.15, 85.15, 60.15, 22.93, 47.55, 21.93, 19.11, 112.15, 31.55, 66.15, 22.93, 70.15, 127.15, 107.15, 52.55, 15.11, 65.15, 52.55, 28.22, 65.15, 74.15, 38.55, 55.55, 50.55, 134.15, 56.55, 89.15];123.04;[1, 2, 2, 1, 1, 1, 1, 2, 3, 3, 2, 1, 4, 1, 3, 1, 1, 1, 1, 4, 4];3;40;True
50;40;50;3;True;2000;1;0;0;0;0;0;0;104.31558036804199;10.84086012840271;26883.3770655204;22272.499381661026;2265.3689777370955;2345.37;[56.18, 50.18, 49.18, 86.18, 68.18, 21.18, 20.18, 46.18, 85.18, 70.18, 13.62, 34.18, 100.18, 38.18, 21.18, 45.18, 23.18, 53.18, 20.18, 100.18, 27.18, 43.18, 100.18, 24.18, 31.18, 26.18, 66.18, 15.02, 21.18, 77.18, 20.18, 57.18, 69.18, 56.18, 74.18, 42.18, 50.18, 40.18, 90.18, 44.18, 27.18, 71.18, 34.18, 25.18, 29.18, 24.18, 35.18, 67.18, 35.18, 19.27];86.56;[1, 1, 3, 2, 1, 4, 3, 1, 2, 3, 1, 1, 2, 2, 2, 5, 2, 2, 1, 1];4;40;True
50;40;50;4;True;2000;1;0;0;0;0;0;0;115.98186135292053;11.761723279953003;28568.921870778566;23191.410723567864;2257.003352643535;3120.6500000000024;[14.89, 89.51, 13.0, 55.51, 69.51, 38.51, 53.51, 41.51, 17.03, 98.51, 14.0, 102.51, 14.89, 84.51, 104.51, 121.51, 72.51, 76.51, 57.51, 32.51, 128.51, 3.41, 33.51, 42.51, 20.11, 41.51, 73.51, 20.1, 56.51, 44.51, 92.51, 52.51, 128.51, 63.51, 57.51, 79.51, 45.51, 52.51, 63.51, 117.51, 58.51, 22.11, 124.51, 117.51, 99.51, 65.51, 128.51, 28.11, 55.51, 31.11];125.1;[2, 1, 1, 2, 2, 1, 2, 2, 1, 2, 1, 1, 2, 2, 1, 1, 2, 1, 1, 1, 3, 1, 1, 1, 2, 3];2;40;True
50;40;50;5;True;2000;1;0;0;0;0;0;0;109.39670658111572;10.223589897155762;27288.201078184844;21896.31315931828;2371.8093235335473;3020.030000000002;[44.28, 75.28, 30.83, 35.83, 20.53, 97.28, 60.28, 31.83, 79.28, 28.83, 123.28, 3.0, 24.53, 46.28, 42.28, 102.28, 19.53, 18.53, 44.28, 68.28, 123.28, 96.28, 123.28, 28.83, 4.83, 111.28, 13.32, 33.83, 123.28, 119.28, 64.28, 73.28, 100.28, 75.28, 55.28, 106.28, 11.89, 51.28, 76.28, 40.28, 46.28, 83.28, 45.28, 42.28, 65.28, 14.09, 103.28, 106.28, 44.28, 41.28];120.28;[2, 3, 1, 3, 1, 2, 1, 4, 1, 2, 3, 2, 1, 1, 1, 3, 2, 1, 1, 2, 1, 2];3;40;True
50;40;50;6;True;2000;1;0;0;0;0;0;0;116.83687710762024;11.458447694778442;30690.63007256833;25704.9774886372;2245.0506988643488;2740.56;[59.09, 31.67, 77.09, 87.04, 59.09, 91.04, 33.67, 55.09, 79.09, 18.79, 25.8, 36.67, 70.09, 57.09, 29.8, 8.31, 70.09, 31.67, 40.67, 121.04, 46.67, 38.67, 50.09, 16.75, 118.04, 103.04, 73.09, 25.8, 28.8, 19.79, 32.67, 72.09, 72.09, 124.04, 51.09, 50.09, 124.04, 24.8, 39.67, 66.09, 97.04, 21.79, 21.79, 41.67, 88.04, 32.67, 15.54, 14.54, 63.09, 84.09];115.73;[2, 1, 3, 2, 1, 1, 2, 5, 2, 4, 1, 1, 1, 2, 1, 3, 1, 1, 2, 1, 2, 1];4;40;True
60;40;60;1;True;2000;1;0;0;0;0;0;0;125.19242405891418;13.945061445236206;28660.468969553054;23286.462784688498;2354.162505136443;3019.799999999998;[61.31, 23.94, 27.99, 113.31, 66.31, 34.31, 35.31, 58.31, 49.31, 32.31, 12.31, 38.31, 102.31, 47.31, 62.31, 60.31, 16.68, 42.31, 60.31, 56.31, 53.31, 4.01, 52.31, 105.31, 39.31, 49.31, 22.69, 47.31, 28.99, 82.31, 52.31, 14.69, 36.31, 51.31, 50.31, 71.31, 92.31, 18.69, 22.69, 71.31, 23.69, 87.31, 24.99, 43.31, 22.69, 23.69, 23.69, 68.31, 127.31, 84.31, 26.99, 61.31, 33.31, 15.69, 54.31, 29.99, 131.31, 45.31, 94.31, 30.99];127.3;[2, 3, 1, 2, 1, 1, 3, 2, 2, 2, 2, 2, 2, 1, 2, 2, 4, 1, 2, 1, 2];3;40;True
60;40;60;2;True;2000;1;0;0;0;0;0;0;145.28028321266174;15.169963598251343;29024.851051933667;23601.713408211926;2549.219277885557;2873.690000000004;[29.63, 74.63, 61.63, 77.63, 28.63, 143.63, 25.63, 16.63, 15.63, 134.63, 21.63, 67.63, 17.63, 41.63, 29.63, 16.63, 12.52, 40.63, 60.63, 19.63, 87.63, 41.63, 46.63, 67.63, 69.63, 100.63, 21.63, 29.63, 20.63, 18.63, 88.63, 23.63, 51.63, 21.63, 47.63, 106.63, 157.63, 36.63, 15.63, 51.63, 31.63, 24.63, 38.63, 53.63, 28.63, 31.63, 29.63, 92.63, 46.63, 67.63, 36.63, 40.63, 51.63, 14.63, 74.63, 45.63, 60.63, 10.63, 17.63, 33.63];147.0;[1, 2, 4, 1, 2, 1, 1, 1, 1, 2, 2, 3, 2, 1, 2, 3, 1, 2, 1, 1, 1, 2, 3];3;40;True
60;40;60;3;True;2000;1;0;0;0;0;0;0;129.12564778327942;17.48768162727356;27608.457088138446;22488.577707282424;2284.343371093645;2835.5500000000006;[44.07, 48.21, 48.21, 59.21, 88.21, 18.3, 17.61, 41.99, 50.21, 41.99, 13.09, 26.52, 131.21, 36.99, 20.3, 31.99, 22.3, 52.21, 17.61, 67.21, 26.52, 45.07, 115.21, 20.3, 23.3, 21.3, 112.21, 14.82, 20.3, 131.21, 19.3, 63.21, 53.21, 72.21, 69.21, 35.99, 64.21, 34.99, 30.31, 43.99, 25.48, 60.21, 27.91, 21.3, 27.91, 22.3, 33.99, 76.21, 30.31, 17.61, 24.84, 14.82, 72.21, 50.21, 20.3, 131.21, 13.93, 131.21, 94.21, 45.07];118.12;[2, 1, 3, 1, 1, 1, 2, 1, 2, 3, 2, 2, 2, 3, 2, 1, 1, 1, 1, 3, 3, 1, 1];2;40;True
60;40;60;4;True;2000;1;0;0;0;0;0;0;117.96219658851624;10.595234870910645;28218.53551308799;22902.745611325376;2235.609035295718;3080.1599999999994;[15.89, 75.89, 13.81, 52.89, 65.89, 32.89, 121.89, 26.89, 16.89, 99.89, 12.82, 58.89, 15.89, 52.89, 89.89, 109.89, 70.89, 80.89, 37.89, 25.89, 94.89, 2.8, 23.89, 41.89, 18.89, 39.89, 63.89, 19.89, 47.89, 32.89, 57.89, 103.89, 89.89, 49.89, 59.89, 44.89, 44.89, 33.89, 51.89, 73.89, 38.89, 21.89, 85.89, 45.89, 65.89, 68.89, 36.89, 26.89, 65.89, 24.89, 44.89, 30.89, 94.89, 19.89, 87.89, 57.89, 40.89, 102.89, 26.89, 14.89];119.09;[1, 1, 3, 1, 2, 2, 1, 2, 1, 1, 2, 1, 2, 2, 1, 1, 1, 2, 1, 2, 1, 2, 2, 2, 2, 1];2;40;True
60;40;60;5;True;2000;1;0;0;0;0;0;0;92.64447951316833;12.757198333740234;26839.812808628445;21441.968405634037;2301.7761200478462;3096.059999999998;[44.16, 84.16, 31.16, 39.16, 18.39, 79.16, 49.16, 28.16, 67.16, 25.39, 59.16, 1.0, 21.39, 58.16, 43.16, 87.16, 16.76, 14.39, 39.16, 62.16, 97.16, 84.16, 97.16, 26.39, 3.0, 97.16, 10.4, 30.16, 97.16, 97.16, 42.16, 58.16, 88.16, 68.16, 59.16, 97.16, 9.25, 54.16, 65.16, 29.16, 32.16, 57.16, 31.16, 33.16, 52.16, 10.4, 96.16, 57.16, 95.16, 33.16, 48.16, 24.39, 82.16, 76.16, 18.39, 48.16, 54.16, 45.16, 28.16, 94.16];96.16;[2, 1, 1, 1, 1, 2, 1, 4, 2, 5, 1, 1, 1, 1, 1, 1, 1, 1, 1, 2, 3, 2, 1, 2, 1];4;40;True
60;40;60;6;True;2000;1;0;0;0;0;0;0;128.49590301513672;15.773996829986572;30836.68673252443;25517.712227584176;2347.7066212313543;2971.2599999999998;[52.41, 30.41, 74.41, 88.41, 44.41, 137.41, 32.41, 92.41, 117.41, 18.41, 25.41, 29.41, 133.41, 33.41, 28.41, 9.08, 62.41, 25.41, 32.41, 137.41, 35.41, 35.41, 42.41, 15.19, 94.41, 59.41, 49.41, 23.41, 27.41, 18.41, 30.41, 63.41, 37.41, 50.41, 47.41, 65.41, 39.41, 20.41, 24.41, 51.41, 137.41, 21.41, 20.41, 40.41, 129.41, 36.41, 15.19, 14.19, 30.41, 83.41, 56.41, 9.5, 12.19, 28.41, 57.41, 26.41, 137.41, 23.41, 38.41, 17.19];128.32999999999998;[3, 3, 2, 2, 2, 2, 2, 1, 2, 1, 3, 4, 1, 1, 1, 1, 1, 2, 1, 1, 1, 2, 1];3;40;True
70;40;70;1;True;2000;1;0;0;0;0;0;0;87.47508668899536;16.254865407943726;28597.835637139924;23396.08038209465;2386.3991065301266;2815.269999999996;[58.49, 22.33, 26.33, 66.49, 52.49, 30.49, 32.49, 66.49, 48.49, 28.49, 11.76, 33.49, 59.49, 45.49, 55.49, 66.49, 16.33, 39.49, 54.49, 48.49, 50.49, 4.07, 48.49, 66.49, 38.49, 44.49, 22.33, 66.49, 26.49, 36.49, 48.49, 14.33, 32.49, 66.49, 38.49, 60.49, 34.49, 17.33, 21.33, 54.49, 23.33, 66.49, 23.33, 34.49, 21.33, 22.33, 22.33, 59.49, 66.49, 66.49, 25.33, 48.49, 36.49, 15.33, 47.49, 27.49, 66.49, 31.49, 66.49, 28.49, 35.49, 30.49, 60.49, 64.49, 23.33, 49.49, 29.49, 22.33, 17.33, 26.33];62.419999999999995;[2, 3, 1, 2, 1, 1, 1, 1, 1, 3, 2, 1, 3, 2, 1, 1, 2, 3, 3, 2, 1, 2, 1];2;40;True
70;40;70;2;True;2000;1;0;0;0;0;0;0;145.90545344352722;18.837247133255005;29879.17301183941;24400.23758019239;2619.2906097231407;2859.900000000004;[27.51, 93.51, 132.51, 25.51, 25.51, 97.51, 19.51, 12.51, 12.51, 59.51, 17.51, 50.51, 14.51, 38.51, 24.51, 14.51, 11.51, 37.51, 51.51, 13.51, 54.51, 54.51, 26.51, 63.51, 123.51, 64.51, 15.51, 23.51, 15.51, 17.51, 59.51, 18.51, 40.51, 17.51, 80.51, 72.51, 135.51, 34.51, 14.51, 34.51, 25.51, 19.51, 32.51, 40.51, 22.51, 29.51, 22.51, 97.51, 28.51, 47.51, 33.51, 26.51, 37.51, 13.51, 71.51, 49.51, 37.51, 10.51, 14.51, 24.51, 20.51, 46.51, 29.51, 119.51, 40.51, 35.51, 67.51, 20.51, 37.51, 9.71];125.79999999999998;[1, 3, 3, 1, 1, 1, 1, 1, 2, 1, 2, 1, 2, 1, 3, 1, 1, 1, 1, 5, 4, 1, 1, 1];4;40;True
70;40;70;3;True;2000;1;0;0;0;0;0;0;120.15068626403809;23.266720056533813;27284.083972607696;22452.23633068826;2242.7163241804683;2589.009999999999;[34.27, 46.27, 51.27, 64.27, 63.27, 11.41, 10.41, 41.27, 54.27, 39.27, 10.41, 20.27, 108.27, 32.27, 15.41, 30.27, 18.27, 26.27, 11.41, 60.27, 16.27, 49.27, 76.27, 13.41, 16.27, 15.41, 84.27, 13.41, 17.27, 108.27, 15.41, 48.27, 82.27, 74.27, 53.27, 32.27, 36.27, 26.27, 26.27, 40.27, 21.27, 57.27, 19.27, 14.41, 25.27, 17.27, 27.27, 77.27, 26.27, 12.41, 20.27, 8.41, 49.27, 44.27, 15.41, 108.27, 7.41, 108.27, 84.27, 43.27, 48.27, 35.27, 21.27, 2.41, 5.41, 24.27, 30.27, 23.27, 2.0, 15.41];106.27;[1, 1, 1, 4, 1, 1, 1, 1, 3, 1, 2, 1, 2, 2, 1, 2, 1, 1, 2, 1, 1, 3, 2, 1, 2, 1];3;40;True
70;40;70;4;True;2000;1;0;0;0;0;0;0;109.78800630569458;19.64865207672119;29080.78996839251;23076.148867978463;2315.8989869537386;3688.570000000002;[14.2, 86.98, 12.28, 55.98, 69.98, 82.98, 42.98, 32.67, 16.13, 99.98, 12.28, 63.98, 13.34, 54.98, 91.98, 38.98, 58.98, 85.98, 36.53, 33.67, 43.98, 2.32, 28.66, 38.98, 20.88, 41.98, 71.98, 18.88, 50.98, 35.67, 70.98, 109.98, 109.98, 42.98, 81.98, 61.98, 45.98, 32.67, 47.98, 77.98, 57.98, 21.88, 109.98, 65.98, 75.98, 86.98, 41.98, 28.06, 82.98, 27.06, 59.98, 35.67, 100.98, 17.88, 82.98, 61.98, 43.98, 102.98, 29.67, 13.34, 11.36, 18.88, 44.98, 16.96, 49.98, 93.98, 61.98, 51.98, 109.98, 38.53];107.66000000000001;[2, 3, 1, 1, 1, 1, 2, 2, 3, 2, 1, 1, 2, 1, 1, 3, 1, 1, 2, 1, 2, 1, 1, 1, 1, 2];2;40;True
70;40;70;5;True;2000;1;0;0;0;0;0;0;111.93735241889954;19.302534341812134;27521.043034462506;21614.87628252906;2318.2013122660646;3588.0699999999956;[42.22, 56.22, 25.18, 39.22, 17.52, 62.22, 57.22, 26.18, 61.22, 20.18, 67.22, 1.0, 19.18, 31.18, 36.18, 102.22, 14.51, 12.64, 48.22, 60.22, 86.22, 60.22, 113.22, 23.07, 3.0, 111.22, 10.48, 29.18, 113.22, 113.22, 40.22, 57.22, 100.22, 33.18, 46.22, 112.22, 9.48, 42.22, 99.22, 24.18, 28.18, 75.22, 25.18, 28.18, 57.22, 9.48, 99.22, 47.22, 110.22, 28.18, 45.22, 23.07, 77.22, 77.22, 17.52, 46.22, 65.22, 35.18, 24.18, 78.22, 113.22, 27.18, 69.22, 55.22, 52.22, 32.18, 59.22, 75.22, 39.22, 40.22];112.22;[2, 1, 1, 1, 1, 2, 1, 2, 1, 2, 3, 1, 1, 3, 1, 2, 1, 2, 1, 1, 2, 1, 3, 1, 3];2;40;True
70;40;70;6;True;2000;1;0;0;0;0;0;0;123.10972690582275;19.66837167739868;30959.717873435035;25502.852030531034;2326.2347830386957;3130.7599999999984;[43.06, 30.09, 67.06, 98.06, 45.06, 121.06, 32.19, 84.06, 119.06, 18.47, 25.41, 27.41, 101.06, 36.25, 28.41, 8.08, 50.06, 27.41, 30.09, 121.06, 35.25, 36.25, 53.06, 14.09, 81.06, 44.06, 48.06, 23.36, 27.41, 18.47, 32.09, 62.06, 41.06, 60.06, 43.06, 50.06, 41.06, 20.45, 25.41, 55.06, 92.06, 20.45, 20.45, 41.06, 99.06, 36.25, 12.54, 12.26, 31.09, 82.06, 64.06, 8.85, 10.56, 28.41, 43.06, 27.41, 121.06, 24.36, 39.63, 16.47, 23.36, 21.45, 24.41, 24.36, 28.41, 73.06, 36.96, 47.06, 56.06, 39.63];112.98;[3, 4, 3, 3, 2, 1, 1, 1, 2, 1, 3, 2, 2, 1, 1, 2, 1, 1, 1, 2, 1, 1, 1];3;40;True
80;40;80;1;True;2000;1;0;0;0;0;0;0;122.75627255439758;28.812088012695312;29279.257743245304;23764.275708138714;2332.908807388636;3181.839999999995;[68.62, 12.47, 17.74, 105.62, 51.62, 24.62, 25.62, 106.62, 42.62, 21.62, 10.06, 27.62, 80.62, 37.62, 61.62, 69.62, 8.72, 22.62, 58.62, 28.62, 46.62, 3.35, 37.62, 65.62, 39.62, 42.62, 14.47, 106.62, 17.74, 30.62, 43.62, 7.72, 26.62, 36.62, 33.62, 78.62, 27.62, 8.72, 11.06, 78.62, 19.62, 49.62, 14.47, 43.62, 11.06, 15.47, 14.47, 98.62, 95.62, 102.62, 15.47, 66.62, 23.62, 7.72, 44.62, 19.62, 106.62, 22.62, 99.62, 22.62, 25.62, 23.62, 57.62, 75.62, 16.47, 44.62, 19.62, 16.47, 8.86, 17.74, 20.62, 72.62, 51.62, 11.43, 4.08, 52.62, 56.62, 24.62, 27.62, 18.74];103.27000000000001;[3, 3, 3, 2, 1, 2, 2, 1, 1, 1, 2, 1, 2, 3, 1, 1, 4, 2, 1, 1, 1, 1, 1];3;40;True
80;40;80;2;True;2000;1;0;0;0;0;0;0;121.70434188842773;26.940879344940186;29907.09378040235;24022.743420706513;2560.841690675068;3323.5499999999997;[29.25, 71.66, 105.66, 31.25, 27.25, 105.66, 22.25, 15.86, 15.86, 59.66, 19.25, 83.66, 16.86, 40.23, 29.25, 16.86, 11.96, 31.25, 58.66, 17.25, 80.66, 52.66, 30.25, 79.66, 77.66, 43.66, 19.25, 28.25, 18.25, 18.25, 105.66, 23.25, 41.66, 20.25, 49.66, 50.66, 105.66, 37.23, 15.86, 37.23, 42.66, 23.25, 36.23, 48.66, 28.25, 31.25, 28.25, 70.66, 32.25, 66.66, 34.23, 39.23, 39.23, 13.86, 70.66, 54.66, 48.66, 10.96, 16.86, 29.25, 23.25, 47.66, 32.25, 105.66, 42.66, 37.23, 68.66, 21.25, 40.23, 10.38, 32.25, 49.66, 55.66, 14.86, 55.66, 16.86, 30.25, 54.66, 33.25, 40.23];95.28;[2, 1, 5, 1, 1, 1, 2, 1, 1, 5, 3, 3, 1, 1, 3, 1, 1, 2, 1, 1, 1, 1, 1];4;40;True
80;40;80;3;True;2000;1;0;0;0;0;0;0;110.62020587921143;27.976459980010986;27655.47192874313;22593.080360701675;2295.5669251472827;2766.5499999999984;[35.54, 36.54, 42.54, 39.54, 57.54, 13.3, 12.56, 39.54, 85.54, 41.54, 11.56, 22.93, 82.54, 31.54, 16.93, 23.93, 18.93, 17.93, 12.56, 60.54, 18.93, 38.54, 85.54, 14.93, 18.93, 16.93, 56.54, 14.3, 18.93, 85.54, 16.93, 69.54, 41.54, 48.54, 51.54, 33.54, 39.54, 26.93, 29.54, 41.54, 22.93, 58.54, 22.93, 16.93, 25.93, 18.93, 29.54, 47.54, 27.93, 13.23, 21.93, 9.88, 64.54, 47.54, 16.93, 85.54, 9.22, 85.54, 75.54, 60.54, 57.54, 36.54, 38.54, 3.41, 6.96, 26.93, 32.54, 23.93, 2.0, 16.93, 13.3, 15.93, 12.56, 36.54, 23.93, 32.54, 49.54, 55.54, 19.93, 27.93];83.54;[1, 1, 1, 3, 1, 1, 3, 3, 2, 2, 6, 1, 1, 1, 1, 1, 1, 2, 1, 3, 1, 1, 1, 1];5;40;True
80;40;80;4;True;2000;1;0;0;0;0;0;0;103.89889025688171;20.84017324447632;28668.36517873318;22868.19134000427;2216.704566080396;3583.5600000000036;[13.47, 61.15, 11.35, 59.15, 68.15, 78.15, 34.15, 29.15, 15.43, 59.15, 11.47, 62.15, 13.47, 57.15, 73.15, 48.15, 42.15, 56.15, 35.15, 28.15, 48.15, 2.05, 25.15, 35.15, 17.91, 39.15, 65.15, 18.63, 40.15, 33.15, 84.15, 34.15, 81.15, 51.15, 59.15, 81.15, 43.15, 28.15, 44.15, 92.15, 43.15, 20.9, 80.15, 42.15, 69.15, 51.15, 33.15, 26.15, 33.15, 24.9, 41.15, 31.15, 82.15, 16.97, 84.15, 58.15, 41.15, 91.15, 27.15, 13.47, 11.35, 17.63, 34.15, 16.06, 32.15, 75.15, 53.15, 85.15, 30.15, 36.15, 35.15, 75.15, 39.15, 33.15, 25.15, 37.15, 94.15, 44.15, 94.15, 24.9];92.10000000000001;[2, 1, 2, 1, 1, 1, 1, 1, 1, 1, 3, 1, 1, 1, 1, 2, 1, 1, 2, 4, 4, 3, 2, 2];3;40;True
80;40;80;5;True;2000;1;0;0;0;0;0;0;116.15361213684082;19.713497400283813;27148.212190947477;21573.43612706307;2373.8429435018734;3201.1999999999957;[37.72, 41.72, 19.72, 25.72, 15.72, 56.72, 37.72, 24.72, 55.72, 15.72, 53.72, 1.0, 16.72, 25.72, 23.72, 88.72, 11.72, 10.72, 35.72, 55.72, 57.72, 53.72, 101.72, 19.72, 3.0, 74.72, 8.16, 26.72, 101.72, 98.72, 21.72, 50.72, 63.72, 28.72, 41.72, 76.72, 7.16, 40.72, 96.72, 19.72, 25.72, 39.72, 18.72, 23.72, 26.72, 8.16, 94.72, 36.72, 59.72, 23.72, 29.72, 20.72, 51.72, 64.72, 13.72, 41.72, 46.72, 24.72, 19.72, 60.72, 93.72, 19.72, 71.72, 72.72, 44.72, 28.72, 54.72, 42.72, 29.72, 35.72, 31.72, 58.72, 36.72, 37.72, 40.72, 2.0, 25.72, 46.72, 8.16, 38.72];100.72;[2, 1, 1, 1, 1, 1, 4, 1, 2, 2, 1, 1, 1, 2, 2, 2, 1, 1, 1, 1, 1, 3, 2, 3, 1, 1];3;40;True
80;40;80;6;True;2000;1;0;0;0;0;0;0;129.2140212059021;28.780526876449585;31406.438298135876;26222.736663166193;2288.52066489725;2895.139999999995;[34.62, 27.62, 43.62, 88.62, 36.62, 36.62, 28.62, 51.62, 74.62, 15.62, 21.62, 24.62, 84.62, 32.62, 25.62, 7.0, 40.62, 20.62, 26.62, 107.62, 28.62, 31.62, 58.62, 11.04, 48.62, 107.62, 51.62, 18.62, 24.62, 13.62, 24.62, 74.62, 28.62, 45.62, 37.62, 56.62, 31.62, 14.62, 17.62, 50.62, 69.62, 18.62, 16.62, 37.62, 21.62, 25.62, 9.0, 8.0, 24.62, 74.62, 89.62, 8.0, 8.0, 25.62, 40.62, 20.62, 88.62, 19.62, 33.62, 12.62, 16.62, 18.62, 16.62, 19.62, 19.62, 75.62, 26.62, 41.62, 104.62, 35.62, 61.62, 33.62, 2.0, 20.62, 17.62, 11.04, 12.62, 62.62, 27.62, 11.04];105.62;[3, 3, 2, 1, 1, 1, 3, 4, 1, 1, 3, 1, 1, 1, 1, 1, 4, 1, 3, 3, 1];3;40;True
90;40;90;1;True;2000;1;0;0;0;0;0;0;100.90470933914185;36.700581073760986;29304.56482422689;23709.471365353664;2400.020882788219;3195.1099999999997;[55.87, 14.94, 19.94, 69.87, 39.94, 23.94, 25.94, 73.87, 46.87, 21.94, 10.33, 26.94, 73.87, 29.94, 49.87, 61.87, 10.33, 22.94, 51.87, 24.94, 47.87, 3.31, 51.87, 35.94, 21.94, 42.87, 16.94, 68.87, 18.94, 37.94, 47.87, 9.33, 25.94, 35.94, 32.94, 63.87, 26.94, 10.33, 13.94, 62.87, 20.94, 51.87, 16.94, 53.87, 12.94, 16.94, 15.94, 73.87, 73.87, 59.87, 16.94, 64.87, 24.94, 10.33, 44.87, 19.94, 64.87, 20.94, 73.87, 22.94, 24.94, 23.94, 58.87, 73.87, 17.94, 44.87, 19.94, 17.94, 11.33, 18.94, 18.94, 61.87, 33.94, 13.94, 4.02, 51.87, 52.87, 23.94, 40.94, 19.94, 31.94, 73.87, 73.87, 23.94, 47.87, 8.98, 15.94, 12.93, 34.94, 41.94];70.56;[1, 3, 4, 1, 1, 1, 1, 1, 1, 1, 4, 2, 1, 2, 1, 2, 1, 3, 1, 1, 2, 2, 3];3;40;True
90;40;90;2;True;2000;1;0;0;0;0;0;0;143.64613914489746;40.86908960342407;31235.94164844838;24867.75891146533;2592.8804328143146;3775.2400000000002;[28.73, 67.35, 119.35, 29.73, 26.73, 106.35, 21.73, 14.73, 14.17, 49.0, 19.73, 54.0, 16.73, 40.0, 27.73, 14.73, 10.9, 30.73, 52.0, 17.73, 103.35, 54.0, 29.73, 100.35, 119.35, 63.0, 18.73, 27.73, 18.73, 17.73, 82.35, 22.73, 39.0, 19.73, 44.0, 94.35, 82.35, 36.0, 14.73, 37.0, 49.0, 22.73, 35.0, 54.0, 26.73, 30.73, 26.73, 102.35, 31.73, 51.0, 32.0, 37.0, 42.0, 12.79, 41.0, 44.0, 41.0, 10.63, 15.73, 27.73, 22.73, 44.0, 31.73, 119.35, 47.0, 36.0, 82.35, 20.73, 40.0, 9.8, 30.73, 67.35, 55.0, 13.33, 58.0, 15.73, 28.73, 54.0, 33.0, 40.0, 38.0, 60.0, 19.73, 23.73, 73.35, 38.0, 23.73, 50.0, 14.17, 64.0];109.55;[2, 2, 3, 1, 1, 1, 3, 1, 2, 3, 2, 2, 1, 3, 3, 1, 1, 3, 1, 2, 1, 1];2;40;True
90;40;90;3;True;2000;1;0;0;0;0;0;0;114.93221497535706;26.789947032928467;27704.744000094517;22162.912980236128;2353.1648364518055;3188.7699999999995;[31.96, 35.81, 43.81, 51.81, 38.81, 17.34, 16.34, 38.81, 49.81, 39.81, 12.99, 25.96, 94.81, 32.81, 19.96, 26.96, 21.96, 21.96, 16.34, 55.81, 22.96, 39.81, 81.81, 19.96, 22.96, 19.96, 55.81, 14.72, 20.96, 87.81, 18.96, 46.81, 41.81, 94.81, 41.81, 35.81, 42.81, 30.96, 28.96, 42.81, 24.96, 59.81, 25.96, 20.96, 27.96, 21.96, 31.96, 50.81, 30.96, 17.34, 24.96, 14.92, 31.96, 51.81, 19.96, 72.81, 13.72, 49.81, 94.81, 39.81, 73.81, 38.81, 27.96, 3.6, 7.09, 29.96, 35.81, 26.96, 2.0, 18.96, 17.96, 20.96, 17.34, 38.81, 27.96, 33.81, 38.81, 55.81, 22.96, 29.96, 15.23, 74.81, 66.81, 20.96, 35.81, 12.99, 44.81, 36.81, 45.81, 31.96];92.81;[3, 2, 1, 1, 4, 2, 1, 2, 2, 1, 1, 1, 1, 1, 1, 1, 1, 2, 2, 3, 1, 1, 1, 3, 1];3;40;True
90;40;90;4;True;2000;1;0;0;0;0;0;0;127.62183618545532;34.919007778167725;29018.80687698619;23408.30102632796;2237.8043040413204;3372.7899999999972;[10.34, 78.83, 10.34, 48.83, 61.83, 24.83, 32.83, 17.83, 14.83, 52.83, 9.34, 55.83, 9.34, 36.83, 63.83, 18.83, 45.83, 53.83, 22.83, 17.83, 84.83, 2.12, 14.83, 28.83, 11.34, 35.83, 27.83, 17.83, 34.83, 26.83, 49.83, 26.83, 70.83, 24.83, 40.83, 72.83, 37.83, 17.83, 36.83, 104.83, 37.83, 18.83, 90.83, 23.83, 30.83, 40.83, 21.83, 21.83, 22.83, 18.83, 24.83, 23.83, 51.83, 12.83, 95.83, 42.83, 36.83, 25.83, 20.83, 12.34, 10.34, 14.83, 83.83, 11.34, 25.83, 66.83, 71.83, 82.83, 63.83, 31.83, 31.83, 68.83, 35.83, 22.83, 15.83, 44.83, 56.83, 34.83, 104.83, 17.83, 58.83, 63.83, 56.83, 14.83, 52.83, 17.83, 8.04, 40.83, 16.83, 12.34];102.71;[3, 1, 2, 1, 3, 1, 1, 2, 3, 1, 1, 2, 1, 2, 2, 1, 5, 1, 1, 2, 3, 1];4;40;True
90;40;90;5;True;2000;1;0;0;0;0;0;0;110.3114378452301;31.963382720947266;27978.504153381466;21855.542359230738;2387.7412039198102;3735.519999999994;[39.37, 89.45, 22.37, 28.37, 15.37, 57.45, 46.45, 25.37, 56.45, 18.37, 40.37, 1.0, 16.37, 27.37, 28.37, 73.45, 9.88, 9.36, 29.37, 56.45, 69.45, 55.45, 93.45, 21.37, 3.0, 86.45, 7.72, 27.37, 93.45, 93.45, 24.37, 49.45, 93.45, 29.37, 42.45, 93.45, 7.72, 33.37, 70.45, 22.37, 26.37, 50.45, 21.37, 25.37, 28.37, 7.72, 73.45, 32.37, 28.37, 24.37, 29.37, 21.37, 58.45, 71.45, 13.37, 43.45, 34.37, 24.37, 22.37, 64.45, 80.45, 22.37, 60.45, 56.45, 45.45, 29.37, 55.45, 55.45, 41.37, 36.37, 28.37, 59.45, 29.37, 38.37, 41.37, 2.0, 28.37, 38.37, 7.72, 39.37, 93.45, 78.45, 56.45, 4.0, 28.37, 82.45, 93.45, 32.37, 19.37, 41.37];92.45;[1, 1, 1, 1, 2, 1, 4, 2, 2, 1, 2, 1, 1, 2, 1, 2, 1, 1, 1, 1, 2, 3, 3, 2, 1];3;40;True
90;40;90;6;True;2000;1;0;0;0;0;0;0;125.33621311187744;29.07218027114868;31175.900953850996;25991.188272144584;2348.2951556147573;2836.37;[30.89, 26.56, 58.14, 76.14, 33.89, 46.89, 27.89, 44.89, 67.14, 13.9, 20.56, 22.56, 44.89, 31.89, 24.56, 5.97, 42.89, 18.9, 24.56, 24.56, 28.89, 30.89, 34.89, 8.79, 50.89, 34.89, 39.89, 17.9, 23.56, 11.9, 23.56, 36.89, 25.56, 42.89, 39.89, 30.89, 38.89, 12.9, 16.9, 41.89, 72.14, 17.9, 15.9, 36.89, 20.56, 25.56, 7.79, 7.55, 24.56, 95.14, 54.14, 8.79, 6.0, 24.56, 35.89, 18.9, 80.14, 17.9, 33.89, 10.9, 14.9, 16.9, 15.9, 18.9, 18.9, 92.14, 25.56, 62.14, 95.14, 35.89, 68.14, 29.89, 2.0, 20.56, 15.9, 8.79, 9.98, 23.56, 26.56, 8.79, 44.89, 59.14, 66.14, 22.56, 20.56, 34.89, 13.9, 7.55, 8.79, 51.89];93.14;[2, 5, 3, 1, 1, 1, 1, 2, 1, 2, 1, 1, 1, 3, 1, 4, 1, 3, 2, 2, 2];4;40;True
100;40;100;1;True;2000;1;0;0;0;0;0;0;128.634859085083;49.05091714859009;30388.11138391215;24382.425489361456;2377.956008138234;3627.7899999999972;[49.06, 15.69, 20.95, 57.06, 37.1, 26.1, 27.1, 72.06, 44.06, 23.1, 11.57, 29.1, 83.06, 33.1, 49.06, 50.06, 11.57, 22.1, 68.06, 27.1, 48.06, 3.57, 37.1, 31.1, 24.1, 43.06, 17.69, 27.1, 19.95, 31.1, 39.1, 9.79, 28.1, 29.1, 35.1, 94.06, 28.1, 12.36, 15.69, 59.06, 20.95, 93.06, 16.69, 42.06, 14.69, 17.95, 17.69, 52.06, 79.06, 44.06, 17.95, 94.06, 26.1, 10.79, 45.06, 21.85, 42.06, 22.1, 89.06, 24.1, 26.1, 25.1, 58.06, 48.06, 18.95, 47.06, 21.85, 18.95, 13.03, 19.95, 20.95, 68.06, 33.1, 15.69, 4.41, 53.06, 57.06, 26.1, 45.06, 21.85, 27.1, 77.06, 94.06, 25.1, 59.06, 10.79, 16.69, 13.69, 62.06, 40.1, 14.69, 9.36, 11.57, 94.06, 13.03, 44.06, 35.1, 94.06, 21.85, 40.1];90.49000000000001;[1, 1, 3, 3, 1, 2, 1, 3, 4, 2, 2, 1, 1, 3, 1, 2, 1, 2, 4, 2];3;40;True
100;40;100;2;True;2000;1;0;0;0;0;0;0;152.9630126953125;45.69541692733765;32049.932904525012;24594.561821565705;2572.3572091417514;4882.9599999999955;[30.85, 76.45, 76.45, 41.45, 30.85, 126.45, 27.01, 20.91, 20.19, 55.45, 23.16, 90.45, 21.16, 45.45, 40.45, 19.19, 14.01, 42.45, 57.45, 22.16, 108.45, 48.45, 37.27, 97.45, 123.45, 66.45, 24.01, 37.27, 22.16, 20.19, 110.45, 29.85, 64.45, 24.01, 55.45, 65.45, 59.45, 40.45, 17.23, 41.45, 64.45, 30.85, 44.45, 53.45, 36.6, 39.27, 35.6, 102.45, 40.27, 53.45, 43.45, 44.45, 51.45, 16.01, 56.45, 47.45, 50.45, 12.01, 20.91, 35.6, 27.85, 53.45, 36.6, 136.45, 49.45, 40.27, 75.45, 24.01, 44.45, 11.02, 42.45, 63.45, 61.45, 19.19, 87.45, 21.16, 39.27, 60.45, 36.6, 43.45, 49.45, 64.45, 24.01, 25.77, 74.45, 43.45, 31.85, 56.45, 17.23, 65.45, 55.45, 102.45, 39.27, 19.19, 51.45, 59.45, 88.45, 36.6, 109.45, 40.27];125.42999999999999;[1, 2, 3, 1, 2, 1, 3, 1, 2, 1, 2, 1, 1, 3, 1, 1, 1, 1, 4, 1, 2, 1, 2, 2];3;40;True
100;40;100;3;True;2000;1;0;0;0;0;0;0;117.0311267375946;39.80976366996765;28193.5164610945;22563.22520526551;2342.127185489001;3288.429999999995;[28.97, 31.97, 41.97, 36.97, 49.97, 16.47, 15.47, 37.97, 45.97, 38.97, 12.57, 23.97, 85.97, 30.97, 18.97, 24.97, 20.97, 19.97, 16.47, 50.97, 20.97, 37.97, 72.97, 17.97, 20.97, 19.97, 68.97, 14.47, 19.97, 85.97, 17.97, 42.97, 39.97, 85.97, 49.97, 33.97, 39.97, 26.97, 23.97, 41.97, 23.97, 57.97, 22.97, 18.97, 26.97, 20.97, 29.97, 46.97, 28.97, 16.47, 23.97, 12.57, 29.97, 43.97, 18.97, 56.97, 11.57, 48.97, 85.97, 42.97, 44.97, 37.97, 22.97, 3.03, 8.57, 26.97, 32.97, 23.97, 1.0, 18.97, 16.47, 18.97, 16.47, 35.97, 23.97, 30.97, 34.97, 47.97, 19.97, 25.97, 14.47, 85.97, 85.97, 18.97, 32.97, 12.57, 42.97, 31.97, 43.97, 27.97, 63.97, 57.97, 23.97, 38.97, 8.21, 12.57, 21.97, 23.97, 24.97, 16.47];84.97;[1, 3, 1, 2, 3, 2, 1, 3, 1, 3, 2, 1, 1, 1, 1, 2, 2, 2, 4, 1, 1, 1, 1];3;40;True
100;40;100;4;True;2000;1;0;0;0;0;0;0;111.19175243377686;32.19298338890076;29124.15528132146;22984.638055709078;2239.905858712097;3899.7399999999952;[10.79, 63.37, 10.48, 52.14, 65.37, 66.37, 34.22, 23.18, 15.24, 76.37, 9.76, 74.37, 10.79, 33.22, 59.37, 66.37, 41.22, 53.14, 25.35, 20.18, 49.14, 1.91, 17.16, 33.22, 12.85, 37.22, 34.22, 18.16, 37.22, 28.22, 57.37, 30.22, 76.37, 31.22, 66.37, 47.22, 41.22, 21.18, 42.22, 69.37, 41.22, 19.16, 76.37, 32.22, 52.14, 53.14, 31.22, 22.18, 26.22, 20.16, 29.22, 26.22, 58.37, 14.24, 67.37, 52.14, 39.22, 32.22, 22.18, 11.82, 10.48, 15.24, 76.37, 12.38, 24.35, 63.37, 53.14, 87.37, 23.18, 34.22, 33.22, 70.37, 37.22, 29.22, 17.16, 32.22, 56.14, 47.22, 84.37, 19.16, 57.37, 74.37, 74.37, 15.24, 56.14, 21.18, 6.71, 42.22, 20.18, 12.38, 90.37, 23.18, 30.22, 15.57, 59.37, 16.96, 31.22, 20.16, 25.35, 90.37];88.46000000000001;[3, 1, 3, 1, 1, 2, 1, 1, 2, 1, 2, 1, 2, 1, 3, 3, 2, 1, 4, 1, 2, 2];3;40;True
100;40;100;5;True;2000;1;0;0;0;0;0;0;104.74210524559021;28.306522130966187;28798.451811402392;21472.390427444807;2363.49075503401;4962.880000000004;[43.59, 84.59, 28.65, 35.47, 17.36, 64.59, 54.59, 27.07, 64.59, 23.79, 51.59, 1.0, 19.83, 34.47, 36.02, 83.59, 14.54, 12.54, 50.59, 63.59, 65.59, 64.59, 96.59, 25.7, 3.0, 87.59, 10.64, 29.65, 96.59, 96.59, 35.47, 58.59, 89.59, 38.02, 48.59, 96.59, 10.64, 51.59, 82.59, 27.55, 29.65, 50.59, 29.65, 31.47, 38.02, 9.64, 49.59, 55.59, 52.59, 30.74, 48.59, 23.79, 90.59, 60.59, 18.0, 50.59, 42.59, 33.47, 26.7, 67.59, 89.59, 30.74, 70.59, 54.59, 53.59, 34.47, 62.59, 68.59, 40.59, 42.59, 40.59, 70.59, 38.59, 44.59, 46.59, 2.0, 37.02, 43.59, 10.64, 43.59, 96.59, 88.59, 64.59, 4.13, 32.47, 69.59, 96.59, 40.59, 25.7, 44.59, 41.59, 82.59, 96.59, 76.59, 44.59, 96.59, 67.59, 76.59, 66.59, 56.59];95.59;[1, 1, 2, 1, 1, 1, 1, 4, 1, 1, 1, 1, 2, 1, 1, 1, 1, 1, 3, 2, 1, 2, 1, 2, 2, 1, 1, 2];3;40;True
100;40;100;6;True;2000;1;0;0;0;0;0;0;104.13070344924927;35.96079182624817;31788.877270919675;25786.42857291918;2313.580818393221;3688.7900000000004;[36.17, 30.17, 70.79, 56.79, 38.17, 56.79, 32.17, 52.79, 76.79, 18.44, 25.03, 27.16, 43.17, 45.79, 28.31, 8.85, 44.17, 26.16, 29.31, 33.17, 33.17, 35.17, 40.17, 14.6, 56.79, 72.79, 39.17, 23.03, 28.16, 18.66, 30.17, 42.17, 36.17, 44.79, 43.17, 37.17, 53.79, 21.94, 25.03, 49.79, 76.79, 20.66, 20.66, 40.17, 28.16, 31.17, 12.95, 12.58, 27.16, 76.79, 49.79, 9.85, 10.85, 28.31, 44.17, 26.16, 76.79, 25.03, 43.17, 17.6, 22.94, 21.94, 24.03, 25.03, 26.16, 69.79, 32.17, 46.79, 76.79, 39.17, 59.79, 34.17, 2.8, 27.16, 24.03, 15.6, 17.6, 32.17, 33.17, 15.6, 49.79, 56.79, 56.79, 29.31, 28.16, 41.17, 23.03, 12.58, 15.6, 61.79, 18.44, 67.79, 6.85, 56.79, 28.16, 57.79, 76.79, 55.79, 47.79, 45.79];73.99000000000001;[3, 1, 3, 2, 1, 1, 3, 1, 1, 2, 1, 1, 4, 1, 3, 2, 1, 2, 1, 1, 1, 3, 1];3;40;True
50;50;50;1;True;2000;1;0;0;0;0;0;0;90.16199493408203;15.333792209625244;35565.45821027241;29685.80843406331;2764.3812539753008;3115.1399999999976;[83.2, 52.85, 35.47, 83.2, 83.2, 52.85, 47.85, 83.2, 72.85, 33.47, 12.98, 66.85, 83.2, 59.85, 76.85, 70.85, 25.47, 83.2, 83.2, 83.2, 83.2, 4.1, 83.2, 55.85, 83.2, 73.85, 35.47, 83.2, 61.85, 83.2, 74.85, 15.98, 62.85, 83.2, 55.85, 83.2, 83.2, 19.48, 35.47, 83.2, 47.85, 83.2, 38.66, 69.85, 28.47, 40.66, 38.66, 83.2, 83.2, 83.2];79.10000000000001;[2, 1, 1, 1, 2, 4, 2, 1, 1, 2, 2, 2, 1, 1, 1, 1, 2, 2, 1, 1, 2, 2, 2, 1, 1, 3, 1, 1, 1, 1, 3, 1];3;50;True
50;50;50;2;True;2000;1;0;0;0;0;0;0;148.83399558067322;15.605017900466919;37686.95585492496;30907.861444102353;3083.817290241157;3695.389999999999;[67.18, 95.48, 99.48, 73.2, 49.89, 159.48, 47.89, 30.14, 20.37, 86.48, 40.11, 140.48, 50.89, 154.48, 53.03, 35.11, 12.48, 131.48, 96.48, 26.46, 118.48, 67.18, 62.27, 99.48, 88.48, 71.2, 35.11, 62.45, 30.14, 26.16, 137.48, 35.11, 90.48, 51.89, 105.48, 112.48, 112.48, 78.48, 16.37, 68.18, 62.27, 42.89, 74.2, 89.48, 67.18, 59.98, 58.98, 120.48, 78.48, 101.48];147.0;[1, 2, 5, 1, 3, 2, 2, 1, 3, 2, 1, 2, 1, 1, 1, 1, 1, 5, 1, 1, 1, 3, 2, 1, 1, 3, 1, 1];4;50;True
50;50;50;3;True;2000;1;0;0;0;0;0;0;133.86283040046692;12.923452854156494;33590.07996496216;27784.61946126075;2845.2972558191686;2960.16;[58.75, 50.75, 68.75, 117.75, 126.75, 27.75, 26.75, 58.75, 132.75, 63.75, 14.11, 40.75, 106.75, 52.75, 33.75, 55.75, 28.75, 54.75, 28.75, 117.75, 41.75, 64.75, 82.75, 31.75, 33.75, 39.75, 77.75, 15.05, 21.75, 101.75, 23.75, 79.75, 84.75, 94.75, 98.75, 55.75, 93.75, 49.75, 58.75, 46.75, 41.75, 74.75, 56.75, 37.75, 36.75, 35.75, 61.75, 82.75, 47.75, 20.75];118.64;[2, 1, 3, 2, 1, 1, 1, 1, 4, 4, 2, 1, 1, 3, 3, 3, 1, 6, 1, 2, 1, 1, 1, 3, 1];5;50;True
50;50;50;4;True;2000;1;0;0;0;0;0;0;129.4514057636261;13.27754020690918;36026.62721149898;29419.168891040175;2734.438283309876;3873.1700000000023;[30.83, 101.09, 12.0, 73.09, 117.09, 140.09, 62.09, 59.09, 34.83, 122.09, 29.83, 92.09, 38.83, 66.09, 140.09, 77.09, 100.09, 107.09, 77.09, 76.09, 91.09, 15.25, 49.02, 66.09, 40.66, 49.02, 85.09, 19.63, 89.09, 57.09, 125.09, 94.09, 123.09, 99.09, 72.09, 82.09, 56.09, 54.09, 79.09, 95.09, 66.09, 39.83, 93.09, 124.09, 86.09, 108.09, 139.09, 55.09, 112.09, 51.02];128.09;[3, 2, 5, 1, 2, 1, 1, 3, 2, 1, 1, 1, 2, 1, 1, 2, 3, 3, 1, 1, 1, 1, 1, 2, 3, 2, 1, 2];4;50;True
50;50;50;5;True;2000;1;0;0;0;0;0;0;142.99714350700378;12.755546808242798;34652.27273173849;27935.221196061244;3052.491794632076;3664.3600000000006;[60.71, 63.71, 56.71, 76.71, 20.84, 136.71, 83.71, 42.91, 89.71, 46.91, 97.71, 3.0, 25.84, 56.71, 53.71, 154.71, 37.47, 34.91, 83.71, 80.71, 119.71, 115.71, 91.71, 53.71, 4.83, 113.71, 21.84, 43.91, 126.71, 154.71, 60.71, 76.71, 131.71, 64.71, 68.71, 144.71, 12.87, 89.71, 150.71, 60.71, 59.71, 92.71, 57.71, 44.91, 69.71, 16.84, 128.71, 69.71, 57.71, 51.72];151.71;[2, 1, 1, 1, 1, 1, 1, 3, 1, 1, 2, 1, 1, 2, 1, 2, 4, 2, 1, 1, 4, 2, 2, 1, 3, 2, 3, 2, 1];3;50;True
50;50;50;6;True;2000;1;0;0;0;0;0;0;140.04985189437866;12.24094557762146;37926.61951455087;31694.589634623586;2777.3524646001674;3454.4800000000014;[89.09, 49.09, 126.09, 104.09, 72.09, 119.09, 62.09, 114.09, 97.09, 28.25, 29.09, 38.09, 122.09, 61.09, 48.09, 12.58, 90.09, 44.09, 52.09, 117.09, 77.09, 58.09, 64.09, 31.09, 94.09, 100.09, 106.09, 44.09, 35.09, 35.09, 51.09, 108.09, 89.09, 125.09, 84.09, 75.09, 150.09, 38.09, 39.09, 65.09, 101.09, 23.2, 36.09, 80.09, 37.09, 76.09, 18.2, 24.2, 44.09, 69.09];137.51;[1, 5, 3, 1, 1, 3, 1, 2, 2, 3, 1, 2, 4, 2, 1, 1, 1, 2, 1, 2, 1, 1, 4, 2, 1, 1, 1];4;50;True
60;50;60;1;True;2000;1;0;0;0;0;0;0;102.22103548049927;19.08888339996338;35647.23156087128;29742.908847452323;2814.9341528580253;3089.540000000002;[77.4, 23.99, 30.17, 74.4, 65.4, 32.4, 35.4, 82.4, 47.4, 29.17, 11.94, 82.4, 82.4, 52.4, 60.4, 62.4, 14.15, 58.4, 71.4, 72.4, 52.4, 4.01, 60.4, 82.4, 49.4, 54.4, 20.99, 82.4, 34.4, 82.4, 56.4, 14.07, 50.4, 82.4, 39.4, 76.4, 82.4, 15.58, 20.99, 82.4, 28.11, 64.4, 24.17, 50.4, 20.99, 21.99, 21.99, 82.4, 82.4, 82.4, 36.4, 82.4, 40.4, 14.15, 53.4, 28.11, 82.4, 50.4, 82.4, 30.17];78.39;[1, 1, 5, 1, 1, 3, 1, 1, 2, 3, 2, 1, 2, 1, 3, 2, 3, 3, 2, 1, 2, 2, 1, 1, 1, 2, 2];4;50;True
60;50;60;2;True;2000;1;0;0;0;0;0;0;157.17025518417358;24.49523162841797;37441.3933683685;30868.745007221103;3069.8911947930887;3502.9100000000026;[46.17, 102.17, 65.17, 46.17, 34.17, 120.17, 32.17, 13.9, 13.9, 86.17, 29.17, 114.17, 15.9, 63.17, 49.17, 16.96, 10.9, 142.17, 61.17, 15.9, 123.17, 45.17, 39.17, 100.17, 116.17, 114.17, 18.17, 36.17, 18.17, 17.96, 78.17, 26.17, 58.17, 27.17, 95.17, 112.17, 150.17, 53.17, 14.9, 39.17, 80.17, 23.17, 56.17, 99.17, 29.17, 49.17, 31.17, 110.17, 43.17, 109.17, 40.17, 45.17, 63.17, 13.9, 77.17, 97.17, 112.17, 10.46, 15.9, 35.17];139.70999999999998;[1, 1, 3, 1, 1, 4, 1, 1, 3, 3, 1, 1, 2, 1, 2, 2, 2, 3, 4, 1, 1, 1, 1, 1, 1, 1, 2, 2, 1, 1];3;50;True
60;50;60;3;True;2000;1;0;0;0;0;0;0;113.59441804885864;22.119369506835938;34141.38494188218;28021.627295839367;2866.901944122891;3252.9800000000014;[52.83, 56.83, 52.01, 71.78, 98.78, 22.94, 20.94, 51.01, 101.78, 84.78, 14.36, 38.28, 101.78, 57.72, 21.94, 42.66, 29.97, 44.57, 21.94, 92.78, 30.97, 65.51, 101.78, 25.68, 38.66, 27.85, 92.78, 15.13, 21.94, 99.78, 20.94, 85.78, 66.78, 66.78, 46.01, 63.72, 59.72, 45.85, 63.72, 46.01, 33.97, 78.78, 49.01, 28.85, 28.85, 25.68, 38.28, 77.78, 41.66, 20.94, 33.97, 17.98, 101.78, 86.78, 22.94, 101.78, 15.54, 101.78, 97.78, 83.78];87.42;[2, 1, 1, 1, 5, 3, 3, 2, 2, 1, 3, 1, 1, 1, 3, 1, 2, 1, 1, 1, 1, 2, 4, 2, 5];4;50;True
60;50;60;4;True;2000;1;0;0;0;0;0;0;142.7866015434265;22.359673261642456;36130.99284206782;30038.432470204345;2777.653769718813;3315.0799999999967;[17.85, 87.85, 13.96, 51.85, 64.85, 112.85, 130.85, 26.85, 17.85, 101.85, 14.33, 110.85, 15.85, 68.85, 92.85, 92.85, 55.85, 85.85, 77.85, 33.85, 107.85, 3.0, 22.85, 41.85, 19.85, 37.85, 69.85, 19.85, 54.85, 36.85, 83.85, 46.85, 83.85, 56.85, 49.85, 74.85, 45.85, 27.85, 64.85, 89.85, 48.85, 21.85, 98.85, 49.85, 90.85, 47.85, 32.85, 25.85, 41.85, 25.85, 33.85, 31.85, 89.85, 18.85, 68.85, 54.85, 39.85, 130.85, 31.85, 15.19];127.85;[1, 4, 3, 2, 3, 3, 3, 2, 1, 3, 1, 2, 1, 1, 1, 1, 2, 1, 1, 1, 1, 2, 3, 1, 2, 1, 2, 1];3;50;True
60;50;60;5;True;2000;1;0;0;0;0;0;0;154.72552943229675;20.25318193435669;34632.42812588942;28147.070641586357;2984.553479975552;3500.7200000000007;[43.35, 65.34, 39.52, 63.34, 18.32, 80.34, 51.34, 27.81, 71.34, 25.81, 100.34, 1.0, 21.0, 45.35, 40.52, 77.34, 17.32, 14.35, 48.35, 68.34, 157.34, 83.34, 139.34, 35.69, 3.0, 81.34, 10.08, 30.81, 157.34, 118.34, 58.34, 60.34, 99.34, 71.34, 59.34, 146.34, 8.7, 65.34, 74.34, 32.69, 30.81, 93.34, 56.34, 39.52, 48.35, 10.08, 92.34, 49.34, 115.34, 38.52, 46.35, 24.0, 60.34, 72.34, 18.32, 50.34, 46.35, 40.52, 35.69, 119.34];156.34;[3, 1, 3, 1, 3, 1, 2, 4, 1, 2, 3, 2, 1, 1, 2, 2, 2, 2, 1, 1, 1, 1, 2, 1, 1, 3, 1, 2];3;50;True
60;50;60;6;True;2000;1;0;0;0;0;0;0;137.97416019439697;22.541893243789673;38300.01620175613;32164.34328038371;2765.9878870117054;3369.7700000000027;[54.3, 37.3, 66.3, 81.3, 63.3, 111.3, 38.3, 104.3, 87.3, 20.3, 26.3, 38.3, 116.3, 93.3, 29.3, 8.55, 63.3, 38.3, 42.3, 128.3, 76.3, 54.3, 54.3, 18.16, 72.3, 105.3, 59.3, 35.3, 29.3, 21.3, 32.3, 62.3, 53.3, 105.3, 54.3, 53.3, 100.3, 26.3, 29.3, 90.3, 126.3, 22.3, 23.3, 77.3, 106.3, 46.3, 16.23, 14.23, 49.3, 62.3, 89.3, 9.24, 12.23, 29.3, 52.3, 38.3, 117.3, 30.3, 47.3, 19.23];119.75000000000001;[1, 2, 2, 3, 2, 4, 1, 3, 1, 2, 1, 2, 2, 1, 1, 1, 1, 2, 1, 2, 3, 1, 1, 2, 1, 2, 1, 3, 1];3;50;True
70;50;70;1;True;2000;1;0;0;0;0;0;0;117.77179265022278;24.864353895187378;36063.935700928436;29992.365645969363;2853.995483034365;3217.8499999999954;[52.37, 19.99, 23.99, 89.37, 62.37, 31.37, 44.37, 89.37, 45.37, 28.37, 11.9, 51.37, 89.37, 42.37, 51.37, 69.37, 14.61, 32.37, 57.37, 89.37, 50.37, 3.96, 42.37, 60.37, 43.37, 58.37, 19.99, 89.37, 26.37, 59.37, 58.37, 14.18, 37.37, 85.37, 45.37, 66.37, 89.37, 16.61, 18.99, 88.37, 22.99, 50.37, 21.99, 34.37, 17.99, 20.99, 20.99, 69.37, 83.37, 66.37, 22.99, 62.37, 37.37, 14.61, 46.37, 26.37, 89.37, 41.37, 85.37, 27.37, 53.37, 27.37, 59.37, 75.37, 21.99, 49.37, 36.37, 20.99, 16.61, 23.99];85.41000000000001;[1, 1, 2, 1, 1, 3, 1, 1, 1, 3, 2, 1, 1, 1, 1, 3, 3, 4, 2, 1, 3, 1, 3, 1, 2, 2, 2, 1, 1];3;50;True
70;50;70;2;True;2000;1;0;0;0;0;0;0;172.5440878868103;32.07242822647095;38008.05695174785;31515.826955654982;3194.640319888619;3297.4699999999953;[27.12, 71.12, 140.12, 31.12, 25.12, 102.12, 22.12, 13.12, 12.12, 59.12, 17.12, 91.12, 14.12, 38.12, 39.12, 14.12, 11.12, 83.12, 64.12, 14.12, 94.12, 40.12, 26.12, 121.12, 74.12, 55.12, 16.12, 32.12, 15.12, 17.12, 93.12, 18.12, 43.12, 18.12, 55.12, 100.12, 151.12, 46.12, 15.12, 34.12, 25.12, 18.12, 33.12, 49.12, 23.12, 28.12, 24.12, 91.12, 32.12, 73.12, 65.12, 36.12, 38.12, 13.12, 82.12, 55.12, 57.12, 11.12, 14.12, 26.12, 23.12, 50.12, 44.12, 126.12, 54.12, 41.12, 133.12, 20.12, 46.12, 9.19];141.93;[2, 1, 3, 2, 1, 1, 2, 1, 1, 2, 2, 1, 1, 2, 3, 6, 1, 1, 2, 1, 1, 1, 1, 3, 2, 1, 3, 2];5;50;True
70;50;70;3;True;2000;1;0;0;0;0;0;0;146.68918704986572;36.88597846031189;34842.85701161048;29063.10808375547;2832.169738071153;2947.2999999999975;[46.58, 32.58, 39.58, 54.58, 116.58, 10.41, 9.41, 89.58, 66.58, 47.58, 9.41, 20.58, 101.58, 33.58, 15.41, 28.58, 17.58, 21.58, 11.41, 88.58, 17.58, 57.58, 116.58, 13.41, 29.58, 14.41, 88.58, 12.41, 17.58, 63.58, 14.41, 36.58, 41.58, 69.58, 70.58, 40.58, 44.58, 37.58, 75.58, 38.58, 20.58, 58.58, 21.58, 15.58, 24.58, 16.58, 27.58, 56.58, 25.58, 12.41, 19.58, 7.41, 116.58, 86.58, 14.41, 116.58, 6.41, 100.58, 80.58, 46.58, 111.58, 46.58, 30.58, 2.41, 4.41, 26.58, 33.58, 36.58, 2.0, 15.41];114.58;[1, 2, 3, 3, 1, 2, 3, 1, 1, 2, 1, 5, 1, 2, 3, 1, 1, 1, 5, 2, 3, 3, 1, 2];4;50;True
70;50;70;4;True;2000;1;0;0;0;0;0;0;140.6665074825287;30.443775177001953;36763.11115609301;30183.610164305766;2725.8969390502307;3853.4200000000014;[14.49, 69.32, 12.54, 53.32, 66.32, 105.32, 38.32, 27.27, 16.43, 99.32, 12.54, 96.32, 13.49, 74.32, 97.32, 125.32, 58.32, 84.32, 80.32, 31.99, 118.32, 2.32, 26.27, 56.32, 21.37, 40.32, 68.32, 19.37, 49.32, 36.93, 108.32, 68.32, 102.32, 76.32, 52.32, 63.32, 49.32, 28.27, 67.32, 81.32, 54.32, 21.37, 112.32, 79.32, 87.32, 99.32, 34.93, 26.27, 51.32, 25.27, 54.32, 31.99, 79.32, 18.69, 83.32, 64.32, 41.32, 115.32, 30.53, 14.49, 12.54, 18.69, 42.32, 18.37, 41.32, 103.32, 64.32, 45.32, 31.99, 36.93];123.0;[2, 2, 2, 2, 1, 3, 3, 2, 2, 2, 3, 2, 1, 2, 2, 1, 1, 1, 1, 2, 3, 3, 1, 1, 2, 1, 1, 1];2;50;True
70;50;70;5;True;2000;1;0;0;0;0;0;0;149.28640389442444;34.01887249946594;35919.33580619227;29035.68406141251;2979.087118015413;3904.550000000001;[41.44, 94.44, 34.43, 41.44, 16.64, 85.44, 50.44, 25.99, 69.44, 21.3, 121.44, 1.0, 17.64, 46.44, 47.44, 96.44, 12.19, 11.83, 51.44, 58.44, 130.44, 77.44, 123.44, 23.63, 3.0, 104.44, 9.68, 28.99, 91.44, 114.44, 42.44, 52.44, 90.44, 75.44, 46.44, 134.44, 9.28, 46.44, 83.44, 30.99, 27.99, 63.44, 24.95, 28.99, 46.44, 9.68, 120.44, 49.44, 72.44, 41.44, 58.44, 22.44, 59.44, 70.44, 15.11, 45.44, 46.44, 40.44, 25.15, 91.44, 128.44, 27.99, 72.44, 108.44, 59.44, 31.99, 59.44, 88.44, 63.44, 40.43];133.44;[2, 1, 2, 1, 1, 2, 1, 4, 1, 2, 3, 3, 2, 2, 1, 2, 2, 1, 3, 1, 1, 4, 3, 1, 2, 2];3;50;True
70;50;70;6;True;2000;1;0;0;0;0;0;0;124.06422424316406;30.994920253753662;38650.837794306244;32338.09859344524;2780.708749260902;3532.0799999999977;[56.83, 31.39, 96.83, 70.83, 59.83, 82.83, 33.39, 75.83, 98.83, 18.09, 26.12, 45.83, 65.83, 105.83, 29.39, 8.43, 65.83, 32.39, 39.59, 84.83, 47.83, 37.39, 60.83, 15.32, 76.83, 69.83, 55.83, 23.7, 28.39, 18.09, 43.83, 59.83, 47.83, 105.83, 51.83, 55.83, 105.83, 24.7, 29.39, 87.83, 101.83, 20.7, 20.7, 41.59, 55.83, 49.83, 13.32, 11.32, 37.39, 62.83, 71.83, 9.19, 10.21, 29.39, 50.83, 42.83, 105.83, 26.12, 58.83, 16.1, 26.12, 22.7, 27.82, 26.12, 67.83, 105.83, 38.39, 77.83, 85.83, 41.59];97.4;[3, 2, 2, 2, 2, 2, 2, 3, 1, 1, 1, 1, 1, 1, 1, 1, 1, 3, 1, 3, 1, 2, 1, 3, 1, 1, 4, 1, 2];3;50;True
80;50;80;1;True;2000;1;0;0;0;0;0;0;136.92445516586304;38.12691140174866;36815.38891701434;30760.67884871729;2862.113921694425;3192.6600000000035;[57.82, 13.89, 18.03, 73.82, 69.82, 22.82, 24.82, 96.82, 40.82, 21.82, 9.92, 30.82, 96.82, 36.82, 78.82, 66.82, 9.92, 20.82, 62.82, 78.82, 46.82, 3.58, 49.82, 25.82, 24.82, 45.82, 15.91, 78.82, 16.91, 64.82, 50.82, 8.22, 40.82, 48.82, 37.82, 81.82, 28.82, 9.92, 11.92, 54.82, 19.82, 78.82, 14.91, 40.82, 11.92, 15.91, 14.91, 61.82, 90.82, 96.82, 15.91, 85.82, 26.82, 8.92, 57.82, 19.03, 69.82, 32.82, 84.82, 21.82, 35.82, 22.82, 56.82, 67.82, 16.91, 40.82, 20.82, 16.91, 9.92, 18.03, 19.03, 80.82, 38.82, 12.89, 4.11, 58.82, 46.82, 23.82, 31.82, 19.03];93.24;[1, 3, 3, 1, 1, 3, 1, 2, 2, 1, 3, 2, 3, 1, 3, 3, 3, 5, 2, 1, 1, 2, 1, 1, 1];4;50;True
80;50;80;2;True;2000;1;0;0;0;0;0;0;170.92223739624023;42.08375024795532;38579.205083960864;31449.308635043068;3204.6385258740643;3925.5900000000015;[30.59, 74.23, 150.23, 44.23, 28.59, 88.23, 25.59, 19.59, 18.59, 82.23, 22.59, 65.23, 20.59, 42.23, 29.59, 18.59, 12.68, 88.23, 59.23, 20.59, 89.23, 59.23, 31.59, 109.23, 84.23, 55.23, 22.59, 30.59, 21.59, 19.59, 104.23, 24.59, 53.23, 22.59, 51.23, 111.23, 128.23, 37.23, 16.79, 40.23, 47.23, 25.59, 46.23, 52.23, 28.59, 32.63, 31.59, 110.23, 37.23, 73.23, 92.23, 40.23, 43.23, 14.79, 62.23, 60.23, 56.23, 10.96, 19.59, 34.63, 25.59, 65.23, 33.63, 116.23, 104.23, 38.23, 89.23, 23.59, 48.23, 10.96, 36.23, 47.23, 55.23, 17.79, 55.23, 19.59, 31.59, 58.23, 34.63, 41.23];139.26999999999998;[3, 1, 2, 1, 1, 1, 1, 1, 1, 2, 5, 1, 2, 1, 5, 1, 1, 1, 5, 1, 1, 1, 1, 1, 1, 1, 3, 1, 1, 2];4;50;True
80;50;80;3;True;2000;1;0;0;0;0;0;0;139.413836479187;34.04916214942932;34411.36371628652;28530.578941602176;2911.2382018400053;2969.4400000000005;[29.17, 36.17, 45.17, 46.17, 44.17, 16.16, 16.16, 38.17, 89.17, 45.17, 12.51, 24.6, 100.17, 32.17, 18.49, 24.6, 20.29, 19.49, 16.16, 70.17, 20.29, 48.17, 69.17, 18.16, 23.6, 19.49, 100.17, 14.16, 19.49, 37.17, 18.16, 49.17, 59.17, 56.17, 42.17, 35.17, 48.17, 29.17, 50.17, 41.17, 23.6, 62.17, 22.6, 18.49, 26.6, 20.6, 29.17, 49.17, 28.17, 16.16, 23.6, 12.51, 92.17, 93.17, 19.49, 93.17, 11.51, 92.17, 65.17, 61.17, 73.17, 42.17, 35.17, 3.41, 7.69, 27.17, 32.17, 23.6, 2.0, 18.16, 16.16, 18.49, 15.16, 38.17, 23.6, 30.17, 40.17, 72.17, 20.29, 26.6];98.17;[1, 1, 2, 1, 1, 1, 5, 2, 1, 1, 1, 4, 1, 2, 1, 3, 1, 1, 2, 1, 1, 2, 3, 2, 4, 2, 1, 1, 1];4;50;True
80;50;80;4;True;2000;1;0;0;0;0;0;0;125.36505579948425;33.842567920684814;36540.45798063029;29932.176693958805;2702.6615243382134;3905.4799999999987;[13.39, 58.54, 10.77, 57.54, 65.54, 80.54, 33.54, 28.54, 15.39, 83.54, 10.77, 100.54, 13.39, 56.54, 95.54, 100.54, 48.54, 70.54, 38.54, 34.54, 35.54, 2.12, 26.05, 43.54, 16.94, 39.54, 47.54, 19.05, 39.54, 40.54, 100.54, 34.54, 77.54, 80.54, 66.54, 83.54, 42.54, 28.54, 50.54, 100.54, 58.54, 21.05, 85.54, 51.54, 95.54, 66.54, 33.54, 26.05, 32.54, 26.05, 34.54, 31.54, 71.54, 17.83, 91.54, 51.54, 41.54, 83.54, 27.54, 12.39, 10.77, 17.83, 45.54, 16.6, 35.54, 71.54, 54.54, 95.54, 31.54, 36.54, 35.54, 74.54, 39.54, 32.54, 25.05, 75.54, 82.54, 69.54, 75.54, 26.05];98.42;[1, 1, 2, 1, 2, 1, 3, 2, 1, 3, 1, 2, 3, 3, 1, 2, 1, 2, 2, 1, 1, 2, 1, 1, 2, 3, 2, 1, 2];2;50;True
80;50;80;5;True;2000;1;0;0;0;0;0;0;155.14273619651794;31.049220323562622;34738.321124529815;28058.577904939844;3021.910329268097;3657.819999999996;[37.06, 38.18, 21.06, 24.06, 16.06, 73.18, 87.18, 25.06, 63.18, 15.06, 109.18, 1.0, 16.06, 30.06, 22.06, 90.18, 11.06, 10.06, 36.06, 54.18, 133.18, 52.18, 116.18, 20.06, 3.0, 103.18, 8.25, 27.06, 103.18, 90.18, 23.06, 48.18, 75.18, 72.18, 40.18, 103.18, 8.25, 27.06, 99.18, 18.06, 26.06, 63.18, 18.06, 23.06, 46.18, 8.25, 103.18, 33.06, 102.18, 21.06, 36.06, 21.06, 68.18, 50.18, 13.06, 41.18, 33.06, 23.06, 19.06, 78.18, 92.18, 18.06, 69.18, 78.18, 43.18, 28.06, 55.18, 47.18, 74.18, 34.06, 26.06, 56.18, 67.18, 37.06, 40.18, 2.0, 28.06, 37.06, 8.25, 38.06];132.18;[2, 1, 1, 2, 1, 1, 3, 4, 1, 3, 2, 1, 5, 3, 2, 1, 1, 1, 1, 2, 2, 1, 1, 1, 3, 1, 1, 2];4;50;True
80;50;80;6;True;2000;1;0;0;0;0;0;0;145.6160581111908;45.086310386657715;39589.06856964565;33297.91861661633;2870.737208426565;3420.430000000004;[42.8, 28.8, 91.8, 76.8, 42.8, 95.8, 30.8, 68.8, 82.8, 16.8, 23.8, 26.8, 85.8, 90.8, 26.8, 7.58, 80.8, 22.8, 28.8, 90.8, 36.8, 32.8, 58.8, 11.92, 63.8, 40.8, 66.8, 20.8, 25.8, 15.8, 26.8, 56.8, 42.8, 59.8, 45.8, 48.8, 99.8, 16.8, 23.8, 49.8, 72.8, 19.8, 18.8, 38.8, 36.8, 45.8, 9.33, 9.33, 30.8, 75.8, 110.8, 9.33, 7.58, 26.8, 41.8, 39.8, 75.8, 21.8, 38.8, 14.8, 18.8, 19.8, 19.8, 21.8, 22.8, 107.8, 31.8, 49.8, 54.8, 37.8, 64.8, 31.8, 2.72, 76.8, 20.8, 11.92, 13.8, 110.8, 36.8, 11.92];108.08;[4, 2, 1, 2, 3, 2, 3, 2, 2, 1, 1, 1, 3, 1, 2, 3, 1, 2, 4, 2, 2, 1, 5];4;50;True
90;50;90;1;True;2000;1;0;0;0;0;0;0;145.0845010280609;52.787193775177;37868.53393952353;31349.258603594073;2931.139915098932;3588.160000000001;[72.85, 12.57, 18.44, 49.38, 97.85, 22.92, 24.84, 56.85, 42.38, 21.92, 10.13, 26.8, 59.85, 36.38, 48.38, 54.85, 8.85, 21.92, 50.85, 102.85, 46.38, 3.31, 40.38, 39.38, 39.38, 42.38, 16.2, 53.85, 17.82, 61.85, 54.85, 7.85, 25.84, 42.38, 33.38, 62.85, 30.38, 9.13, 12.57, 60.85, 20.07, 93.85, 15.2, 62.85, 12.57, 16.2, 15.2, 102.85, 100.85, 102.85, 16.82, 40.38, 24.84, 8.85, 44.38, 20.07, 102.85, 23.84, 101.85, 22.92, 23.84, 22.92, 56.85, 63.85, 16.82, 44.38, 20.07, 17.82, 10.13, 17.82, 19.44, 72.85, 34.38, 12.57, 4.02, 51.85, 57.85, 23.84, 48.38, 19.44, 39.38, 76.85, 102.85, 23.84, 82.85, 8.85, 15.2, 11.3, 46.38, 50.38];99.53999999999999;[2, 1, 1, 3, 2, 1, 2, 2, 1, 1, 2, 2, 4, 3, 1, 3, 4, 1, 1, 1, 2, 2, 2, 2, 3, 1];3;50;True
90;50;90;2;True;2000;1;0;0;0;0;0;0;176.44146847724915;49.146055698394775;39290.999239788296;32222.977194598447;3201.01370633812;3866.640000000006;[28.8, 62.8, 105.8, 68.8, 26.8, 80.8, 21.8, 16.8, 15.8, 46.8, 19.8, 68.8, 17.8, 38.8, 23.8, 16.8, 11.23, 26.8, 53.8, 16.8, 105.8, 44.8, 26.8, 47.8, 114.8, 38.8, 17.8, 23.8, 17.8, 18.8, 84.8, 19.8, 33.8, 19.8, 104.8, 79.8, 106.8, 34.8, 15.02, 36.8, 42.8, 20.8, 33.8, 50.8, 22.8, 26.8, 26.8, 94.8, 28.8, 87.8, 33.8, 33.8, 40.8, 13.02, 63.8, 50.8, 39.8, 10.84, 17.8, 25.8, 22.8, 61.8, 29.8, 133.8, 57.8, 34.8, 67.8, 21.8, 44.8, 9.31, 27.8, 42.8, 51.8, 15.8, 55.8, 17.8, 25.8, 51.8, 32.8, 38.8, 52.8, 133.8, 18.8, 23.8, 82.8, 42.8, 21.8, 46.8, 15.02, 53.8];124.49000000000001;[1, 1, 2, 1, 2, 1, 2, 2, 2, 2, 2, 2, 2, 3, 1, 1, 1, 3, 2, 1, 1, 4, 1, 6, 1, 1, 1, 1];5;50;True
90;50;90;3;True;2000;1;0;0;0;0;0;0;148.62853288650513;60.73183083534241;35318.952915340386;28774.81228312589;2982.0839917701205;3562.2099999999996;[36.19, 37.69, 52.39, 38.69, 83.39, 15.58, 13.58, 37.69, 51.39, 46.15, 11.58, 25.0, 100.39, 34.19, 17.59, 26.21, 20.18, 21.18, 14.58, 65.39, 21.18, 45.15, 77.39, 17.59, 21.18, 18.31, 64.39, 14.58, 19.18, 44.15, 17.06, 100.39, 67.39, 62.39, 45.15, 35.19, 60.39, 31.69, 29.01, 42.15, 24.09, 59.39, 25.0, 19.18, 26.21, 20.18, 31.69, 64.39, 29.01, 14.58, 23.18, 10.48, 51.39, 82.39, 17.59, 70.39, 10.48, 105.39, 97.39, 50.39, 115.39, 41.15, 27.0, 3.6, 6.43, 29.01, 36.19, 26.21, 2.0, 17.59, 15.58, 19.18, 14.58, 37.69, 29.01, 41.15, 52.39, 56.39, 23.18, 28.0, 12.58, 82.39, 110.39, 18.31, 36.19, 12.58, 49.15, 50.39, 52.39, 100.39];113.39;[1, 1, 1, 1, 4, 2, 1, 1, 2, 4, 3, 1, 1, 1, 3, 3, 2, 1, 2, 3, 3, 1, 4, 2, 1, 1];3;50;True
90;50;90;4;True;2000;1;0;0;0;0;0;0;120.11856341362;37.47105646133423;35869.55272173612;29605.55735702458;2793.2460025879036;3470.599999999999;[11.09, 59.89, 10.09, 48.89, 60.89, 63.89, 24.89, 23.89, 14.89, 81.89, 8.09, 55.89, 11.09, 43.89, 59.89, 47.89, 52.89, 46.89, 25.89, 19.89, 53.89, 2.1, 15.89, 38.89, 12.89, 35.89, 48.89, 17.89, 34.89, 26.89, 69.89, 24.89, 81.89, 28.89, 61.89, 60.89, 37.89, 18.89, 48.89, 68.89, 37.89, 18.89, 70.89, 26.89, 36.89, 49.89, 23.89, 21.89, 22.89, 18.89, 36.89, 34.89, 55.89, 13.89, 74.89, 66.89, 36.89, 26.89, 20.89, 12.09, 9.09, 14.89, 71.89, 12.89, 22.89, 66.89, 60.89, 59.89, 18.89, 32.89, 32.89, 69.89, 35.89, 28.89, 15.89, 36.89, 59.89, 61.89, 68.89, 17.89, 59.89, 81.89, 81.89, 14.89, 52.89, 18.89, 6.78, 51.89, 16.89, 12.09];79.79;[2, 2, 2, 1, 2, 2, 1, 3, 1, 2, 1, 1, 3, 1, 1, 2, 2, 2, 2, 4, 1, 1, 1, 1, 5, 3, 1];4;50;True
90;50;90;5;True;2000;1;0;0;0;0;0;0;161.64478158950806;32.36927628517151;34877.34804495226;27586.34900432143;2998.9969711777385;4291.980000000004;[38.34, 96.96, 18.34, 26.34, 16.43, 57.34, 68.96, 25.34, 57.34, 15.43, 79.96, 1.0, 16.43, 25.34, 24.34, 82.96, 11.03, 10.99, 43.34, 56.34, 70.96, 56.34, 123.96, 20.34, 3.0, 90.96, 8.99, 27.34, 135.96, 144.96, 24.34, 49.34, 62.96, 32.34, 41.34, 123.96, 7.99, 34.34, 112.96, 19.34, 26.34, 78.96, 18.34, 24.34, 26.34, 8.99, 61.34, 70.96, 55.34, 22.34, 38.34, 21.34, 64.96, 62.96, 13.69, 42.34, 37.34, 26.34, 19.34, 85.96, 107.96, 19.34, 61.34, 89.96, 44.34, 28.34, 55.34, 72.96, 28.34, 35.34, 25.34, 85.96, 32.34, 37.34, 41.34, 2.0, 25.34, 47.34, 8.99, 38.34, 107.96, 105.96, 72.96, 3.97, 26.34, 80.96, 114.96, 43.34, 16.43, 61.34];143.96;[1, 1, 3, 1, 2, 1, 3, 1, 1, 2, 1, 1, 2, 1, 1, 1, 3, 1, 1, 1, 1, 3, 2, 2, 1, 3, 2, 2, 2, 1, 1, 1];2;50;True
90;50;90;6;True;2000;1;0;0;0;0;0;0;141.24024033546448;45.694741010665894;39472.55146162371;32908.96361150627;2827.6284204531976;3736.0400000000036;[41.09, 31.42, 78.09, 74.09, 45.09, 47.09, 33.42, 60.53, 65.09, 19.42, 25.42, 28.42, 42.09, 36.09, 29.42, 10.43, 56.05, 29.42, 32.42, 91.09, 36.09, 35.42, 45.09, 15.42, 66.09, 62.09, 44.09, 24.42, 28.42, 19.42, 32.42, 63.09, 38.09, 52.05, 48.09, 46.09, 109.09, 22.42, 26.42, 49.09, 71.09, 21.42, 21.42, 41.09, 30.42, 34.42, 13.62, 12.89, 29.42, 109.09, 76.09, 10.43, 12.42, 29.42, 48.09, 27.42, 98.09, 25.42, 43.09, 17.42, 23.42, 22.42, 25.42, 25.42, 29.42, 109.09, 35.42, 68.09, 92.09, 40.09, 86.09, 37.09, 2.0, 29.42, 26.42, 15.42, 17.42, 36.09, 35.42, 15.42, 65.09, 91.09, 49.09, 30.42, 33.42, 43.09, 23.42, 12.89, 15.42, 88.09];107.09;[3, 1, 1, 3, 1, 2, 2, 1, 1, 3, 1, 1, 2, 1, 1, 1, 2, 1, 4, 1, 4, 1, 4, 3, 1, 2, 2];3;50;True
100;50;100;1;True;2000;1;0;0;0;0;0;0;140.16598844528198;56.96802473068237;37674.59351476749;31046.190983222303;2873.815785665424;3754.749999999999;[50.89, 16.61, 20.94, 66.89, 69.89, 24.94, 25.94, 90.89, 42.89, 23.94, 11.62, 27.89, 67.89, 33.89, 49.89, 66.89, 12.1, 21.94, 57.89, 40.89, 47.89, 3.52, 40.89, 34.89, 33.89, 46.89, 18.61, 49.89, 19.61, 53.89, 40.89, 12.1, 27.89, 32.89, 34.89, 63.89, 29.89, 13.61, 16.61, 58.89, 21.94, 46.89, 17.61, 41.89, 15.61, 18.61, 18.61, 90.89, 90.89, 90.89, 18.61, 45.89, 25.94, 12.1, 44.89, 21.94, 49.89, 21.94, 90.89, 23.94, 29.89, 23.94, 57.89, 46.89, 19.61, 44.89, 21.94, 19.61, 13.61, 19.94, 20.94, 76.89, 32.89, 15.61, 4.35, 53.89, 85.89, 26.89, 46.89, 21.94, 30.89, 90.89, 57.89, 25.94, 50.89, 10.86, 16.61, 15.61, 90.89, 39.89, 15.61, 9.63, 11.62, 56.89, 14.61, 43.89, 33.89, 90.89, 20.94, 25.94];87.37;[1, 2, 2, 4, 1, 2, 2, 1, 3, 3, 1, 5, 1, 1, 1, 1, 3, 3, 4, 3, 3, 1, 2];4;50;True
100;50;100;2;True;2000;1;0;0;0;0;0;0;152.12973046302795;51.93395519256592;38944.350066159;31194.711412044213;3205.20774107781;4544.640000000001;[30.34, 95.4, 67.4, 91.4, 29.34, 57.4, 24.33, 19.06, 18.18, 52.4, 22.07, 101.4, 20.06, 41.4, 35.83, 18.18, 12.21, 35.83, 59.4, 20.07, 106.4, 51.4, 35.83, 90.4, 113.4, 49.4, 22.07, 34.83, 21.07, 19.06, 72.4, 25.33, 43.4, 22.07, 49.4, 75.4, 65.4, 38.83, 16.18, 39.4, 47.4, 25.34, 47.4, 52.4, 34.6, 35.83, 38.83, 85.4, 37.83, 48.4, 48.4, 41.4, 47.4, 14.64, 59.4, 46.4, 52.4, 11.21, 19.06, 33.6, 25.33, 58.4, 34.6, 113.4, 45.4, 38.83, 69.4, 23.07, 52.4, 10.21, 37.83, 46.4, 57.4, 18.18, 107.4, 20.06, 35.83, 57.4, 35.83, 42.4, 46.4, 61.4, 22.07, 25.33, 74.4, 41.4, 27.34, 54.4, 16.18, 67.4, 51.4, 76.4, 34.83, 18.18, 48.4, 57.4, 63.4, 34.6, 84.4, 38.83];103.19;[2, 1, 4, 1, 2, 1, 2, 3, 2, 1, 1, 1, 2, 1, 2, 1, 1, 1, 1, 1, 1, 1, 1, 6, 1, 1, 1, 1, 2, 2, 1, 1];5;50;True
100;50;100;3;True;2000;1;0;0;0;0;0;0;144.41810417175293;55.197670459747314;34590.80845375232;28428.20021910242;2927.6681983765384;3234.840000000001;[44.98, 33.98, 38.98, 34.98, 60.98, 13.15, 11.62, 34.98, 52.98, 47.98, 11.62, 20.98, 69.98, 27.98, 16.98, 20.98, 18.98, 14.98, 11.62, 48.98, 16.98, 34.98, 69.98, 14.98, 16.98, 15.98, 78.98, 13.73, 18.98, 60.98, 15.98, 57.98, 37.98, 46.98, 64.98, 31.98, 39.98, 25.98, 23.98, 39.98, 21.98, 56.98, 18.98, 14.98, 25.98, 17.98, 26.98, 42.98, 25.98, 12.62, 20.98, 9.62, 56.98, 51.98, 16.98, 97.98, 8.62, 55.98, 90.98, 38.98, 37.98, 34.98, 18.98, 3.84, 7.55, 22.98, 31.98, 19.98, 1.0, 16.98, 13.73, 14.98, 12.62, 35.98, 19.98, 28.98, 47.98, 59.98, 15.98, 23.98, 11.62, 76.98, 81.98, 13.98, 28.98, 11.62, 40.98, 45.98, 41.98, 33.98, 88.98, 56.98, 18.98, 37.98, 7.55, 9.62, 17.98, 20.98, 22.98, 13.73];96.98;[2, 2, 1, 2, 1, 2, 2, 1, 2, 2, 1, 5, 1, 1, 4, 1, 2, 2, 1, 1, 5, 2, 1, 1, 1, 2, 1, 1];4;50;True
100;50;100;4;True;2000;1;0;0;0;0;0;0;145.8169984817505;42.755903482437134;36815.55033277573;29612.4881286574;2770.165603098901;4432.71;[11.09, 81.29, 10.66, 52.29, 65.29, 31.59, 31.59, 24.27, 15.03, 63.29, 9.31, 117.29, 11.09, 31.59, 71.29, 36.21, 52.29, 101.29, 28.59, 24.58, 79.29, 1.91, 20.19, 44.83, 15.03, 38.21, 54.29, 18.19, 38.21, 29.59, 55.29, 36.21, 91.29, 31.59, 75.29, 85.29, 40.83, 24.27, 42.83, 76.29, 41.83, 20.19, 72.29, 33.59, 75.29, 61.29, 30.59, 23.27, 28.59, 22.27, 40.21, 29.59, 71.29, 16.19, 57.29, 49.83, 40.21, 32.59, 24.27, 12.88, 10.31, 16.19, 100.29, 15.03, 26.58, 69.29, 67.29, 105.29, 25.58, 34.59, 33.59, 85.29, 38.21, 30.59, 20.19, 57.29, 97.29, 39.21, 105.29, 21.27, 103.29, 47.83, 101.29, 17.19, 56.29, 23.27, 8.66, 45.83, 22.27, 12.88, 111.29, 25.58, 34.59, 17.19, 60.29, 19.19, 35.59, 22.27, 27.58, 89.29];115.38000000000001;[2, 1, 1, 1, 2, 1, 2, 2, 1, 1, 2, 1, 1, 1, 1, 2, 2, 1, 1, 1, 1, 2, 4, 1, 1, 4, 1, 2, 2, 2, 1, 1, 1];3;50;True
100;50;100;5;True;2000;1;0;0;0;0;0;0;159.22941851615906;58.327632188797;36474.51907820135;28916.762445808512;3078.588765641064;4479.000000000003;[39.18, 87.88, 23.28, 28.49, 16.73, 57.88, 40.18, 25.4, 56.88, 18.73, 53.88, 1.0, 17.73, 27.4, 26.4, 70.88, 11.73, 11.7, 29.01, 56.88, 77.88, 56.88, 110.88, 22.73, 3.0, 61.88, 7.76, 27.93, 115.88, 112.88, 24.4, 50.28, 54.88, 30.01, 42.89, 112.88, 7.6, 31.41, 62.88, 22.73, 27.4, 44.52, 22.74, 26.4, 39.18, 7.76, 90.88, 38.18, 38.18, 25.4, 34.04, 21.73, 60.88, 51.88, 14.73, 43.52, 39.18, 27.93, 22.73, 58.88, 63.88, 23.28, 60.88, 55.88, 45.86, 30.01, 55.88, 45.86, 31.26, 37.86, 44.86, 61.88, 30.01, 39.18, 41.89, 2.0, 27.4, 39.18, 7.76, 39.18, 92.88, 86.88, 47.86, 4.04, 28.49, 95.88, 125.88, 34.04, 21.73, 35.04, 35.95, 62.88, 122.88, 52.88, 45.86, 63.88, 71.88, 67.88, 72.88, 50.28];124.88;[2, 1, 1, 2, 3, 1, 3, 1, 5, 1, 3, 2, 1, 2, 1, 3, 2, 2, 2, 1, 1, 4, 2, 1, 2, 1];4;50;True
100;50;100;6;True;2000;1;0;0;0;0;0;0;177.18324041366577;67.88947892189026;41045.233734933274;33802.584692962606;2825.750440354253;4416.830000000001;[38.0, 31.44, 59.76, 95.76, 39.43, 76.76, 34.18, 77.76, 81.76, 18.75, 26.77, 29.14, 62.76, 35.28, 29.62, 9.95, 46.16, 29.62, 30.78, 36.16, 44.43, 36.16, 43.43, 14.81, 92.76, 57.76, 39.43, 24.79, 29.14, 19.71, 32.44, 53.76, 45.16, 63.76, 44.43, 40.43, 94.76, 24.79, 27.44, 52.76, 125.76, 21.79, 22.79, 41.43, 30.78, 33.44, 12.8, 11.97, 29.62, 140.76, 60.76, 9.95, 11.93, 29.62, 47.16, 29.14, 97.76, 26.77, 55.76, 16.81, 25.79, 23.79, 26.77, 26.77, 29.62, 77.76, 34.28, 50.16, 142.76, 40.43, 52.76, 36.16, 2.8, 29.62, 28.14, 15.81, 17.81, 106.76, 35.28, 15.81, 70.76, 76.76, 47.16, 31.44, 33.44, 43.43, 25.79, 11.97, 15.81, 71.76, 18.75, 65.76, 8.39, 69.76, 30.78, 60.76, 115.76, 61.76, 50.16, 58.76];139.95999999999998;[2, 3, 5, 1, 3, 2, 3, 1, 1, 4, 2, 1, 1, 2, 1, 1, 3, 1, 1, 2, 1, 1, 1, 1, 1, 5];4;50;True
60;60;60;1;True;2000;1;0;0;0;0;0;0;139.52400040626526;28.302612781524658;43918.066196865686;36715.34961694767;3489.7613562646625;3712.879999999997;[72.87, 39.93, 48.87, 112.87, 72.87, 47.87, 36.54, 113.87, 53.87, 36.54, 12.56, 62.87, 100.87, 69.87, 70.87, 76.87, 27.87, 71.87, 113.87, 57.87, 65.87, 4.01, 63.87, 113.87, 45.87, 52.87, 32.7, 113.87, 40.93, 105.87, 60.87, 17.46, 55.87, 80.87, 44.87, 91.87, 113.87, 20.51, 30.26, 84.87, 39.93, 62.87, 41.87, 46.87, 28.35, 28.72, 33.7, 88.87, 113.87, 113.87, 40.93, 82.87, 44.87, 24.47, 71.87, 42.87, 90.87, 51.87, 79.87, 40.93];109.86;[1, 2, 3, 1, 1, 1, 3, 1, 2, 3, 1, 3, 4, 6, 4, 1, 3, 1, 1, 1, 4, 3, 3, 1, 1, 2, 2, 1];5;60;True
60;60;60;2;True;2000;1;0;0;0;0;0;0;159.43032932281494;30.645817756652832;44453.38659379789;36786.527542210046;3647.9819689971528;4018.9600000000023;[63.55, 96.55, 70.55, 51.55, 42.16, 114.55, 38.16, 23.08, 15.18, 103.55, 32.19, 109.55, 38.16, 59.55, 33.19, 24.08, 12.18, 125.55, 94.55, 18.59, 126.55, 98.55, 47.16, 138.55, 130.55, 95.55, 29.19, 39.16, 22.08, 37.16, 125.55, 26.08, 76.55, 42.16, 94.55, 123.55, 111.55, 55.55, 16.18, 53.55, 70.55, 28.19, 79.55, 66.55, 37.16, 72.55, 44.16, 115.55, 58.55, 108.55, 108.55, 61.55, 75.55, 24.08, 118.55, 110.55, 87.55, 10.63, 36.19, 48.16];127.92000000000002;[1, 1, 2, 2, 1, 3, 2, 1, 2, 1, 3, 3, 3, 3, 3, 1, 2, 1, 4, 4, 1, 1, 1, 1, 1, 1, 1, 1, 1, 2, 1, 3, 1, 1];3;60;True
60;60;60;3;True;2000;1;0;0;0;0;0;0;142.47982025146484;23.355655193328857;40547.39644323534;34085.388611409406;3508.396950926602;2953.6399999999994;[47.17, 82.59, 50.59, 67.59, 102.59, 29.72, 17.63, 58.59, 53.59, 45.17, 11.56, 27.72, 111.59, 36.72, 22.72, 30.72, 23.72, 30.72, 17.63, 97.59, 22.72, 49.59, 111.59, 22.05, 44.17, 25.72, 68.59, 16.63, 29.72, 111.59, 15.62, 62.59, 52.59, 86.59, 41.17, 44.17, 44.17, 41.17, 89.59, 65.59, 35.72, 110.59, 31.72, 19.49, 42.17, 26.72, 31.72, 73.59, 33.72, 13.69, 33.72, 12.58, 111.59, 65.59, 23.72, 86.59, 10.25, 45.17, 86.59, 47.17];101.34;[1, 3, 2, 5, 1, 4, 2, 2, 3, 4, 1, 2, 1, 1, 2, 1, 2, 1, 1, 1, 1, 1, 2, 1, 1, 1, 2, 1, 5, 1, 4];4;60;True
60;60;60;4;True;2000;1;0;0;0;0;0;0;156.83249378204346;25.39876413345337;45692.572872235876;38463.08510696241;3421.6128610206633;3807.9600000000028;[21.29, 78.67, 17.18, 65.67, 114.67, 127.67, 58.67, 35.67, 17.18, 96.67, 16.18, 92.67, 25.67, 63.67, 119.67, 113.67, 61.67, 72.67, 67.67, 43.67, 107.67, 10.4, 32.67, 51.67, 30.67, 38.67, 60.67, 19.18, 66.67, 45.67, 77.67, 52.67, 127.67, 77.67, 67.67, 75.67, 52.67, 44.67, 68.67, 89.67, 50.67, 32.67, 124.67, 103.67, 93.67, 90.67, 109.67, 37.67, 49.67, 28.67, 46.67, 41.67, 79.67, 27.67, 79.67, 65.67, 45.67, 127.67, 37.67, 25.04];117.27;[1, 1, 3, 5, 1, 1, 2, 3, 1, 2, 2, 3, 3, 2, 1, 1, 1, 1, 1, 4, 2, 1, 1, 3, 1, 1, 1, 2, 1, 2, 1, 1, 1, 1, 2];4;60;True
60;60;60;5;True;2000;1;0;0;0;0;0;0;171.95733308792114;26.311858654022217;42077.93248606765;34166.05491154555;3595.1931289690374;4316.699999999999;[54.42, 137.22, 46.99, 65.42, 18.32, 88.24, 74.42, 33.64, 87.24, 37.3, 61.42, 1.0, 49.99, 68.42, 67.42, 114.22, 29.32, 32.64, 73.42, 75.42, 166.22, 108.22, 144.22, 49.99, 2.43, 125.22, 18.32, 34.29, 120.22, 121.22, 53.42, 74.42, 110.22, 75.42, 66.42, 163.22, 9.58, 83.24, 83.24, 46.69, 46.99, 96.24, 56.42, 55.42, 55.42, 10.58, 127.22, 56.42, 98.22, 54.42, 97.22, 39.3, 166.22, 88.24, 42.63, 59.42, 56.42, 50.99, 50.99, 135.22];165.22;[2, 1, 1, 1, 1, 1, 1, 1, 3, 1, 2, 3, 4, 1, 1, 1, 2, 1, 1, 2, 1, 2, 3, 2, 2, 1, 2, 3, 3, 1, 1, 1, 1, 3, 1, 2];3;60;True
60;60;60;6;True;2000;1;0;0;0;0;0;0;162.62071537971497;35.89215588569641;50450.97672209279;42914.09640984725;3296.7125708935177;4239.939999999998;[59.04, 54.04, 93.04, 115.04, 72.04, 131.04, 82.04, 102.04, 78.04, 29.04, 43.04, 59.04, 131.04, 63.04, 47.04, 10.18, 71.04, 34.04, 51.04, 129.04, 97.04, 76.04, 64.04, 34.04, 131.04, 125.04, 121.04, 38.04, 38.04, 32.04, 49.04, 75.04, 68.04, 124.04, 115.04, 59.04, 113.04, 38.04, 38.04, 74.04, 121.04, 22.24, 37.04, 85.04, 117.04, 58.04, 18.06, 26.04, 109.04, 74.04, 118.04, 10.18, 14.08, 31.04, 113.04, 68.04, 131.04, 43.04, 54.04, 26.04];120.85999999999999;[1, 2, 2, 2, 3, 5, 2, 1, 2, 1, 4, 1, 2, 3, 1, 1, 2, 1, 3, 1, 1, 1, 2, 1, 2, 1, 1, 1, 3, 2, 2, 2, 1];4;60;True
70;60;70;1;True;2000;1;0;0;0;0;0;0;124.55917239189148;29.00485897064209;43562.74432781956;36445.16889388729;3532.870036035854;3584.770000000003;[72.69, 22.65, 41.69, 85.69, 62.69, 59.69, 72.69, 87.69, 59.69, 32.69, 11.8, 61.69, 74.69, 45.69, 52.69, 61.69, 14.26, 39.69, 61.69, 51.69, 51.69, 4.0, 85.69, 37.69, 43.69, 68.69, 21.65, 68.69, 33.69, 87.69, 72.69, 13.82, 56.69, 87.69, 52.69, 71.69, 87.69, 16.82, 20.65, 71.69, 23.65, 87.69, 23.65, 50.69, 20.65, 24.65, 21.65, 78.69, 78.69, 76.69, 34.69, 86.69, 35.69, 14.26, 52.69, 28.65, 87.69, 39.69, 85.69, 39.69, 69.69, 46.69, 66.69, 81.69, 24.65, 57.69, 38.69, 28.65, 17.82, 31.65];83.69;[1, 1, 1, 2, 1, 3, 1, 1, 1, 3, 1, 2, 1, 3, 2, 4, 4, 2, 3, 1, 1, 1, 3, 1, 5, 1, 2, 2, 1, 1, 3, 1];4;60;True
70;60;70;2;True;2000;1;0;0;0;0;0;0;196.78588008880615;44.665414333343506;46311.08705625288;38951.47560707279;3757.6491833853815;3602.2999999999975;[27.39, 119.39, 141.39, 46.39, 29.39, 83.39, 21.39, 12.39, 12.39, 70.39, 23.39, 73.39, 27.39, 48.39, 23.39, 15.39, 11.39, 72.39, 60.39, 13.39, 94.39, 44.39, 39.39, 133.39, 145.39, 79.39, 14.39, 39.39, 14.39, 17.39, 87.39, 17.39, 54.39, 18.39, 72.39, 93.39, 97.39, 52.39, 15.39, 34.39, 52.39, 18.39, 34.39, 57.39, 29.39, 38.39, 32.39, 116.39, 49.39, 77.39, 61.39, 47.39, 59.39, 13.39, 88.39, 68.39, 49.39, 11.39, 14.39, 47.39, 27.39, 63.39, 34.39, 103.39, 71.39, 44.39, 107.39, 24.39, 51.39, 10.39];135.0;[3, 2, 1, 2, 1, 1, 1, 1, 1, 1, 2, 2, 5, 3, 2, 1, 1, 2, 3, 1, 1, 1, 3, 2, 2, 2, 1, 1, 2, 3, 3, 2, 1];4;60;True
70;60;70;3;True;2000;1;0;0;0;0;0;0;180.69609546661377;42.76736259460449;42581.26346412416;36148.53022623805;3450.709861082459;2981.939999999998;[33.04, 59.04, 54.04, 49.04, 49.04, 14.41, 8.41, 57.04, 75.04, 50.04, 9.41, 23.04, 127.04, 43.04, 14.41, 31.04, 21.04, 25.04, 12.41, 64.04, 28.04, 48.04, 79.04, 18.04, 32.04, 19.04, 109.04, 12.41, 17.04, 41.04, 14.41, 58.04, 54.04, 97.04, 70.04, 37.04, 47.04, 43.04, 88.04, 37.04, 25.04, 56.04, 32.04, 24.04, 26.04, 17.04, 23.04, 63.04, 31.04, 9.41, 30.04, 6.41, 110.04, 92.04, 12.41, 79.04, 5.41, 110.04, 56.04, 97.04, 80.04, 38.04, 57.04, 2.41, 4.41, 31.04, 40.04, 38.04, 2.0, 14.41];125.04;[1, 3, 2, 2, 4, 1, 1, 1, 2, 1, 1, 1, 3, 2, 2, 3, 4, 1, 1, 1, 2, 1, 2, 2, 3, 1, 4, 4, 1, 1, 2];3;60;True
70;60;70;4;True;2000;1;0;0;0;0;0;0;181.29785680770874;37.17710995674133;45858.84703961341;38366.646055785226;3441.876824314472;4050.169999999998;[18.21, 97.79, 12.6, 62.79, 90.79, 151.79, 77.79, 29.45, 16.67, 89.79, 12.6, 66.79, 15.26, 50.79, 151.79, 99.79, 57.79, 99.79, 44.79, 40.79, 121.79, 2.32, 30.45, 44.79, 21.21, 39.79, 55.79, 19.21, 57.79, 46.79, 63.79, 54.79, 151.79, 72.79, 56.79, 63.79, 47.79, 35.45, 55.79, 63.79, 67.79, 21.21, 151.79, 123.79, 62.79, 57.79, 37.79, 27.45, 72.79, 29.45, 38.79, 39.79, 68.79, 18.21, 78.79, 73.79, 42.79, 121.79, 35.45, 13.6, 11.79, 18.21, 48.79, 21.21, 64.79, 77.79, 89.79, 48.79, 53.79, 36.45];149.47;[3, 1, 4, 2, 1, 2, 2, 4, 1, 1, 1, 5, 3, 1, 2, 2, 2, 1, 1, 2, 2, 1, 1, 1, 1, 2, 1, 1, 4, 1, 2, 2];4;60;True
70;60;70;5;True;2000;1;0;0;0;0;0;0;140.80828332901;33.371320724487305;41405.35145353927;33219.78936647439;3587.5199595189843;4598.02;[45.3, 125.11, 48.03, 50.11, 18.37, 79.11, 89.11, 28.86, 105.11, 44.3, 99.11, 1.0, 22.86, 49.6, 53.11, 103.11, 38.38, 15.43, 56.11, 69.11, 130.11, 112.11, 130.11, 34.77, 3.0, 78.11, 11.06, 30.86, 119.11, 113.11, 80.11, 66.11, 99.11, 62.11, 68.11, 130.11, 9.51, 75.11, 82.11, 48.03, 32.76, 78.11, 49.6, 41.21, 67.11, 11.48, 108.11, 92.11, 86.11, 54.11, 58.11, 25.86, 90.11, 92.11, 19.37, 53.11, 60.11, 51.11, 52.11, 120.11, 121.11, 67.11, 93.11, 65.11, 53.11, 41.21, 72.11, 73.11, 92.11, 53.11];129.11;[2, 3, 2, 3, 1, 4, 2, 4, 2, 1, 1, 4, 1, 1, 1, 2, 1, 3, 3, 2, 1, 1, 2, 2, 2, 2, 2, 1, 1, 1, 2];3;60;True
70;60;70;6;True;2000;1;0;0;0;0;0;0;148.89155840873718;40.26935815811157;48542.02470864843;40765.15792704459;3230.6447801498794;4546.230000000001;[57.9, 32.79, 133.9, 76.9, 78.9, 75.9, 59.9, 133.9, 71.9, 19.04, 27.02, 45.55, 91.9, 55.8, 39.92, 8.61, 84.9, 108.9, 47.55, 123.9, 72.9, 73.9, 85.9, 16.04, 95.9, 114.9, 79.9, 38.92, 30.73, 23.04, 52.8, 93.9, 67.9, 86.9, 67.9, 68.9, 133.9, 29.77, 42.92, 127.9, 115.9, 22.04, 26.59, 42.92, 133.9, 60.9, 14.04, 13.04, 39.92, 66.9, 97.9, 9.22, 10.1, 30.73, 89.9, 46.55, 133.9, 36.79, 56.8, 19.04, 35.79, 23.97, 44.55, 32.79, 98.9, 114.9, 50.55, 100.9, 104.9, 91.9];125.29;[4, 1, 3, 2, 3, 1, 1, 2, 1, 2, 1, 1, 3, 1, 1, 2, 2, 1, 1, 1, 1, 2, 1, 2, 3, 2, 1, 1, 1, 1, 3, 1, 1, 2, 3, 1];3;60;True
80;60;80;1;True;2000;1;0;0;0;0;0;0;172.52425932884216;66.20666813850403;46692.471906212435;39177.86875717281;3509.8866584130756;4004.4300000000026;[104.34, 12.78, 18.29, 105.34, 76.34, 35.34, 59.34, 78.34, 47.34, 25.34, 10.07, 52.34, 122.34, 47.34, 48.34, 63.34, 10.07, 43.34, 111.34, 121.34, 49.34, 3.58, 44.34, 41.34, 42.34, 54.34, 15.29, 100.34, 18.29, 60.34, 60.34, 8.07, 52.34, 50.34, 57.34, 85.34, 117.34, 10.07, 11.68, 72.34, 20.29, 66.34, 14.03, 81.34, 11.68, 16.29, 15.29, 66.34, 117.34, 90.34, 19.29, 101.34, 29.34, 10.07, 54.34, 20.29, 122.34, 53.34, 93.34, 25.34, 31.34, 26.34, 65.34, 104.34, 17.29, 41.34, 32.34, 17.29, 10.37, 17.29, 35.34, 68.34, 46.34, 11.68, 4.1, 65.34, 84.34, 55.34, 71.34, 23.29];118.76;[2, 1, 1, 1, 1, 1, 1, 1, 3, 1, 1, 3, 1, 2, 1, 1, 3, 1, 1, 3, 3, 1, 3, 1, 2, 2, 3, 1, 1, 3, 1, 2, 3, 1, 1, 1, 1];2;60;True
80;60;80;2;True;2000;1;0;0;0;0;0;0;181.7989912033081;58.26848864555359;46816.13062372479;39193.31522516928;3688.9036045441817;3933.7600000000034;[28.63, 83.07, 125.07, 41.07, 26.86, 77.07, 28.63, 16.03, 16.01, 62.07, 25.86, 69.07, 17.03, 47.07, 47.07, 16.01, 11.29, 69.07, 71.07, 16.03, 100.07, 56.07, 31.19, 119.07, 75.07, 55.07, 19.12, 34.84, 18.15, 18.15, 103.07, 21.99, 52.07, 20.12, 60.07, 101.07, 125.07, 39.84, 15.19, 34.84, 80.07, 22.99, 43.07, 55.07, 25.86, 35.84, 30.41, 125.07, 41.07, 91.07, 47.07, 52.07, 56.07, 13.15, 60.07, 58.07, 61.07, 10.29, 17.03, 43.07, 29.41, 52.07, 37.84, 125.07, 66.07, 35.84, 91.07, 21.12, 52.07, 9.3, 46.07, 54.07, 59.07, 15.19, 65.07, 17.03, 36.84, 85.07, 32.96, 39.84];115.77;[1, 1, 1, 2, 1, 1, 1, 1, 1, 1, 2, 1, 1, 1, 4, 1, 1, 4, 2, 1, 5, 2, 1, 1, 5, 1, 2, 1, 2, 2, 1, 1, 3, 2, 1, 1];4;60;True
80;60;80;3;True;2000;1;0;0;0;0;0;0;175.7983419895172;56.07401251792908;43394.26504785652;36360.930136509225;3539.1124057312372;3494.0999999999985;[42.18, 44.18, 68.18, 54.18, 65.18, 17.05, 15.14, 59.18, 77.18, 44.18, 11.74, 28.86, 104.18, 36.18, 18.21, 37.18, 20.59, 23.57, 15.58, 60.18, 25.57, 62.18, 114.18, 20.16, 31.18, 19.8, 106.18, 13.74, 18.99, 46.18, 17.05, 49.18, 70.18, 60.18, 51.18, 42.18, 55.18, 39.18, 86.18, 42.18, 27.57, 62.18, 32.18, 21.59, 26.57, 21.59, 34.18, 51.18, 36.18, 15.14, 27.57, 12.32, 125.18, 59.18, 20.16, 125.18, 10.86, 125.18, 75.18, 59.18, 93.18, 44.18, 61.18, 3.0, 5.77, 33.18, 41.18, 41.18, 2.0, 17.91, 19.8, 20.59, 14.54, 43.18, 33.18, 49.18, 52.18, 78.18, 27.57, 30.86];123.18;[1, 2, 1, 1, 2, 2, 4, 2, 1, 2, 1, 3, 1, 2, 1, 2, 2, 1, 1, 2, 1, 2, 6, 3, 5, 2, 1, 1, 1, 1, 1, 2];5;60;True
80;60;80;4;True;2000;1;0;0;0;0;0;0;169.24484539031982;46.550169706344604;45791.04822243504;38162.395414695166;3412.5524487225275;4216.0399999999945;[13.96, 72.72, 10.64, 70.72, 76.72, 108.72, 37.72, 25.72, 15.96, 81.72, 10.64, 122.72, 12.96, 71.72, 72.72, 80.72, 51.72, 77.72, 77.72, 42.72, 82.72, 2.32, 24.67, 43.72, 18.96, 38.72, 76.72, 18.96, 58.72, 33.72, 91.72, 48.72, 90.72, 49.72, 50.72, 61.72, 45.72, 26.72, 50.72, 107.72, 51.72, 20.96, 80.72, 59.72, 72.72, 68.72, 29.72, 25.72, 41.72, 24.67, 38.72, 32.72, 90.72, 17.96, 83.72, 68.72, 40.72, 99.72, 30.72, 12.84, 10.64, 18.96, 32.72, 16.96, 37.72, 60.72, 75.72, 114.72, 26.72, 35.72, 35.72, 71.72, 38.72, 28.72, 24.67, 87.72, 133.72, 56.72, 129.72, 25.67];131.4;[1, 1, 2, 1, 2, 4, 1, 2, 3, 1, 3, 1, 2, 1, 1, 1, 1, 2, 1, 1, 1, 4, 1, 1, 1, 1, 1, 3, 1, 2, 1, 4, 2, 2, 2, 1];3;60;True
80;60;80;5;True;2000;1;0;0;0;0;0;0;185.78248357772827;57.60341930389404;44211.69761830934;36624.37440907477;3540.5434081528115;4046.6299999999933;[36.66, 99.99, 27.66, 30.66, 15.66, 63.99, 64.99, 24.66, 75.99, 15.66, 71.99, 1.0, 15.66, 37.99, 27.66, 88.99, 10.66, 9.66, 28.66, 52.99, 131.99, 74.99, 98.99, 19.66, 3.0, 91.99, 8.15, 26.66, 133.99, 133.99, 42.99, 48.99, 72.99, 68.99, 38.99, 118.99, 8.15, 32.66, 90.99, 17.66, 25.66, 78.99, 24.66, 22.66, 58.99, 7.15, 86.99, 59.99, 104.99, 23.66, 57.99, 20.66, 61.99, 75.99, 13.66, 38.99, 36.99, 24.66, 33.66, 111.99, 109.99, 57.99, 78.99, 56.99, 55.99, 31.66, 57.99, 76.99, 65.99, 44.99, 29.66, 93.99, 46.99, 35.66, 39.99, 2.0, 42.99, 36.66, 8.15, 36.66];132.99;[1, 1, 2, 3, 2, 1, 3, 1, 3, 2, 1, 1, 2, 1, 3, 1, 1, 1, 1, 2, 1, 2, 2, 2, 2, 4, 4, 1, 3, 1, 2, 1, 2];3;60;True
80;60;80;6;True;2000;1;0;0;0;0;0;0;164.58314895629883;57.74597382545471;49897.71080987799;42568.168112414;3326.6984789274793;4002.950000000002;[49.23, 29.23, 91.23, 98.23, 52.23, 113.23, 34.23, 105.23, 103.23, 17.23, 24.23, 41.23, 117.23, 78.23, 27.23, 8.85, 71.23, 60.23, 39.23, 108.23, 37.23, 38.23, 45.23, 12.89, 75.23, 117.23, 82.23, 29.23, 27.23, 16.23, 34.23, 57.23, 48.23, 68.23, 52.23, 51.23, 117.23, 19.23, 25.23, 91.23, 67.23, 20.23, 21.23, 39.23, 41.23, 28.23, 11.55, 11.55, 29.23, 58.23, 94.23, 9.55, 10.21, 27.23, 65.23, 34.23, 98.23, 22.23, 43.23, 15.23, 21.23, 20.23, 22.23, 22.23, 26.23, 117.23, 56.23, 95.23, 77.23, 36.23, 59.23, 45.23, 2.8, 113.23, 22.23, 13.61, 15.23, 117.23, 44.23, 13.61];114.43;[1, 2, 3, 1, 2, 3, 1, 1, 4, 1, 1, 3, 1, 1, 1, 2, 1, 2, 2, 2, 1, 1, 1, 2, 2, 1, 3, 2, 1, 4, 2, 2, 2, 1];3;60;True
90;60;90;1;True;2000;1;0;0;0;0;0;0;171.8858015537262;58.9176344871521;45395.19970519966;37583.065566335245;3652.782834557961;4159.33;[82.65, 14.7, 19.72, 123.65, 73.65, 41.65, 26.87, 74.65, 45.65, 23.19, 10.77, 51.65, 61.65, 34.65, 76.65, 71.65, 10.77, 25.87, 60.65, 59.65, 48.65, 3.62, 60.65, 37.65, 25.87, 41.65, 16.72, 63.65, 18.72, 116.65, 83.65, 10.02, 26.87, 39.65, 45.65, 62.65, 96.65, 10.77, 14.63, 73.65, 20.72, 50.65, 15.72, 50.65, 13.63, 17.72, 16.72, 103.65, 90.65, 84.65, 16.72, 42.65, 29.5, 10.77, 45.65, 20.72, 121.65, 59.65, 89.65, 23.19, 83.65, 34.65, 58.65, 68.65, 18.72, 53.65, 32.65, 18.72, 11.77, 18.72, 20.72, 85.65, 39.65, 14.7, 3.62, 59.65, 86.65, 27.7, 43.65, 20.72, 30.65, 104.65, 129.65, 24.87, 101.65, 8.35, 15.7, 12.7, 59.65, 55.65];126.03;[1, 2, 2, 1, 1, 5, 3, 2, 3, 3, 3, 2, 1, 2, 3, 1, 2, 2, 1, 1, 3, 1, 3, 1, 1, 3, 2, 3, 2];4;60;True
90;60;90;2;True;2000;1;0;0;0;0;0;0;200.92966985702515;67.32600522041321;47482.586685132796;39270.35823616075;3730.377943029554;4481.629999999997;[28.75, 86.69, 109.69, 42.72, 26.75, 149.04, 22.75, 16.14, 16.14, 102.69, 19.75, 64.69, 17.14, 40.72, 31.75, 16.14, 11.37, 75.69, 57.69, 17.14, 88.69, 53.69, 32.75, 56.69, 70.69, 58.69, 17.95, 35.75, 17.95, 17.95, 108.69, 20.75, 52.69, 19.75, 89.69, 77.69, 144.04, 36.75, 14.9, 36.75, 48.29, 21.75, 40.72, 50.69, 27.75, 34.75, 30.75, 124.04, 46.7, 86.69, 62.69, 38.74, 51.69, 13.2, 90.69, 55.69, 64.69, 10.95, 17.14, 29.75, 25.75, 51.69, 36.75, 128.04, 139.04, 36.75, 125.04, 21.75, 52.69, 9.95, 49.29, 42.72, 55.69, 15.14, 60.69, 17.14, 32.75, 54.69, 33.75, 39.72, 55.69, 77.69, 24.75, 23.75, 70.69, 45.7, 23.75, 50.69, 14.9, 111.69];139.09;[3, 1, 4, 1, 1, 1, 1, 1, 1, 2, 2, 3, 1, 3, 2, 2, 1, 3, 1, 5, 2, 1, 1, 2, 1, 1, 3, 2, 3, 2, 1, 1, 1];4;60;True
90;60;90;3;True;2000;1;0;0;0;0;0;0;149.1391704082489;63.74850797653198;42017.71394342145;34765.284407226725;3485.2693920078314;3767.2900000000036;[53.5, 46.5, 56.5, 64.01, 62.01, 16.26, 15.26, 40.69, 82.01, 52.5, 12.86, 25.25, 104.01, 39.69, 19.4, 27.25, 21.25, 20.38, 16.26, 105.01, 21.25, 46.5, 85.01, 17.44, 21.25, 19.4, 64.01, 14.26, 20.38, 55.5, 18.44, 62.01, 57.5, 64.01, 52.5, 50.5, 56.5, 35.69, 37.69, 43.04, 24.25, 65.01, 30.25, 19.4, 27.25, 21.25, 33.1, 72.01, 33.69, 16.26, 24.25, 14.26, 63.01, 76.01, 19.4, 68.01, 12.86, 55.5, 99.01, 74.01, 94.01, 51.5, 31.25, 3.45, 7.6, 31.25, 39.69, 30.25, 2.0, 18.44, 16.26, 19.4, 16.26, 47.5, 30.25, 43.04, 55.5, 89.01, 22.35, 33.69, 15.26, 74.01, 103.01, 18.44, 36.69, 12.86, 51.5, 43.04, 59.5, 98.01];103.01;[1, 1, 1, 1, 2, 4, 2, 5, 4, 1, 1, 1, 2, 2, 2, 1, 1, 1, 2, 2, 1, 1, 2, 5, 2, 1, 1, 1, 3, 2, 1, 3];4;60;True
90;60;90;4;True;2000;1;0;0;0;0;0;0;190.21729969978333;57.81626343727112;46410.78403265856;39105.47488484594;3429.0598932480825;3876.3899999999953;[8.84, 75.35, 9.84, 55.35, 59.35, 59.35, 24.35, 15.35, 14.35, 68.35, 7.84, 73.35, 8.84, 34.35, 67.35, 68.35, 37.35, 65.35, 44.35, 17.35, 69.35, 2.72, 14.35, 34.35, 12.35, 34.35, 62.35, 17.35, 35.35, 25.35, 64.35, 21.35, 112.35, 37.35, 49.35, 61.35, 48.35, 15.35, 40.35, 93.35, 37.35, 18.35, 134.35, 28.35, 68.35, 54.35, 26.35, 21.35, 26.35, 17.35, 25.35, 22.35, 78.35, 13.35, 53.35, 69.35, 35.35, 86.35, 19.35, 11.84, 9.84, 14.35, 101.35, 10.84, 25.35, 95.35, 65.35, 77.35, 15.35, 31.35, 31.35, 70.35, 34.35, 18.35, 14.35, 62.35, 134.35, 41.35, 93.35, 16.35, 75.35, 95.35, 78.35, 14.35, 50.35, 16.35, 6.95, 36.35, 14.35, 11.84];131.63;[2, 1, 1, 1, 1, 2, 1, 2, 1, 1, 1, 1, 1, 3, 2, 1, 2, 1, 4, 1, 1, 2, 1, 2, 1, 1, 3, 2, 1, 1, 3, 1, 2, 2, 1, 4, 2];3;60;True
90;60;90;5;True;2000;1;0;0;0;0;0;0;154.2582507133484;55.64141321182251;42070.09378862875;34358.17706429352;3529.9318594914707;4182.019999999996;[39.2, 83.2, 24.33, 30.15, 17.03, 57.2, 39.2, 26.15, 56.2, 20.03, 56.2, 1.0, 18.03, 28.15, 29.15, 108.2, 12.83, 12.12, 29.15, 56.2, 91.2, 59.2, 108.2, 23.03, 3.12, 73.2, 8.43, 28.15, 83.2, 110.2, 32.2, 52.2, 72.2, 41.2, 42.2, 92.2, 8.43, 45.2, 102.2, 24.33, 27.15, 47.2, 24.33, 26.15, 39.2, 8.43, 68.2, 47.2, 98.2, 31.15, 56.2, 22.03, 59.2, 66.2, 15.63, 43.2, 43.2, 31.15, 23.03, 82.2, 110.2, 35.2, 79.2, 47.2, 47.2, 32.2, 55.2, 71.2, 71.2, 43.2, 36.2, 84.2, 40.2, 39.2, 42.2, 2.12, 34.2, 42.2, 9.43, 39.2, 93.2, 72.2, 39.2, 4.03, 29.15, 63.2, 98.2, 34.2, 21.03, 63.2];109.2;[2, 2, 2, 3, 1, 2, 1, 1, 2, 1, 1, 2, 3, 1, 1, 1, 2, 1, 1, 2, 1, 1, 3, 2, 1, 5, 1, 3, 1, 2, 1, 1, 1, 2, 1, 1, 1];4;60;True
90;60;90;6;True;2000;1;0;0;0;0;0;0;193.78538274765015;78.08067798614502;51829.881566438184;44211.397824420106;3348.6998827259254;4269.799999999999;[46.06, 30.06, 92.88, 82.87, 53.93, 119.88, 32.06, 103.55, 104.88, 18.07, 25.06, 30.06, 94.88, 64.7, 28.06, 9.39, 64.7, 30.06, 33.06, 60.7, 36.06, 34.06, 49.06, 15.07, 61.7, 67.7, 54.93, 22.07, 28.06, 17.07, 36.06, 58.93, 42.06, 69.7, 48.06, 72.7, 119.88, 20.07, 24.06, 87.88, 98.55, 21.07, 20.07, 40.06, 52.05, 36.06, 14.07, 13.07, 28.06, 79.7, 75.7, 9.39, 11.44, 28.06, 59.93, 27.06, 137.51, 23.07, 50.06, 16.07, 22.07, 21.07, 24.06, 23.07, 28.06, 118.88, 41.06, 74.7, 86.88, 39.06, 133.88, 42.06, 2.0, 32.06, 24.06, 15.07, 16.07, 49.06, 33.06, 15.07, 80.7, 73.7, 40.06, 30.06, 37.06, 45.06, 22.07, 13.07, 15.07, 140.51];138.51;[2, 2, 1, 5, 2, 2, 3, 2, 1, 1, 1, 1, 1, 1, 2, 1, 1, 1, 1, 1, 4, 1, 2, 1, 3, 4, 1, 2, 2, 3, 5];4;60;True
100;60;100;1;True;2000;1;0;0;0;0;0;0;146.44278955459595;83.87793636322021;46011.057822108865;38574.09164322699;3567.7968404038597;3869.3300000000017;[58.73, 14.62, 18.77, 59.73, 84.73, 22.73, 24.73, 63.73, 40.73, 21.73, 10.94, 33.73, 67.73, 29.73, 55.73, 84.73, 11.28, 40.73, 56.73, 37.73, 46.73, 3.1, 39.73, 24.73, 34.73, 45.73, 17.53, 47.73, 17.53, 63.73, 48.73, 10.02, 25.73, 28.73, 34.73, 84.73, 55.73, 12.61, 14.39, 58.73, 20.73, 71.73, 16.2, 61.73, 14.39, 17.53, 16.53, 83.73, 84.73, 84.73, 16.2, 58.73, 24.73, 10.94, 43.73, 19.77, 84.73, 22.73, 84.73, 22.73, 26.73, 21.73, 56.73, 84.73, 18.53, 46.73, 18.77, 18.53, 12.67, 18.53, 18.53, 83.73, 31.73, 14.62, 3.68, 51.73, 84.73, 22.73, 34.73, 19.77, 52.73, 84.73, 70.73, 23.73, 84.73, 8.67, 15.9, 13.39, 35.73, 38.73, 13.39, 7.44, 10.94, 84.73, 12.67, 42.73, 32.73, 84.73, 19.77, 25.73];81.63000000000001;[2, 2, 1, 1, 1, 2, 1, 2, 1, 3, 3, 1, 3, 4, 2, 3, 3, 2, 2, 3, 1, 1, 2, 1, 2, 1, 5, 1, 1, 1, 2];4;60;True
100;60;100;2;True;2000;1;0;0;0;0;0;0;193.84470558166504;74.11082816123962;47075.825782077496;38618.30882604604;3714.2963806184252;4743.2199999999975;[28.3, 68.33, 82.33, 69.33, 27.43, 111.33, 21.86, 15.88, 15.87, 49.33, 19.02, 99.33, 17.11, 40.33, 29.19, 17.11, 11.95, 90.33, 57.33, 15.88, 89.33, 60.33, 30.19, 136.33, 84.33, 40.33, 17.86, 27.43, 16.11, 19.02, 55.33, 21.28, 56.33, 19.86, 88.33, 95.33, 87.33, 36.19, 15.87, 37.33, 47.33, 22.28, 41.33, 47.33, 26.43, 31.19, 31.19, 130.33, 35.19, 52.33, 108.33, 42.33, 53.33, 14.87, 106.33, 44.33, 44.33, 10.85, 17.11, 30.19, 22.28, 43.33, 31.19, 92.33, 58.33, 36.19, 72.33, 21.28, 38.33, 10.4, 36.19, 44.33, 55.33, 15.87, 71.33, 17.11, 30.19, 54.33, 33.19, 39.33, 47.33, 60.33, 19.02, 24.28, 78.33, 37.33, 24.28, 51.33, 15.87, 83.33, 61.33, 114.33, 31.19, 15.87, 54.33, 78.33, 87.33, 27.43, 113.33, 36.19];125.93;[1, 3, 1, 3, 1, 2, 3, 4, 3, 1, 1, 1, 3, 2, 2, 1, 5, 2, 1, 2, 1, 1, 2, 1, 1, 2, 1, 3, 1, 1, 2, 2];4;60;True
100;60;100;3;True;2000;1;0;0;0;0;0;0;169.05722951889038;92.14084982872009;44172.29442250532;37308.986509023496;3514.4141326723043;3349.260000000005;[31.82, 27.82, 54.82, 42.82, 46.82, 10.82, 11.82, 32.82, 90.82, 34.82, 10.82, 19.82, 62.82, 26.82, 16.82, 20.82, 18.82, 13.82, 11.82, 69.82, 14.82, 45.82, 74.82, 12.82, 14.82, 14.82, 48.82, 13.82, 17.82, 74.82, 15.82, 56.82, 54.82, 49.82, 44.82, 28.82, 38.82, 24.82, 33.82, 38.82, 20.82, 54.82, 16.82, 12.82, 24.82, 17.82, 25.82, 79.82, 24.82, 12.82, 19.82, 10.3, 75.82, 58.82, 15.82, 61.82, 8.3, 67.82, 93.82, 54.82, 73.82, 30.82, 18.82, 3.84, 6.69, 20.82, 29.82, 17.82, 1.0, 16.82, 11.82, 12.82, 11.82, 33.82, 17.82, 35.82, 57.82, 43.82, 14.82, 21.82, 11.82, 53.82, 90.82, 12.82, 28.82, 11.82, 35.82, 47.82, 39.82, 81.82, 93.82, 58.82, 20.82, 37.82, 6.57, 10.3, 16.82, 19.82, 39.82, 10.82];92.82;[1, 2, 2, 3, 1, 3, 3, 2, 1, 1, 1, 2, 1, 1, 2, 1, 1, 2, 4, 3, 2, 2, 2, 1, 2, 1, 3, 1, 6, 1, 1, 1];5;60;True
100;60;100;4;True;2000;1;0;0;0;0;0;0;178.87190890312195;72.05352711677551;47050.36895767456;38810.95618005583;3435.034537334014;4803.959999999997;[10.67, 90.29, 10.24, 61.29, 63.29, 75.29, 32.29, 28.29, 14.67, 116.29, 9.63, 129.29, 10.67, 46.29, 85.29, 24.29, 49.29, 67.29, 42.29, 21.29, 84.29, 1.91, 17.66, 46.29, 14.67, 37.29, 47.29, 17.66, 36.29, 56.29, 67.29, 29.29, 131.29, 40.29, 84.29, 74.29, 40.29, 23.29, 54.29, 85.29, 42.29, 19.29, 124.29, 37.29, 67.29, 48.29, 29.29, 22.29, 27.29, 20.29, 36.29, 27.29, 94.29, 15.49, 84.29, 57.29, 38.29, 42.29, 22.29, 11.67, 9.63, 15.49, 99.29, 12.67, 34.29, 70.29, 99.29, 94.29, 70.29, 34.29, 33.29, 99.29, 37.29, 30.29, 17.66, 67.29, 131.29, 68.29, 82.29, 19.29, 76.29, 67.29, 94.29, 16.2, 54.29, 21.29, 6.35, 48.29, 20.29, 12.67, 131.29, 24.29, 34.29, 15.49, 68.29, 16.66, 31.29, 20.29, 26.29, 47.29];129.38;[2, 1, 1, 1, 3, 1, 1, 1, 1, 4, 1, 1, 1, 1, 1, 2, 3, 2, 1, 2, 1, 1, 2, 3, 1, 3, 2, 1, 3, 1, 2, 1, 1, 4, 1, 1, 1];3;60;True
100;60;100;5;True;2000;1;0;0;0;0;0;0;147.7738664150238;60.28228688240051;42620.10390019794;34004.55225146954;3626.8220941741874;4988.760000000008;[43.86, 74.01, 28.86, 32.53, 18.04, 61.01, 55.01, 26.91, 60.01, 22.99, 67.01, 1.0, 20.04, 31.53, 39.86, 76.01, 14.94, 13.5, 34.22, 60.01, 75.01, 60.01, 106.01, 24.95, 3.0, 70.01, 10.88, 29.86, 83.01, 92.01, 44.86, 54.01, 73.01, 34.22, 45.86, 111.01, 9.92, 43.86, 94.01, 26.56, 29.86, 44.86, 26.91, 29.86, 44.86, 10.88, 107.01, 46.82, 45.86, 29.86, 46.82, 23.95, 61.01, 56.01, 18.04, 47.82, 63.01, 38.31, 25.74, 72.01, 93.01, 32.53, 69.01, 58.01, 48.88, 33.53, 59.01, 65.01, 38.31, 45.86, 45.86, 66.01, 57.01, 41.86, 44.86, 2.0, 31.53, 42.86, 10.88, 41.86, 92.01, 81.01, 98.01, 4.13, 31.53, 64.01, 78.01, 39.31, 25.52, 53.01, 38.31, 75.01, 97.01, 73.01, 61.01, 111.01, 102.01, 61.01, 80.01, 53.01];110.01;[3, 1, 2, 1, 1, 1, 1, 3, 1, 4, 1, 1, 4, 1, 1, 1, 1, 2, 1, 1, 2, 1, 2, 1, 1, 1, 3, 1, 2, 4, 1, 4, 1, 2, 2];3;60;True
100;60;100;6;True;2000;1;0;0;0;0;0;0;189.79283046722412;91.18856739997864;51319.26248142764;43419.58901890242;3291.417752304873;4608.3499999999985;[39.66, 29.85, 64.82, 61.82, 39.66, 106.82, 32.85, 69.82, 132.82, 17.17, 24.85, 26.85, 108.82, 49.38, 27.85, 8.85, 53.82, 29.85, 30.85, 121.82, 53.82, 35.85, 46.74, 12.96, 78.82, 61.82, 47.74, 22.01, 27.85, 17.01, 32.85, 50.75, 39.66, 73.82, 43.79, 60.82, 85.82, 20.01, 24.85, 59.82, 70.82, 19.98, 19.66, 40.66, 44.74, 34.85, 11.96, 9.99, 29.85, 94.82, 95.82, 9.22, 9.99, 27.85, 44.74, 27.85, 137.82, 23.69, 45.74, 15.17, 22.01, 21.01, 23.85, 23.69, 31.85, 74.82, 43.19, 54.82, 64.82, 39.66, 98.82, 35.85, 2.8, 39.66, 26.85, 13.9, 15.17, 71.82, 34.85, 13.9, 58.82, 83.82, 77.82, 30.85, 37.66, 50.82, 22.01, 9.99, 13.9, 80.82, 17.01, 96.82, 6.71, 70.82, 29.85, 73.82, 104.82, 83.82, 50.75, 63.82];135.01999999999998;[1, 4, 1, 4, 2, 3, 1, 2, 1, 1, 1, 1, 1, 2, 1, 1, 5, 1, 2, 3, 1, 2, 1, 1, 1, 4, 2, 2, 1, 4, 2, 1];4;60;True
70;70;70;1;True;2000;1;0;0;0;0;0;0;158.93408966064453;37.83367943763733;52502.91202831691;44222.799548197785;4229.932672805096;4050.0500000000025;[75.71, 26.59, 27.59, 86.71, 67.71, 55.71, 79.71, 109.71, 61.71, 36.71, 11.81, 68.71, 82.71, 57.71, 57.71, 87.71, 21.59, 35.71, 65.71, 66.71, 50.71, 4.0, 81.71, 67.71, 52.71, 81.71, 33.59, 92.71, 44.71, 109.71, 63.71, 15.37, 50.71, 104.71, 64.71, 71.71, 99.71, 17.37, 26.59, 65.71, 30.59, 108.71, 31.59, 49.71, 21.59, 31.59, 28.59, 74.71, 100.71, 109.71, 33.59, 72.71, 42.71, 17.37, 49.71, 40.71, 109.71, 39.71, 84.71, 45.71, 85.71, 67.71, 68.71, 109.71, 34.59, 53.71, 42.71, 27.59, 17.37, 34.59];105.71;[2, 3, 2, 1, 3, 1, 3, 2, 1, 1, 1, 1, 2, 3, 1, 4, 1, 2, 2, 2, 2, 3, 1, 1, 1, 4, 5, 1, 3, 1, 2, 2, 1, 2, 1, 2];4;70;True
70;70;70;2;True;2000;1;0;0;0;0;0;0;205.4562656879425;58.02857160568237;55489.213002822646;47566.01719939404;4163.68017088844;3759.810000000004;[41.57, 84.57, 131.57, 44.57, 30.57, 121.57, 28.57, 18.57, 13.57, 67.57, 28.57, 70.57, 30.57, 52.57, 24.57, 17.57, 13.57, 80.57, 58.57, 17.57, 102.57, 59.57, 50.57, 66.57, 131.57, 63.57, 24.57, 33.57, 22.57, 19.57, 92.57, 22.57, 86.57, 41.57, 80.57, 75.57, 78.57, 39.57, 14.57, 48.57, 48.57, 33.57, 56.57, 52.57, 97.57, 36.57, 31.57, 117.57, 43.57, 76.57, 77.57, 46.57, 54.57, 18.57, 62.57, 78.57, 60.57, 9.91, 22.57, 37.57, 34.57, 59.57, 42.57, 123.57, 73.57, 46.57, 91.57, 24.57, 55.57, 11.14];121.66;[1, 3, 1, 3, 1, 1, 1, 1, 1, 2, 1, 2, 2, 2, 6, 1, 4, 2, 1, 2, 3, 1, 2, 3, 1, 3, 1, 1, 1, 2, 1, 1, 1, 1, 1, 6, 3];5;70;True
70;70;70;3;True;2000;1;0;0;0;0;0;0;181.2308349609375;59.17478322982788;51315.90648770446;43923.97113215184;4038.9868468171567;3352.6900000000032;[40.15, 73.15, 60.15, 50.15, 36.15, 17.15, 17.15, 66.15, 83.15, 75.15, 8.77, 34.15, 109.15, 52.15, 30.15, 27.15, 24.15, 31.15, 15.15, 52.15, 38.15, 47.15, 74.15, 19.15, 25.15, 23.15, 109.15, 13.15, 28.15, 54.15, 14.15, 60.15, 98.15, 108.15, 64.15, 57.15, 66.15, 44.15, 74.15, 58.15, 42.15, 64.15, 39.15, 21.15, 35.15, 23.15, 29.15, 63.15, 37.15, 12.77, 37.15, 11.77, 109.15, 87.15, 19.15, 109.15, 6.77, 98.15, 83.15, 70.15, 109.15, 45.15, 61.15, 1.77, 3.77, 48.15, 48.15, 44.15, 1.0, 12.77];108.15;[5, 1, 1, 1, 4, 6, 1, 1, 1, 1, 1, 1, 1, 1, 2, 3, 2, 2, 4, 1, 1, 2, 1, 1, 1, 1, 1, 2, 2, 1, 4, 1, 1, 3, 3, 1, 2, 1, 1];5;70;True
70;70;70;4;True;2000;1;0;0;0;0;0;0;190.67851853370667;48.01929235458374;55741.18493756243;46737.056747229595;4287.02561566726;4716.94;[25.01, 91.69, 17.69, 96.69, 92.69, 143.69, 64.69, 41.63, 17.27, 78.69, 20.59, 104.69, 27.17, 69.69, 82.69, 61.69, 67.69, 75.69, 79.69, 58.69, 81.69, 10.42, 31.02, 61.69, 42.63, 39.63, 70.69, 18.95, 69.69, 52.69, 101.69, 56.69, 123.69, 87.69, 67.69, 71.69, 80.69, 48.69, 63.69, 77.69, 57.69, 35.63, 151.69, 61.69, 73.69, 73.69, 87.69, 41.63, 59.69, 32.92, 55.69, 60.69, 129.69, 28.17, 87.69, 80.69, 74.69, 144.69, 45.45, 27.17, 11.62, 30.92, 105.69, 45.16, 53.69, 111.69, 60.69, 111.69, 151.69, 46.45];141.27;[4, 2, 1, 2, 2, 2, 2, 2, 3, 1, 3, 4, 2, 1, 1, 1, 1, 3, 3, 1, 1, 3, 2, 1, 1, 1, 1, 3, 1, 1, 1, 1, 1, 3, 2, 6];5;70;True
70;70;70;5;True;2000;1;0;0;0;0;0;0;187.7174620628357;45.423733711242676;51388.26987770168;42166.40823184458;4134.142538835972;5087.56;[49.53, 141.54, 47.53, 71.54, 17.99, 94.54, 74.54, 28.64, 78.54, 42.7, 155.54, 1.0, 32.64, 61.67, 58.06, 110.54, 35.53, 27.64, 63.54, 75.54, 143.54, 89.54, 155.54, 40.15, 2.53, 99.54, 16.99, 36.53, 146.54, 124.54, 90.54, 69.54, 132.54, 72.54, 65.54, 111.54, 8.42, 81.54, 85.54, 47.53, 36.53, 98.54, 49.53, 46.53, 58.06, 9.48, 113.54, 61.67, 115.54, 66.54, 59.67, 27.64, 109.54, 92.54, 39.53, 62.54, 51.53, 53.53, 52.53, 100.54, 155.54, 91.54, 106.54, 115.54, 52.53, 44.53, 80.54, 65.54, 118.54, 61.67];154.54;[2, 1, 1, 1, 2, 1, 3, 1, 1, 2, 2, 4, 2, 4, 2, 3, 1, 1, 2, 1, 1, 3, 2, 1, 1, 1, 2, 2, 1, 1, 2, 2, 1, 2, 3, 2, 1, 1, 3, 1];3;70;True
70;70;70;6;True;2000;1;0;0;0;0;0;0;183.63865685462952;63.10520529747009;60175.00211280858;51476.25003281663;4109.079680563661;4589.489999999997;[55.16, 43.84, 113.16, 103.16, 63.16, 77.16, 55.16, 98.16, 123.16, 20.92, 41.1, 49.16, 117.16, 69.16, 43.84, 8.74, 73.16, 119.16, 49.16, 128.16, 89.16, 61.16, 62.16, 26.33, 117.16, 131.16, 69.16, 35.45, 34.02, 29.42, 39.98, 71.16, 89.16, 118.16, 70.16, 62.16, 131.16, 34.45, 62.16, 88.16, 131.16, 20.92, 32.22, 94.16, 131.16, 58.16, 14.86, 15.97, 41.1, 80.16, 108.16, 10.02, 13.26, 29.42, 66.16, 53.16, 131.16, 37.56, 53.16, 20.97, 32.77, 25.73, 37.56, 66.16, 80.16, 77.16, 46.84, 70.16, 79.16, 57.16];122.42;[2, 3, 4, 1, 3, 4, 1, 1, 2, 2, 2, 3, 1, 1, 5, 1, 2, 2, 2, 1, 1, 1, 1, 2, 3, 2, 1, 1, 2, 1, 1, 5, 1, 1, 1, 1, 2];4;70;True
80;70;80;1;True;2000;1;0;0;0;0;0;0;181.94848155975342;62.06810808181763;54659.64295756327;46520.56871233214;4170.667693460892;3968.1799999999976;[57.58, 17.98, 29.58, 86.58, 68.58, 56.58, 43.58, 102.58, 47.58, 41.58, 10.38, 63.58, 69.58, 31.58, 50.58, 58.58, 12.02, 28.58, 56.58, 48.58, 51.58, 3.16, 70.58, 33.58, 35.58, 46.58, 17.98, 104.58, 40.58, 71.58, 55.58, 10.38, 52.58, 47.58, 53.58, 81.58, 110.58, 13.02, 18.5, 91.58, 20.83, 65.58, 19.62, 64.58, 16.98, 20.62, 18.5, 74.58, 91.58, 102.58, 29.58, 73.58, 36.58, 11.02, 53.58, 23.09, 80.58, 45.58, 90.58, 35.58, 69.58, 50.58, 71.58, 110.58, 20.62, 42.58, 28.58, 23.09, 13.02, 30.58, 46.58, 104.58, 44.58, 16.98, 4.09, 69.58, 110.58, 43.58, 74.58, 24.08];107.42;[1, 3, 2, 1, 2, 2, 1, 3, 1, 3, 1, 1, 2, 5, 4, 3, 1, 2, 2, 2, 1, 1, 3, 1, 2, 1, 2, 1, 2, 3, 2, 4, 2, 3];4;70;True
80;70;80;2;True;2000;1;0;0;0;0;0;0;210.32610607147217;62.84458065032959;54293.09277631488;45796.380247850175;4161.937214929228;4334.689999999999;[30.34, 98.31, 146.31, 47.15, 35.33, 120.31, 34.33, 18.76, 18.76, 59.31, 35.33, 71.31, 21.54, 41.33, 42.33, 19.76, 12.77, 106.31, 64.31, 19.76, 89.31, 51.29, 43.33, 138.31, 75.31, 58.31, 31.34, 35.33, 22.54, 19.76, 90.31, 29.34, 59.31, 25.53, 78.31, 105.31, 146.31, 38.33, 16.36, 38.33, 51.29, 28.34, 49.29, 57.31, 36.33, 40.33, 40.33, 85.31, 50.29, 72.31, 68.31, 43.89, 50.29, 14.77, 68.31, 84.31, 73.31, 10.77, 18.76, 37.33, 34.33, 66.31, 44.9, 131.31, 61.31, 38.33, 103.31, 25.53, 63.31, 10.69, 46.14, 59.31, 72.31, 17.76, 61.31, 25.53, 46.14, 108.31, 48.15, 53.29];135.62;[1, 2, 1, 3, 1, 1, 2, 1, 3, 1, 2, 2, 1, 1, 1, 1, 2, 3, 6, 3, 1, 1, 1, 1, 3, 1, 2, 3, 1, 2, 1, 1, 4, 2, 3, 1, 1, 2, 1];5;70;True
80;70;80;3;True;2000;1;0;0;0;0;0;0;191.47829484939575;53.682809352874756;50363.606374368566;42412.23871277826;4010.155162287232;3941.2200000000034;[37.61, 77.61, 83.61, 46.61, 65.61, 19.64, 18.64, 85.61, 102.61, 60.61, 12.46, 34.42, 120.61, 58.61, 20.07, 37.61, 28.42, 24.0, 20.07, 105.61, 30.42, 46.61, 71.61, 25.0, 29.42, 33.42, 46.61, 14.28, 21.07, 106.61, 19.64, 90.61, 100.61, 89.61, 77.61, 42.61, 67.61, 46.61, 39.61, 42.61, 30.42, 64.61, 32.42, 25.5, 32.42, 27.42, 39.61, 66.61, 36.61, 18.3, 34.42, 15.28, 98.61, 114.61, 25.0, 131.61, 12.46, 33.42, 81.61, 95.61, 110.61, 58.61, 31.42, 3.0, 6.58, 35.61, 43.61, 35.61, 2.0, 21.07, 21.07, 20.07, 18.3, 41.61, 58.61, 59.61, 68.61, 124.61, 27.42, 34.42];129.61;[3, 2, 1, 1, 3, 1, 4, 4, 1, 2, 1, 1, 1, 3, 1, 1, 2, 4, 1, 1, 1, 1, 1, 1, 1, 2, 1, 1, 6, 3, 3, 2, 2, 1, 1, 2, 3];5;70;True
80;70;80;4;True;2000;1;0;0;0;0;0;0;207.85742855072021;71.88813400268555;56721.97521912819;47758.27112855122;4342.2232437194825;4621.7099999999955;[17.19, 69.16, 12.52, 74.16, 88.16, 96.16, 62.16, 35.16, 16.65, 82.16, 12.52, 65.16, 14.66, 53.16, 90.16, 128.16, 58.16, 83.16, 91.16, 40.16, 91.16, 2.37, 27.16, 50.16, 23.46, 39.16, 58.16, 19.19, 70.16, 37.16, 86.16, 47.16, 103.16, 55.16, 53.16, 78.16, 55.16, 37.16, 63.16, 94.16, 61.16, 21.83, 129.16, 40.16, 73.16, 68.16, 33.16, 30.16, 54.16, 30.16, 45.16, 45.16, 78.16, 28.16, 108.16, 85.16, 80.16, 82.16, 38.16, 13.68, 12.52, 19.19, 88.16, 19.73, 45.16, 92.16, 69.16, 74.16, 45.16, 36.16, 36.16, 79.16, 42.16, 77.16, 29.16, 86.16, 151.16, 70.16, 96.16, 26.64];148.79;[2, 1, 4, 2, 2, 1, 2, 3, 1, 1, 2, 1, 1, 1, 4, 2, 2, 1, 1, 1, 2, 2, 3, 1, 1, 2, 1, 1, 1, 1, 5, 3, 1, 2, 1, 3, 1, 4];4;70;True
80;70;80;5;True;2000;1;0;0;0;0;0;0;198.0211193561554;68.5373284816742;53226.35485781728;44373.45508758063;4253.014571256888;4600.140000000004;[38.03, 126.03, 33.63, 37.03, 15.63, 84.03, 67.03, 24.63, 74.03, 23.63, 116.03, 1.0, 17.63, 43.03, 28.63, 123.03, 15.63, 9.63, 43.03, 56.03, 130.03, 93.03, 128.03, 24.63, 2.86, 80.03, 7.78, 25.63, 134.03, 102.03, 42.03, 54.03, 99.03, 57.03, 55.03, 134.03, 7.78, 51.03, 124.03, 34.63, 24.63, 83.03, 26.63, 30.63, 55.03, 7.78, 108.03, 93.03, 117.03, 30.63, 46.03, 20.63, 64.03, 75.03, 13.63, 43.03, 31.63, 40.03, 39.03, 95.03, 120.03, 32.63, 86.03, 62.03, 51.03, 28.63, 74.03, 54.03, 111.03, 51.03, 93.03, 129.03, 78.03, 41.03, 39.03, 2.37, 48.03, 47.03, 7.78, 35.63];133.03;[1, 3, 1, 2, 3, 1, 3, 1, 2, 1, 5, 1, 4, 1, 1, 2, 1, 2, 2, 2, 1, 2, 1, 1, 3, 1, 2, 2, 3, 1, 1, 3, 2, 1, 2, 4, 1];4;70;True
80;70;80;6;True;2000;1;0;0;0;0;0;0;217.97737956047058;86.80638146400452;61700.7114113338;53433.930143111334;4100.014185529844;4166.670000000007;[50.01, 33.01, 65.01, 73.01, 51.01, 91.01, 41.01, 83.01, 61.01, 16.01, 23.01, 34.01, 82.01, 126.01, 35.01, 8.23, 82.01, 48.01, 37.01, 122.01, 78.01, 37.01, 56.01, 12.07, 101.01, 132.01, 48.01, 23.01, 26.01, 21.01, 62.01, 68.01, 44.01, 94.01, 61.01, 47.01, 136.01, 17.01, 29.01, 80.01, 98.01, 20.01, 21.01, 85.01, 61.01, 46.01, 11.31, 10.93, 38.01, 81.01, 107.01, 9.28, 9.28, 27.01, 52.01, 31.01, 86.01, 30.01, 60.01, 15.01, 25.01, 30.01, 26.01, 26.01, 22.01, 83.01, 48.01, 98.01, 101.01, 49.01, 63.01, 47.01, 2.72, 89.01, 36.01, 12.07, 14.01, 106.01, 44.01, 12.07];133.29;[1, 1, 5, 2, 3, 1, 2, 3, 1, 5, 4, 4, 1, 2, 2, 1, 1, 1, 3, 1, 3, 1, 2, 1, 1, 2, 1, 1, 1, 1, 1, 1, 2, 1, 4, 1, 1, 1];4;70;True
90;70;90;1;True;2000;1;0;0;0;0;0;0;188.85269594192505;77.55479145050049;54548.386661326746;45652.31320638563;4273.090270791578;4622.780000000001;[72.27, 17.66, 22.64, 96.27, 68.27, 47.27, 77.27, 78.27, 46.27, 39.27, 11.69, 69.27, 127.27, 44.27, 62.27, 71.27, 13.67, 35.27, 82.27, 49.27, 50.27, 3.58, 86.27, 42.27, 30.27, 50.27, 18.66, 71.27, 21.64, 127.27, 85.27, 13.67, 56.27, 47.27, 72.27, 66.27, 97.27, 13.85, 16.66, 84.27, 21.64, 88.27, 19.65, 56.27, 17.66, 19.65, 18.66, 72.27, 127.27, 113.27, 31.52, 68.27, 28.27, 13.67, 56.27, 24.08, 87.27, 42.27, 96.27, 29.27, 41.27, 31.27, 59.27, 95.27, 20.65, 44.27, 28.27, 20.65, 13.85, 22.64, 36.27, 77.27, 46.27, 17.66, 4.26, 61.27, 101.27, 49.27, 75.27, 24.08, 84.27, 82.27, 98.27, 32.27, 76.27, 10.69, 17.66, 15.65, 58.27, 58.27];123.69;[2, 1, 1, 2, 2, 1, 3, 2, 1, 1, 1, 1, 3, 3, 1, 5, 3, 2, 2, 3, 2, 1, 1, 1, 1, 1, 2, 2, 1, 2, 1, 2, 1, 2, 1, 2, 2, 3, 1, 1];4;70;True
90;70;90;2;True;2000;1;0;0;0;0;0;0;243.3189902305603;103.84673571586609;58446.22523377642;49700.560986743105;4188.797447637172;4557.010000000002;[29.02, 69.85, 117.85, 40.0, 27.02, 104.85, 24.02, 16.3, 15.86, 49.96, 29.02, 72.85, 18.25, 51.96, 36.0, 19.25, 10.64, 121.85, 63.55, 16.39, 80.85, 72.85, 49.96, 106.85, 157.85, 55.55, 18.25, 31.02, 18.25, 18.22, 87.85, 27.02, 55.55, 20.24, 114.85, 131.85, 77.85, 36.0, 15.02, 35.0, 44.0, 22.03, 56.55, 54.55, 32.0, 36.0, 32.0, 88.85, 42.0, 62.55, 51.96, 39.0, 47.0, 13.46, 84.85, 76.85, 69.85, 10.49, 16.39, 28.02, 30.02, 53.96, 38.0, 103.85, 62.55, 36.0, 131.85, 21.24, 45.0, 9.54, 38.0, 48.0, 52.96, 15.02, 52.96, 17.39, 29.02, 65.85, 33.0, 39.0, 65.85, 152.85, 25.02, 24.02, 73.85, 44.0, 26.02, 59.55, 15.02, 93.85];148.31;[1, 4, 1, 3, 4, 1, 1, 1, 5, 2, 2, 1, 2, 4, 2, 3, 1, 1, 3, 1, 1, 2, 1, 1, 1, 1, 1, 1, 4, 2, 3, 2, 1, 3, 1, 1, 1];4;70;True
90;70;90;3;True;2000;1;0;0;0;0;0;0;175.29106068611145;80.40950179100037;51257.1439922022;43183.357106645104;4091.457280714881;3982.3899999999994;[38.13, 58.14, 50.73, 44.59, 42.59, 19.05, 18.95, 51.73, 83.62, 56.73, 12.57, 30.06, 104.62, 47.57, 22.31, 32.5, 23.91, 23.13, 17.97, 93.62, 23.13, 63.14, 104.62, 20.57, 29.05, 21.31, 71.62, 14.48, 20.57, 104.62, 18.95, 55.73, 62.14, 60.14, 49.66, 47.57, 56.73, 37.43, 39.59, 48.66, 25.91, 63.14, 33.81, 22.31, 27.74, 27.74, 39.59, 56.73, 35.3, 17.97, 33.81, 14.48, 47.66, 72.62, 22.31, 70.62, 12.57, 104.62, 69.62, 55.73, 80.62, 48.66, 69.62, 3.6, 7.13, 39.59, 47.57, 29.71, 2.0, 19.89, 20.57, 21.31, 17.07, 45.59, 28.6, 39.59, 64.62, 104.62, 27.74, 30.68, 14.48, 83.62, 104.62, 20.57, 38.13, 12.57, 91.62, 56.73, 63.14, 71.62];102.62;[1, 1, 1, 1, 1, 2, 2, 2, 4, 1, 5, 2, 2, 1, 1, 4, 1, 1, 1, 1, 1, 1, 1, 1, 1, 2, 1, 3, 2, 1, 1, 2, 6, 4, 3, 2, 2, 1];5;70;True
90;70;90;4;True;2000;1;0;0;0;0;0;0;208.60533905029297;77.3314139842987;55935.38395312032;47131.79488945436;4368.380500388074;4435.119999999998;[12.29, 77.79, 10.36, 56.79, 67.79, 91.79, 26.79, 19.79, 14.79, 83.79, 8.42, 85.79, 11.29, 38.79, 102.79, 103.79, 59.79, 60.79, 55.79, 27.79, 90.79, 2.32, 18.79, 37.79, 14.79, 36.79, 39.79, 17.79, 45.79, 30.79, 63.79, 63.79, 85.79, 43.79, 54.79, 65.79, 46.79, 30.79, 58.79, 67.79, 44.79, 19.79, 146.79, 46.79, 61.79, 64.79, 23.79, 22.79, 32.79, 22.79, 40.79, 28.79, 94.79, 15.79, 60.79, 55.79, 38.79, 58.79, 25.79, 12.29, 9.42, 16.79, 129.79, 14.79, 30.79, 80.79, 54.79, 114.79, 20.79, 34.79, 32.79, 49.79, 35.79, 22.79, 19.79, 73.79, 146.79, 49.79, 138.79, 20.79, 69.79, 73.79, 80.79, 16.79, 79.79, 43.79, 6.45, 56.79, 41.79, 13.29];144.47;[3, 1, 2, 2, 2, 1, 1, 2, 1, 1, 1, 1, 1, 1, 1, 2, 1, 3, 1, 2, 3, 3, 3, 1, 1, 1, 1, 1, 3, 3, 5, 1, 3, 2, 1, 1, 3, 3, 1];4;70;True
90;70;90;5;True;2000;1;0;0;0;0;0;0;177.62021780014038;76.97811388969421;51675.14093674447;42500.0719717936;4295.016546340098;4880.240000000003;[39.84, 116.84, 30.75, 35.75, 17.19, 70.84, 56.84, 25.8, 56.84, 23.59, 86.84, 1.0, 18.8, 29.49, 41.84, 83.84, 17.41, 13.11, 52.84, 55.84, 116.84, 80.84, 107.84, 22.09, 3.88, 76.84, 9.78, 28.49, 123.84, 93.84, 56.84, 53.84, 79.84, 44.84, 42.84, 123.84, 8.77, 40.84, 68.84, 28.49, 27.49, 57.84, 30.75, 27.49, 43.84, 9.78, 79.84, 123.84, 115.84, 32.75, 47.84, 22.59, 101.84, 75.84, 16.6, 43.84, 105.84, 38.84, 39.84, 69.84, 96.84, 39.84, 72.84, 46.84, 53.84, 29.75, 60.84, 86.84, 92.84, 41.84, 36.75, 65.84, 61.84, 38.84, 42.84, 2.0, 37.84, 38.84, 9.38, 39.84, 113.84, 95.84, 123.84, 3.88, 29.49, 68.84, 109.84, 44.84, 36.75, 55.84];122.84;[1, 1, 1, 4, 2, 1, 1, 2, 2, 4, 3, 1, 2, 4, 1, 3, 2, 1, 1, 1, 1, 2, 2, 2, 1, 2, 1, 2, 1, 1, 2, 2, 2, 1, 1, 2, 2, 1, 2, 1, 1];3;70;True
90;70;90;6;True;2000;1;0;0;0;0;0;0;195.85678339004517;85.31647229194641;59412.24435017083;50929.62107472147;4210.686525833994;4272.130000000005;[55.01, 31.02, 80.03, 74.03, 53.01, 105.51, 36.02, 81.03, 116.51, 19.02, 26.02, 38.02, 77.03, 80.03, 35.02, 7.52, 64.01, 32.02, 34.02, 64.01, 39.02, 53.01, 51.01, 17.02, 96.03, 111.51, 45.01, 30.02, 29.02, 19.02, 40.01, 56.01, 64.01, 61.01, 75.03, 51.01, 71.03, 23.02, 29.02, 72.03, 69.03, 21.02, 23.02, 42.01, 41.01, 45.01, 15.02, 13.13, 34.02, 84.03, 99.03, 9.12, 10.35, 29.02, 56.01, 39.02, 102.03, 26.02, 46.01, 18.02, 24.02, 23.02, 26.02, 25.02, 31.02, 92.03, 49.01, 105.51, 56.01, 67.03, 58.01, 42.01, 2.72, 54.01, 26.02, 17.02, 18.02, 41.01, 39.02, 17.02, 61.01, 63.01, 58.01, 31.02, 47.01, 49.01, 24.02, 12.35, 17.02, 132.45];129.73;[4, 3, 6, 2, 4, 3, 2, 1, 1, 2, 3, 1, 1, 1, 2, 2, 1, 1, 2, 4, 1, 2, 4, 1, 1, 2, 2, 1, 3, 3, 4];5;70;True
100;70;100;1;True;2000;1;0;0;0;0;0;0;211.00507473945618;114.85479974746704;57620.022476706465;48577.203617995474;4192.015792609541;4850.969999999998;[76.43, 18.75, 22.26, 119.43, 57.43, 33.37, 52.43, 97.43, 46.37, 24.98, 10.34, 57.43, 98.43, 37.37, 103.43, 64.43, 12.33, 26.98, 61.43, 37.37, 51.43, 3.08, 41.37, 43.37, 41.37, 46.37, 18.75, 67.43, 21.26, 54.43, 60.43, 11.76, 31.09, 60.43, 36.37, 68.43, 98.43, 13.04, 17.04, 54.43, 21.26, 81.43, 19.2, 52.43, 17.04, 19.2, 18.75, 100.43, 115.43, 85.43, 20.9, 68.43, 37.37, 12.33, 48.43, 23.98, 86.43, 34.37, 130.43, 24.98, 42.37, 30.09, 58.43, 49.43, 20.2, 51.43, 29.86, 20.2, 13.56, 24.98, 27.98, 64.43, 39.37, 17.52, 4.13, 105.43, 72.43, 37.37, 115.43, 23.98, 118.43, 130.43, 85.43, 26.98, 127.43, 8.18, 16.0, 16.0, 55.43, 48.43, 17.04, 7.29, 10.34, 93.43, 13.56, 45.37, 57.43, 130.43, 31.37, 46.37];127.35000000000001;[1, 2, 3, 1, 2, 3, 4, 1, 3, 3, 1, 3, 2, 2, 4, 1, 2, 2, 1, 1, 1, 1, 3, 1, 1, 1, 1, 1, 5, 2, 1, 1, 5, 3, 1];4;70;True
100;70;100;2;True;2000;1;0;0;0;0;0;0;203.28244352340698;111.05596590042114;56683.314402439064;47685.45044458811;4125.854839333155;4871.940000000003;[29.66, 62.53, 75.53, 73.53, 28.66, 114.53, 24.8, 16.53, 16.5, 50.53, 20.88, 91.53, 17.88, 40.53, 42.53, 17.53, 11.98, 78.53, 54.53, 17.88, 106.53, 43.53, 33.5, 115.53, 74.53, 67.53, 20.92, 33.81, 20.88, 18.84, 99.53, 25.66, 40.53, 20.88, 68.53, 79.53, 78.53, 38.07, 15.37, 38.53, 49.53, 26.66, 45.53, 56.53, 31.9, 34.81, 41.53, 79.53, 39.53, 62.53, 57.53, 37.07, 59.53, 13.81, 116.53, 59.53, 48.53, 10.32, 17.53, 32.9, 30.9, 63.53, 33.5, 116.53, 54.53, 38.07, 73.53, 21.88, 45.53, 9.49, 37.07, 46.53, 56.53, 15.93, 73.53, 17.53, 33.5, 55.53, 34.81, 41.53, 58.53, 74.53, 21.88, 24.34, 93.53, 39.53, 29.66, 51.53, 15.37, 69.53, 77.53, 109.53, 50.53, 16.5, 55.53, 81.53, 71.53, 48.53, 95.53, 38.07];107.04;[4, 1, 1, 4, 2, 1, 2, 1, 1, 1, 2, 4, 5, 2, 2, 1, 2, 2, 1, 1, 2, 3, 2, 3, 2, 1, 1, 1, 2, 1, 1, 1, 3, 2, 1, 1, 1, 2];4;70;True
100;70;100;3;True;2000;1;0;0;0;0;0;0;205.28544569015503;104.37095189094543;54160.03000982673;46386.733211367144;4040.2108617432064;3733.2799999999993;[25.0, 43.0, 60.0, 35.0, 85.0, 13.87, 12.08, 39.0, 110.0, 39.0, 11.07, 21.0, 110.0, 29.0, 17.0, 23.0, 19.0, 15.0, 13.08, 46.0, 16.0, 54.0, 71.0, 15.0, 16.0, 16.0, 77.0, 13.87, 18.0, 76.0, 16.0, 75.0, 65.0, 50.0, 54.0, 37.0, 40.0, 28.0, 38.0, 38.0, 23.0, 55.0, 21.0, 15.0, 25.0, 20.0, 28.0, 69.0, 29.0, 13.08, 23.0, 10.24, 33.0, 109.0, 17.0, 60.0, 9.24, 87.0, 82.0, 56.0, 63.0, 37.0, 18.0, 2.84, 5.99, 25.0, 30.0, 18.0, 1.0, 17.0, 13.87, 15.0, 13.08, 31.0, 18.0, 36.0, 48.0, 81.0, 16.0, 30.0, 12.08, 98.0, 110.0, 15.0, 36.0, 11.07, 45.0, 46.0, 51.0, 108.0, 110.0, 54.0, 19.0, 36.0, 5.71, 10.24, 19.0, 22.0, 27.0, 13.87];109.0;[2, 5, 3, 2, 2, 2, 1, 2, 2, 1, 2, 4, 1, 2, 1, 2, 1, 1, 1, 1, 2, 2, 2, 1, 2, 5, 1, 3, 3, 1, 1, 1, 2, 5, 1];4;70;True
100;70;100;3;True;2000;1;0;0;0;0;0;0;102.34152483940125;56.30540204048157;46396.14863596842;38442.32666086183;4062.736038390214;3891.2799999999993;[26.0, 45.0, 83.0, 33.0, 98.0, 13.87, 12.08, 45.0, 112.0, 39.0, 11.07, 21.0, 120.0, 31.0, 17.0, 24.0, 19.0, 16.0, 13.08, 57.0, 17.0, 43.0, 89.0, 15.0, 17.0, 17.0, 85.0, 13.87, 18.0, 48.0, 16.0, 83.0, 92.0, 50.0, 39.0, 37.0, 43.0, 31.0, 52.0, 39.0, 23.0, 55.0, 23.0, 16.0, 26.0, 20.0, 29.0, 54.0, 30.0, 13.08, 23.0, 10.24, 37.0, 109.0, 17.0, 69.0, 9.24, 81.0, 93.0, 63.0, 73.0, 35.0, 19.0, 2.84, 5.99, 25.0, 32.0, 19.0, 1.0, 17.0, 13.87, 16.0, 13.08, 32.0, 19.0, 35.0, 53.0, 99.0, 17.0, 27.0, 12.08, 93.0, 104.0, 16.0, 40.0, 11.07, 46.0, 28.0, 54.0, 114.0, 125.0, 54.0, 20.0, 37.0, 5.71, 10.24, 20.0, 22.0, 29.0, 13.87];124.0;[1, 1, 2, 2, 2, 5, 4, 2, 1, 1, 1, 3, 3, 4, 1, 1, 1, 1, 1, 1, 1, 2, 2, 2, 1, 1, 1, 1, 3, 1, 2, 2, 1, 1, 1, 2, 6, 1, 1];5;70;True
100;70;100;4;True;2000;1;0;0;0;0;0;0;192.7355842590332;77.89908981323242;55612.850296036355;46365.21922445418;4279.25822635678;4968.349999999999;[14.04, 65.45, 12.16, 62.45, 63.45, 113.36, 31.04, 26.04, 16.35, 76.06, 12.16, 113.36, 13.42, 38.55, 70.06, 106.36, 48.88, 95.36, 98.36, 26.04, 66.06, 1.91, 24.03, 53.45, 18.09, 38.55, 92.36, 19.27, 42.62, 38.55, 64.45, 39.55, 89.36, 46.88, 58.45, 54.45, 47.88, 26.04, 79.06, 60.45, 47.88, 21.14, 138.36, 59.45, 63.45, 56.45, 30.04, 25.92, 38.55, 25.03, 45.62, 32.07, 62.45, 17.93, 57.45, 53.45, 39.55, 75.06, 27.04, 13.42, 11.8, 18.09, 138.36, 16.93, 36.55, 86.36, 63.45, 87.36, 27.04, 35.6, 35.6, 52.45, 38.55, 30.04, 23.03, 42.62, 138.36, 43.62, 52.45, 25.03, 125.36, 55.45, 96.36, 19.27, 74.06, 29.04, 8.29, 47.88, 35.6, 14.96, 55.45, 30.04, 42.62, 20.58, 86.36, 22.03, 40.55, 27.04, 30.04, 109.36];136.45000000000002;[1, 3, 1, 5, 3, 1, 1, 1, 2, 6, 2, 3, 2, 3, 2, 4, 2, 1, 1, 2, 3, 2, 3, 2, 2, 1, 2, 2, 1, 1, 3, 2];5;70;True
100;70;100;5;True;2000;1;0;0;0;0;0;0;159.75276231765747;83.00446653366089;51371.7316590201;41594.199779343384;4285.444127906514;5491.919999999996;[43.67, 114.48, 35.68, 37.69, 18.04, 62.48, 53.66, 27.77, 61.48, 31.76, 86.48, 1.0, 20.61, 35.68, 45.67, 72.48, 15.04, 15.04, 42.67, 61.48, 114.48, 62.48, 91.48, 25.77, 3.0, 75.48, 11.03, 29.76, 114.48, 102.48, 54.66, 56.48, 71.48, 43.67, 47.67, 76.48, 10.18, 53.66, 68.48, 31.76, 29.76, 63.48, 42.67, 33.5, 47.67, 11.04, 73.48, 55.48, 97.48, 30.76, 56.48, 23.77, 70.48, 74.48, 18.04, 49.67, 57.48, 43.67, 26.77, 85.48, 85.48, 51.67, 74.48, 60.48, 52.67, 40.3, 60.48, 62.48, 62.48, 46.67, 58.48, 80.48, 56.48, 43.67, 45.67, 2.0, 51.67, 55.48, 11.03, 42.58, 94.48, 95.48, 59.48, 4.06, 32.56, 69.48, 106.48, 58.48, 24.77, 68.48, 62.48, 67.48, 106.48, 62.48, 58.48, 112.48, 114.48, 100.48, 74.48, 54.66];113.48;[1, 1, 3, 2, 2, 2, 4, 3, 1, 2, 1, 1, 3, 1, 2, 1, 1, 1, 2, 1, 1, 1, 1, 1, 1, 1, 2, 1, 2, 2, 2, 3, 2, 4, 2, 1, 2, 4, 2];3;70;True
100;70;100;6;True;2000;1;0;0;0;0;0;0;219.41366338729858;105.7687017917633;61297.42588757607;52781.42308321887;4103.528080253571;4412.59;[42.86, 28.77, 56.32, 57.32, 39.7, 140.32, 34.42, 77.32, 54.32, 15.92, 23.28, 27.84, 57.32, 94.32, 25.77, 9.07, 61.32, 24.56, 27.84, 32.58, 34.42, 30.28, 52.32, 10.37, 70.32, 73.32, 38.42, 20.08, 25.56, 13.46, 28.77, 50.32, 60.32, 68.32, 53.32, 51.32, 130.32, 16.17, 20.08, 47.32, 71.32, 19.17, 17.17, 38.42, 47.32, 36.42, 9.93, 9.93, 22.28, 79.32, 74.32, 9.93, 9.93, 25.89, 44.32, 22.28, 140.32, 21.17, 39.42, 11.89, 17.17, 19.17, 18.17, 21.17, 21.28, 80.32, 39.42, 124.32, 90.32, 37.42, 110.32, 32.28, 2.8, 25.56, 20.17, 10.59, 11.89, 105.32, 34.42, 10.37, 69.32, 46.32, 109.32, 25.56, 26.81, 44.32, 17.17, 9.93, 10.37, 113.32, 13.46, 113.32, 6.97, 65.32, 33.73, 62.32, 68.32, 76.32, 48.32, 42.86];137.51999999999998;[1, 2, 6, 1, 4, 2, 1, 1, 5, 2, 1, 2, 1, 2, 2, 2, 1, 1, 4, 1, 4, 3, 1, 5, 1, 2, 1, 2, 3, 3, 1, 2];5;70;True
90;80;90;1;True;2000;1;0;0;0;0;0;0;234.440931558609;131.3987648487091;69680.15433298529;59344.663382453364;4731.309241641887;5604.18;[76.14, 19.21, 37.83, 95.83, 102.83, 50.98, 73.14, 116.83, 53.98, 50.98, 10.69, 79.83, 141.83, 44.08, 48.98, 103.83, 12.4, 46.08, 64.14, 71.14, 57.98, 3.13, 62.14, 48.98, 43.08, 64.14, 19.21, 141.83, 33.83, 141.83, 80.83, 9.69, 51.98, 69.14, 69.14, 78.14, 129.83, 11.26, 15.21, 89.83, 20.63, 81.83, 26.53, 92.83, 15.21, 23.53, 20.63, 116.83, 135.83, 138.83, 38.88, 99.83, 37.83, 11.26, 45.08, 28.53, 124.83, 44.08, 122.83, 44.08, 122.83, 93.83, 71.14, 89.83, 23.53, 64.14, 37.83, 25.53, 11.47, 31.95, 49.98, 124.83, 61.14, 15.21, 3.8, 80.83, 106.83, 37.83, 89.83, 34.83, 62.14, 72.14, 141.83, 31.23, 141.83, 8.05, 16.21, 22.58, 60.98, 78.14];138.70000000000002;[1, 1, 2, 1, 1, 5, 3, 1, 1, 1, 1, 1, 3, 1, 3, 2, 1, 3, 1, 1, 3, 1, 3, 1, 3, 1, 4, 1, 2, 1, 2, 1, 2, 1, 1, 1, 1, 1, 4, 2, 4, 1, 1, 2, 2];4;80;True
90;80;90;2;True;2000;1;0;0;0;0;0;0;237.70612239837646;104.36991667747498;66830.84178884077;57155.78229290242;4888.750300133381;4786.319999999996;[28.09, 91.04, 76.04, 47.74, 25.32, 100.35, 22.78, 15.78, 15.78, 57.74, 23.56, 79.04, 19.94, 46.12, 40.12, 16.78, 11.36, 100.35, 64.04, 15.78, 81.04, 84.04, 40.12, 64.04, 119.35, 120.35, 22.78, 33.12, 16.78, 17.78, 109.35, 19.78, 59.74, 18.78, 134.35, 107.35, 112.35, 32.12, 15.2, 30.99, 68.04, 23.56, 77.04, 50.74, 32.12, 26.32, 57.74, 89.04, 38.12, 94.04, 104.35, 54.74, 47.74, 14.2, 62.04, 69.04, 59.74, 10.39, 16.78, 29.09, 29.09, 52.74, 35.12, 135.35, 82.04, 34.12, 140.35, 20.94, 47.74, 9.4, 37.12, 51.74, 59.74, 15.2, 50.74, 18.78, 30.99, 68.04, 39.12, 37.12, 46.12, 140.35, 26.32, 23.56, 113.35, 49.74, 28.09, 89.04, 15.2, 97.04];130.95;[2, 1, 2, 1, 1, 1, 1, 1, 1, 2, 3, 4, 1, 1, 2, 2, 3, 4, 3, 2, 1, 1, 1, 3, 2, 1, 2, 1, 1, 1, 1, 1, 3, 6, 2, 3, 1, 1, 2, 1, 1, 1, 3, 2];5;80;True
90;80;90;3;True;2000;1;0;0;0;0;0;0;237.33944439888;120.76748847961426;62682.21677683829;52558.63326069795;4854.115659183931;5269.630000000001;[47.72, 88.6, 86.6, 62.0, 72.4, 24.69, 19.42, 60.0, 81.4, 63.0, 14.56, 39.21, 139.6, 54.0, 29.92, 41.21, 28.92, 24.42, 19.42, 103.6, 37.89, 71.4, 85.6, 27.26, 47.72, 31.92, 133.6, 15.31, 21.42, 141.6, 20.42, 116.6, 126.6, 60.0, 71.4, 53.0, 50.0, 53.0, 47.72, 46.72, 31.92, 75.4, 44.98, 32.94, 33.96, 35.89, 42.21, 111.6, 47.72, 25.99, 45.72, 16.06, 57.0, 70.4, 35.89, 156.03, 14.72, 125.6, 101.6, 88.6, 76.4, 56.0, 109.6, 3.96, 9.04, 46.72, 52.0, 47.72, 2.0, 21.42, 22.42, 26.63, 18.42, 52.0, 153.03, 93.6, 103.6, 108.6, 37.89, 38.54, 16.52, 119.6, 53.0, 23.42, 54.0, 14.56, 90.6, 43.21, 61.0, 160.03];158.03;[2, 1, 2, 3, 1, 4, 1, 3, 2, 1, 4, 2, 1, 2, 4, 1, 1, 2, 1, 1, 1, 1, 1, 5, 1, 2, 4, 2, 1, 1, 2, 2, 1, 1, 1, 1, 3, 1, 3, 1, 1, 2, 1, 2];4;80;True
90;80;90;4;True;2000;1;0;0;0;0;0;0;217.5860619544983;84.54009628295898;63133.213543152786;52866.77921397149;5166.508304040715;5099.74;[14.93, 128.93, 10.72, 57.93, 71.93, 66.93, 95.93, 38.93, 14.93, 122.93, 10.13, 97.93, 12.22, 37.93, 114.93, 68.93, 41.93, 76.93, 36.93, 29.93, 78.93, 2.32, 18.93, 62.93, 14.93, 34.93, 35.93, 17.93, 44.93, 32.93, 81.93, 47.93, 134.93, 100.93, 98.93, 110.93, 47.93, 24.93, 79.93, 130.93, 57.93, 20.93, 144.93, 32.93, 51.93, 41.93, 23.93, 22.93, 41.93, 21.93, 31.93, 27.93, 100.93, 20.93, 78.93, 77.93, 72.93, 138.93, 29.93, 12.22, 10.72, 17.93, 129.93, 14.93, 29.93, 114.93, 63.93, 74.93, 38.93, 36.93, 32.93, 83.93, 40.93, 58.93, 19.93, 56.93, 144.93, 109.93, 97.93, 18.93, 91.93, 67.93, 90.93, 21.93, 65.93, 32.93, 7.93, 71.93, 26.93, 13.22];142.61;[1, 1, 2, 4, 1, 1, 3, 1, 1, 1, 1, 1, 1, 4, 1, 1, 1, 3, 2, 1, 1, 1, 2, 1, 2, 2, 1, 1, 1, 3, 1, 2, 1, 1, 2, 1, 2, 4, 1, 2, 2, 1, 2, 3, 2, 1, 1, 3, 1];3;80;True
90;80;90;5;True;2000;1;0;0;0;0;0;0;205.10878992080688;97.92712688446045;63129.15493171971;52637.62751159638;4821.545447780831;5669.8099999999995;[42.72, 130.22, 42.72, 81.22, 16.14, 82.22, 71.87, 26.1, 80.22, 38.74, 92.22, 1.0, 24.22, 48.15, 60.88, 88.22, 24.22, 25.13, 65.83, 66.87, 113.22, 99.22, 113.22, 36.81, 2.41, 98.22, 8.77, 29.1, 86.22, 99.22, 56.45, 59.45, 99.22, 62.88, 49.15, 105.22, 7.77, 71.87, 93.22, 40.38, 28.1, 69.87, 47.15, 39.34, 70.87, 8.77, 71.87, 85.22, 95.22, 50.15, 49.15, 22.14, 77.87, 95.22, 18.14, 45.96, 66.87, 53.45, 56.45, 90.22, 88.22, 77.87, 77.87, 65.83, 59.45, 39.94, 70.87, 135.22, 73.87, 52.45, 76.87, 119.22, 88.22, 44.96, 43.72, 2.41, 54.45, 58.45, 8.77, 41.47, 122.22, 114.22, 91.22, 3.65, 44.72, 90.22, 130.22, 61.88, 52.15, 96.22];134.22;[2, 1, 1, 1, 2, 1, 1, 1, 2, 3, 2, 4, 1, 1, 2, 1, 1, 1, 1, 2, 1, 1, 2, 1, 2, 3, 1, 1, 2, 1, 5, 1, 1, 1, 4, 3, 3, 3, 4, 1, 5, 1, 2];4;80;True
90;80;90;6;True;2000;1;0;0;0;0;0;0;216.5605218410492;124.04878664016724;73147.64606649874;63553.64052681801;4719.117117229674;4875.0799999999945;[51.07, 37.3, 101.49, 80.49, 67.49, 93.49, 42.3, 100.49, 108.49, 17.85, 29.19, 45.09, 117.49, 38.3, 44.09, 8.89, 95.49, 50.07, 41.3, 62.49, 39.3, 55.75, 75.49, 12.86, 106.49, 72.49, 48.09, 25.85, 37.3, 20.85, 72.49, 67.49, 79.49, 82.49, 73.49, 59.49, 115.49, 19.85, 43.4, 77.49, 119.49, 20.85, 20.85, 63.49, 63.49, 46.09, 12.86, 12.86, 30.19, 79.49, 87.49, 9.76, 10.86, 42.3, 60.49, 33.87, 118.49, 24.85, 56.49, 15.85, 25.85, 32.87, 24.85, 30.19, 30.51, 119.49, 63.49, 109.49, 51.07, 64.49, 87.49, 48.64, 2.8, 91.49, 40.3, 13.86, 15.85, 83.49, 55.75, 13.86, 88.49, 73.49, 59.49, 33.87, 58.49, 53.75, 20.85, 12.86, 13.86, 105.49];116.69;[1, 1, 3, 7, 4, 3, 1, 5, 3, 2, 2, 2, 2, 1, 1, 1, 1, 1, 2, 4, 1, 2, 1, 1, 4, 1, 1, 1, 4, 4, 1, 1, 1, 2, 1, 1, 1, 2, 2, 1];6;80;True
100;80;100;1;True;2000;1;0;0;0;0;0;0;220.09364485740662;147.57566857337952;67220.83077801652;57399.1291867587;4599.881587855808;5221.679999999998;[54.35, 21.18, 25.12, 129.4, 88.4, 45.59, 57.35, 120.4, 46.59, 28.41, 11.15, 72.4, 88.4, 45.59, 59.4, 73.4, 14.79, 28.41, 77.4, 50.51, 50.51, 3.77, 59.4, 31.41, 38.07, 56.35, 20.16, 129.4, 26.41, 129.4, 88.4, 13.79, 48.59, 53.35, 48.59, 95.4, 105.4, 17.16, 19.16, 116.4, 23.16, 81.4, 22.16, 46.59, 19.16, 21.16, 21.16, 72.4, 63.4, 96.4, 26.41, 101.4, 43.07, 14.79, 58.4, 32.41, 67.4, 43.07, 89.4, 35.41, 42.07, 36.41, 73.4, 66.4, 22.16, 44.07, 33.41, 21.16, 17.16, 33.41, 27.41, 77.4, 48.59, 19.16, 3.77, 61.4, 81.4, 38.07, 68.4, 26.41, 129.4, 66.4, 129.4, 39.07, 74.4, 11.15, 17.16, 18.16, 61.4, 56.35, 18.16, 10.1, 12.05, 129.4, 17.16, 47.59, 59.4, 129.4, 28.41, 57.35];125.63000000000001;[4, 2, 1, 3, 1, 2, 3, 1, 1, 1, 1, 3, 2, 4, 2, 2, 3, 4, 1, 2, 1, 2, 1, 1, 1, 1, 2, 1, 2, 2, 1, 1, 3, 1, 1, 3, 2, 1, 3, 1, 3, 1, 2];3;80;True
100;80;100;2;True;2000;1;0;0;0;0;0;0;276.6244089603424;135.0135612487793;69395.86615130048;59175.33598969232;4899.462456985766;5321.180000000003;[29.59, 103.13, 75.13, 83.13, 28.65, 62.13, 25.65, 17.5, 16.23, 60.13, 29.59, 73.13, 18.5, 46.13, 39.13, 18.5, 12.39, 94.13, 61.13, 17.5, 59.13, 58.13, 31.9, 122.13, 85.13, 46.13, 22.12, 43.13, 23.21, 19.21, 116.13, 27.65, 60.13, 21.21, 49.13, 109.13, 113.13, 44.13, 16.22, 39.13, 62.13, 27.65, 40.13, 48.13, 30.9, 33.48, 53.13, 120.13, 42.13, 70.13, 59.13, 37.48, 52.13, 15.02, 75.13, 68.13, 47.13, 10.88, 17.5, 32.43, 35.48, 54.13, 32.28, 119.13, 116.13, 37.48, 142.13, 22.12, 51.13, 10.88, 40.13, 43.13, 53.13, 16.23, 80.13, 18.5, 35.48, 77.13, 34.48, 41.13, 65.13, 151.13, 23.14, 24.65, 87.13, 48.13, 28.65, 56.13, 16.22, 93.13, 77.13, 164.13, 34.48, 16.23, 69.13, 95.13, 80.13, 31.9, 101.13, 37.48];153.25;[3, 2, 1, 1, 1, 2, 1, 2, 3, 2, 4, 2, 1, 4, 1, 3, 1, 4, 2, 1, 2, 1, 1, 3, 1, 1, 3, 1, 2, 1, 2, 1, 1, 3, 1, 1, 5, 1, 4, 2, 1, 1];4;80;True
100;80;100;3;True;2000;1;0;0;0;0;0;0;223.78857493400574;105.38878273963928;58946.23299519529;50212.16130907;4850.395381971198;3883.4300000000007;[28.98, 47.98, 54.98, 104.98, 89.98, 13.37, 13.37, 32.98, 119.98, 40.98, 12.37, 25.98, 62.98, 35.98, 18.98, 21.98, 21.98, 15.98, 13.98, 46.98, 19.98, 41.98, 94.98, 14.98, 16.98, 16.98, 94.98, 13.98, 18.98, 95.98, 16.98, 69.98, 72.98, 68.98, 62.98, 36.98, 39.98, 42.98, 33.98, 38.98, 24.98, 79.98, 22.98, 14.98, 28.98, 21.98, 30.98, 51.98, 28.98, 13.98, 28.98, 10.4, 46.98, 69.98, 18.98, 67.98, 8.83, 126.98, 64.98, 50.98, 77.98, 42.98, 54.98, 4.24, 8.83, 23.98, 34.98, 26.98, 2.0, 16.98, 14.98, 14.98, 13.98, 32.98, 106.98, 32.98, 69.98, 52.98, 16.98, 27.98, 13.37, 55.98, 40.98, 14.98, 30.98, 12.37, 53.98, 22.98, 47.98, 54.98, 72.98, 63.98, 19.98, 41.98, 8.25, 10.4, 21.98, 21.98, 26.98, 13.37];124.98;[2, 3, 1, 2, 3, 3, 4, 1, 1, 1, 3, 5, 1, 3, 1, 1, 1, 1, 1, 2, 2, 2, 3, 1, 4, 4, 1, 1, 1, 1, 1, 2, 2, 1, 2, 1, 2, 3, 4, 1, 1];4;80;True
100;80;100;4;True;2000;1;0;0;0;0;0;0;297.54726552963257;147.69815135002136;71156.19347362024;60329.487807963014;5119.382380599894;5707.399999999998;[6.52, 132.08, 8.43, 54.31, 141.08, 71.84, 39.38, 22.46, 12.94, 124.08, 6.48, 73.84, 6.52, 48.91, 58.84, 35.02, 64.84, 68.84, 40.38, 31.24, 132.08, 1.91, 20.63, 31.2, 9.2, 36.02, 78.84, 16.98, 44.38, 35.02, 96.08, 55.55, 109.08, 74.84, 58.84, 89.84, 61.84, 21.93, 49.91, 146.08, 58.84, 17.98, 183.08, 73.84, 60.84, 51.91, 29.59, 20.83, 86.84, 18.98, 42.38, 27.73, 79.84, 10.43, 67.84, 55.31, 35.02, 85.84, 23.46, 10.11, 7.6, 12.94, 177.08, 9.2, 33.16, 107.08, 84.84, 120.08, 79.84, 37.02, 32.24, 72.84, 35.02, 60.84, 19.65, 100.08, 193.08, 65.84, 144.08, 19.65, 110.08, 70.84, 82.84, 12.94, 72.84, 58.84, 5.68, 72.84, 47.38, 10.11, 80.84, 25.15, 38.73, 14.04, 67.84, 20.83, 49.91, 37.73, 27.73, 129.08];191.17000000000002;[2, 1, 1, 1, 3, 1, 3, 1, 1, 1, 1, 1, 2, 3, 1, 1, 3, 1, 3, 1, 3, 1, 1, 4, 2, 2, 4, 1, 3, 1, 3, 2, 1, 2, 4, 5, 1, 2, 2, 1, 3];4;80;True
100;80;100;5;True;2000;1;0;0;0;0;0;0;210.8754153251648;122.55682849884033;64083.93218186636;53888.65131330983;4876.098551936663;5319.339999999999;[40.65, 105.72, 33.88, 31.36, 17.63, 71.72, 47.78, 26.65, 57.72, 28.3, 73.72, 1.0, 20.26, 32.63, 39.38, 106.72, 19.62, 13.63, 38.53, 56.72, 79.72, 55.72, 88.72, 26.65, 3.12, 72.72, 9.83, 29.36, 106.72, 97.72, 46.78, 51.04, 64.72, 37.53, 51.04, 76.72, 9.16, 41.83, 62.72, 41.83, 28.3, 49.92, 40.65, 32.63, 47.78, 9.83, 64.72, 51.72, 102.72, 36.14, 42.09, 23.6, 61.72, 70.72, 17.63, 46.78, 60.72, 37.28, 25.2, 58.72, 102.72, 70.72, 66.72, 57.72, 45.62, 33.41, 57.72, 88.72, 59.72, 47.78, 88.72, 73.72, 60.72, 40.65, 43.09, 2.0, 37.14, 43.09, 9.83, 40.87, 88.72, 91.72, 73.72, 3.88, 30.36, 61.72, 90.72, 44.62, 31.36, 44.18, 56.72, 123.72, 110.72, 54.72, 67.72, 123.72, 105.72, 95.72, 71.72, 51.04];122.72;[1, 2, 3, 1, 2, 1, 1, 1, 2, 2, 1, 2, 2, 2, 1, 1, 2, 2, 2, 2, 3, 2, 3, 2, 1, 1, 1, 1, 1, 1, 3, 3, 4, 1, 3, 4, 2, 4, 3, 2, 2];3;80;True
100;80;100;6;True;2000;1;0;0;0;0;0;0;213.88981461524963;118.615793466568;68833.78533438135;59124.693681630866;4683.325715286479;5025.579999999998;[65.36, 33.86, 72.36, 83.36, 45.36, 132.36, 29.9, 96.36, 81.36, 15.66, 22.65, 36.36, 81.36, 85.36, 40.36, 7.56, 71.36, 30.31, 33.86, 94.36, 55.36, 43.36, 49.36, 11.23, 71.36, 86.36, 54.36, 25.02, 26.05, 14.66, 27.86, 57.36, 39.36, 70.36, 55.36, 64.36, 118.36, 18.65, 25.02, 64.36, 105.36, 19.65, 18.65, 39.36, 72.36, 41.36, 11.12, 10.96, 28.73, 80.36, 76.36, 8.8, 8.8, 26.51, 62.36, 31.31, 129.36, 22.54, 71.36, 13.66, 21.06, 19.65, 22.54, 22.54, 26.05, 96.36, 50.36, 84.36, 80.36, 62.36, 92.36, 48.36, 2.8, 48.36, 22.98, 12.23, 13.66, 84.36, 39.36, 11.23, 82.36, 88.36, 58.36, 27.86, 35.36, 63.36, 21.06, 10.96, 11.23, 132.36, 13.66, 85.36, 6.86, 68.36, 33.31, 72.36, 112.36, 121.36, 54.36, 48.36];129.56;[2, 1, 3, 6, 3, 2, 2, 1, 2, 1, 1, 1, 1, 1, 2, 1, 2, 2, 2, 1, 1, 3, 1, 3, 1, 3, 2, 1, 1, 1, 3, 4, 2, 3, 3, 2, 4, 4, 1];5;80;True
100;90;100;1;True;2000;1;0;0;0;0;0;0;231.70326566696167;162.5521411895752;77000.9064215658;66528.12154595723;5154.654135904236;5318.380000000007;[53.3, 23.23, 26.65, 102.3, 63.3, 39.55, 46.3, 78.3, 48.3, 42.3, 11.91, 63.3, 121.3, 40.55, 111.3, 66.3, 16.86, 44.3, 52.3, 48.3, 64.3, 3.4, 51.3, 35.53, 40.55, 66.3, 24.65, 97.3, 33.53, 103.3, 57.3, 14.53, 51.3, 121.3, 57.3, 70.3, 61.3, 15.9, 29.85, 73.3, 26.65, 84.3, 30.87, 81.3, 18.41, 22.85, 22.85, 71.3, 121.3, 121.3, 28.63, 56.3, 40.55, 14.53, 51.3, 35.53, 83.3, 47.3, 121.3, 32.87, 121.3, 46.3, 84.3, 63.3, 32.87, 59.3, 44.3, 35.53, 15.9, 28.63, 32.87, 113.3, 42.3, 18.86, 4.04, 66.3, 79.3, 77.3, 58.3, 31.87, 57.3, 111.3, 112.3, 39.55, 71.3, 11.58, 19.97, 19.39, 70.3, 64.3, 17.13, 10.14, 12.39, 82.3, 23.23, 46.3, 49.3, 65.3, 41.3, 52.3];117.89999999999999;[1, 1, 2, 1, 4, 1, 2, 2, 3, 2, 1, 3, 3, 4, 1, 3, 2, 1, 4, 2, 4, 5, 1, 4, 2, 1, 1, 1, 1, 2, 2, 1, 1, 4, 2, 3, 2, 1, 5, 1, 2, 1];4;90;True
100;90;100;2;True;2000;1;0;0;0;0;0;0;265.23698711395264;119.832674741745;74661.01067824499;63927.147830362475;5697.152583023405;5036.63;[29.52, 69.15, 87.15, 49.15, 31.52, 75.15, 29.52, 19.13, 18.13, 57.15, 26.92, 69.15, 23.12, 40.15, 41.15, 20.04, 11.78, 78.15, 61.15, 19.3, 78.15, 48.15, 40.15, 69.15, 55.15, 49.15, 25.13, 42.15, 21.22, 19.13, 66.15, 24.13, 51.15, 22.22, 55.15, 107.15, 89.15, 50.15, 15.62, 36.7, 58.15, 30.52, 40.15, 49.15, 34.52, 34.52, 33.52, 150.15, 41.03, 58.15, 88.15, 50.15, 45.15, 13.78, 79.15, 65.15, 56.15, 10.31, 20.04, 32.52, 30.52, 50.15, 41.03, 118.15, 73.15, 35.52, 120.15, 22.22, 44.15, 8.88, 43.15, 50.15, 84.15, 17.6, 82.15, 24.01, 37.16, 62.15, 38.15, 48.15, 46.15, 150.15, 32.52, 25.13, 75.15, 54.15, 30.52, 59.15, 15.62, 68.15, 66.15, 139.15, 34.52, 17.6, 60.15, 61.15, 78.15, 37.16, 102.15, 41.03];141.27;[1, 2, 2, 1, 1, 2, 2, 3, 1, 2, 1, 1, 1, 2, 1, 3, 2, 3, 4, 3, 1, 4, 1, 2, 3, 2, 3, 1, 2, 1, 5, 2, 3, 1, 1, 1, 1, 2, 1, 1, 2, 4, 2, 2, 2, 2];4;90;True
100;90;100;3;True;2000;1;0;0;0;0;0;0;264.080162525177;150.6569197177887;75949.6777075512;66076.6796957588;5489.591785227373;4383.750000000007;[48.55, 47.55, 58.55, 44.55, 38.55, 16.76, 15.76, 43.55, 66.55, 42.55, 11.88, 33.55, 71.55, 37.55, 26.55, 28.55, 25.55, 18.55, 15.76, 77.55, 22.55, 47.55, 99.55, 17.55, 19.55, 32.55, 78.55, 14.76, 33.55, 97.55, 18.55, 51.55, 69.55, 56.55, 69.55, 40.55, 44.55, 32.55, 28.55, 70.55, 49.55, 77.55, 26.55, 22.55, 42.55, 29.55, 40.55, 78.55, 33.55, 19.55, 33.55, 11.88, 54.55, 76.55, 24.55, 75.55, 9.88, 76.55, 81.55, 81.55, 62.55, 52.55, 82.55, 2.82, 7.04, 36.55, 40.55, 31.55, 1.0, 26.55, 17.55, 20.55, 15.76, 46.55, 123.55, 52.55, 52.55, 91.55, 25.55, 42.55, 14.76, 70.55, 105.55, 17.55, 35.55, 12.81, 54.55, 67.55, 47.55, 71.55, 118.55, 58.55, 23.55, 55.55, 7.04, 11.88, 25.55, 37.55, 35.55, 16.76];122.55;[6, 2, 2, 1, 2, 1, 2, 1, 4, 1, 2, 1, 1, 1, 3, 1, 1, 2, 1, 1, 1, 1, 3, 1, 1, 3, 1, 3, 2, 2, 1, 1, 4, 3, 3, 7, 2, 4, 5, 5, 1];6;90;True
100;90;100;4;True;2000;1;0;0;0;0;0;0;240.22786474227905;155.64838933944702;77280.77576828634;66004.4564424736;5584.083386229543;5692.339999999996;[14.03, 63.83, 9.68, 61.83, 88.91, 72.91, 100.91, 68.83, 15.03, 115.91, 7.82, 64.83, 10.53, 69.83, 74.91, 90.91, 52.39, 109.91, 46.95, 43.71, 77.91, 2.12, 30.2, 48.39, 22.77, 37.75, 62.83, 17.87, 57.83, 40.71, 74.91, 54.39, 72.91, 59.83, 67.83, 58.83, 51.39, 64.83, 74.91, 66.83, 49.39, 21.77, 81.91, 105.91, 85.91, 64.83, 61.83, 27.82, 74.91, 25.93, 42.71, 37.75, 91.91, 25.0, 60.83, 73.91, 47.95, 68.83, 33.75, 11.39, 9.68, 19.58, 131.91, 16.03, 41.71, 79.91, 75.91, 88.91, 34.75, 37.75, 34.75, 75.91, 41.71, 77.91, 38.15, 123.91, 131.91, 58.83, 82.91, 31.2, 72.91, 83.91, 128.91, 20.77, 77.91, 40.71, 6.78, 68.83, 47.95, 13.03, 131.91, 34.75, 52.39, 33.31, 67.83, 27.82, 43.71, 26.98, 37.75, 117.91];129.79;[2, 1, 1, 2, 2, 2, 1, 1, 2, 1, 1, 1, 1, 2, 1, 3, 2, 1, 3, 2, 1, 2, 2, 2, 2, 1, 1, 1, 1, 1, 2, 1, 4, 1, 3, 1, 3, 1, 2, 3, 1, 2, 1, 2, 2, 4, 2, 4, 1, 2, 1, 1];3;90;True
100;90;100;5;True;2000;1;0;0;0;0;0;0;223.98313307762146;140.55048894882202;73819.00228889596;62045.07734944259;5388.4892240498975;6385.249999999993;[39.75, 117.91, 36.75, 33.06, 17.01, 87.91, 68.91, 25.91, 77.91, 28.32, 97.91, 1.0, 24.45, 39.86, 40.12, 87.91, 22.05, 13.92, 50.15, 63.91, 104.91, 123.91, 121.91, 39.75, 2.83, 95.91, 9.48, 27.39, 135.91, 135.91, 85.91, 51.15, 90.91, 49.15, 61.91, 95.91, 9.48, 72.91, 76.91, 42.45, 27.39, 62.91, 34.75, 29.39, 52.15, 9.48, 108.91, 49.15, 113.91, 43.45, 75.91, 22.05, 69.91, 79.91, 17.12, 48.15, 61.91, 49.15, 24.45, 109.91, 114.91, 41.44, 80.91, 65.91, 49.15, 41.11, 66.91, 62.91, 107.91, 60.91, 96.91, 106.91, 62.91, 42.45, 41.44, 2.83, 43.45, 51.15, 9.48, 38.75, 114.91, 108.91, 107.91, 3.9, 42.67, 85.91, 123.91, 69.91, 31.58, 80.91, 85.91, 88.91, 134.91, 80.91, 75.91, 101.91, 112.91, 93.91, 93.91, 57.91];134.91;[1, 1, 1, 1, 1, 1, 2, 4, 1, 1, 5, 5, 2, 3, 1, 1, 1, 2, 1, 2, 1, 2, 3, 1, 1, 4, 1, 2, 1, 3, 1, 2, 3, 1, 3, 2, 2, 1, 1, 1, 1, 1, 3, 2, 2, 2, 4, 1, 1];4;90;True
100;90;100;6;True;2000;1;0;0;0;0;0;0;269.764221906662;167.3392310142517;83146.24756921246;71717.20264754316;5308.184374291028;6121.070000000001;[67.07, 39.85, 75.75, 107.75, 53.85, 133.75, 49.24, 134.75, 107.75, 17.95, 27.68, 39.85, 75.75, 123.75, 44.62, 8.7, 83.75, 36.89, 46.39, 109.75, 52.51, 64.07, 72.07, 14.03, 73.07, 123.75, 56.18, 44.02, 43.42, 22.04, 97.75, 59.84, 63.07, 103.75, 68.07, 65.07, 153.75, 26.27, 38.19, 79.75, 114.75, 31.43, 25.88, 65.07, 51.51, 45.39, 12.72, 11.71, 41.85, 85.75, 98.75, 17.13, 10.72, 40.85, 63.07, 48.24, 151.75, 30.43, 56.18, 16.13, 32.43, 35.07, 30.43, 34.15, 37.19, 75.75, 56.18, 116.75, 71.07, 82.75, 90.75, 48.24, 2.8, 91.75, 32.43, 15.03, 23.95, 112.75, 56.18, 15.03, 95.75, 83.75, 67.07, 35.07, 53.85, 56.18, 28.22, 11.71, 15.03, 166.75, 18.13, 93.75, 6.55, 84.75, 40.85, 90.75, 156.75, 96.75, 60.84, 73.07];163.95;[1, 3, 6, 1, 5, 4, 3, 1, 2, 2, 2, 2, 1, 1, 1, 1, 1, 2, 1, 1, 3, 1, 2, 1, 1, 2, 1, 1, 1, 2, 3, 1, 1, 2, 3, 3, 3, 2, 3, 2, 2, 1, 1, 2, 3, 2];5;90;True
