num_implements;num_tasks;num_vehicles;seed;full;time_horizon;num_periods;probabilityTA;probabilityTD;probabilityVA;probabilityVD;probabilityIA;probabilityID;t;toptimization;Obj;PenaltyCost;StaticCost;DistanciaTotal;Distancia_list;DesvDistancia;TaskDone_list;DesvTaskDone;TotalTasksDone;TasksCompleted
10;10;10;1;True;2000;1;0;0;0;0;0;0;39.44002842903137;0.09545326232910156;31667.61106866235;30223.067707228984;592.9216499517293;851.65;[88.26, 94.26, 48.73, 94.26, 94.26, 94.26, 88.26, 94.26, 94.26, 60.84];45.53000000000001;[1, 3, 2, 2, 2];2;10;True
10;10;10;2;True;2000;1;0;0;0;0;0;0;68.35314750671387;0.07866811752319336;34987.44632409623;33517.60008052268;420.51502253149323;1049.3;[54.43, 129.43, 92.43, 112.43, 66.43, 173.43, 120.43, 42.43, 84.43, 173.43];131.0;[1, 3, 1, 3, 1, 1];2;10;True
10;10;10;3;True;2000;1;0;0;0;0;0;0;36.58427047729492;0.0850679874420166;24754.98668328182;23454.677543570004;489.5384816731991;810.8;[76.38, 75.38, 89.38, 76.38, 89.38, 46.38, 89.38, 89.38, 89.38, 89.38];42.99999999999999;[1, 1, 2, 1, 1, 1, 1, 2];1;10;True
10;10;10;4;True;2000;1;0;0;0;0;0;0;47.16098976135254;0.08996319770812988;33189.0643932922;31655.029823838027;514.984217161308;1019.0599999999998;[60.66, 121.66, 39.12, 121.66, 113.66, 121.66, 121.66, 112.66, 84.66, 121.66];82.53999999999999;[2, 1, 3, 1, 1, 2];2;10;True
10;10;10;5;True;2000;1;0;0;0;0;0;0;46.288918256759644;0.0798788070678711;33922.25277977707;32588.227613481125;523.1966267996149;810.8000000000001;[63.58, 92.58, 62.58, 114.58, 28.58, 111.58, 114.58, 54.58, 83.58, 84.58];86.0;[1, 1, 1, 2, 3, 2];2;10;True
10;10;10;6;True;2000;1;0;0;0;0;0;0;31.034313201904297;0.09200215339660645;21142.36441661167;19970.72062643501;458.12041389743905;713.56;[75.67, 41.53, 75.67, 75.67, 75.67, 75.67, 75.67, 75.67, 75.67, 66.67];34.14;[2, 1, 1, 2, 1, 1, 2];1;10;True
20;10;20;1;True;2000;1;0;0;0;0;0;0;56.15077090263367;0.2243330478668213;26919.494440200844;24882.126216512144;582.7386461257967;1454.6199999999997;[125.1, 32.44, 37.44, 125.1, 119.1, 51.44, 53.44, 125.1, 62.44, 45.44, 14.38, 61.44, 115.1, 49.44, 67.44, 87.1, 22.38, 73.1, 70.1, 117.1];110.72;[1, 1, 2, 2, 1, 1, 2];1;10;True
20;10;20;2;True;2000;1;0;0;0;0;0;0;42.938233613967896;0.22621750831604004;18081.48611588429;16570.58312094073;409.7608150877726;1101.2;[34.11, 94.11, 79.11, 89.11, 35.11, 94.11, 35.11, 24.11, 23.11, 94.11, 28.11, 94.11, 28.11, 51.11, 72.11, 23.11, 17.11, 64.11, 94.11, 27.11];77.0;[2, 1, 1, 1, 1, 1, 1, 2];1;10;True
20;10;20;3;True;2000;1;0;0;0;0;0;0;44.09403204917908;0.1932840347290039;27012.120943487123;25332.159758055102;490.2055280217637;1189.7799999999997;[62.77, 63.77, 94.11, 94.11, 86.11, 32.77, 30.77, 59.77, 94.11, 94.11, 17.77, 40.77, 94.11, 57.77, 27.77, 45.77, 29.77, 38.77, 30.77, 94.11];76.34;[1, 1, 1, 1, 2, 1, 1, 2];1;10;True
20;10;20;4;True;2000;1;0;0;0;0;0;0;52.464972496032715;0.2493138313293457;32026.536159796575;30178.026345523074;490.09678622489486;1358.42;[22.88, 105.0, 16.9, 66.0, 84.0, 52.0, 70.0, 47.0, 20.88, 107.0, 18.88, 79.0, 21.88, 98.0, 115.0, 115.0, 68.0, 115.0, 90.0, 46.0];98.1;[1, 1, 1, 1, 3, 1, 1, 1];2;10;True
20;10;20;5;True;2000;1;0;0;0;0;0;0;39.88387584686279;0.17786908149719238;21595.66872687798;19956.142681665977;527.6792245163502;1111.8;[52.4, 89.4, 62.4, 50.4, 22.4, 87.4, 70.4, 31.4, 78.4, 37.4, 89.4, 3.0, 27.4, 57.4, 66.4, 89.4, 23.4, 21.6, 76.4, 75.4];86.4;[1, 1, 1, 1, 2, 1, 2, 1];1;10;True
20;10;20;6;True;2000;1;0;0;0;0;0;0;37.19378709793091;0.2283787727355957;21889.107551635872;20266.374477610163;454.88165609684825;1167.7899999999995;[61.8, 37.8, 79.8, 79.8, 57.8, 76.8, 43.8, 79.8, 79.8, 25.8, 33.8, 37.8, 79.8, 76.8, 36.8, 14.59, 79.8, 62.8, 45.8, 76.8];65.21;[2, 1, 4, 1, 1, 1];3;10;True
30;10;30;1;True;2000;1;0;0;0;0;0;0;61.13098192214966;0.41806936264038086;31642.78766978486;29298.374368366764;600.4830002468657;1743.8200000000008;[117.2, 27.2, 32.2, 117.2, 76.2, 43.2, 45.2, 117.2, 57.2, 38.2, 12.67, 52.2, 116.2, 43.2, 62.2, 89.2, 16.51, 46.2, 66.2, 62.2, 61.2, 4.24, 55.2, 102.2, 45.2, 63.2, 24.2, 57.2, 34.2, 59.2];112.96000000000001;[1, 1, 1, 2, 2, 1, 2];1;10;True
30;10;30;2;True;2000;1;0;0;0;0;0;0;59.26581573486328;0.43384838104248047;29308.035188278336;27028.701730554727;414.3178524966547;1865.099999999999;[35.87, 113.87, 82.87, 70.87, 36.87, 125.87, 36.87, 26.87, 25.87, 72.87, 31.87, 100.87, 28.87, 55.87, 68.87, 24.87, 15.87, 70.87, 81.87, 31.87, 116.87, 81.87, 58.87, 107.87, 125.87, 73.87, 36.87, 63.87, 34.87, 23.87];110.0;[3, 2, 1, 1, 2, 1];2;10;True
30;10;30;3;True;2000;1;0;0;0;0;0;0;46.828362464904785;0.435321569442749;39011.48287451297;36891.71092375912;484.22022824426745;1635.6400000000003;[62.2, 62.2, 62.2, 68.2, 90.58, 28.2, 27.2, 59.2, 90.58, 90.58, 16.2, 41.2, 90.58, 71.2, 26.2, 46.2, 27.2, 37.2, 26.2, 90.58, 36.2, 73.8, 90.58, 32.2, 37.2, 29.2, 90.58, 16.2, 25.2, 90.58];74.38;[1, 1, 2, 1, 1, 1, 3];2;10;True
30;10;30;4;True;2000;1;0;0;0;0;0;0;52.60809516906738;0.43405818939208984;43142.31963198633;41038.136777961605;491.35046151901884;1612.9300000000005;[19.17, 100.17, 14.17, 64.17, 81.17, 47.17, 64.17, 42.17, 18.17, 100.17, 14.17, 76.17, 19.17, 51.17, 100.17, 100.17, 66.17, 78.17, 48.17, 41.17, 100.17, 4.0, 38.17, 45.17, 25.17, 46.17, 94.17, 21.17, 50.17, 43.17];96.17;[1, 2, 1, 3, 1, 2];2;10;True
30;10;30;5;True;2000;1;0;0;0;0;0;0;41.44459295272827;0.37099194526672363;32329.846277044096;30422.182967447734;469.7628108365667;1437.9200000000005;[48.75, 64.71, 35.75, 42.75, 20.19, 72.71, 55.71, 29.19, 71.71, 28.19, 64.71, 3.0, 23.19, 41.75, 54.71, 78.71, 19.19, 16.19, 52.71, 70.71, 78.71, 75.71, 78.71, 29.19, 4.0, 76.71, 13.19, 31.75, 76.71, 78.71];75.71;[2, 2, 2, 1, 1, 2];1;10;True
30;10;30;6;True;2000;1;0;0;0;0;0;0;46.80164957046509;0.3531045913696289;17711.639039290352;15435.267407423027;434.10333620778056;1842.3000000000006;[72.16, 39.16, 92.16, 96.16, 59.16, 84.16, 45.16, 93.16, 96.16, 27.16, 35.16, 40.16, 84.16, 72.16, 39.16, 13.66, 80.16, 61.16, 45.16, 79.16, 71.16, 48.16, 82.16, 27.16, 96.16, 84.16, 72.16, 37.16, 38.16, 31.16];82.5;[1, 1, 1, 1, 3, 2, 1];2;10;True
40;10;40;1;True;2000;1;0;0;0;0;0;0;61.85588836669922;0.742605447769165;39852.82372926198;36784.32606471465;588.5660688695524;2479.829999999999;[116.11, 34.11, 37.11, 94.11, 116.11, 51.11, 53.11, 75.11, 63.11, 45.11, 14.41, 60.11, 91.11, 49.11, 67.11, 78.11, 21.11, 56.11, 70.11, 67.11, 66.11, 4.24, 65.11, 85.11, 54.11, 64.11, 28.11, 116.11, 41.11, 69.11, 73.11, 20.11, 52.11, 116.11, 51.11, 85.11, 65.11, 25.11, 29.11, 110.11];111.87;[1, 2, 1, 3, 1, 2];2;10;True
40;10;40;2;True;2000;1;0;0;0;0;0;0;61.381996393203735;0.6347734928131104;28772.76160544042;25950.810515657184;407.2578577353873;2414.6000000000004;[35.2, 110.2, 82.2, 69.2, 35.2, 119.2, 34.2, 25.2, 24.2, 72.2, 28.2, 93.2, 25.2, 54.2, 65.2, 22.2, 16.5, 69.2, 78.2, 27.2, 119.2, 80.2, 55.2, 110.2, 90.2, 74.2, 33.2, 60.2, 32.2, 22.2, 101.2, 43.2, 76.2, 27.2, 94.2, 96.2, 95.2, 49.2, 18.5, 50.2];102.7;[2, 2, 1, 1, 2, 1, 1];1;10;True
40;10;40;3;True;2000;1;0;0;0;0;0;0;53.35700082778931;0.6101958751678467;48909.04271802069;46058.96310984675;522.2266950900873;2328.0000000000005;[64.95, 65.95, 63.95, 69.95, 94.95, 28.95, 25.95, 60.95, 87.95, 89.95, 17.95, 41.95, 96.95, 59.95, 25.95, 48.95, 27.95, 39.95, 25.95, 96.95, 39.95, 73.95, 96.95, 34.95, 39.95, 29.95, 96.95, 17.95, 24.95, 87.95, 23.95, 88.95, 96.95, 80.95, 72.95, 50.95, 64.95, 55.95, 56.95, 55.95];79.0;[1, 1, 1, 1, 1, 2, 3];2;10;True
40;10;40;4;True;2000;1;0;0;0;0;0;0;60.1999933719635;0.6561837196350098;57165.18934084119;54146.539128718236;502.42825700951937;2516.23;[21.57, 86.57, 17.57, 66.57, 85.57, 55.57, 74.57, 50.57, 20.57, 106.57, 18.57, 81.57, 21.57, 58.57, 98.57, 102.57, 72.57, 81.57, 55.57, 45.57, 113.57, 4.0, 40.57, 50.57, 32.57, 48.57, 109.57, 22.57, 54.57, 46.57, 98.57, 67.57, 98.57, 67.57, 99.57, 74.57, 55.57, 48.57, 65.57, 94.57];109.57;[1, 1, 1, 2, 2, 1, 1, 1];1;10;True
40;10;40;5;True;2000;1;0;0;0;0;0;0;42.730183124542236;0.7465357780456543;36189.21054093615;33890.64473948459;497.3424871987402;1801.1499999999992;[47.55, 58.55, 31.55, 39.55, 20.55, 69.55, 51.55, 29.55, 68.55, 23.55, 55.55, 3.0, 22.55, 38.55, 39.55, 70.55, 19.55, 18.55, 45.55, 66.55, 61.55, 70.55, 70.55, 27.55, 4.0, 61.55, 15.96, 31.55, 70.55, 70.55, 40.55, 62.55, 67.55, 42.55, 52.55, 70.55, 14.39, 55.55, 59.55, 30.55];67.55;[2, 2, 1, 2, 2, 1];1;10;True
40;10;40;6;True;2000;1;0;0;0;0;0;0;23.78134560585022;0.7021849155426025;14313.959444160186;12401.412417597747;423.58046190475943;1488.8499999999995;[39.82, 36.37, 39.82, 39.82, 39.82, 39.82, 39.82, 39.82, 39.82, 24.37, 32.37, 36.37, 39.82, 39.82, 35.37, 13.37, 39.82, 39.82, 39.82, 39.82, 39.82, 39.82, 39.82, 22.37, 39.82, 39.82, 39.82, 34.37, 35.37, 26.37, 39.82, 39.82, 39.82, 39.82, 39.82, 39.82, 39.82, 37.37, 39.82, 39.82];26.450000000000003;[1, 2, 1, 1, 1, 1, 1, 1, 1];1;10;True
50;10;50;1;True;2000;1;0;0;0;0;0;0;64.65946793556213;0.8716344833374023;28834.127199838746;25066.709978960374;631.5209198155553;3135.959999999998;[88.97, 37.97, 40.97, 99.97, 88.97, 55.97, 57.97, 81.97, 64.97, 48.97, 14.27, 64.97, 94.97, 52.97, 68.97, 82.97, 21.27, 62.97, 72.97, 71.97, 68.97, 3.85, 68.97, 76.97, 59.97, 66.97, 27.27, 115.97, 45.97, 73.97, 77.97, 20.27, 56.97, 92.97, 53.97, 90.97, 69.97, 23.27, 29.21, 87.97, 26.27, 104.97, 38.97, 75.97, 31.97, 28.27, 29.21, 89.97, 106.97, 115.97];112.12;[1, 2, 2, 1, 2, 1, 1];1;10;True
50;10;50;2;True;2000;1;0;0;0;0;0;0;55.952226877212524;1.1356019973754883;32019.11492895215;28660.809935533624;412.38098182153175;2946.1299999999983;[34.18, 82.18, 80.18, 67.18, 34.18, 98.18, 32.18, 24.18, 24.18, 71.18, 28.18, 98.18, 25.18, 53.18, 63.18, 23.18, 16.31, 67.18, 70.18, 27.18, 98.18, 76.18, 54.18, 98.18, 86.18, 74.18, 31.18, 59.18, 30.18, 23.18, 98.18, 41.18, 74.18, 27.18, 91.18, 92.18, 91.18, 48.18, 19.18, 49.18, 69.18, 44.18, 65.18, 71.18, 60.18, 56.18, 57.18, 98.18, 58.18, 84.18];81.87;[2, 2, 1, 1, 1, 1, 1, 1];1;10;True
50;10;50;3;True;2000;1;0;0;0;0;0;0;66.15817880630493;0.9085283279418945;60902.07282635191;57516.026646542414;499.3080815025871;2886.5;[67.75, 71.75, 65.75, 74.75, 94.75, 32.75, 27.75, 62.75, 90.75, 72.75, 16.75, 43.75, 116.75, 62.75, 26.75, 49.75, 28.75, 41.75, 27.75, 95.75, 41.75, 78.75, 104.75, 38.75, 41.75, 32.75, 116.75, 16.75, 24.75, 78.75, 24.75, 91.75, 92.75, 83.75, 90.75, 52.75, 67.75, 59.75, 60.75, 56.75, 35.75, 72.75, 47.75, 40.75, 32.75, 30.75, 51.75, 72.75, 45.75, 26.75];100.0;[1, 1, 3, 1, 1, 2, 1];2;10;True
50;10;50;4;True;2000;1;0;0;0;0;0;0;53.23894762992859;0.9082489013671875;42957.619131775886;39338.990694149434;502.7369068081781;3115.830000000002;[20.67, 88.67, 15.67, 68.67, 87.67, 94.67, 76.67, 56.67, 18.67, 94.67, 16.67, 83.67, 19.67, 63.67, 94.67, 61.67, 72.67, 83.67, 62.67, 50.67, 79.67, 4.0, 46.67, 54.67, 29.67, 50.67, 70.67, 21.67, 57.67, 50.67, 94.67, 94.67, 94.67, 71.67, 72.67, 77.67, 57.67, 54.67, 68.67, 94.67, 57.67, 24.67, 94.67, 75.67, 78.67, 94.67, 72.67, 35.67, 63.67, 37.67];90.67;[3, 1, 1, 1, 2, 1, 1];2;10;True
50;10;50;5;True;2000;1;0;0;0;0;0;0;45.71245265007019;1.022672414779663;31150.748866267873;28448.591545035037;487.69315872172956;2214.3199999999997;[46.25, 61.25, 33.61, 40.25, 19.39, 70.25, 50.25, 28.61, 69.25, 21.61, 57.25, 3.0, 21.61, 39.25, 39.25, 68.25, 17.39, 16.39, 43.25, 67.25, 69.25, 71.25, 72.25, 26.61, 4.0, 61.25, 13.23, 30.61, 72.25, 72.25, 39.25, 63.25, 68.25, 43.25, 53.25, 72.25, 12.23, 48.25, 66.25, 29.61, 31.61, 53.25, 33.61, 35.61, 44.25, 14.23, 56.25, 53.25, 53.25, 36.61];69.25;[2, 1, 1, 2, 3, 1];2;10;True
50;10;50;6;True;2000;1;0;0;0;0;0;0;47.72871017456055;1.1763174533843994;23909.28585520852;20782.602748693018;442.84649120813214;2683.6699999999987;[57.95, 36.95, 79.41, 81.41, 53.95, 76.95, 40.95, 80.41, 79.41, 21.95, 30.95, 35.95, 78.41, 63.95, 34.95, 10.52, 70.95, 52.95, 39.95, 70.95, 61.95, 44.95, 71.95, 19.95, 81.41, 81.41, 64.95, 29.95, 33.95, 25.95, 50.95, 70.95, 59.95, 81.41, 56.95, 60.95, 81.41, 36.95, 43.95, 73.95, 81.41, 23.95, 26.95, 48.95, 56.95, 49.95, 17.95, 16.95, 50.95, 76.95];70.89;[1, 1, 2, 1, 1, 1, 2, 1];1;10;True
60;10;60;1;True;2000;1;0;0;0;0;0;0;50.347644090652466;1.5366289615631104;28264.48049594938;24154.21990776201;648.1143447696303;3461.9799999999973;[82.18, 38.18, 41.18, 82.18, 81.18, 55.18, 56.18, 79.18, 64.18, 48.18, 13.98, 64.18, 82.18, 52.18, 68.18, 80.18, 20.98, 60.18, 72.18, 71.18, 68.18, 4.16, 68.18, 75.18, 58.18, 66.18, 27.18, 72.18, 44.18, 73.18, 77.18, 19.98, 55.18, 82.18, 53.18, 82.18, 68.18, 22.18, 29.18, 82.18, 26.18, 82.18, 40.18, 75.18, 33.18, 28.18, 29.18, 82.18, 82.18, 82.18, 43.18, 81.18, 43.18, 20.98, 65.18, 44.18, 82.18, 55.18, 82.18, 42.18];78.02000000000001;[1, 3, 1, 2, 1, 1, 1];2;10;True
60;10;60;2;True;2000;1;0;0;0;0;0;0;69.32775282859802;1.4004647731781006;38174.16832409835;34157.24844899445;405.91551044241095;3610.819999999998;[34.31, 85.31, 82.31, 69.31, 35.31, 110.31, 33.31, 25.31, 24.31, 72.31, 28.31, 99.31, 25.31, 54.31, 65.31, 22.31, 16.31, 69.31, 71.31, 27.31, 118.31, 77.31, 55.31, 86.31, 88.31, 77.31, 32.31, 60.31, 31.31, 22.31, 101.31, 43.31, 76.31, 27.31, 109.31, 95.31, 94.31, 49.31, 18.31, 50.31, 71.31, 46.31, 67.31, 76.31, 60.31, 57.31, 59.31, 118.31, 60.31, 88.31, 67.31, 61.31, 78.31, 17.31, 86.31, 56.31, 81.31, 12.53, 24.31, 55.31];105.78;[2, 1, 1, 1, 1, 2, 1, 1];1;10;True
60;10;60;3;True;2000;1;0;0;0;0;0;0;60.24118161201477;1.4645709991455078;56226.66366049344;52274.83116948845;526.4464503952812;3425.4799999999973;[67.0, 77.0, 65.68, 73.0, 99.0, 31.68, 28.68, 62.68, 90.0, 72.0, 14.68, 44.68, 99.0, 62.68, 25.68, 49.68, 27.68, 43.68, 28.68, 94.0, 42.68, 77.0, 99.0, 36.68, 43.68, 32.68, 99.0, 15.68, 23.68, 77.0, 22.68, 90.0, 99.0, 83.0, 83.0, 51.68, 67.0, 58.68, 60.68, 55.68, 34.68, 72.0, 47.68, 39.68, 32.68, 30.68, 50.68, 72.0, 45.68, 25.68, 35.68, 20.68, 72.0, 79.0, 28.68, 99.0, 17.68, 66.68, 92.0, 87.0];84.32;[1, 1, 2, 1, 2, 1, 1, 1];1;10;True
60;10;60;4;True;2000;1;0;0;0;0;0;0;61.006409883499146;1.6800165176391602;44195.65063044659;40076.24159647335;483.4205661406535;3636.2600000000043;[21.78, 86.78, 16.78, 67.78, 85.78, 66.78, 72.78, 52.78, 19.78, 101.78, 16.78, 81.78, 21.78, 60.78, 96.78, 57.78, 60.78, 81.78, 59.78, 47.78, 75.78, 3.24, 42.78, 51.78, 28.78, 49.78, 92.78, 22.78, 55.78, 47.78, 87.78, 86.78, 96.78, 69.78, 69.78, 74.78, 55.78, 50.78, 66.78, 100.78, 55.78, 24.78, 101.78, 72.78, 70.78, 86.78, 101.78, 34.78, 59.78, 36.78, 53.78, 47.78, 89.78, 24.78, 89.78, 90.78, 54.78, 71.78, 39.78, 17.78];98.54;[1, 1, 1, 1, 1, 3, 1, 1];2;10;True
60;10;60;5;True;2000;1;0;0;0;0;0;0;48.86814570426941;1.5596630573272705;40102.478214099305;36813.96496146398;518.380284095495;2770.0699999999993;[48.66, 67.66, 36.66, 43.66, 18.66, 70.66, 52.66, 28.66, 70.66, 25.66, 63.66, 1.0, 20.66, 42.66, 45.66, 70.66, 16.1, 15.1, 48.66, 69.66, 66.66, 72.66, 74.66, 27.66, 3.24, 62.66, 13.07, 31.66, 74.66, 74.66, 46.66, 64.66, 73.66, 46.66, 55.66, 74.66, 12.07, 51.66, 62.66, 33.66, 32.66, 53.66, 37.66, 38.66, 49.66, 14.07, 57.66, 50.66, 57.66, 39.66, 52.66, 24.66, 54.66, 67.66, 18.1, 54.66, 50.66, 39.66, 30.66, 63.66];73.66;[2, 1, 1, 2, 1, 3];2;10;True
60;10;60;6;True;2000;1;0;0;0;0;0;0;30.682875394821167;1.5116488933563232;16882.012352384114;14252.039438759519;464.35073508039306;2165.8000000000006;[42.48, 34.48, 42.48, 42.48, 42.48, 42.48, 38.48, 42.48, 42.48, 21.48, 28.48, 32.48, 42.48, 42.48, 32.48, 9.48, 42.48, 42.48, 38.48, 42.48, 42.48, 41.48, 42.48, 20.48, 42.48, 42.48, 42.48, 27.48, 32.48, 22.48, 42.48, 42.48, 42.48, 42.48, 42.48, 42.48, 42.48, 31.48, 38.48, 42.48, 42.48, 23.48, 25.48, 42.48, 42.48, 42.48, 17.48, 16.48, 42.48, 42.48, 42.48, 9.48, 12.48, 32.48, 42.48, 39.48, 42.48, 31.48, 42.48, 20.48];33.0;[1, 1, 2, 1, 1, 1, 1, 1, 1];1;10;True
70;10;70;1;True;2000;1;0;0;0;0;0;0;75.18303775787354;2.233582019805908;43215.709329514226;38592.724644265596;639.9530935979099;3983.349999999995;[94.7, 32.7, 35.7, 91.7, 78.7, 50.7, 51.7, 118.7, 61.7, 44.7, 12.96, 59.7, 90.7, 48.7, 66.7, 78.7, 18.7, 55.7, 69.7, 65.7, 65.7, 3.69, 63.7, 69.7, 53.7, 62.7, 24.7, 68.7, 41.7, 68.7, 72.7, 16.8, 51.7, 93.7, 50.7, 94.7, 63.7, 21.7, 25.7, 83.7, 25.7, 106.7, 33.7, 69.7, 27.7, 26.7, 26.7, 83.7, 101.7, 118.7, 39.7, 78.7, 39.7, 17.7, 62.7, 41.7, 91.7, 50.7, 87.7, 38.7, 66.7, 50.7, 78.7, 74.7, 26.7, 58.7, 45.7, 24.7, 21.7, 38.7];115.01;[1, 2, 2, 1, 2, 1, 1];1;10;True
70;10;70;2;True;2000;1;0;0;0;0;0;0;66.37981843948364;2.2491347789764404;48197.72775634622;43724.091742347;408.1681450804826;4065.2;[35.0, 82.0, 81.0, 66.0, 35.0, 103.0, 34.0, 23.0, 23.0, 71.0, 28.0, 97.0, 25.0, 53.0, 63.0, 22.0, 16.0, 66.0, 70.0, 27.0, 105.0, 75.0, 52.0, 86.0, 86.0, 81.0, 33.0, 57.0, 32.0, 22.0, 99.0, 45.0, 74.0, 28.0, 105.0, 93.0, 91.0, 49.0, 18.0, 50.0, 69.0, 48.0, 65.0, 70.0, 58.0, 54.0, 55.0, 105.0, 56.0, 84.0, 65.0, 59.0, 76.0, 17.0, 84.0, 55.0, 81.0, 13.1, 23.0, 51.0, 35.0, 61.0, 46.0, 105.0, 80.0, 48.0, 105.0, 27.0, 55.0, 14.1];91.9;[1, 1, 1, 1, 1, 1, 1, 1, 2];1;10;True
70;10;70;3;True;2000;1;0;0;0;0;0;0;64.04335641860962;2.2753939628601074;81043.81816405215;77080.09046703728;516.146961211131;3447.289999999997;[59.41, 69.41, 60.41, 64.41, 95.41, 23.41, 21.41, 57.41, 82.41, 64.41, 12.41, 37.41, 95.41, 56.41, 21.41, 44.41, 24.41, 35.41, 20.41, 87.41, 34.41, 70.41, 95.41, 28.41, 35.41, 25.41, 93.41, 14.41, 21.41, 68.41, 20.41, 82.41, 95.41, 75.41, 68.41, 47.41, 60.41, 53.41, 54.41, 53.41, 29.41, 68.41, 41.41, 31.41, 29.41, 25.41, 46.41, 66.41, 41.41, 20.41, 30.41, 16.41, 63.41, 73.41, 23.41, 95.41, 14.41, 58.41, 86.41, 80.41, 86.41, 57.41, 53.41, 2.41, 5.41, 47.41, 51.41, 46.41, 2.0, 21.41];93.41;[1, 1, 2, 1, 2, 2, 1];1;10;True
70;10;70;4;True;2000;1;0;0;0;0;0;0;59.28138208389282;2.0556201934814453;58044.624442591725;53307.35015648132;489.15737623903203;4248.169999999996;[20.6, 93.6, 15.6, 68.6, 87.6, 69.6, 78.6, 53.6, 19.6, 86.6, 16.6, 84.6, 19.6, 62.6, 93.6, 59.6, 62.6, 85.6, 61.6, 50.6, 81.6, 2.77, 46.6, 53.6, 28.6, 50.6, 72.6, 21.6, 56.6, 50.6, 89.6, 93.6, 93.6, 72.6, 74.6, 79.6, 56.6, 53.6, 69.6, 89.6, 56.6, 24.6, 93.6, 77.6, 76.6, 93.6, 74.6, 34.6, 63.6, 37.6, 55.6, 50.6, 92.6, 24.6, 93.6, 93.6, 55.6, 76.6, 41.6, 16.6, 15.6, 23.6, 79.6, 24.6, 52.6, 93.6, 73.6, 80.6, 93.6, 47.6];90.83;[1, 1, 1, 1, 1, 1, 4];3;10;True
70;10;70;5;True;2000;1;0;0;0;0;0;0;55.5023090839386;2.2392139434814453;53783.78340774373;49896.5500652;516.1278296750115;3371.3300000000045;[47.88, 59.88, 38.88, 42.88, 20.34, 70.88, 51.88, 29.88, 69.88, 27.88, 68.88, 1.0, 22.88, 42.88, 43.88, 69.88, 19.34, 18.34, 46.88, 68.88, 65.88, 73.88, 78.88, 28.88, 3.24, 61.88, 14.34, 32.88, 79.88, 79.88, 43.88, 63.88, 70.88, 45.88, 53.88, 79.88, 13.37, 49.88, 61.88, 35.88, 33.88, 51.88, 39.88, 39.88, 46.88, 14.34, 55.88, 49.88, 53.88, 41.88, 49.88, 25.88, 52.88, 66.88, 21.34, 54.88, 49.88, 41.88, 32.88, 64.88, 79.88, 41.88, 78.88, 62.88, 57.88, 39.88, 67.88, 52.88, 49.88, 47.88];78.88;[1, 1, 1, 2, 3, 1, 1];2;10;True
70;10;70;6;True;2000;1;0;0;0;0;0;0;58.98522162437439;2.2692956924438477;36691.20683706536;32644.518377899498;452.5066741137488;3594.270000000002;[55.36, 35.5, 81.36, 87.36, 54.36, 75.36, 40.36, 87.36, 80.36, 20.5, 28.5, 33.5, 75.36, 63.36, 33.5, 9.07, 74.36, 53.36, 38.36, 69.36, 60.36, 43.36, 65.36, 18.5, 87.36, 73.36, 63.36, 27.5, 32.5, 22.5, 50.36, 70.36, 59.36, 60.36, 56.36, 60.36, 81.36, 34.5, 42.36, 71.36, 87.36, 22.5, 25.5, 47.36, 56.36, 46.36, 16.07, 16.07, 51.36, 76.36, 78.36, 10.07, 14.07, 32.5, 68.36, 44.36, 87.36, 32.5, 63.36, 19.5, 34.5, 25.5, 43.36, 31.5, 55.36, 87.36, 52.36, 60.36, 82.36, 48.36];78.28999999999999;[1, 2, 1, 1, 1, 1, 2, 1];1;10;True
80;10;80;1;True;2000;1;0;0;0;0;0;0;77.9944372177124;2.9094579219818115;44341.217892078996;39159.991233012144;625.38554748538;4556.150000000003;[83.67, 30.67, 36.67, 92.67, 79.67, 52.67, 53.67, 115.67, 62.67, 45.67, 12.82, 61.67, 91.67, 49.67, 66.67, 79.67, 16.67, 57.67, 70.67, 67.67, 66.67, 3.37, 65.67, 71.67, 55.67, 63.67, 23.67, 68.67, 41.67, 70.67, 77.67, 16.67, 52.67, 69.67, 51.67, 84.67, 65.67, 18.67, 24.67, 85.67, 24.67, 103.67, 34.67, 71.67, 27.67, 25.67, 25.67, 85.67, 115.67, 113.67, 40.67, 79.67, 40.67, 16.67, 63.67, 41.67, 92.67, 52.67, 80.67, 39.67, 68.67, 51.67, 79.67, 76.67, 26.67, 59.67, 47.67, 23.67, 19.67, 39.67, 50.67, 77.67, 51.67, 28.67, 4.37, 77.67, 91.67, 67.67, 90.67, 36.67];112.3;[2, 1, 1, 2, 1, 1, 2];1;10;True
80;10;80;2;True;2000;1;0;0;0;0;0;0;70.9745569229126;2.4266116619110107;60172.65360537702;55085.562768471966;419.80711039249786;4667.209999999997;[35.0, 82.73, 81.73, 67.73, 35.0, 103.73, 34.0, 25.0, 24.0, 71.73, 29.0, 104.73, 27.0, 54.73, 63.73, 22.5, 14.5, 67.73, 70.73, 29.0, 83.73, 76.73, 54.73, 105.73, 88.73, 81.73, 33.0, 58.73, 32.0, 21.5, 100.73, 43.73, 74.73, 29.0, 78.73, 92.73, 92.73, 49.73, 17.5, 50.73, 69.73, 46.73, 66.73, 70.73, 58.73, 56.73, 57.73, 105.73, 57.73, 85.73, 66.73, 60.73, 81.73, 16.5, 83.73, 56.73, 80.73, 11.83, 24.0, 53.73, 36.0, 61.73, 45.73, 105.73, 80.73, 47.73, 105.73, 27.0, 56.73, 12.5, 57.73, 68.73, 78.73, 23.5, 77.73, 27.0, 56.73, 78.73, 42.0, 52.73];93.9;[2, 1, 1, 1, 1, 1, 2, 1];1;10;True
80;10;80;3;True;2000;1;0;0;0;0;0;0;58.31739616394043;2.38584303855896;57736.42435308964;53131.19979841144;528.581398470843;4076.2900000000022;[62.46, 66.46, 63.46, 67.46, 62.46, 29.46, 25.46, 60.46, 81.46, 66.46, 15.46, 42.46, 81.46, 60.46, 24.46, 47.46, 26.46, 41.46, 24.46, 81.46, 40.46, 72.46, 81.46, 36.46, 41.46, 30.46, 81.46, 16.46, 23.46, 70.46, 21.46, 81.46, 81.46, 78.46, 70.46, 50.46, 63.46, 56.46, 58.46, 55.46, 33.46, 69.46, 45.46, 39.46, 32.46, 29.46, 49.46, 68.46, 44.46, 22.46, 34.46, 18.46, 66.46, 74.46, 26.46, 81.46, 17.46, 81.46, 81.46, 81.46, 81.46, 61.46, 57.46, 6.41, 9.46, 51.46, 55.46, 52.46, 2.0, 22.46, 29.46, 39.46, 21.46, 58.46, 60.46, 66.46, 81.46, 81.46, 44.46, 51.46];79.46;[1, 1, 2, 1, 1, 1, 1, 1, 1];1;10;True
80;10;80;4;True;2000;1;0;0;0;0;0;0;61.04469132423401;2.5999388694763184;64462.52939667846;58962.465622329546;494.9615170266431;5004.8500000000095;[20.51, 92.51, 15.51, 70.51, 89.51, 65.51, 80.51, 57.51, 19.51, 88.51, 16.51, 85.51, 20.51, 65.51, 92.51, 75.51, 65.51, 86.51, 64.51, 52.51, 83.51, 2.56, 48.51, 55.51, 30.51, 51.51, 74.51, 21.51, 58.51, 51.51, 91.51, 74.51, 92.51, 74.51, 75.51, 81.51, 58.51, 56.51, 71.51, 91.51, 58.51, 24.51, 92.51, 79.51, 92.51, 79.51, 76.51, 36.51, 66.51, 39.51, 58.51, 51.51, 92.51, 25.51, 92.51, 92.51, 57.51, 78.51, 43.51, 16.51, 16.51, 24.51, 81.51, 26.51, 54.51, 92.51, 74.51, 92.51, 63.51, 48.51, 44.51, 92.51, 52.51, 75.51, 46.51, 83.51, 92.51, 79.51, 92.51, 43.51];89.95;[1, 1, 3, 1, 1, 1, 1, 1];2;10;True
80;10;80;5;True;2000;1;0;0;0;0;0;0;59.358484745025635;2.7123961448669434;53599.96130906169;49492.750669370624;501.7480800482458;3605.440000000003;[46.28, 58.96, 30.28, 38.28, 17.28, 69.96, 51.96, 27.28, 68.96, 21.28, 57.96, 1.0, 19.28, 38.28, 42.28, 67.96, 13.28, 12.28, 45.28, 66.96, 70.96, 70.96, 77.96, 24.28, 2.87, 59.96, 9.95, 29.28, 78.96, 78.96, 40.28, 62.96, 66.96, 42.28, 52.96, 78.96, 9.95, 50.96, 60.96, 27.28, 30.28, 51.96, 31.28, 33.28, 45.28, 8.95, 55.96, 49.96, 55.96, 34.28, 53.96, 23.28, 52.96, 64.96, 16.28, 52.96, 48.96, 33.28, 26.28, 61.96, 78.96, 36.28, 76.96, 59.96, 56.96, 35.28, 66.96, 53.96, 48.96, 46.28, 52.96, 76.96, 46.96, 47.96, 48.96, 2.77, 39.28, 47.96, 9.95, 46.28];77.96;[2, 1, 2, 2, 2, 1];1;10;True
80;10;80;6;True;2000;1;0;0;0;0;0;0;40.80050849914551;2.1678333282470703;25221.523229952625;21897.56720756834;439.9560223842838;2884.0;[47.0, 31.0, 48.0, 48.0, 47.0, 48.0, 35.0, 48.0, 48.0, 16.0, 25.0, 29.0, 48.0, 48.0, 29.0, 6.0, 48.0, 42.0, 33.0, 48.0, 48.0, 39.0, 48.0, 12.0, 48.0, 48.0, 48.0, 23.0, 29.0, 16.0, 42.0, 48.0, 48.0, 48.0, 48.0, 48.0, 48.0, 25.0, 33.0, 48.0, 48.0, 19.0, 19.0, 44.0, 46.0, 39.0, 11.0, 8.0, 41.0, 48.0, 48.0, 8.0, 6.0, 29.0, 48.0, 35.0, 48.0, 26.0, 48.0, 14.0, 27.0, 21.0, 33.0, 26.0, 44.0, 48.0, 44.0, 48.0, 48.0, 44.0, 48.0, 42.0, 2.0, 47.0, 37.0, 12.0, 14.0, 48.0, 39.0, 12.0];46.0;[1, 2, 1, 1, 1, 1, 1, 1, 1];1;10;True
90;10;90;1;True;2000;1;0;0;0;0;0;0;77.59013819694519;3.4051177501678467;44857.26251497097;38987.81047241468;602.8062085892451;5266.839999999992;[85.95, 33.95, 38.95, 94.95, 81.95, 54.95, 55.95, 109.95, 63.95, 46.95, 13.01, 63.95, 103.95, 50.95, 67.95, 80.95, 17.95, 59.95, 71.95, 69.95, 67.95, 4.06, 67.95, 74.95, 57.95, 65.95, 25.95, 70.95, 43.95, 72.95, 79.95, 17.95, 54.95, 72.95, 52.95, 83.95, 67.95, 20.95, 25.95, 85.95, 25.95, 90.95, 36.95, 73.95, 27.95, 26.95, 26.95, 86.95, 109.95, 109.95, 41.95, 81.95, 41.95, 17.95, 64.95, 42.95, 94.95, 54.95, 81.95, 40.95, 70.95, 53.95, 79.95, 77.95, 26.95, 60.95, 49.95, 25.95, 21.95, 40.95, 52.95, 79.95, 52.95, 29.95, 4.06, 79.95, 92.95, 69.95, 90.95, 38.95, 69.95, 88.95, 99.95, 40.95, 96.95, 13.01, 18.95, 24.95, 73.95, 71.95];105.89;[2, 2, 1, 1, 1, 1, 2];1;10;True
90;10;90;2;True;2000;1;0;0;0;0;0;0;80.13680744171143;3.792640447616577;75054.81339663488;69494.45637339694;425.480809312107;5135.200000000007;[34.38, 80.38, 79.38, 65.38, 34.38, 101.38, 32.38, 24.38, 22.38, 69.38, 28.38, 105.38, 25.38, 53.38, 63.38, 22.38, 14.38, 65.38, 68.38, 27.38, 76.38, 72.38, 54.38, 81.38, 84.38, 80.38, 30.38, 60.38, 29.38, 21.38, 98.38, 43.38, 71.38, 27.38, 110.38, 90.38, 90.38, 48.38, 17.38, 49.38, 67.38, 44.38, 65.38, 77.38, 60.38, 56.38, 57.38, 104.38, 58.38, 83.38, 65.38, 61.38, 75.38, 16.38, 81.38, 56.38, 76.38, 12.38, 23.38, 53.38, 33.38, 62.38, 44.38, 113.38, 76.38, 46.38, 113.38, 26.38, 55.38, 12.38, 58.38, 67.38, 76.38, 22.38, 75.38, 25.38, 55.38, 76.38, 41.38, 51.38, 69.38, 77.38, 29.38, 27.38, 69.38, 55.38, 48.38, 71.38, 18.38, 83.38];101.0;[2, 1, 1, 1, 1, 2, 2];1;10;True
90;10;90;3;True;2000;1;0;0;0;0;0;0;66.15143060684204;2.8668746948242188;71687.08098529973;66529.40764733835;510.3558793682164;4646.93;[64.81, 67.81, 63.81, 69.81, 64.81, 27.81, 23.81, 59.81, 84.81, 67.81, 14.51, 41.81, 87.81, 59.81, 23.81, 47.81, 25.81, 39.81, 23.81, 87.81, 38.81, 72.81, 87.81, 32.81, 39.81, 28.81, 87.81, 15.81, 22.81, 70.81, 21.81, 87.81, 76.81, 77.81, 71.81, 50.81, 64.81, 55.81, 56.81, 54.81, 31.81, 69.81, 45.81, 35.81, 30.81, 28.81, 49.81, 68.81, 43.81, 21.81, 32.81, 18.81, 67.81, 73.81, 25.81, 87.81, 16.81, 70.81, 87.81, 82.81, 87.81, 60.81, 55.81, 5.0, 9.06, 50.81, 54.81, 50.81, 2.0, 22.81, 27.81, 35.81, 20.81, 56.81, 59.81, 66.81, 74.81, 87.81, 44.81, 50.81, 18.81, 87.81, 71.81, 34.81, 56.81, 14.51, 75.81, 58.81, 77.81, 66.81];85.81;[1, 1, 2, 1, 1, 3, 1];2;10;True
90;10;90;4;True;2000;1;0;0;0;0;0;0;69.30986642837524;3.5368354320526123;78651.80015468008;73403.47350576048;465.8446008754121;4782.07;[15.51, 92.6, 12.51, 64.6, 82.6, 49.6, 66.6, 43.6, 16.51, 78.6, 12.51, 77.6, 15.51, 53.6, 92.6, 47.6, 54.6, 76.6, 50.6, 39.6, 70.6, 2.5, 34.6, 44.6, 20.6, 45.6, 61.6, 19.6, 49.6, 42.6, 82.6, 60.6, 90.6, 61.6, 64.6, 70.6, 51.6, 43.6, 61.6, 80.6, 49.6, 21.6, 92.6, 65.6, 65.6, 68.6, 62.6, 28.6, 51.6, 28.6, 46.6, 41.6, 84.6, 19.6, 85.6, 76.6, 49.6, 65.6, 31.6, 14.51, 12.51, 19.6, 67.6, 18.6, 42.6, 89.6, 67.6, 92.6, 61.6, 42.6, 39.6, 85.6, 45.6, 61.6, 30.6, 69.6, 92.6, 68.6, 92.6, 29.6, 81.6, 67.6, 92.6, 21.6, 69.6, 39.6, 10.49, 54.6, 42.6, 16.51];90.1;[1, 1, 1, 1, 2, 1, 1, 2];1;10;True
90;10;90;5;True;2000;1;0;0;0;0;0;0;59.713595390319824;3.6601450443267822;69645.96127235351;64809.62576236116;514.3355099923538;4322.0;[47.0, 55.0, 38.0, 41.0, 18.0, 72.0, 53.0, 29.0, 71.0, 29.0, 61.0, 1.0, 20.0, 41.0, 57.0, 74.0, 15.0, 14.0, 46.0, 69.0, 67.0, 73.0, 78.0, 28.0, 3.0, 64.0, 10.0, 32.0, 73.0, 78.0, 43.0, 65.0, 71.0, 44.0, 54.0, 78.0, 10.0, 51.0, 72.0, 34.0, 33.0, 53.0, 39.0, 39.0, 47.0, 10.0, 59.0, 50.0, 59.0, 39.0, 51.0, 25.0, 55.0, 67.0, 18.0, 54.0, 49.0, 39.0, 32.0, 64.0, 78.0, 40.0, 78.0, 62.0, 58.0, 39.0, 69.0, 56.0, 50.0, 48.0, 56.0, 78.0, 48.0, 49.0, 50.0, 2.0, 42.0, 49.0, 11.0, 47.0, 78.0, 78.0, 57.0, 5.0, 37.0, 77.0, 78.0, 55.0, 32.0, 54.0];77.0;[1, 1, 1, 1, 2, 3, 1];2;10;True
90;10;90;6;True;2000;1;0;0;0;0;0;0;62.1391978263855;3.3053431510925293;37304.33352755601;32468.65759367186;433.7966665752122;4402.100000000003;[53.9, 33.9, 77.9, 81.9, 52.9, 72.9, 38.9, 76.9, 79.9, 18.9, 27.9, 31.9, 72.9, 61.9, 31.9, 7.9, 72.9, 50.9, 39.9, 68.9, 65.9, 42.9, 60.9, 15.9, 81.9, 68.9, 62.9, 26.9, 30.9, 19.9, 47.9, 68.9, 57.9, 59.9, 55.9, 59.9, 79.9, 31.9, 41.9, 70.9, 81.9, 21.9, 22.9, 46.9, 54.9, 45.9, 14.9, 13.9, 48.9, 81.9, 70.9, 8.9, 9.9, 31.9, 66.9, 43.9, 81.9, 30.9, 61.9, 17.9, 33.9, 23.9, 41.9, 30.9, 53.9, 81.9, 50.9, 59.9, 81.9, 47.9, 81.9, 45.9, 2.0, 56.9, 46.9, 15.9, 17.9, 66.9, 45.9, 15.9, 76.9, 80.9, 64.9, 45.9, 51.9, 62.9, 37.9, 13.9, 15.9, 81.9];79.9;[1, 1, 1, 1, 1, 1, 1, 2, 1];1;10;True
100;10;100;1;True;2000;1;0;0;0;0;0;0;68.3517427444458;4.607267141342163;37476.25361573846;31571.19900259339;621.0506039428857;5283.6400000000085;[81.27, 28.27, 34.27, 88.27, 76.27, 50.27, 51.27, 88.27, 61.27, 43.27, 12.76, 59.27, 88.27, 47.27, 66.27, 77.27, 16.27, 53.27, 69.27, 65.27, 65.27, 4.11, 63.27, 67.27, 52.27, 62.27, 22.27, 66.27, 39.27, 67.27, 74.27, 16.27, 50.27, 67.27, 50.27, 88.27, 63.27, 17.27, 21.27, 82.27, 24.27, 88.27, 31.27, 67.27, 23.27, 23.27, 23.27, 83.27, 88.27, 88.27, 37.27, 76.27, 38.27, 16.27, 62.27, 39.27, 88.27, 49.27, 79.27, 37.27, 65.27, 49.27, 77.27, 72.27, 24.27, 58.27, 44.27, 23.27, 18.27, 36.27, 48.27, 73.27, 49.27, 25.27, 5.11, 75.27, 88.27, 64.27, 74.27, 34.27, 65.27, 83.27, 88.27, 37.27, 88.27, 12.76, 18.27, 20.27, 68.27, 67.27, 21.27, 11.76, 13.76, 88.27, 18.27, 56.27, 55.27, 88.27, 51.27, 61.27];84.16;[2, 1, 1, 1, 2, 2, 1];1;10;True
100;10;100;2;True;2000;1;0;0;0;0;0;0;79.54676914215088;3.9776535034179688;64644.23876121254;58053.420869481466;420.51992170187043;6169.950000000006;[35.25, 85.63, 83.63, 71.63, 36.25, 106.63, 36.25, 24.25, 24.25, 73.63, 29.25, 108.63, 25.25, 55.63, 67.63, 22.25, 16.53, 71.63, 73.63, 29.25, 81.63, 79.63, 57.63, 86.63, 91.63, 81.63, 35.25, 64.63, 34.25, 22.25, 108.63, 47.25, 78.63, 28.25, 108.63, 95.63, 95.63, 50.63, 18.25, 51.63, 73.63, 49.63, 69.63, 74.63, 64.63, 59.63, 61.63, 108.63, 62.63, 88.63, 69.63, 65.63, 86.63, 17.25, 87.63, 57.63, 83.63, 12.8, 24.25, 57.63, 37.25, 65.63, 47.25, 108.63, 83.63, 49.25, 108.63, 27.25, 58.63, 13.53, 62.63, 71.63, 80.63, 23.25, 79.63, 25.25, 59.63, 80.63, 43.25, 53.63, 76.63, 79.63, 33.25, 28.25, 73.63, 58.63, 52.63, 75.63, 19.25, 82.63, 74.63, 105.63, 67.63, 23.25, 71.63, 92.63, 108.63, 58.63, 86.63, 49.25];95.83;[1, 1, 1, 1, 1, 1, 1, 1, 1, 1];0;10;True
100;10;100;3;True;2000;1;0;0;0;0;0;0;74.52568793296814;3.6450035572052;97259.3085888991;91520.93114705186;518.5377632452139;5219.880000000005;[65.06, 70.06, 64.06, 71.06, 65.06, 29.06, 24.06, 60.06, 87.06, 70.06, 14.06, 41.06, 92.06, 60.06, 23.06, 47.06, 26.06, 40.06, 24.06, 91.06, 40.06, 74.06, 95.06, 35.06, 40.06, 30.06, 95.06, 16.06, 22.06, 73.06, 21.06, 92.06, 78.06, 80.06, 73.06, 50.06, 65.06, 58.06, 58.06, 55.06, 33.06, 71.06, 45.06, 37.06, 32.06, 29.06, 49.06, 70.06, 43.06, 22.06, 34.06, 18.06, 71.06, 76.06, 26.06, 95.06, 15.06, 79.06, 95.06, 84.06, 91.06, 61.06, 58.06, 5.0, 9.06, 51.06, 55.06, 51.06, 2.0, 22.06, 28.06, 37.06, 21.06, 58.06, 61.06, 68.06, 78.06, 92.06, 44.06, 51.06, 17.06, 93.06, 74.06, 37.06, 58.06, 14.06, 78.06, 60.06, 79.06, 69.06, 95.06, 66.06, 48.06, 60.06, 9.06, 17.06, 38.06, 33.06, 59.06, 30.06];93.06;[1, 1, 2, 1, 1, 1, 1, 2];1;10;True
100;10;100;4;True;2000;1;0;0;0;0;0;0;74.6780652999878;4.840072393417358;99325.57536856689;93087.4039689055;484.35431827394007;5753.790000000005;[20.18, 98.55, 14.18, 66.55, 84.55, 57.53, 72.55, 49.53, 18.18, 83.55, 16.18, 80.55, 19.18, 58.55, 95.55, 55.53, 59.55, 79.55, 57.53, 44.53, 75.55, 2.41, 40.53, 49.53, 25.18, 48.53, 66.55, 21.18, 53.53, 46.53, 85.55, 65.55, 95.55, 67.55, 69.55, 74.55, 54.53, 48.53, 65.55, 85.55, 53.53, 24.18, 98.55, 71.55, 70.55, 73.55, 68.55, 32.18, 58.55, 33.18, 52.53, 45.53, 88.55, 24.18, 80.55, 81.55, 53.53, 71.55, 37.18, 16.18, 14.18, 23.18, 98.55, 23.18, 47.53, 90.55, 70.55, 98.55, 55.53, 44.53, 41.53, 92.55, 48.53, 67.55, 38.18, 75.55, 98.55, 73.55, 98.55, 36.18, 90.55, 73.55, 76.55, 24.18, 72.55, 45.53, 10.18, 58.53, 48.53, 18.18, 95.55, 39.53, 52.53, 29.18, 93.55, 38.18, 58.55, 40.53, 42.53, 98.55];96.14;[1, 1, 1, 1, 3, 1, 1, 1];2;10;True
100;10;100;5;True;2000;1;0;0;0;0;0;0;62.57208251953125;4.4935338497161865;77934.46161495664;72437.13004841574;509.13926527108305;4988.099999999999;[46.44, 56.44, 35.38, 41.38, 18.38, 71.44, 53.44, 28.38, 71.44, 27.38, 62.44, 1.0, 20.38, 41.38, 58.44, 72.44, 15.0, 14.0, 45.44, 69.44, 68.44, 73.44, 77.44, 27.38, 3.0, 64.44, 10.0, 31.38, 73.44, 77.44, 42.38, 65.44, 71.44, 44.38, 54.44, 77.44, 10.0, 52.44, 71.44, 32.38, 32.38, 53.44, 35.38, 36.38, 46.44, 10.0, 58.44, 51.44, 59.44, 38.38, 52.44, 24.38, 55.44, 68.44, 17.38, 54.44, 49.44, 37.38, 30.38, 65.44, 77.44, 40.38, 77.44, 62.44, 58.44, 37.38, 69.44, 57.44, 50.44, 47.44, 56.44, 77.44, 47.44, 48.44, 50.44, 2.0, 41.38, 48.44, 11.0, 47.44, 77.44, 77.44, 57.44, 5.0, 36.38, 77.44, 77.44, 55.44, 30.38, 54.44, 51.44, 68.44, 77.44, 67.44, 54.44, 77.44, 76.44, 67.44, 71.44, 63.44];76.44;[1, 1, 1, 1, 2, 3, 1];2;10;True
100;10;100;6;True;2000;1;0;0;0;0;0;0;41.0905179977417;4.236420392990112;28288.036247320637;24141.39042880395;446.5975013460593;3700.4700000000075;[45.53, 33.53, 45.53, 45.53, 45.53, 45.53, 37.53, 45.53, 45.53, 18.53, 27.53, 31.53, 45.53, 45.53, 31.53, 9.53, 45.53, 45.53, 35.53, 45.53, 45.53, 41.53, 45.53, 14.53, 45.53, 45.53, 45.53, 25.53, 30.53, 19.53, 45.53, 45.53, 45.53, 45.53, 45.53, 45.53, 45.53, 31.53, 37.53, 45.53, 45.53, 21.53, 22.53, 45.53, 45.53, 42.53, 13.53, 13.53, 45.53, 45.53, 45.53, 9.53, 11.53, 31.53, 45.53, 39.53, 45.53, 29.53, 45.53, 16.53, 32.53, 23.53, 37.53, 29.53, 45.53, 45.53, 45.53, 45.53, 45.53, 45.53, 45.53, 43.53, 2.0, 45.53, 41.53, 14.53, 16.53, 45.53, 42.53, 14.53, 45.53, 45.53, 45.53, 42.53, 45.53, 45.53, 35.53, 12.53, 14.53, 45.53, 18.53, 45.53, 6.53, 45.53, 44.53, 45.53, 45.53, 45.53, 45.53, 45.53];43.53;[2, 1, 1, 1, 1, 1, 1, 1, 1];1;10;True
10;20;10;1;True;2000;1;0;0;0;0;0;0;64.54806089401245;0.23546719551086426;235109.41137285;232456.9886962887;1330.7809477710432;1321.6000000000001;[137.46, 102.46, 119.46, 137.46, 137.46, 137.46, 137.46, 137.46, 137.46, 137.46];35.000000000000014;[2, 2, 2, 4, 1, 1, 2, 3, 3];3;20;True
10;20;10;2;True;2000;1;0;0;0;0;0;0;75.72034001350403;0.2360823154449463;153225.7194936591;150610.78557371395;1172.1712842103348;1442.73;[127.52, 167.52, 110.52, 167.52, 167.52, 167.52, 140.52, 98.05, 128.52, 167.52];69.47000000000001;[1, 3, 4, 2, 1, 2, 2, 1, 4];3;20;True
10;20;10;3;True;2000;1;0;0;0;0;0;0;69.67469072341919;0.24450159072875977;188696.82732574374;186246.98746334537;1134.0146648605282;1315.8;[125.48, 109.48, 151.48, 151.48, 151.48, 82.48, 89.48, 151.48, 151.48, 151.48];68.99999999999999;[3, 3, 1, 4, 2, 1, 1, 2, 3];3;20;True
10;20;10;4;True;2000;1;0;0;0;0;0;0;68.6488287448883;0.2661576271057129;230631.25042098755;228221.04691700934;999.8080969344239;1410.42;[124.66, 149.66, 96.48, 149.66, 149.66, 141.66, 149.66, 149.66, 149.66, 149.66];53.17999999999999;[4, 3, 1, 2, 2, 2, 2, 2, 2];3;20;True
10;20;10;5;True;2000;1;0;0;0;0;0;0;73.2512538433075;0.2773549556732178;177121.9705436477;174635.25141110094;1139.2638656711592;1347.5;[83.25, 146.25, 110.25, 158.25, 119.25, 158.25, 158.25, 158.25, 158.25, 97.25];75.0;[2, 2, 4, 1, 1, 4, 1, 3, 2];3;20;True
10;20;10;6;True;2000;1;0;0;0;0;0;0;47.32287073135376;0.28200602531433105;137800.97082009408;135800.1424375058;1011.041851001166;989.78;[101.37, 82.4, 101.37, 101.37, 101.37, 101.37, 101.37, 101.37, 101.37, 96.42];18.97;[1, 1, 2, 3, 4, 2, 2, 1, 4];3;20;True
20;20;20;1;True;2000;1;0;0;0;0;0;0;54.88588857650757;0.5472550392150879;93732.35685310232;90956.50653809226;1299.5451482561195;1476.35;[99.25, 77.25, 36.8, 99.25, 99.25, 62.53, 45.53, 99.25, 73.25, 40.84, 15.27, 90.25, 99.25, 49.53, 61.53, 99.25, 30.32, 99.25, 99.25, 99.25];83.98;[2, 1, 1, 2, 2, 1, 1, 2, 1, 1, 2, 2, 2];1;20;True
20;20;20;2;True;2000;1;0;0;0;0;0;0;75.6027262210846;0.671663761138916;99229.39518744631;96300.82305423575;1188.3828324339495;1740.19;[46.9, 143.24, 101.24, 129.24, 76.24, 143.24, 43.8, 89.24, 34.84, 143.24, 54.9, 120.24, 66.24, 82.24, 94.24, 48.9, 16.84, 103.24, 142.24, 59.89];126.4;[2, 2, 1, 2, 1, 2, 1, 3, 2, 1, 3];2;20;True
20;20;20;3;True;2000;1;0;0;0;0;0;0;71.17832851409912;0.5783121585845947;148736.91773285007;145994.87819744652;1091.732354539706;1650.2600000000002;[122.17, 99.4, 82.4, 107.4, 118.17, 31.82, 44.82, 107.4, 137.17, 117.17, 16.3, 48.82, 137.17, 72.4, 31.04, 77.4, 45.82, 73.4, 42.82, 137.17];120.86999999999999;[2, 1, 4, 1, 1, 1, 1, 1, 3, 1, 1, 3];3;20;True
20;20;20;4;True;2000;1;0;0;0;0;0;0;66.36459422111511;0.5913302898406982;124410.8874971318;121429.45100066272;976.2922832148987;2005.19;[28.57, 133.21, 58.57, 94.33, 88.33, 85.33, 114.23, 71.57, 76.57, 110.23, 17.96, 129.23, 68.57, 130.23, 133.21, 133.21, 133.21, 133.21, 133.21, 132.21];115.25;[1, 3, 1, 1, 1, 2, 2, 1, 3, 1, 1, 1, 2];2;20;True
20;20;20;5;True;2000;1;0;0;0;0;0;0;53.18844795227051;0.5675861835479736;95174.89198278096;92459.3448090845;1128.1395433135972;1587.4299999999996;[81.11, 97.11, 84.11, 93.11, 35.28, 97.11, 97.11, 64.11, 78.11, 97.11, 97.11, 3.0, 67.11, 97.11, 97.11, 97.11, 72.11, 38.28, 97.11, 97.11];94.11;[1, 2, 1, 2, 1, 1, 2, 2, 1, 1, 1, 2, 2, 1];1;20;True
20;20;20;6;True;2000;1;0;0;0;0;0;0;72.59765791893005;0.7119786739349365;157306.48364078352;154509.6071778458;1002.8898261939934;1793.9600000000007;[89.71, 95.71, 142.71, 142.71, 93.71, 98.71, 102.71, 128.71, 115.71, 36.93, 43.93, 63.93, 142.71, 105.71, 38.93, 34.93, 104.71, 68.93, 61.93, 80.93];107.78;[1, 1, 2, 2, 2, 1, 1, 2, 1, 1, 1, 2, 2, 1];1;20;True
30;20;30;1;True;2000;1;0;0;0;0;0;0;75.27788758277893;1.3982889652252197;143119.93972722293;139953.71715498855;1334.6972067545723;1831.43;[120.53, 26.14, 30.14, 86.53, 90.53, 36.38, 37.38, 121.53, 48.53, 33.38, 12.26, 40.38, 121.53, 60.53, 55.53, 103.53, 15.46, 47.53, 81.53, 114.53, 62.53, 4.47, 96.53, 62.53, 48.53, 48.53, 23.14, 121.53, 32.38, 47.38];117.06;[2, 1, 3, 1, 2, 1, 2, 2, 1, 2, 1, 2];2;20;True
30;20;30;2;True;2000;1;0;0;0;0;0;0;68.98160123825073;1.0030250549316406;96030.18130889194;92899.40703625385;1210.094624928211;1920.7000000000012;[33.89, 92.89, 73.89, 69.89, 33.89, 121.89, 41.89, 23.89, 23.89, 65.89, 47.89, 121.89, 24.89, 54.89, 62.89, 22.89, 15.89, 99.89, 121.89, 25.89, 121.89, 98.89, 73.89, 107.89, 121.89, 67.89, 28.89, 67.89, 27.89, 22.89];106.0;[1, 2, 1, 2, 1, 1, 1, 2, 1, 2, 5, 1];4;20;True
30;20;30;3;True;2000;1;0;0;0;0;0;0;78.53566694259644;1.2748842239379883;222995.3276598773;220215.7569486011;1136.9554407694666;1642.6000000000001;[57.73, 46.53, 69.73, 50.73, 93.4, 22.2, 22.2, 48.53, 76.73, 95.4, 15.87, 33.62, 127.4, 72.73, 23.2, 36.62, 25.2, 49.53, 21.76, 87.4, 28.62, 104.4, 82.73, 25.2, 28.62, 25.2, 127.4, 16.32, 23.2, 104.4];111.53;[1, 1, 2, 1, 1, 1, 1, 1, 2, 1, 4, 4];3;20;True
30;20;30;4;True;2000;1;0;0;0;0;0;0;75.08812165260315;1.3111467361450195;176758.54213378977;173925.6939499683;956.8221997901074;1876.1000000000001;[16.61, 116.22, 12.61, 57.22, 77.22, 38.28, 50.28, 58.22, 17.61, 73.22, 12.61, 123.22, 16.61, 90.22, 106.22, 123.22, 92.22, 94.22, 94.22, 99.22, 121.22, 2.83, 30.28, 61.22, 22.51, 42.28, 99.22, 20.51, 50.28, 56.28];120.39;[2, 2, 2, 1, 3, 1, 1, 1, 1, 2, 1, 2, 1];2;20;True
30;20;30;5;True;2000;1;0;0;0;0;0;0;52.07358717918396;1.2932813167572021;115355.01998985796;112790.71158817892;1072.8698607110086;1491.4099999999999;[46.82, 80.88, 37.82, 78.88, 17.88, 80.88, 60.5, 27.82, 80.88, 21.82, 62.5, 3.0, 20.82, 36.82, 48.82, 80.88, 16.0, 13.95, 56.5, 62.5, 80.88, 76.88, 80.88, 24.82, 4.0, 80.88, 11.52, 33.82, 80.88, 80.88];77.88;[1, 1, 1, 2, 1, 2, 2, 1, 1, 2, 1, 2, 3];2;20;True
30;20;30;6;True;2000;1;0;0;0;0;0;0;70.61083650588989;1.4615802764892578;157122.01207821438;154432.05909091755;1001.455973240839;1688.5199999999993;[48.07, 34.07, 116.07, 116.07, 77.07, 56.07, 38.07, 91.07, 75.07, 21.11, 29.07, 33.07, 86.07, 46.07, 33.07, 11.37, 80.07, 38.07, 40.07, 65.07, 59.07, 43.07, 62.07, 20.11, 116.07, 74.07, 91.07, 33.07, 32.07, 23.11];104.69999999999999;[2, 3, 1, 2, 1, 1, 1, 1, 2, 2, 1, 3];2;20;True
40;20;40;1;True;2000;1;0;0;0;0;0;0;74.58981490135193;2.2427103519439697;114966.8921325295;111402.59025370106;1294.5168307380054;2269.860000000001;[115.67, 22.67, 27.67, 96.67, 115.67, 36.67, 38.67, 115.67, 51.67, 33.67, 11.74, 42.67, 81.67, 37.67, 56.67, 65.67, 14.98, 38.67, 71.67, 48.67, 55.67, 4.47, 47.67, 57.67, 55.67, 50.67, 21.67, 104.67, 28.67, 46.67, 101.67, 14.46, 38.67, 115.67, 42.67, 104.67, 115.67, 16.76, 19.67, 101.67];111.2;[1, 1, 3, 1, 1, 1, 2, 1, 1, 3, 2, 1, 2];2;20;True
40;20;40;2;True;2000;1;0;0;0;0;0;0;76.86882758140564;2.001692771911621;90352.57392965336;86989.04442702496;1156.1132528159528;2207.2699999999995;[31.45, 84.84, 69.84, 74.84, 31.45, 124.84, 28.45, 21.45, 20.45, 124.84, 24.45, 89.84, 22.45, 44.84, 41.45, 20.45, 15.17, 60.84, 70.84, 22.45, 124.84, 54.84, 40.45, 62.84, 84.84, 54.84, 26.45, 40.45, 25.45, 21.45, 124.84, 29.45, 61.84, 24.45, 92.84, 90.84, 119.84, 41.45, 17.59, 42.45];109.67;[1, 2, 1, 1, 1, 1, 2, 1, 1, 3, 1, 1, 2, 2];2;20;True
40;20;40;3;True;2000;1;0;0;0;0;0;0;73.2437093257904;2.2057363986968994;179016.8699347932;175654.29874690925;1131.3657418604012;2231.24;[83.77, 50.77, 70.77, 61.77, 76.77, 26.31, 25.23, 50.77, 82.77, 87.77, 15.98, 36.28, 109.77, 47.77, 24.98, 39.28, 26.31, 33.19, 25.23, 115.77, 33.19, 59.77, 96.77, 30.19, 33.19, 28.31, 103.77, 16.98, 23.78, 109.77, 22.98, 81.77, 107.77, 74.77, 55.77, 44.77, 54.77, 66.77, 44.12, 50.77];99.78999999999999;[1, 1, 1, 1, 2, 2, 4, 1, 1, 2, 3, 1];3;20;True
40;20;40;4;True;2000;1;0;0;0;0;0;0;72.12109851837158;1.653942346572876;144769.1541041551;141558.19066395506;974.4431777376251;2236.5899999999997;[13.9, 83.34, 12.9, 58.34, 75.34, 40.34, 97.34, 36.34, 16.9, 78.34, 11.9, 106.34, 13.9, 54.34, 110.34, 37.34, 54.34, 75.34, 39.34, 33.34, 112.34, 3.41, 32.34, 39.34, 20.9, 42.34, 97.34, 19.9, 58.34, 37.34, 70.34, 112.34, 103.34, 82.34, 74.34, 61.34, 47.34, 35.34, 51.34, 85.34];108.93;[1, 1, 1, 1, 1, 4, 2, 1, 2, 1, 1, 2, 2];3;20;True
40;20;40;5;True;2000;1;0;0;0;0;0;0;57.12507176399231;2.188055992126465;128989.55039395683;126093.6599620164;1063.345118483741;1832.460000000001;[43.88, 52.88, 29.88, 34.88, 19.87, 81.88, 62.88, 28.88, 62.88, 24.87, 52.88, 3.0, 21.87, 34.88, 33.88, 81.88, 17.87, 16.26, 37.88, 61.88, 73.88, 67.88, 77.88, 26.87, 4.0, 60.88, 13.24, 30.88, 81.88, 81.88, 40.88, 58.88, 81.88, 35.88, 48.88, 81.88, 12.21, 38.88, 79.88, 28.88];78.88;[1, 2, 2, 1, 1, 3, 2, 3, 1, 1, 1, 2];2;20;True
40;20;40;6;True;2000;1;0;0;0;0;0;0;71.94330978393555;2.48168683052063;151395.12964712532;148284.04923556544;1005.5567042313704;2105.5300000000007;[47.23, 33.96, 108.23, 80.23, 46.23, 53.23, 36.96, 99.23, 67.23, 21.04, 28.96, 31.96, 93.23, 47.23, 31.96, 9.6, 58.23, 38.96, 35.96, 47.23, 47.23, 40.96, 55.23, 18.04, 108.23, 61.23, 85.23, 26.96, 30.96, 22.08, 39.96, 78.23, 46.23, 108.23, 69.23, 48.23, 60.23, 29.96, 32.96, 79.23];98.63000000000001;[3, 1, 3, 1, 1, 1, 2, 1, 2, 1, 1, 1, 2];2;20;True
50;20;50;1;True;2000;1;0;0;0;0;0;0;69.85427784919739;3.4505088329315186;138451.63156502615;134572.01502660522;1294.5533684430582;2585.080000000001;[86.03, 26.13, 29.13, 76.03, 98.03, 38.16, 39.16, 101.03, 53.76, 34.16, 12.26, 43.16, 101.03, 38.16, 57.76, 64.76, 16.58, 39.16, 81.03, 66.76, 56.76, 4.16, 47.08, 47.08, 39.16, 51.76, 21.48, 85.03, 31.13, 48.08, 83.03, 14.69, 39.16, 101.03, 43.16, 94.03, 46.16, 17.58, 20.58, 70.76, 23.13, 73.03, 27.13, 47.08, 21.48, 22.48, 22.48, 82.03, 101.03, 101.03];96.87;[1, 2, 1, 2, 1, 2, 4, 2, 1, 2, 2];3;20;True
50;20;50;2;True;2000;1;0;0;0;0;0;0;99.2466025352478;3.384812116622925;171495.95784879496;167803.41032561378;1157.9563726239799;2534.7100000000014;[30.88, 112.94, 66.94, 57.88, 29.84, 148.94, 25.84, 20.84, 19.84, 56.88, 22.84, 107.94, 20.84, 43.88, 36.88, 18.84, 12.41, 40.88, 61.94, 21.84, 135.94, 58.88, 35.88, 105.94, 80.94, 54.88, 23.84, 34.88, 22.84, 19.84, 75.94, 28.84, 54.88, 22.84, 65.94, 89.94, 65.94, 39.88, 16.84, 40.88, 42.88, 29.84, 49.88, 49.88, 34.88, 37.88, 33.88, 123.94, 37.88, 58.88];136.53;[1, 1, 2, 4, 1, 1, 2, 2, 1, 1, 1, 1, 2];3;20;True
50;20;50;3;True;2000;1;0;0;0;0;0;0;82.21997714042664;3.7833445072174072;219188.57604974514;215741.92830496683;1110.6106255102948;2336.14;[43.34, 50.34, 50.34, 58.34, 109.34, 25.34, 23.34, 45.34, 72.34, 51.34, 15.41, 33.34, 114.34, 41.34, 24.34, 35.34, 25.34, 30.34, 23.34, 114.34, 31.34, 53.34, 89.34, 26.34, 30.34, 26.34, 94.34, 16.41, 23.34, 81.34, 22.34, 61.34, 58.34, 58.34, 76.34, 41.34, 49.34, 38.34, 37.34, 47.34, 30.34, 59.34, 34.34, 29.34, 30.34, 27.34, 38.34, 78.34, 36.34, 22.34];98.93;[1, 1, 2, 1, 1, 2, 3, 1, 2, 1, 1, 3, 1];2;20;True
50;20;50;4;True;2000;1;0;0;0;0;0;0;71.57870697975159;2.524353504180908;91898.9809651971;88089.04970831267;951.8581493957487;2858.089999999999;[15.96, 86.22, 12.96, 62.22, 79.22, 67.22, 60.22, 38.22, 16.96, 85.22, 12.96, 103.22, 14.96, 52.22, 86.22, 44.22, 62.22, 84.22, 46.22, 36.22, 63.22, 3.41, 34.22, 42.22, 22.66, 44.22, 65.22, 19.66, 58.22, 39.22, 77.22, 92.22, 109.22, 56.22, 94.22, 71.22, 50.22, 37.22, 58.22, 89.22, 47.22, 22.66, 109.22, 59.22, 109.22, 99.22, 109.22, 29.66, 48.22, 29.66];105.81;[1, 1, 1, 1, 1, 1, 1, 1, 3, 2, 1, 2, 1, 3];2;20;True
50;20;50;5;True;2000;1;0;0;0;0;0;0;53.18656086921692;2.785550594329834;82369.61578623758;78986.04444165033;1081.198121046229;2302.2499999999995;[45.61, 69.61, 30.51, 36.61, 18.93, 67.61, 49.61, 28.51, 66.61, 25.61, 76.61, 3.0, 22.93, 37.61, 34.61, 76.61, 16.93, 15.19, 41.61, 65.61, 76.61, 76.61, 74.61, 27.51, 4.0, 65.61, 12.94, 31.51, 76.61, 76.61, 36.61, 62.61, 76.61, 37.61, 51.61, 76.61, 11.28, 42.61, 71.61, 29.51, 32.51, 76.61, 29.51, 33.51, 39.61, 12.94, 64.61, 72.61, 57.61, 33.51];73.61;[1, 3, 1, 1, 1, 2, 3, 2, 2, 1, 1, 1, 1];2;20;True
50;20;50;6;True;2000;1;0;0;0;0;0;0;73.42144465446472;3.6122896671295166;165814.1615270885;162478.5803007844;1008.651297704996;2326.710000000002;[44.69, 32.69, 86.69, 75.69, 45.69, 50.69, 35.69, 63.69, 77.69, 20.42, 27.69, 30.69, 83.69, 45.69, 31.69, 8.69, 59.69, 33.69, 33.69, 47.69, 43.69, 38.69, 51.69, 18.42, 102.69, 51.69, 72.69, 26.69, 30.69, 22.42, 36.69, 65.69, 44.69, 102.69, 48.69, 46.69, 56.69, 27.69, 30.69, 64.69, 100.69, 22.42, 24.42, 43.69, 37.69, 37.69, 15.42, 14.52, 33.69, 75.69];94.0;[3, 1, 1, 2, 1, 3, 1, 1, 1, 1, 1, 2, 1, 1];2;20;True
60;20;60;1;True;2000;1;0;0;0;0;0;0;82.45826053619385;4.042458772659302;188461.686891245;184114.74361282546;1337.3927997715646;3009.440000000003;[66.67, 29.65, 33.65, 73.67, 90.67, 39.67, 40.67, 53.67, 52.67, 36.67, 13.78, 44.67, 72.67, 39.67, 58.67, 65.67, 20.65, 41.67, 61.67, 70.67, 57.67, 4.16, 46.67, 44.67, 54.67, 52.67, 25.65, 63.67, 33.65, 48.67, 54.67, 20.65, 41.67, 102.67, 44.67, 86.67, 45.67, 23.65, 26.65, 68.67, 25.65, 99.67, 30.65, 45.67, 27.65, 27.65, 27.65, 74.67, 96.67, 112.67, 32.65, 63.67, 35.65, 20.65, 56.67, 34.65, 93.67, 37.67, 74.67, 35.65];108.51;[1, 1, 2, 1, 1, 3, 2, 2, 1, 2, 2, 1, 1];2;20;True
60;20;60;2;True;2000;1;0;0;0;0;0;0;79.03659653663635;5.18856954574585;148419.59008874604;144496.4999498031;1161.2483467333514;2761.879999999999;[31.18, 105.18, 67.18, 72.18, 30.18, 105.18, 27.18, 20.07, 20.07, 55.18, 23.18, 67.18, 21.07, 43.18, 37.18, 20.07, 16.07, 39.18, 62.18, 21.18, 105.18, 47.18, 37.18, 54.18, 86.18, 65.18, 24.18, 36.18, 23.18, 21.07, 105.18, 29.18, 48.18, 24.18, 105.18, 89.18, 61.18, 40.18, 18.07, 41.18, 40.18, 29.18, 43.18, 51.18, 36.18, 38.18, 36.18, 87.18, 39.18, 54.18, 41.18, 38.18, 46.18, 17.07, 53.18, 47.18, 49.18, 13.25, 21.07, 35.18];91.93;[1, 1, 1, 1, 1, 1, 1, 1, 4, 1, 2, 2, 1, 1, 1];3;20;True
60;20;60;3;True;2000;1;0;0;0;0;0;0;72.94670033454895;4.901413440704346;220395.17533913598;216364.199361221;1120.1865809916405;2910.8300000000004;[48.71, 59.71, 54.71, 71.71, 66.71, 23.11, 21.11, 48.71, 71.71, 59.71, 14.04, 34.08, 98.71, 46.71, 23.11, 37.08, 24.11, 32.08, 21.11, 98.71, 32.08, 62.71, 90.71, 27.11, 32.08, 25.11, 85.71, 16.04, 22.11, 98.71, 21.11, 69.71, 72.71, 66.71, 59.71, 43.08, 54.71, 44.08, 43.08, 49.71, 29.11, 63.71, 35.08, 29.11, 30.11, 26.11, 42.08, 91.71, 37.08, 22.11, 29.11, 18.11, 94.71, 64.71, 24.11, 98.71, 18.04, 45.08, 74.71, 64.71];84.66999999999999;[1, 1, 1, 2, 2, 1, 3, 1, 1, 2, 3, 2];2;20;True
60;20;60;4;True;2000;1;0;0;0;0;0;0;77.59575605392456;4.6381165981292725;183177.66878872647;179127.52224987646;982.8889298059962;3067.0799999999967;[16.1, 78.1, 14.08, 58.1, 74.1, 106.1, 48.1, 34.1, 18.1, 98.1, 15.08, 69.1, 16.1, 42.1, 76.1, 37.1, 45.1, 81.1, 39.1, 33.1, 52.1, 3.24, 29.1, 39.1, 21.1, 42.1, 87.1, 20.1, 44.1, 37.1, 69.1, 84.1, 103.1, 45.1, 69.1, 56.1, 51.1, 33.1, 52.1, 88.1, 44.1, 23.1, 106.1, 48.1, 106.1, 100.1, 44.1, 28.1, 39.1, 28.1, 55.1, 35.1, 72.1, 21.1, 76.1, 75.1, 45.1, 49.1, 30.1, 16.08];102.86;[1, 3, 1, 1, 1, 1, 1, 1, 1, 2, 1, 2, 3, 1];2;20;True
60;20;60;5;True;2000;1;0;0;0;0;0;0;70.46749067306519;4.1688337326049805;111744.10378954734;107971.66589414209;1061.1718720629676;2711.3199999999974;[45.35, 93.35, 31.35, 36.35, 19.75, 66.35, 48.35, 29.35, 65.35, 27.35, 52.35, 1.0, 23.35, 35.35, 34.35, 62.35, 19.05, 17.77, 39.35, 64.35, 67.35, 67.35, 73.35, 28.35, 3.24, 96.35, 13.77, 31.35, 91.35, 96.35, 34.35, 59.35, 77.35, 38.35, 53.35, 96.35, 11.77, 43.35, 58.35, 29.35, 33.35, 48.35, 31.35, 34.35, 40.35, 14.77, 59.35, 42.35, 47.35, 34.35, 59.35, 26.35, 49.35, 62.35, 21.35, 53.35, 47.35, 32.35, 29.35, 61.35];95.35;[1, 1, 1, 1, 3, 1, 3, 1, 3, 1, 1, 2, 1];2;20;True
60;20;60;6;True;2000;1;0;0;0;0;0;0;65.05036687850952;5.231328010559082;158179.4259215694;154727.7524529555;1029.6594717855203;2422.220000000002;[42.17, 32.17, 78.17, 74.17, 44.17, 45.17, 34.17, 62.17, 78.17, 19.17, 26.17, 29.17, 49.17, 40.17, 30.17, 11.03, 50.17, 34.17, 32.17, 40.17, 39.17, 37.17, 47.17, 16.03, 70.17, 45.17, 48.17, 24.17, 29.17, 19.17, 36.17, 52.17, 40.17, 66.17, 46.17, 42.17, 50.17, 23.17, 29.17, 61.17, 76.17, 21.17, 22.17, 42.17, 35.17, 36.17, 14.03, 13.03, 34.17, 74.17, 58.17, 10.03, 12.03, 30.17, 50.17, 32.17, 78.17, 26.17, 64.17, 18.03];68.14;[1, 3, 2, 1, 1, 1, 2, 2, 1, 1, 1, 3, 1];2;20;True
70;20;70;1;True;2000;1;0;0;0;0;0;0;81.36620426177979;6.820876359939575;186413.3555082559;181652.85151728493;1339.5678541949828;3420.8799999999997;[72.48, 22.39, 27.39, 74.48, 57.48, 36.48, 38.48, 107.48, 53.48, 32.48, 12.22, 42.48, 104.48, 36.48, 57.48, 67.48, 16.18, 37.48, 60.48, 106.48, 56.48, 3.69, 83.48, 53.48, 36.48, 51.48, 21.39, 44.48, 28.48, 47.48, 54.48, 15.18, 38.48, 107.48, 42.48, 98.48, 44.48, 17.18, 19.39, 78.48, 23.39, 71.48, 24.39, 45.48, 21.39, 22.39, 22.39, 93.48, 82.48, 107.48, 27.39, 69.48, 31.48, 15.18, 53.48, 30.48, 86.48, 34.48, 75.48, 30.48, 78.48, 35.48, 69.48, 88.48, 23.39, 50.48, 31.48, 22.39, 17.18, 28.39];103.79;[1, 2, 3, 1, 1, 2, 2, 2, 1, 2, 1, 1, 1];2;20;True
70;20;70;2;True;2000;1;0;0;0;0;0;0;77.1743094921112;6.211467027664185;142060.90583552257;137739.57675761692;1192.963117573092;3128.399999999996;[30.72, 70.72, 97.72, 36.72, 28.72, 75.72, 24.72, 18.72, 18.72, 55.72, 21.72, 76.72, 19.72, 42.72, 36.72, 18.72, 12.72, 65.72, 51.72, 19.72, 97.72, 49.72, 34.72, 53.72, 97.72, 80.72, 21.72, 35.72, 20.72, 19.72, 97.72, 26.72, 54.72, 22.72, 97.72, 89.72, 64.72, 38.72, 16.72, 39.72, 37.72, 26.72, 42.72, 49.72, 32.72, 36.72, 32.72, 78.72, 37.72, 55.72, 37.72, 36.72, 47.72, 15.72, 54.72, 46.72, 50.72, 11.72, 19.72, 32.72, 25.72, 44.72, 34.72, 97.72, 50.72, 38.72, 89.72, 23.72, 40.72, 10.72];87.0;[1, 1, 1, 1, 1, 3, 1, 3, 1, 1, 2, 1, 1, 2];2;20;True
70;20;70;3;True;2000;1;0;0;0;0;0;0;87.98318004608154;5.81126594543457;244377.82928640343;240544.20277678058;1141.045773819106;2692.289999999999;[36.41, 50.41, 46.41, 40.41, 46.41, 17.41, 16.41, 40.41, 59.41, 46.41, 13.41, 26.41, 91.41, 37.41, 19.41, 28.41, 21.41, 21.41, 16.41, 62.41, 23.41, 48.41, 84.41, 19.41, 22.41, 20.41, 59.41, 14.41, 20.41, 104.41, 18.41, 58.41, 66.41, 73.41, 66.41, 37.41, 46.41, 33.41, 31.41, 44.41, 25.41, 56.41, 26.41, 20.41, 27.41, 21.41, 33.41, 49.41, 31.41, 17.41, 24.41, 13.41, 77.41, 53.41, 19.41, 106.41, 11.41, 33.41, 63.41, 57.41, 84.41, 43.41, 31.41, 4.41, 8.41, 31.41, 37.41, 29.41, 2.0, 19.41];104.41;[1, 1, 1, 2, 1, 1, 2, 1, 1, 2, 1, 3, 1, 2];2;20;True
70;20;70;4;True;2000;1;0;0;0;0;0;0;72.06209182739258;6.022272348403931;148996.35249047604;144808.75956450688;942.4524035404102;3245.1199999999967;[17.07, 79.49, 13.07, 58.49, 74.49, 39.49, 47.49, 29.49, 17.07, 69.49, 14.07, 69.49, 17.07, 44.49, 84.49, 31.49, 44.49, 63.49, 34.49, 28.49, 50.49, 2.77, 26.49, 36.49, 20.07, 41.49, 55.49, 20.07, 43.49, 34.49, 69.49, 45.49, 90.49, 45.49, 83.49, 57.49, 46.49, 29.49, 50.49, 83.49, 42.49, 22.07, 90.49, 46.49, 68.49, 68.49, 46.49, 27.49, 36.49, 26.49, 36.49, 32.49, 72.49, 20.07, 83.49, 76.49, 44.49, 90.49, 28.49, 15.07, 13.07, 20.07, 48.49, 19.07, 30.49, 90.49, 59.49, 49.49, 90.49, 37.49];87.72;[1, 1, 1, 1, 3, 2, 1, 1, 2, 2, 1, 4];3;20;True
70;20;70;5;True;2000;1;0;0;0;0;0;0;70.95417499542236;6.35330867767334;170747.9682768008;166529.39166107826;1045.278638654419;3173.2899999999995;[44.46, 91.46, 28.83, 34.83, 18.52, 66.46, 52.46, 27.81, 65.46, 23.81, 51.46, 1.0, 21.52, 34.83, 32.83, 91.46, 15.52, 14.52, 38.83, 64.46, 72.46, 67.46, 72.46, 25.81, 3.24, 66.46, 11.05, 29.83, 91.46, 91.46, 33.83, 59.46, 83.46, 37.83, 52.46, 91.46, 9.99, 42.46, 52.46, 27.81, 30.83, 45.46, 27.83, 31.83, 38.83, 11.05, 76.46, 40.83, 44.46, 31.83, 51.46, 24.81, 45.46, 61.46, 18.52, 49.46, 43.46, 29.83, 27.81, 56.46, 71.46, 30.83, 73.46, 55.46, 52.46, 34.83, 63.46, 74.46, 41.83, 43.46];90.46;[1, 1, 1, 1, 2, 3, 2, 1, 3, 1, 1, 2, 1];2;20;True
70;20;70;6;True;2000;1;0;0;0;0;0;0;93.0876157283783;7.159139633178711;202816.98994995514;198683.9085100809;1026.94915114061;3106.260000000002;[45.51, 32.81, 73.51, 82.51, 47.51, 52.51, 35.81, 124.51, 66.51, 19.43, 27.21, 30.21, 54.51, 46.51, 30.21, 9.4, 61.51, 36.81, 34.81, 48.51, 43.51, 38.81, 51.51, 15.92, 90.51, 59.51, 50.51, 25.0, 30.21, 20.43, 38.81, 54.51, 44.51, 51.51, 48.51, 47.51, 60.51, 26.21, 32.81, 61.51, 97.51, 21.55, 22.55, 43.51, 39.81, 37.81, 15.92, 13.92, 36.81, 75.51, 67.51, 10.4, 12.4, 30.21, 54.51, 34.81, 108.51, 27.21, 58.51, 17.92, 27.21, 23.55, 32.81, 27.21, 37.81, 79.51, 40.81, 52.51, 62.51, 42.81];115.11;[1, 1, 3, 1, 4, 1, 1, 1, 1, 1, 1, 3, 1];3;20;True
80;20;80;1;True;2000;1;0;0;0;0;0;0;89.49753475189209;8.313413381576538;148619.40958809864;143581.1319092302;1322.1290059435617;3716.0999999999967;[65.31, 23.31, 27.31, 77.31, 59.31, 36.31, 38.31, 114.31, 53.31, 31.31, 11.86, 42.31, 101.31, 36.31, 58.31, 66.31, 12.86, 38.31, 61.31, 46.31, 57.31, 3.44, 52.31, 49.31, 37.31, 51.31, 20.31, 45.31, 28.31, 49.31, 58.31, 11.86, 38.31, 49.31, 41.31, 78.31, 45.31, 14.86, 19.31, 87.31, 22.31, 71.31, 24.31, 84.31, 21.31, 21.31, 21.31, 101.31, 96.31, 103.31, 27.31, 62.31, 31.31, 12.86, 54.31, 29.31, 72.31, 33.31, 75.31, 30.31, 44.31, 35.31, 70.31, 77.31, 22.31, 50.31, 31.31, 21.31, 15.86, 28.31, 35.31, 94.31, 48.31, 21.31, 4.18, 64.31, 75.31, 45.31, 68.31, 27.31];110.87;[2, 2, 1, 1, 1, 4, 2, 1, 2, 1, 2, 1];3;20;True
80;20;80;2;True;2000;1;0;0;0;0;0;0;88.7707896232605;7.838475465774536;151355.9875824989;146631.13381399948;1208.9403645981208;3515.939999999998;[30.27, 69.91, 108.91, 39.27, 28.27, 73.91, 23.27, 16.27, 16.27, 54.91, 21.27, 96.91, 18.27, 42.27, 36.27, 17.27, 11.98, 39.27, 50.91, 19.27, 104.91, 47.91, 36.27, 90.91, 91.91, 49.91, 20.27, 35.27, 20.27, 18.27, 70.91, 26.27, 47.91, 21.27, 49.91, 64.91, 64.91, 39.27, 15.64, 39.27, 53.91, 27.27, 43.91, 46.91, 35.27, 36.27, 34.27, 108.91, 37.27, 70.91, 43.91, 37.27, 46.91, 13.98, 54.91, 46.91, 50.91, 11.98, 17.27, 32.27, 25.27, 44.91, 34.27, 108.91, 68.91, 38.27, 83.91, 22.27, 40.27, 10.98, 37.27, 46.91, 61.91, 15.64, 61.91, 17.27, 36.27, 61.91, 34.27, 42.27];97.92999999999999;[1, 1, 3, 1, 1, 2, 1, 1, 1, 3, 1, 1, 1, 2];2;20;True
80;20;80;3;True;2000;1;0;0;0;0;0;0;90.16355872154236;7.857125520706177;255373.06835040607;251033.03790387788;1182.8618748078384;3157.309999999996;[40.99, 45.99, 48.99, 46.99, 62.99, 17.14, 15.14, 43.99, 62.99, 52.99, 12.18, 29.14, 97.99, 41.99, 19.14, 32.99, 21.14, 25.14, 15.14, 64.99, 25.14, 51.99, 87.99, 20.14, 25.14, 20.14, 63.99, 14.18, 20.14, 96.99, 18.14, 70.99, 52.99, 62.99, 48.99, 39.99, 47.99, 38.99, 37.99, 45.99, 25.14, 57.99, 30.99, 22.14, 28.14, 21.14, 37.99, 51.99, 33.99, 16.14, 25.14, 12.18, 41.99, 54.99, 19.14, 104.99, 11.18, 51.99, 78.99, 55.99, 61.99, 44.99, 37.99, 4.41, 7.16, 36.99, 40.99, 34.99, 2.0, 18.14, 17.14, 22.14, 15.14, 42.99, 38.99, 42.99, 84.99, 66.99, 29.14, 35.99];102.99;[1, 1, 1, 1, 1, 1, 1, 3, 1, 3, 1, 1, 4];3;20;True
80;20;80;4;True;2000;1;0;0;0;0;0;0;75.0025954246521;7.283979892730713;173447.8548965849;168275.38285765235;978.6904338584543;4193.899999999992;[18.33, 94.74, 13.33, 61.74, 78.74, 43.74, 59.74, 37.74, 17.33, 73.74, 14.33, 73.74, 17.33, 48.74, 95.74, 41.74, 50.74, 70.74, 44.74, 34.74, 60.74, 2.77, 30.74, 41.74, 21.33, 43.74, 56.74, 20.33, 47.74, 38.74, 76.74, 55.74, 95.74, 56.74, 60.74, 62.74, 55.74, 37.74, 57.74, 87.74, 46.74, 22.33, 95.74, 59.74, 61.74, 95.74, 56.74, 28.74, 46.74, 28.74, 43.74, 37.74, 79.74, 21.33, 80.74, 93.74, 47.74, 95.74, 30.74, 15.33, 13.33, 21.33, 59.74, 20.33, 59.74, 95.74, 63.74, 95.74, 57.74, 40.74, 38.74, 75.74, 44.74, 55.74, 29.74, 67.74, 85.74, 61.74, 83.74, 28.74];92.97;[1, 1, 1, 1, 1, 1, 1, 3, 1, 1, 2, 1, 3, 1, 1];2;20;True
80;20;80;5;True;2000;1;0;0;0;0;0;0;74.49211096763611;6.621683359146118;145700.4626332863;141574.8079168433;1047.0965384045824;3078.510000000003;[41.98, 86.98, 19.13, 26.13, 15.13, 62.98, 42.98, 24.13, 61.98, 14.13, 40.98, 1.0, 15.13, 25.13, 31.13, 61.98, 9.13, 8.13, 28.13, 61.98, 65.98, 62.98, 66.98, 19.13, 2.87, 86.98, 5.87, 26.13, 86.98, 86.98, 22.13, 55.98, 69.98, 28.13, 44.98, 86.98, 6.87, 32.13, 49.98, 18.13, 25.13, 37.13, 18.13, 23.13, 28.13, 5.87, 68.98, 29.13, 35.13, 22.13, 46.98, 20.13, 39.98, 57.98, 12.13, 47.98, 26.13, 20.13, 18.13, 60.98, 86.98, 20.13, 68.98, 52.98, 48.98, 28.13, 60.98, 66.98, 32.13, 38.13, 32.13, 68.98, 29.13, 39.98, 42.98, 2.77, 25.13, 39.13, 6.87, 39.13];85.98;[1, 1, 1, 1, 2, 2, 2, 2, 2, 1, 1, 1, 1, 1, 1];1;20;True
80;20;80;6;True;2000;1;0;0;0;0;0;0;72.12128019332886;8.668152570724487;240896.5312037164;237294.9648433573;991.5788842788443;2609.6699999999964;[33.35, 28.35, 62.35, 59.35, 38.35, 37.35, 30.35, 52.35, 51.35, 14.35, 22.35, 24.35, 39.35, 31.35, 26.35, 6.0, 50.35, 23.35, 27.35, 32.35, 30.35, 32.35, 40.35, 9.49, 64.35, 46.35, 33.35, 19.35, 25.35, 13.35, 27.35, 43.35, 38.35, 44.35, 41.35, 35.35, 42.35, 18.35, 21.35, 48.35, 71.35, 18.35, 17.35, 39.35, 25.35, 28.35, 8.49, 8.0, 24.35, 70.35, 71.35, 8.0, 6.0, 26.35, 42.35, 23.35, 71.35, 21.35, 71.35, 11.35, 19.35, 18.35, 20.35, 21.35, 24.35, 71.35, 30.35, 45.35, 47.35, 37.35, 71.35, 33.35, 2.0, 25.35, 20.35, 10.35, 11.35, 30.35, 30.35, 9.49];69.35;[1, 1, 1, 2, 1, 2, 1, 1, 1, 2, 1, 4, 2];3;20;True
90;20;90;1;True;2000;1;0;0;0;0;0;0;85.98585295677185;9.872721433639526;186290.91555576178;181212.03059066657;1326.0135670297009;3752.8800000000024;[60.55, 16.75, 22.75, 94.55, 54.55, 29.75, 31.75, 97.55, 50.55, 26.75, 10.89, 36.75, 71.55, 31.75, 55.55, 62.55, 10.89, 28.75, 58.55, 39.75, 54.55, 3.33, 47.75, 42.75, 28.75, 47.75, 17.75, 38.75, 23.75, 43.75, 52.55, 9.89, 31.75, 39.75, 37.75, 83.55, 38.75, 10.89, 14.75, 67.55, 20.75, 67.55, 19.75, 84.55, 13.75, 17.75, 17.75, 97.55, 97.55, 97.55, 21.75, 57.55, 27.75, 9.89, 51.55, 24.75, 68.55, 27.75, 74.55, 25.75, 37.75, 28.75, 67.55, 91.55, 18.75, 47.75, 24.75, 18.75, 11.89, 22.75, 24.75, 84.55, 35.75, 15.75, 4.05, 60.55, 71.55, 36.75, 51.55, 23.75, 44.75, 68.55, 72.55, 26.75, 70.55, 8.67, 15.75, 12.89, 47.75, 52.55];94.22;[2, 2, 1, 1, 2, 3, 2, 1, 2, 1, 1, 1, 1];2;20;True
90;20;90;2;True;2000;1;0;0;0;0;0;0;86.3530204296112;9.88428807258606;142699.481538709;137362.71735527366;1205.200055829262;4131.560000000007;[31.38, 83.38, 102.38, 41.38, 30.38, 79.38, 26.38, 19.38, 18.38, 57.38, 22.38, 95.38, 20.38, 43.38, 38.38, 18.38, 14.38, 41.38, 55.38, 20.38, 102.38, 52.38, 37.38, 102.38, 61.38, 67.38, 24.38, 36.38, 24.38, 20.38, 76.38, 30.38, 61.38, 23.38, 60.38, 102.38, 76.38, 40.38, 17.38, 41.38, 63.38, 31.38, 45.38, 51.38, 36.38, 38.38, 34.38, 82.38, 39.38, 60.38, 44.38, 39.38, 53.38, 15.38, 59.38, 48.38, 55.38, 11.56, 19.38, 35.38, 28.38, 47.38, 36.38, 102.38, 54.38, 40.38, 88.38, 23.38, 42.38, 11.56, 39.38, 50.38, 64.38, 17.38, 64.38, 19.38, 37.38, 64.38, 36.38, 43.38, 50.38, 67.38, 24.38, 25.38, 54.38, 43.38, 31.38, 59.38, 17.38, 63.38];90.82;[2, 1, 2, 1, 1, 1, 1, 1, 4, 1, 1, 1, 2, 1];3;20;True
90;20;90;3;True;2000;1;0;0;0;0;0;0;88.79086589813232;9.117558240890503;267337.44924480276;262366.8454097911;1197.0130805008803;3773.5899999999983;[44.96, 47.49, 51.49, 53.49, 44.96, 18.96, 18.96, 47.49, 64.49, 55.49, 12.96, 32.96, 99.49, 44.96, 20.96, 35.96, 22.96, 29.96, 17.96, 67.49, 29.96, 54.49, 93.49, 23.96, 30.96, 22.96, 68.49, 14.96, 20.96, 59.49, 18.96, 69.49, 56.49, 60.49, 51.49, 42.96, 57.49, 42.96, 41.96, 48.49, 27.96, 60.49, 33.96, 26.96, 28.96, 23.96, 39.96, 55.49, 35.96, 18.96, 27.96, 14.96, 46.49, 58.49, 20.96, 83.49, 12.69, 52.49, 69.49, 61.49, 64.49, 48.49, 41.96, 4.45, 9.34, 38.96, 43.96, 36.96, 2.0, 19.96, 18.96, 25.96, 17.96, 45.96, 41.96, 47.49, 89.49, 71.49, 32.96, 38.96, 15.96, 82.49, 97.49, 25.96, 44.96, 13.96, 58.49, 41.96, 59.49, 45.96];97.49;[1, 1, 3, 1, 1, 1, 1, 1, 1, 2, 3, 3, 1];2;20;True
90;20;90;4;True;2000;1;0;0;0;0;0;0;76.27683401107788;7.490666389465332;152254.98287503814;147627.80635967987;946.1095422932067;3681.1999999999994;[10.86, 81.77, 10.86, 55.77, 72.77, 27.77, 39.77, 23.77, 15.77, 68.77, 9.86, 67.77, 10.86, 35.77, 71.77, 37.77, 39.77, 60.77, 28.77, 23.77, 43.77, 2.24, 20.77, 31.77, 14.77, 38.77, 38.77, 18.77, 39.77, 30.77, 67.77, 37.77, 81.77, 37.77, 65.77, 50.77, 43.77, 23.77, 46.77, 78.77, 38.77, 19.77, 81.77, 39.77, 44.77, 55.77, 36.77, 23.77, 29.77, 21.77, 31.77, 28.77, 80.77, 14.77, 73.77, 77.77, 41.77, 40.77, 23.77, 12.86, 10.86, 15.77, 40.77, 13.77, 28.77, 81.77, 56.77, 81.77, 26.77, 35.77, 34.77, 64.77, 38.77, 35.77, 20.77, 65.77, 71.77, 48.77, 70.77, 21.77, 75.77, 44.77, 74.77, 16.77, 60.77, 23.77, 8.57, 44.77, 22.77, 12.86];79.53;[1, 1, 1, 1, 1, 1, 1, 1, 1, 1, 1, 1, 2, 1, 1, 1, 3];2;20;True
90;20;90;5;True;2000;1;0;0;0;0;0;0;83.69870567321777;10.692650079727173;164238.0524124175;159802.20589806212;1058.3340041128808;3377.409999999997;[39.45, 84.45, 19.84, 26.84, 15.1, 60.45, 39.45, 24.84, 60.45, 13.1, 35.45, 1.0, 15.1, 25.84, 22.84, 79.45, 9.1, 8.36, 28.84, 59.45, 42.45, 59.45, 74.45, 18.84, 3.0, 50.45, 7.36, 26.84, 82.45, 69.45, 22.84, 53.45, 56.45, 28.84, 43.45, 58.45, 7.36, 29.84, 57.45, 18.84, 25.84, 34.84, 19.84, 23.84, 28.84, 7.36, 76.45, 28.84, 29.84, 22.84, 42.45, 19.84, 34.84, 57.45, 12.1, 44.45, 26.84, 20.84, 18.84, 46.45, 58.45, 20.84, 66.45, 49.45, 47.45, 28.84, 58.45, 69.45, 30.84, 36.45, 28.84, 65.45, 28.84, 38.45, 42.45, 2.0, 25.84, 38.45, 7.36, 39.45, 90.45, 90.45, 57.45, 4.0, 26.84, 64.45, 73.45, 31.84, 16.1, 34.84];89.45;[1, 2, 1, 1, 1, 1, 1, 2, 1, 1, 1, 2, 3, 1, 1];2;20;True
90;20;90;6;True;2000;1;0;0;0;0;0;0;90.19604563713074;12.674403429031372;285303.73359243816;281136.64273944485;1014.231683322725;3152.800000000004;[35.19, 29.23, 54.13, 62.13, 39.19, 43.05, 31.23, 59.13, 54.13, 15.23, 23.23, 25.23, 47.13, 40.19, 27.23, 6.66, 51.13, 26.23, 27.23, 35.19, 35.19, 34.19, 45.13, 11.03, 65.13, 38.19, 36.19, 20.23, 26.23, 14.23, 30.23, 46.13, 36.19, 46.13, 43.05, 38.19, 55.13, 17.23, 22.23, 51.13, 78.13, 19.23, 17.23, 40.19, 28.23, 30.23, 10.03, 9.03, 27.23, 96.13, 52.13, 8.67, 8.67, 27.23, 46.13, 26.23, 96.13, 22.23, 39.19, 13.23, 20.23, 19.23, 22.23, 22.23, 28.23, 89.13, 32.23, 63.13, 50.13, 39.19, 81.13, 33.19, 2.0, 28.23, 24.23, 11.03, 13.23, 35.19, 32.23, 11.03, 54.13, 56.13, 34.19, 28.23, 28.23, 42.05, 20.23, 9.03, 11.03, 73.13];94.13;[2, 1, 2, 2, 1, 1, 3, 3, 1, 3, 1];2;20;True
100;20;100;1;True;2000;1;0;0;0;0;0;0;80.38012957572937;12.5831139087677;208378.39296589224;202949.83318635516;1333.888259153121;4094.3100000000077;[61.53, 18.53, 24.53, 71.53, 54.53, 31.53, 33.53, 81.53, 53.53, 28.53, 10.66, 37.53, 70.53, 32.53, 55.53, 61.53, 11.66, 29.53, 58.53, 38.53, 54.53, 3.39, 65.53, 45.53, 30.53, 48.53, 18.53, 40.53, 25.53, 43.53, 52.53, 11.66, 33.53, 40.53, 39.53, 84.53, 40.53, 12.66, 16.63, 66.53, 21.53, 84.53, 20.53, 82.53, 15.63, 18.53, 18.53, 84.53, 84.53, 69.53, 24.53, 58.53, 28.53, 11.66, 51.53, 26.53, 67.53, 29.53, 72.53, 27.53, 38.53, 30.53, 67.53, 81.53, 19.53, 48.53, 27.53, 19.53, 12.89, 25.53, 28.53, 50.53, 36.53, 16.63, 4.17, 59.53, 70.53, 39.53, 52.53, 25.53, 44.53, 69.53, 72.53, 28.53, 70.53, 9.66, 16.63, 15.63, 48.53, 49.53, 15.63, 8.11, 11.66, 84.53, 12.89, 48.53, 40.53, 84.53, 29.53, 37.53];81.14;[1, 1, 2, 2, 5, 2, 1, 1, 2, 1, 2];4;20;True
100;20;100;2;True;2000;1;0;0;0;0;0;0;74.11622524261475;10.961073875427246;127645.29539992669;121174.67143633585;1198.725549432078;5271.860000000011;[34.06, 86.76, 74.76, 55.76, 34.06, 86.76, 33.06, 25.06, 24.06, 63.76, 28.06, 86.76, 25.06, 48.76, 52.76, 23.06, 15.06, 55.76, 64.76, 27.06, 75.76, 63.76, 45.76, 86.76, 73.76, 67.76, 31.06, 47.76, 31.06, 22.06, 86.76, 38.06, 73.76, 27.06, 71.76, 79.76, 79.76, 45.76, 17.89, 45.76, 78.76, 40.06, 55.76, 59.76, 47.76, 47.76, 46.76, 86.76, 48.76, 72.76, 56.76, 49.76, 63.76, 16.89, 71.76, 52.76, 66.76, 12.06, 24.06, 44.76, 34.06, 54.76, 42.06, 86.76, 66.76, 44.06, 86.76, 27.06, 49.76, 12.06, 51.76, 58.76, 70.76, 24.06, 69.76, 25.06, 46.76, 70.76, 40.06, 48.76, 60.76, 72.76, 31.06, 28.06, 62.76, 49.76, 41.06, 65.76, 18.06, 86.76, 71.76, 86.76, 49.76, 24.06, 60.76, 86.76, 86.76, 45.76, 86.76, 44.06];74.7;[2, 2, 1, 1, 1, 1, 1, 1, 1, 1, 2, 1, 1, 1, 1, 1, 1];1;20;True
100;20;100;3;True;2000;1;0;0;0;0;0;0;95.60246682167053;12.51061463356018;331020.2700397085;325778.56446712965;1196.0316250732453;4045.8599999999965;[43.39, 47.39, 50.39, 54.39, 42.39, 19.39, 19.39, 46.39, 63.39, 62.39, 13.39, 31.39, 67.39, 43.39, 21.39, 34.39, 22.39, 26.39, 19.39, 65.39, 26.39, 53.39, 88.39, 22.39, 26.39, 22.39, 65.39, 15.39, 21.39, 57.39, 19.39, 65.39, 55.39, 59.39, 50.39, 41.39, 56.39, 40.39, 39.39, 47.39, 27.39, 59.39, 33.39, 23.39, 28.39, 23.39, 38.39, 54.39, 35.39, 18.39, 27.39, 15.39, 45.39, 58.39, 21.39, 80.39, 14.39, 66.39, 100.39, 63.39, 63.39, 47.39, 39.39, 4.45, 9.39, 37.39, 42.39, 36.39, 2.0, 20.39, 20.39, 23.39, 18.39, 44.39, 41.39, 46.39, 84.39, 67.39, 30.39, 36.39, 16.39, 78.39, 93.39, 23.39, 43.39, 13.39, 58.39, 39.39, 58.39, 43.39, 82.39, 55.39, 34.39, 48.39, 8.58, 15.39, 27.39, 26.39, 41.39, 20.39];98.39;[1, 1, 1, 1, 1, 1, 2, 1, 3, 1, 4, 1, 1, 1];3;20;True
100;20;100;4;True;2000;1;0;0;0;0;0;0;87.11220121383667;11.231797695159912;183049.39956238648;176930.64761738735;971.9638616761868;5146.620000000008;[17.5, 92.8, 13.43, 61.8, 78.8, 43.8, 57.8, 38.8, 17.5, 94.8, 13.94, 73.8, 15.94, 48.8, 85.8, 42.8, 51.8, 70.8, 45.8, 36.8, 60.8, 2.86, 34.58, 42.8, 21.3, 44.8, 54.8, 20.3, 47.8, 39.8, 76.8, 53.8, 84.8, 54.8, 60.8, 62.8, 49.8, 38.8, 56.8, 90.8, 47.8, 22.3, 102.8, 56.8, 56.8, 78.8, 54.8, 30.02, 46.8, 30.02, 42.8, 39.8, 79.8, 21.3, 72.8, 86.8, 48.8, 56.8, 33.02, 14.94, 13.43, 21.3, 92.8, 20.3, 39.8, 89.8, 66.8, 102.8, 42.8, 40.8, 38.8, 85.8, 44.8, 53.8, 32.02, 60.8, 86.8, 61.8, 86.8, 31.02, 84.8, 62.8, 71.8, 22.3, 66.8, 37.8, 8.76, 52.8, 38.8, 16.94, 102.8, 35.58, 43.8, 27.02, 83.8, 32.02, 50.8, 35.58, 37.8, 93.8];99.94;[1, 2, 1, 1, 2, 1, 1, 1, 3, 3, 1, 1, 2];2;20;True
100;20;100;5;True;2000;1;0;0;0;0;0;0;65.07244181632996;12.042085647583008;142094.65408903727;136604.40594922256;1099.6708840175922;4390.390000000001;[43.18, 69.53, 27.07, 35.33, 17.14, 66.53, 51.53, 26.07, 65.53, 19.14, 49.18, 1.0, 18.14, 34.33, 38.91, 65.53, 12.86, 11.47, 38.91, 64.53, 69.53, 66.53, 69.53, 23.07, 3.0, 59.53, 8.47, 28.94, 69.53, 69.53, 34.33, 59.53, 63.53, 36.91, 49.18, 69.53, 7.66, 41.65, 52.53, 24.07, 28.94, 45.18, 27.07, 30.94, 38.91, 8.47, 60.53, 40.91, 49.18, 30.94, 40.91, 22.07, 45.18, 61.53, 15.14, 50.18, 40.91, 28.94, 23.07, 56.53, 69.53, 30.94, 69.53, 55.53, 53.53, 33.94, 63.53, 45.18, 41.65, 42.65, 44.18, 69.53, 39.91, 44.18, 46.18, 2.0, 34.33, 44.18, 8.47, 44.18, 69.53, 69.53, 65.53, 3.86, 30.94, 69.53, 69.53, 44.18, 21.34, 50.18, 42.65, 53.53, 69.53, 61.53, 48.18, 69.53, 69.53, 69.53, 63.53, 57.53];68.53;[1, 1, 1, 1, 2, 1, 2, 1, 1, 1, 1, 2, 1, 2, 1, 1];1;20;True
100;20;100;6;True;2000;1;0;0;0;0;0;0;78.71325945854187;13.87470006942749;294053.52232582425;288977.9219085551;955.2523088365192;4120.269999999998;[43.48, 32.49, 60.79, 68.79, 45.48, 52.48, 35.49, 60.79, 59.79, 19.49, 26.49, 29.49, 54.57, 51.48, 30.49, 10.0, 54.57, 36.88, 32.49, 47.48, 44.48, 38.88, 49.48, 15.49, 78.79, 48.48, 48.48, 25.49, 29.49, 20.49, 37.88, 53.48, 44.48, 51.48, 48.48, 46.48, 55.79, 25.49, 31.49, 57.79, 78.79, 21.49, 22.49, 43.48, 39.48, 36.88, 12.99, 11.29, 35.88, 78.79, 57.79, 10.0, 11.29, 30.49, 53.48, 33.49, 78.79, 27.49, 48.48, 18.49, 26.49, 23.49, 31.49, 27.49, 37.88, 74.79, 40.48, 52.48, 59.79, 42.48, 64.79, 38.88, 2.8, 39.48, 33.49, 15.49, 18.49, 45.48, 37.88, 15.49, 59.79, 58.79, 44.48, 35.88, 37.88, 49.48, 29.49, 11.29, 15.49, 78.79, 19.49, 59.79, 8.35, 58.79, 38.88, 62.79, 78.79, 72.79, 57.79, 55.57];75.99000000000001;[1, 1, 1, 5, 1, 1, 1, 2, 2, 1, 1, 1, 1, 1];4;20;True
10;30;10;1;True;2000;1;0;0;0;0;0;0;86.97992706298828;0.4840230941772461;770402.5478275699;766990.771218138;1823.1826975886759;1588.5999999999997;[165.06, 152.06, 135.06, 147.06, 165.06, 165.06, 165.06, 164.06, 165.06, 165.06];30.0;[5, 3, 3, 6, 2, 2, 1, 5, 3];5;30;True
10;30;10;2;True;2000;1;0;0;0;0;0;0;105.40916156768799;0.4871857166290283;462853.28727033775;459243.25815423974;1908.5091263530192;1701.5000000000002;[138.95, 204.95, 178.95, 156.95, 204.95, 204.95, 157.95, 114.95, 133.95, 204.95];89.99999999999999;[4, 1, 4, 5, 4, 2, 4, 2, 4];4;30;True
10;30;10;3;True;2000;1;0;0;0;0;0;0;86.30152988433838;0.5181982517242432;913140.8794143258;909714.6960257604;1824.7437862276975;1601.4;[162.74, 162.74, 162.74, 162.74, 162.74, 136.74, 162.74, 162.74, 162.74, 162.74];26.0;[2, 2, 3, 1, 4, 3, 5, 3, 3, 4];4;30;True
10;30;10;4;True;2000;1;0;0;0;0;0;0;75.67582702636719;0.46488022804260254;703007.4638011978;700048.4567861138;1548.3280187926266;1410.6999999999996;[142.07, 142.07, 132.07, 142.07, 142.07, 142.07, 142.07, 142.07, 142.07, 142.07];10.0;[3, 3, 3, 3, 2, 4, 3, 3, 2, 4];2;30;True
10;30;10;5;True;2000;1;0;0;0;0;0;0;86.6194372177124;0.5071592330932617;611583.6313994884;608313.0463874702;1721.4723773985554;1549.0999999999997;[162.81, 149.81, 162.81, 162.81, 141.81, 162.81, 162.81, 157.81, 122.81, 162.81];40.0;[1, 4, 4, 3, 1, 4, 3, 3, 3, 4];3;30;True
10;30;10;6;True;2000;1;0;0;0;0;0;0;80.41033601760864;0.4390840530395508;458630.0418670602;455671.3268658146;1526.3957652176828;1432.3499999999997;[146.06, 96.81, 151.06, 151.06, 151.06, 151.06, 151.06, 151.06, 151.06, 132.06];54.25;[2, 2, 2, 4, 2, 3, 2, 5, 2, 6];4;30;True
20;30;20;1;True;2000;1;0;0;0;0;0;0;84.37480187416077;1.2647242546081543;452177.56555831456;448252.919580447;1811.9502405447731;2112.6700000000005;[139.64, 51.93, 86.64, 139.64, 124.64, 87.64, 117.64, 139.64, 119.64, 79.64, 65.93, 98.64, 139.64, 132.64, 72.93, 137.64, 80.64, 107.64, 78.64, 111.64];87.70999999999998;[2, 1, 3, 3, 1, 2, 2, 1, 1, 4, 1, 4, 1, 4];3;30;True
20;30;20;2;True;2000;1;0;0;0;0;0;0;119.26231384277344;1.3127741813659668;379595.7975987048;375277.4231668672;1915.4089364301792;2402.999999999999;[97.12, 131.12, 159.12, 142.12, 106.12, 165.12, 115.12, 88.12, 94.12, 191.12, 67.92, 211.12, 93.12, 122.12, 101.12, 81.12, 56.92, 158.12, 130.12, 92.12];154.2;[2, 2, 3, 1, 3, 1, 1, 1, 1, 3, 3, 1, 2, 1, 2, 2, 1];2;30;True
20;30;20;3;True;2000;1;0;0;0;0;0;0;87.72811031341553;1.2543017864227295;335557.8514002257;331650.31374373526;1828.9993387269735;2078.49;[145.33, 116.33, 125.33, 126.33, 142.33, 48.4, 71.24, 136.33, 110.33, 140.33, 41.35, 74.24, 150.0, 91.24, 58.24, 99.33, 81.24, 106.33, 64.24, 150.0];108.65;[1, 4, 1, 4, 3, 1, 1, 2, 1, 1, 1, 1, 1, 1, 1, 2, 4];3;30;True
20;30;20;4;True;2000;1;0;0;0;0;0;0;81.46564173698425;1.0923240184783936;322937.9377487533;319278.53936616355;1540.3483512995763;2119.0899999999992;[43.55, 136.06, 63.75, 94.06, 135.06, 87.06, 90.06, 136.06, 74.75, 119.06, 44.75, 106.06, 95.06, 136.06, 136.06, 136.06, 134.06, 136.06, 136.06, 79.39];92.51;[2, 4, 3, 1, 1, 1, 1, 1, 3, 2, 3, 2, 2, 3, 1];3;30;True
20;30;20;5;True;2000;1;0;0;0;0;0;0;78.26557278633118;1.289268970489502;335696.1249495848;331744.6433511437;1647.369778865779;2304.16;[105.32, 134.32, 115.32, 119.32, 60.01, 134.32, 134.32, 91.01, 134.32, 103.32, 134.32, 69.01, 86.01, 134.32, 134.32, 134.32, 119.32, 134.32, 134.32, 92.32];74.31;[4, 2, 1, 2, 1, 2, 1, 2, 2, 1, 1, 2, 4, 1, 1, 2, 1];3;30;True
20;30;20;6;True;2000;1;0;0;0;0;0;0;77.28724956512451;1.3071529865264893;314923.13948257477;311371.835730184;1496.882962378062;2054.4;[130.52, 112.52, 132.52, 132.52, 111.52, 132.52, 98.52, 132.52, 132.52, 63.52, 60.52, 73.52, 123.52, 113.52, 67.52, 47.52, 132.52, 72.52, 81.52, 102.52];85.0;[3, 1, 4, 1, 5, 2, 1, 2, 1, 2, 2, 1, 1, 2, 2];4;30;True
30;30;30;1;True;2000;1;0;0;0;0;0;0;73.36320757865906;2.1332881450653076;226279.56142197354;222195.7196860272;1803.1193645708993;2280.7200000000003;[107.37, 24.67, 35.67, 107.37, 107.37, 59.26, 56.26, 107.37, 55.26, 38.67, 12.08, 89.26, 95.37, 107.37, 72.26, 107.37, 47.67, 62.26, 106.37, 107.37, 93.26, 4.1, 92.26, 79.26, 107.37, 76.26, 31.67, 88.26, 107.37, 94.26];103.27000000000001;[2, 1, 1, 4, 1, 1, 1, 1, 1, 1, 1, 2, 2, 3, 1, 1, 3, 1, 1, 1];3;30;True
30;30;30;2;True;2000;1;0;0;0;0;0;0;105.92371273040771;2.402975559234619;356621.0551273044;352350.1209781741;1952.4962510640048;2318.4100000000008;[95.96, 100.96, 121.96, 73.96, 52.96, 162.96, 56.96, 32.96, 26.96, 69.96, 48.96, 142.96, 53.96, 61.96, 94.96, 36.96, 14.21, 104.96, 127.96, 30.96, 162.96, 81.96, 88.96, 87.96, 115.96, 76.96, 57.96, 64.96, 44.96, 22.32];148.75;[2, 1, 3, 3, 1, 1, 1, 2, 1, 3, 2, 2, 3, 3, 1, 1];2;30;True
30;30;30;3;True;2000;1;0;0;0;0;0;0;91.52360677719116;2.580897569656372;409068.67207944964;404917.6342203084;1818.1918753104069;2332.84;[92.94, 97.94, 88.94, 126.94, 127.94, 26.56, 27.95, 75.13, 120.94, 104.94, 13.99, 61.35, 136.94, 86.94, 55.34, 76.13, 52.34, 59.35, 33.13, 118.94, 37.13, 116.94, 107.94, 35.13, 51.34, 54.34, 136.94, 31.13, 55.34, 121.94];122.95;[1, 1, 2, 1, 1, 1, 1, 2, 1, 1, 1, 2, 1, 1, 2, 1, 2, 1, 4, 3];3;30;True
30;30;30;4;True;2000;1;0;0;0;0;0;0;93.61669445037842;2.7190985679626465;493210.8663108147;489346.1349416497;1533.2226512012066;2331.619999999999;[28.33, 131.12, 47.12, 68.12, 94.12, 86.12, 131.12, 69.12, 32.12, 97.12, 21.87, 82.12, 46.12, 82.12, 117.12, 131.12, 79.12, 88.12, 93.12, 125.12, 131.12, 16.97, 81.12, 73.12, 56.12, 51.12, 100.12, 31.33, 81.12, 59.12];114.15;[2, 2, 1, 1, 1, 1, 2, 3, 4, 2, 2, 1, 2, 1, 1, 1, 2, 1];3;30;True
30;30;30;5;True;2000;1;0;0;0;0;0;0;70.39220952987671;2.2296254634857178;273567.2322619317;269933.88752282463;1658.2251633475748;1975.1100000000001;[56.24, 95.24, 63.24, 95.24, 16.38, 95.24, 81.24, 34.24, 78.24, 49.24, 86.24, 3.0, 54.24, 87.24, 56.24, 95.24, 50.24, 28.24, 95.24, 72.24, 70.24, 95.24, 95.24, 50.24, 4.0, 95.24, 19.49, 62.24, 95.24, 95.24];92.24;[1, 2, 1, 1, 1, 1, 1, 1, 1, 2, 2, 1, 1, 2, 1, 1, 1, 4, 1, 2, 2];3;30;True
30;30;30;6;True;2000;1;0;0;0;0;0;0;73.7343397140503;2.4725213050842285;180429.43617948578;176676.2229454537;1498.3018984908076;2254.9199999999996;[101.52, 57.52, 110.52, 100.52, 98.52, 104.52, 74.52, 111.52, 102.52, 24.24, 29.24, 47.52, 111.52, 74.52, 86.52, 14.24, 111.52, 49.52, 69.52, 91.52, 55.52, 85.52, 87.52, 38.24, 111.52, 82.52, 107.52, 44.52, 32.24, 38.24];97.28;[1, 2, 2, 1, 2, 2, 3, 2, 1, 1, 1, 2, 1, 1, 3, 1, 2, 2];2;30;True
40;30;40;1;True;2000;1;0;0;0;0;0;0;76.20155501365662;3.677896022796631;228375.25940315254;224168.33123290123;1797.3699575091168;2409.46;[102.18, 26.18, 30.18, 89.18, 102.18, 38.18, 40.18, 102.18, 51.18, 36.18, 13.15, 55.18, 101.18, 47.18, 59.18, 68.18, 17.18, 50.18, 92.18, 83.18, 67.18, 4.47, 100.18, 54.18, 46.18, 60.18, 23.18, 87.18, 38.18, 102.18, 67.18, 16.18, 60.18, 102.18, 46.18, 102.18, 102.18, 19.18, 22.18, 84.18];97.71000000000001;[2, 1, 3, 2, 1, 3, 1, 1, 1, 1, 1, 1, 1, 2, 1, 1, 2, 2, 2, 1];2;30;True
40;30;40;2;True;2000;1;0;0;0;0;0;0;84.62240362167358;3.9198389053344727;197485.12695028802;193233.09757707853;1886.5414430529142;2365.4599999999996;[31.72, 94.72, 70.72, 92.72, 48.72, 111.72, 38.72, 20.62, 19.62, 98.72, 32.72, 116.72, 22.62, 46.72, 88.72, 19.62, 11.9, 44.72, 86.72, 23.62, 116.72, 70.72, 52.72, 116.72, 84.72, 53.72, 25.72, 41.72, 25.72, 19.62, 100.72, 29.72, 80.72, 24.62, 58.72, 116.72, 107.72, 44.72, 15.9, 55.72];104.82;[1, 1, 1, 2, 2, 1, 1, 1, 1, 2, 1, 1, 2, 2, 1, 1, 1, 2, 2, 3, 1];2;30;True
40;30;40;3;True;2000;1;0;0;0;0;0;0;76.91761779785156;4.317502975463867;428400.1287098817;424211.1192819576;1841.1631798647288;2347.77;[68.87, 49.78, 83.17, 73.87, 98.17, 27.31, 25.54, 50.78, 98.17, 93.17, 15.74, 37.58, 98.17, 50.78, 25.54, 39.74, 29.95, 54.87, 25.54, 98.17, 32.94, 59.87, 98.17, 29.95, 34.27, 28.31, 92.17, 16.29, 24.54, 78.17, 23.54, 68.87, 98.17, 93.17, 55.87, 50.78, 73.87, 69.87, 98.17, 75.87];82.43;[1, 1, 1, 2, 1, 2, 2, 1, 2, 2, 1, 1, 1, 5, 3, 1, 1, 1, 1];4;30;True
40;30;40;4;True;2000;1;0;0;0;0;0;0;102.10016298294067;3.6357574462890625;448753.9808297346;444676.90775473235;1552.0226890046456;2525.03;[14.72, 85.34, 11.61, 57.34, 72.34, 39.62, 132.63, 36.22, 16.72, 93.63, 11.72, 111.63, 14.72, 62.34, 94.63, 143.63, 52.36, 74.34, 52.36, 47.36, 135.63, 3.41, 32.03, 48.36, 21.15, 42.45, 100.63, 19.69, 53.34, 40.62, 97.63, 80.34, 88.63, 109.63, 105.63, 78.34, 46.36, 37.22, 70.34, 88.34];140.22;[1, 1, 3, 2, 2, 1, 3, 1, 1, 1, 2, 1, 1, 2, 1, 2, 2, 1, 2];2;30;True
40;30;40;5;True;2000;1;0;0;0;0;0;0;92.5419750213623;3.843785524368286;384239.4766439788;380406.57347333425;1624.2866143992733;2208.770000000001;[41.9, 50.9, 34.9, 33.88, 19.41, 115.9, 59.9, 28.41, 80.9, 25.41, 53.9, 3.0, 21.41, 33.58, 40.9, 118.9, 17.41, 15.41, 93.9, 58.9, 58.9, 79.9, 65.9, 38.9, 4.83, 113.9, 13.07, 31.58, 111.9, 118.9, 33.9, 54.9, 118.9, 57.9, 44.9, 115.9, 12.07, 51.9, 88.9, 42.9];115.9;[2, 1, 1, 1, 3, 1, 1, 1, 2, 1, 5, 2, 2, 1, 2, 3, 1];4;30;True
40;30;40;6;True;2000;1;0;0;0;0;0;0;102.07267665863037;4.317204236984253;488237.0486321922;484221.4061082449;1504.053362162766;2511.6;[50.6, 32.92, 121.64, 108.64, 59.64, 92.64, 36.59, 107.64, 73.64, 20.83, 28.02, 34.59, 99.64, 46.6, 31.92, 9.84, 83.64, 36.59, 39.59, 96.64, 44.59, 39.59, 58.64, 18.35, 126.64, 67.64, 94.64, 27.02, 30.92, 22.02, 39.59, 86.64, 43.59, 139.64, 73.64, 85.64, 143.64, 28.76, 32.92, 95.64];133.79999999999998;[1, 3, 1, 1, 2, 1, 1, 2, 1, 2, 2, 2, 1, 1, 1, 3, 3, 2];2;30;True
50;30;50;1;True;2000;1;0;0;0;0;0;0;88.9717493057251;6.384210109710693;384131.3812544216;379446.70954199723;1806.480241247553;2878.1999999999994;[100.52, 27.49, 30.87, 73.27, 66.27, 36.87, 38.87, 116.52, 51.19, 34.87, 12.57, 42.19, 73.27, 37.87, 60.27, 61.27, 16.49, 54.27, 93.52, 87.52, 69.27, 3.85, 54.03, 76.27, 60.27, 51.19, 23.5, 80.52, 31.87, 96.52, 58.27, 15.85, 38.87, 116.52, 65.27, 107.52, 110.52, 17.5, 23.5, 73.27, 24.5, 113.52, 28.49, 59.27, 25.5, 24.5, 24.5, 90.52, 87.52, 109.52];112.67;[1, 2, 1, 1, 2, 1, 1, 1, 4, 1, 2, 2, 1, 3, 1, 1, 1, 4];3;30;True
50;30;50;2;True;2000;1;0;0;0;0;0;0;90.78972458839417;6.736400127410889;325279.5677750869;320538.523699889;1865.3683010576258;2875.800000000002;[31.49, 78.9, 68.9, 59.9, 31.49, 121.9, 30.49, 20.1, 20.1, 110.9, 23.93, 121.9, 21.8, 46.9, 42.9, 19.1, 11.99, 71.9, 79.9, 21.8, 121.9, 70.9, 39.9, 99.9, 120.9, 52.9, 24.93, 45.9, 24.93, 20.1, 103.9, 32.91, 82.9, 23.93, 101.9, 106.9, 93.9, 41.9, 16.1, 42.9, 45.9, 33.91, 54.9, 69.9, 38.9, 40.9, 37.9, 121.9, 54.9, 70.9];109.91000000000001;[1, 4, 1, 1, 2, 1, 2, 1, 1, 2, 1, 3, 2, 2, 1, 1, 1, 1, 1, 1];3;30;True
50;30;50;3;True;2000;1;0;0;0;0;0;0;89.02228498458862;6.816332578659058;394516.8833550916;390117.215843636;1779.4447630913758;2620.3;[47.36, 51.36, 78.36, 64.36, 114.36, 26.36, 25.36, 46.36, 83.36, 75.36, 16.51, 34.36, 113.36, 44.36, 24.36, 38.36, 26.36, 41.36, 24.36, 114.36, 31.36, 57.36, 105.36, 28.36, 31.36, 27.36, 112.36, 16.51, 23.36, 114.36, 22.36, 61.36, 59.36, 82.36, 85.36, 42.36, 53.36, 41.36, 84.36, 48.36, 30.36, 71.36, 34.36, 29.36, 30.36, 28.36, 39.36, 77.36, 37.36, 23.36];97.85;[1, 1, 3, 2, 1, 1, 1, 1, 4, 2, 2, 1, 2, 4, 1, 1, 1, 1];3;30;True
50;30;50;4;True;2000;1;0;0;0;0;0;0;92.78381681442261;5.793881177902222;377148.1379944933;372646.5502799903;1610.0280587662494;2891.4;[15.47, 90.11, 12.15, 58.11, 73.11, 124.11, 46.11, 36.11, 16.15, 105.11, 12.15, 84.11, 15.15, 75.11, 98.11, 86.11, 54.11, 77.11, 52.11, 35.11, 103.11, 3.41, 32.11, 43.11, 20.89, 43.11, 60.11, 19.89, 58.11, 38.11, 110.11, 115.11, 98.11, 47.11, 72.11, 59.11, 47.11, 35.11, 71.11, 83.11, 45.11, 21.89, 112.11, 46.11, 118.11, 77.11, 45.11, 29.48, 41.11, 29.48];120.7;[3, 5, 1, 3, 1, 1, 1, 1, 1, 2, 2, 1, 1, 1, 2, 2, 1, 1];4;30;True
50;30;50;5;True;2000;1;0;0;0;0;0;0;76.58032584190369;5.317582845687866;318157.7518434316;313964.73757280095;1659.0870956129984;2533.7900000000004;[42.13, 65.13, 36.13, 33.13, 18.67, 63.13, 59.13, 27.93, 62.13, 22.67, 95.13, 3.0, 20.67, 33.13, 47.13, 95.13, 16.67, 14.67, 79.13, 61.13, 95.13, 87.13, 95.13, 25.41, 4.83, 70.13, 11.71, 29.93, 95.13, 95.13, 32.13, 59.13, 95.13, 39.13, 51.13, 95.13, 11.61, 81.13, 89.13, 26.58, 33.13, 62.13, 25.58, 29.93, 48.13, 11.71, 94.13, 60.13, 53.13, 29.93];92.13;[2, 1, 3, 1, 1, 1, 1, 1, 3, 1, 1, 4, 1, 2, 2, 1, 2, 1, 1];3;30;True
50;30;50;6;True;2000;1;0;0;0;0;0;0;94.58370280265808;6.399497747421265;372339.13465077145;368386.8670853333;1502.382035237274;2449.7999999999997;[43.68, 32.68, 84.92, 91.92, 54.68, 46.68, 35.68, 59.68, 72.68, 21.67, 27.68, 30.68, 63.68, 42.68, 30.68, 9.85, 75.92, 34.68, 34.68, 63.68, 42.68, 38.68, 50.68, 19.67, 116.92, 55.68, 62.68, 26.68, 30.68, 21.67, 37.68, 60.68, 41.68, 112.92, 53.68, 68.68, 76.92, 26.68, 30.68, 57.68, 116.92, 22.68, 23.68, 43.68, 69.68, 37.68, 17.67, 15.67, 34.68, 75.68];107.07000000000001;[1, 2, 2, 1, 1, 2, 1, 1, 4, 2, 1, 1, 1, 1, 1, 1, 3, 2, 1, 1];3;30;True
60;30;60;1;True;2000;1;0;0;0;0;0;0;84.22696113586426;9.992972612380981;427693.4327901703;422964.7001092068;1795.6476618460763;2932.9800000000023;[68.03, 21.42, 26.42, 95.03, 55.03, 33.03, 34.03, 95.03, 48.03, 30.03, 12.67, 36.03, 66.03, 34.03, 68.03, 59.03, 16.25, 31.03, 56.03, 79.03, 53.03, 3.85, 40.03, 50.03, 62.03, 46.03, 21.42, 60.03, 27.42, 92.03, 53.03, 14.51, 34.03, 95.03, 39.03, 86.03, 95.03, 17.42, 20.42, 66.03, 23.42, 95.03, 24.42, 39.03, 20.42, 22.42, 22.42, 95.03, 87.03, 87.03, 25.42, 68.03, 32.03, 15.37, 53.03, 28.03, 79.03, 51.03, 95.03, 29.03];91.18;[1, 3, 1, 1, 3, 1, 1, 1, 1, 1, 3, 1, 1, 1, 3, 1, 3, 1, 2];2;30;True
60;30;60;2;True;2000;1;0;0;0;0;0;0;120.17813682556152;10.888179063796997;673027.6921403912;668269.9760166144;1870.2129267550952;2887.7099999999987;[28.54, 67.79, 61.79, 82.79, 27.54, 145.79, 21.54, 16.4, 15.4, 91.79, 19.54, 119.79, 17.4, 40.79, 28.79, 16.4, 11.4, 29.79, 56.79, 17.54, 145.79, 38.79, 29.79, 132.79, 87.79, 49.79, 17.54, 27.54, 17.54, 18.54, 98.79, 21.54, 39.79, 19.54, 123.79, 81.79, 66.79, 36.79, 15.4, 36.79, 29.79, 21.54, 39.79, 49.79, 26.54, 30.79, 26.54, 130.79, 33.79, 67.79, 63.79, 37.79, 49.79, 14.4, 47.79, 43.79, 91.79, 10.97, 17.4, 28.54];134.82;[1, 4, 1, 2, 2, 2, 2, 1, 2, 2, 1, 1, 2, 1, 2, 2, 2];3;30;True
60;30;60;3;True;2000;1;0;0;0;0;0;0;82.34558463096619;9.151939392089844;467832.7562222718;463232.0979234869;1803.095716045381;2797.6699999999983;[40.18, 55.18, 50.18, 58.18, 51.18, 23.62, 21.62, 47.18, 89.66, 55.18, 13.79, 31.4, 93.66, 41.18, 21.62, 33.44, 24.62, 27.62, 21.62, 72.66, 28.62, 56.18, 93.66, 26.62, 28.62, 25.62, 93.66, 14.79, 21.62, 93.66, 20.62, 62.18, 65.18, 67.18, 80.66, 40.15, 48.18, 36.22, 39.15, 47.18, 28.62, 68.18, 31.4, 27.62, 29.62, 26.62, 36.22, 59.18, 34.44, 20.62, 28.62, 16.6, 93.66, 56.18, 23.62, 93.66, 14.79, 80.66, 93.66, 70.18];79.87;[1, 1, 1, 1, 3, 1, 1, 3, 4, 1, 1, 1, 2, 1, 1, 2, 2, 1, 2];3;30;True
60;30;60;4;True;2000;1;0;0;0;0;0;0;100.1473298072815;8.451997995376587;561899.9062130712;557237.2813108462;1583.7522242682346;3079.010000000003;[17.03, 72.03, 14.03, 54.03, 69.03, 121.03, 34.03, 27.03, 18.03, 99.03, 14.03, 63.03, 17.03, 52.03, 121.03, 101.03, 39.03, 82.03, 45.03, 27.03, 40.03, 3.24, 25.03, 34.03, 19.03, 40.03, 61.03, 20.03, 41.03, 33.03, 71.03, 115.03, 101.03, 38.03, 61.03, 47.03, 44.03, 28.03, 44.03, 83.03, 40.03, 22.03, 86.03, 34.03, 103.03, 70.03, 33.03, 27.03, 82.03, 26.03, 41.03, 31.03, 64.03, 19.03, 85.03, 78.03, 42.03, 118.03, 27.03, 15.03];117.79;[5, 1, 2, 2, 1, 1, 1, 1, 2, 1, 1, 1, 2, 1, 1, 2, 1, 2, 1, 1];4;30;True
60;30;60;5;True;2000;1;0;0;0;0;0;0;90.22005939483643;8.401179790496826;441517.6243540014;437021.1860682701;1661.0901422686554;2835.3399999999992;[43.68, 74.68, 27.68, 33.68, 18.16, 61.68, 42.68, 27.68, 61.68, 22.42, 59.68, 1.0, 21.42, 31.68, 29.68, 71.68, 15.16, 14.16, 39.68, 60.68, 90.68, 69.68, 107.68, 25.42, 3.0, 107.68, 10.44, 29.68, 107.68, 107.68, 29.68, 55.68, 78.68, 34.68, 51.68, 107.68, 8.44, 38.68, 73.68, 26.68, 29.68, 72.68, 27.68, 30.68, 46.68, 10.44, 97.68, 90.68, 47.68, 29.68, 41.68, 24.42, 62.68, 79.68, 19.16, 47.68, 40.68, 32.68, 26.42, 52.68];106.68;[2, 2, 2, 1, 3, 3, 2, 1, 1, 3, 1, 1, 1, 1, 3, 1, 1, 1];2;30;True
60;30;60;6;True;2000;1;0;0;0;0;0;0;87.44804620742798;10.64918065071106;563473.7696410557;559478.7709897646;1494.1068680392962;2500.6500000000015;[39.71, 30.71, 70.71, 90.71, 41.71, 88.71, 32.71, 56.71, 90.71, 18.71, 25.71, 27.71, 42.71, 35.71, 28.71, 8.7, 49.71, 27.71, 30.71, 51.71, 35.71, 35.71, 48.71, 14.97, 83.71, 43.71, 38.71, 23.71, 28.71, 18.71, 31.71, 70.71, 36.71, 68.71, 45.71, 82.71, 43.71, 21.71, 25.71, 56.71, 84.71, 20.71, 20.71, 40.71, 30.71, 34.71, 13.97, 13.97, 28.71, 76.71, 75.71, 9.48, 11.21, 28.71, 43.71, 27.71, 90.71, 24.71, 59.71, 16.72];82.00999999999999;[5, 2, 2, 1, 1, 1, 3, 2, 1, 3, 1, 2, 1, 1, 1, 2, 1];4;30;True
70;30;70;1;True;2000;1;0;0;0;0;0;0;81.22672724723816;11.009473323822021;343917.32393927465;338935.64686011133;1858.8923992215737;3122.9400000000023;[61.8, 23.8, 27.8, 61.8, 56.8, 33.8, 34.8, 83.8, 49.8, 31.8, 12.44, 36.8, 60.8, 34.8, 64.8, 77.8, 16.93, 36.8, 56.8, 49.8, 52.8, 3.53, 54.8, 55.8, 34.8, 46.8, 23.8, 83.8, 28.8, 39.8, 47.8, 15.93, 34.8, 83.8, 39.8, 72.8, 36.8, 18.89, 22.8, 62.8, 23.8, 83.8, 25.8, 49.8, 23.8, 23.8, 23.8, 83.8, 83.8, 83.8, 26.8, 63.8, 32.8, 16.93, 49.8, 29.8, 79.8, 31.8, 83.8, 30.8, 38.8, 32.8, 63.8, 83.8, 24.8, 49.8, 30.8, 23.8, 19.89, 27.8];80.27;[1, 1, 1, 1, 1, 2, 3, 1, 1, 2, 1, 2, 2, 4, 1, 2, 1, 2, 1];3;30;True
70;30;70;2;True;2000;1;0;0;0;0;0;0;102.94708037376404;12.784673929214478;544036.1946725575;539271.1336176636;1885.9659107089904;2878.760000000004;[28.4, 63.4, 110.4, 27.4, 26.4, 77.4, 20.4, 14.4, 13.4, 48.4, 17.4, 49.4, 15.4, 37.4, 26.4, 15.4, 11.4, 44.4, 55.4, 15.4, 99.4, 37.4, 28.4, 84.4, 110.4, 64.4, 16.4, 26.4, 16.4, 17.4, 110.4, 19.4, 64.4, 18.4, 89.4, 84.4, 51.4, 35.4, 15.4, 35.4, 27.4, 22.4, 33.4, 43.4, 25.4, 29.4, 25.4, 98.4, 34.4, 64.4, 28.4, 28.4, 43.4, 13.4, 41.4, 43.4, 38.4, 10.28, 15.4, 26.4, 21.4, 45.4, 30.4, 110.4, 38.4, 35.4, 92.4, 20.4, 38.4, 10.28];100.12;[1, 1, 1, 1, 1, 2, 1, 5, 2, 1, 2, 1, 1, 1, 2, 1, 4, 2];4;30;True
70;30;70;3;True;2000;1;0;0;0;0;0;0;95.21392798423767;10.6578688621521;467770.289423792;463492.08752585755;1802.6364105107386;2475.7200000000025;[32.4, 42.4, 43.4, 46.4, 40.4, 14.41, 13.41, 38.4, 75.4, 38.4, 10.41, 23.4, 83.4, 32.4, 17.4, 28.4, 19.4, 19.4, 13.41, 51.4, 20.4, 41.4, 74.4, 18.4, 20.4, 18.4, 68.4, 13.41, 18.4, 92.4, 16.41, 48.4, 56.4, 56.4, 46.4, 34.4, 40.4, 29.4, 29.4, 42.4, 23.4, 59.4, 22.4, 18.4, 26.4, 19.4, 30.4, 48.4, 28.4, 13.41, 22.4, 9.41, 75.4, 46.4, 17.4, 92.4, 8.41, 54.4, 92.4, 47.4, 75.4, 38.4, 24.4, 2.41, 5.41, 27.4, 33.4, 24.4, 2.0, 16.41];90.4;[1, 1, 3, 1, 1, 1, 1, 1, 2, 2, 1, 1, 1, 1, 4, 1, 2, 2, 3];3;30;True
70;30;70;4;True;2000;1;0;0;0;0;0;0;108.7885844707489;10.362758874893188;658464.5124153636;653271.461794165;1544.9968447645706;3647.8799999999983;[13.87, 82.04, 10.87, 57.04, 73.04, 36.63, 129.04, 32.63, 15.87, 101.04, 10.87, 68.04, 13.83, 85.04, 90.04, 75.04, 44.04, 63.04, 37.63, 34.63, 114.04, 2.56, 28.87, 37.63, 19.87, 42.04, 90.04, 18.87, 44.04, 36.63, 68.04, 112.04, 118.04, 44.04, 76.04, 57.04, 46.04, 32.63, 50.04, 84.04, 43.04, 21.87, 104.04, 44.04, 76.04, 75.04, 43.04, 26.87, 38.63, 26.87, 50.04, 34.63, 70.04, 19.87, 73.04, 77.04, 45.04, 126.04, 29.87, 12.87, 10.87, 18.87, 46.04, 18.87, 43.04, 96.04, 60.04, 45.04, 35.63, 38.63];126.47999999999999;[2, 4, 1, 3, 1, 1, 1, 1, 1, 1, 2, 1, 2, 1, 1, 1, 1, 2, 2, 1];3;30;True
70;30;70;5;True;2000;1;0;0;0;0;0;0;94.84387755393982;11.016189336776733;365240.01451812667;360313.2996942024;1654.5715761531549;3272.069999999998;[43.87, 82.87, 26.13, 33.82, 17.6, 61.87, 43.87, 27.13, 61.87, 22.18, 52.87, 1.0, 19.18, 32.23, 33.82, 108.87, 14.91, 12.91, 35.87, 60.87, 71.87, 63.87, 108.87, 24.15, 3.0, 66.87, 10.02, 29.13, 108.87, 105.87, 31.23, 54.87, 85.87, 34.87, 47.87, 108.87, 8.69, 42.87, 82.87, 25.15, 29.13, 42.87, 25.15, 30.13, 34.87, 10.02, 108.87, 36.87, 47.87, 30.13, 54.87, 23.18, 49.87, 56.87, 17.6, 46.87, 41.87, 32.23, 25.15, 74.87, 108.87, 30.13, 67.87, 57.87, 53.87, 33.82, 59.87, 51.87, 37.87, 41.32];107.87;[2, 2, 1, 1, 1, 3, 2, 1, 1, 1, 2, 2, 1, 2, 1, 1, 1, 1, 1, 1, 1, 1];2;30;True
70;30;70;6;True;2000;1;0;0;0;0;0;0;96.71153473854065;14.503296375274658;675144.0006056095;670720.798537307;1522.976909707386;2900.4399999999996;[39.71, 30.7, 92.71, 73.71, 43.71, 98.71, 33.71, 99.71, 66.71, 17.31, 25.27, 27.7, 43.71, 39.71, 28.7, 8.72, 58.71, 29.7, 30.7, 53.71, 35.71, 35.71, 45.71, 13.71, 78.71, 46.71, 40.71, 23.27, 28.7, 16.53, 33.71, 63.71, 37.71, 56.71, 43.71, 41.71, 51.71, 23.27, 27.7, 50.71, 88.71, 20.22, 20.22, 41.71, 30.7, 34.71, 11.72, 11.72, 30.7, 75.71, 54.71, 9.72, 10.49, 28.7, 47.71, 29.7, 99.71, 25.27, 62.71, 15.45, 24.27, 22.22, 26.7, 25.27, 29.7, 96.71, 34.71, 47.71, 62.71, 40.71];90.99;[3, 1, 2, 2, 1, 2, 1, 2, 2, 1, 1, 2, 1, 1, 2, 1, 4, 1];3;30;True
80;30;80;1;True;2000;1;0;0;0;0;0;0;92.47750449180603;15.250803232192993;380227.49244239274;375132.11712625396;1804.766028578672;3290.7200000000025;[52.19, 18.89, 24.13, 92.19, 44.19, 30.19, 31.19, 92.19, 46.19, 27.19, 10.65, 34.19, 61.19, 36.19, 52.19, 58.19, 11.65, 29.19, 54.19, 36.19, 51.19, 3.35, 38.19, 33.19, 29.19, 44.19, 17.89, 92.19, 25.12, 36.19, 48.19, 10.65, 32.19, 57.19, 37.19, 72.19, 34.19, 12.03, 16.46, 66.19, 21.89, 57.19, 20.89, 44.19, 16.89, 18.89, 18.89, 92.19, 92.19, 84.19, 23.13, 75.19, 28.19, 10.65, 48.19, 26.19, 72.19, 28.19, 92.19, 27.19, 53.19, 29.19, 62.19, 59.19, 19.89, 48.19, 26.19, 18.89, 13.03, 24.13, 26.19, 92.19, 39.19, 16.89, 4.08, 75.19, 59.19, 33.19, 67.19, 25.12];88.84;[1, 2, 1, 3, 2, 2, 1, 1, 2, 2, 3, 2, 1, 1, 1, 2, 1, 2];2;30;True
80;30;80;2;True;2000;1;0;0;0;0;0;0;107.99946069717407;15.988754749298096;606397.9572803464;601249.8923457033;1939.4612494738803;3208.670000000001;[28.34, 69.54, 112.54, 28.34, 27.34, 83.54, 21.34, 14.51, 14.51, 49.54, 19.34, 72.54, 16.34, 38.84, 26.34, 15.51, 11.75, 28.34, 52.54, 16.34, 88.54, 35.84, 28.34, 106.54, 112.54, 39.54, 18.34, 25.34, 18.34, 18.34, 84.54, 21.34, 50.54, 19.34, 44.54, 105.54, 61.54, 35.84, 15.51, 35.84, 37.84, 21.34, 33.84, 46.54, 24.34, 29.34, 24.34, 110.54, 30.34, 42.54, 31.34, 29.34, 35.84, 13.75, 42.54, 43.54, 38.84, 10.75, 15.51, 25.34, 22.34, 45.54, 31.34, 112.54, 38.84, 35.84, 85.54, 21.34, 38.84, 10.75, 30.34, 40.54, 55.54, 13.75, 55.54, 15.51, 27.34, 54.54, 32.34, 38.84];101.79;[2, 2, 2, 1, 1, 1, 1, 1, 1, 3, 1, 5, 1, 1, 1, 1, 2, 2, 1];4;30;True
80;30;80;3;True;2000;1;0;0;0;0;0;0;100.91048812866211;17.36520504951477;687684.1655255385;682938.9351874122;1867.6539425228889;2877.639999999999;[29.5, 32.5, 43.5, 34.5, 98.5, 14.57, 13.57, 35.5, 54.5, 35.5, 11.58, 22.99, 98.5, 30.5, 17.11, 23.99, 19.53, 17.11, 13.54, 85.5, 18.51, 46.5, 85.5, 15.57, 18.51, 16.79, 72.5, 14.57, 18.51, 98.5, 16.57, 57.5, 40.5, 82.5, 56.5, 33.5, 39.5, 27.5, 26.5, 41.5, 22.99, 60.5, 21.99, 16.79, 25.99, 18.99, 29.5, 53.5, 27.5, 14.57, 21.99, 10.48, 98.5, 45.5, 17.11, 98.5, 10.1, 54.5, 95.5, 48.5, 55.5, 37.5, 22.99, 4.41, 7.54, 25.99, 32.5, 23.99, 2.0, 16.79, 14.57, 16.79, 13.54, 35.5, 23.99, 32.5, 48.5, 64.5, 19.53, 25.99];96.5;[1, 2, 3, 1, 3, 2, 1, 1, 1, 1, 1, 1, 3, 2, 1, 1, 1, 1, 1, 2];2;30;True
80;30;80;4;True;2000;1;0;0;0;0;0;0;94.81360578536987;15.524288415908813;438393.1874042965;433001.1193967757;1511.1418912245435;3881.229999999997;[14.4, 75.85, 12.4, 65.85, 71.85, 98.85, 41.85, 30.85, 16.4, 63.85, 12.4, 66.85, 14.4, 52.85, 92.85, 76.85, 42.85, 59.85, 35.85, 29.85, 54.85, 2.05, 26.85, 36.85, 18.67, 40.85, 77.85, 19.67, 42.85, 34.85, 64.85, 40.85, 97.85, 41.85, 48.85, 84.85, 45.85, 30.85, 48.85, 91.85, 41.85, 21.01, 102.85, 41.85, 43.85, 71.85, 38.85, 26.85, 35.85, 26.01, 37.85, 33.85, 67.85, 18.54, 104.85, 80.85, 43.85, 105.85, 28.85, 13.4, 12.4, 19.67, 42.85, 18.4, 39.85, 74.85, 56.85, 93.85, 32.85, 37.85, 36.85, 90.85, 40.85, 38.85, 26.85, 51.85, 105.85, 49.85, 68.85, 26.01];103.8;[1, 1, 2, 1, 1, 2, 1, 1, 2, 1, 1, 3, 3, 1, 3, 1, 2, 1, 2];2;30;True
80;30;80;5;True;2000;1;0;0;0;0;0;0;95.1256353855133;14.344979524612427;544883.5444680307;540383.1564698629;1604.8825358084782;2895.1500000000024;[38.55, 80.55, 17.55, 24.55, 14.55, 56.55, 47.55, 23.55, 55.55, 12.55, 43.55, 1.0, 14.55, 23.55, 22.55, 77.55, 8.55, 7.55, 25.55, 55.55, 64.55, 54.55, 88.55, 18.55, 3.0, 64.55, 7.0, 26.55, 88.55, 88.55, 19.55, 48.55, 56.55, 25.55, 40.55, 88.55, 7.0, 30.55, 51.55, 17.55, 24.55, 34.55, 16.55, 22.55, 25.55, 7.0, 85.55, 24.55, 31.55, 20.55, 33.55, 19.55, 47.55, 49.55, 11.55, 43.55, 29.55, 24.55, 17.55, 49.55, 88.55, 17.55, 59.55, 43.55, 43.55, 26.55, 53.55, 47.55, 27.55, 34.55, 24.55, 58.55, 25.55, 36.55, 40.55, 2.0, 23.55, 36.55, 7.0, 36.55];87.55;[3, 1, 1, 3, 1, 3, 2, 2, 1, 2, 1, 1, 1, 1, 1, 1, 1, 3, 1];2;30;True
80;30;80;6;True;2000;1;0;0;0;0;0;0;105.45270919799805;18.3026282787323;795188.3597781357;790737.3060829977;1531.6810728357448;2919.230000000005;[32.13, 28.13, 56.13, 80.13, 37.13, 104.13, 29.13, 59.13, 57.13, 15.13, 22.13, 24.13, 37.13, 36.13, 26.13, 7.0, 47.13, 21.13, 26.13, 85.13, 29.13, 32.13, 39.13, 10.0, 85.13, 46.13, 31.13, 19.13, 25.13, 13.13, 26.13, 77.13, 34.13, 43.13, 40.13, 38.13, 40.13, 16.13, 19.13, 46.13, 80.13, 18.13, 17.13, 39.13, 23.13, 27.13, 8.0, 7.0, 22.13, 84.13, 90.13, 9.0, 7.0, 26.13, 42.13, 22.13, 104.13, 20.13, 74.13, 12.13, 17.13, 18.13, 18.13, 20.13, 21.13, 69.13, 28.13, 44.13, 104.13, 37.13, 100.13, 30.13, 3.0, 22.13, 19.13, 11.0, 12.13, 29.13, 30.13, 11.0];101.13;[1, 3, 2, 1, 1, 3, 2, 1, 1, 1, 1, 1, 1, 3, 1, 2, 1, 4];3;30;True
90;30;90;1;True;2000;1;0;0;0;0;0;0;95.71884822845459;22.480509042739868;679483.9400071546;674297.6947382906;1850.882492230113;3335.339999999998;[45.79, 16.08, 21.08, 70.79, 41.03, 26.08, 27.08, 85.79, 45.79, 24.08, 10.21, 29.08, 55.79, 30.08, 50.79, 52.79, 10.21, 24.08, 52.79, 27.08, 48.79, 3.31, 34.08, 33.08, 24.08, 42.03, 17.08, 83.79, 21.08, 33.08, 47.79, 9.21, 28.08, 48.79, 35.08, 68.79, 30.08, 10.75, 14.57, 56.79, 21.08, 53.79, 17.08, 68.79, 13.57, 17.08, 17.08, 80.79, 85.79, 72.79, 19.08, 85.79, 26.08, 10.21, 46.79, 22.08, 48.79, 24.08, 85.79, 24.08, 27.08, 25.08, 60.79, 69.79, 18.08, 45.79, 23.08, 18.08, 11.75, 21.08, 22.08, 85.79, 33.08, 14.57, 4.02, 50.79, 55.79, 25.08, 34.08, 22.08, 43.79, 75.79, 67.79, 25.08, 58.79, 8.28, 15.57, 12.75, 40.08, 42.03];82.48;[1, 3, 1, 2, 1, 3, 3, 3, 2, 2, 1, 1, 2, 2, 1, 2];2;30;True
90;30;90;2;True;2000;1;0;0;0;0;0;0;104.02671194076538;19.167343139648438;513813.45190196997;507663.7257577904;1948.4112337185811;4201.330000000005;[29.34, 83.53, 111.53, 41.34, 28.34, 78.53, 23.34, 15.43, 15.43, 55.53, 20.34, 77.53, 16.43, 43.34, 39.34, 16.43, 10.46, 41.34, 64.53, 17.34, 111.53, 49.53, 37.34, 101.53, 111.53, 68.53, 20.34, 36.34, 20.34, 18.34, 96.53, 27.34, 73.53, 21.34, 57.53, 105.53, 62.53, 40.34, 15.23, 40.34, 69.53, 30.34, 45.53, 58.53, 36.34, 38.34, 36.34, 95.53, 40.34, 56.53, 44.34, 39.34, 50.53, 13.33, 55.53, 47.53, 52.53, 10.41, 16.43, 35.34, 25.34, 56.53, 35.34, 111.53, 52.53, 39.34, 103.53, 21.34, 43.34, 9.26, 40.34, 55.53, 62.53, 15.23, 61.53, 16.43, 38.34, 62.53, 35.34, 43.34, 48.53, 65.53, 21.34, 24.34, 60.53, 43.34, 32.34, 57.53, 14.43, 86.53];102.27;[1, 1, 1, 2, 1, 1, 1, 2, 1, 1, 1, 1, 3, 1, 1, 3, 1, 1, 2, 2, 1, 1];2;30;True
90;30;90;3;True;2000;1;0;0;0;0;0;0;103.55616188049316;22.20916509628296;674272.0253950956;669057.3179385142;1834.2712026489132;3380.7099999999928;[33.49, 41.49, 46.49, 38.49, 51.49, 19.49, 19.49, 39.49, 52.49, 39.49, 12.99, 27.49, 95.49, 35.49, 20.49, 28.49, 22.49, 23.49, 19.49, 62.49, 24.49, 43.49, 85.49, 21.49, 24.49, 22.49, 84.49, 14.56, 21.49, 95.49, 19.49, 53.49, 50.49, 55.49, 71.49, 36.49, 49.49, 32.49, 30.49, 44.49, 26.49, 61.49, 27.49, 22.49, 28.49, 23.49, 33.49, 53.49, 31.49, 19.49, 25.49, 15.52, 33.49, 56.49, 21.49, 69.49, 14.56, 31.49, 95.49, 45.49, 58.49, 41.49, 29.49, 3.45, 7.43, 31.49, 36.49, 28.49, 2.0, 20.49, 20.49, 21.49, 18.49, 39.49, 30.49, 35.49, 49.49, 56.49, 24.49, 31.49, 16.52, 89.49, 95.49, 21.49, 37.49, 12.99, 49.49, 37.49, 49.49, 34.49];93.49;[1, 2, 3, 2, 1, 3, 1, 1, 1, 1, 2, 2, 1, 1, 1, 3, 2, 1, 1];2;30;True
90;30;90;4;True;2000;1;0;0;0;0;0;0;94.38650178909302;15.031358242034912;386045.2058691057;380209.0733679156;1525.6345970812574;4310.779999999996;[12.75, 94.58, 11.75, 57.58, 74.58, 54.58, 46.58, 29.58, 15.58, 67.58, 10.75, 68.58, 11.75, 40.58, 90.58, 30.58, 43.58, 64.58, 34.58, 27.58, 88.58, 2.12, 25.58, 35.58, 16.58, 40.58, 46.58, 18.58, 42.58, 33.58, 68.58, 41.58, 94.58, 43.58, 84.58, 60.58, 52.58, 29.58, 50.58, 79.58, 41.58, 20.58, 101.58, 46.58, 58.58, 64.58, 43.58, 25.58, 35.58, 24.58, 34.58, 32.58, 71.58, 16.58, 101.58, 69.58, 43.58, 47.58, 26.58, 12.75, 10.75, 17.58, 96.58, 15.58, 58.58, 78.58, 81.58, 101.58, 75.58, 36.58, 35.58, 66.58, 40.58, 41.58, 25.58, 50.58, 76.58, 53.58, 95.58, 24.58, 80.58, 72.58, 101.58, 18.58, 62.58, 28.58, 8.43, 47.58, 28.58, 13.75];99.46;[2, 1, 1, 1, 2, 1, 1, 1, 1, 2, 2, 2, 2, 2, 1, 1, 2, 1, 2, 2];1;30;True
90;30;90;5;True;2000;1;0;0;0;0;0;0;85.56554698944092;16.235867738723755;284748.9575389589;279724.60131470487;1635.1017139505834;3389.42;[38.25, 81.25, 17.25, 27.25, 15.25, 59.25, 42.25, 24.25, 58.25, 13.33, 37.25, 1.0, 15.25, 24.25, 31.25, 81.25, 10.55, 9.55, 26.25, 57.25, 52.25, 68.25, 81.25, 18.25, 3.0, 81.25, 8.09, 26.25, 80.25, 81.25, 21.25, 51.25, 54.25, 27.25, 42.25, 73.25, 7.09, 28.25, 81.25, 17.25, 25.25, 66.25, 17.25, 23.25, 26.25, 8.09, 34.25, 30.25, 28.25, 21.25, 25.25, 20.25, 61.25, 52.25, 13.05, 43.25, 34.25, 21.25, 17.25, 50.25, 59.25, 20.25, 64.25, 46.25, 45.25, 28.25, 56.25, 62.25, 30.25, 35.25, 27.25, 63.25, 27.25, 38.25, 41.25, 2.0, 24.25, 37.25, 8.09, 38.25, 81.25, 74.25, 35.25, 4.0, 26.25, 62.25, 81.25, 29.25, 14.33, 34.25];80.25;[1, 1, 1, 2, 1, 1, 3, 1, 2, 1, 1, 1, 1, 1, 1, 1, 2, 2, 1, 3, 1, 1];2;30;True
90;30;90;6;True;2000;1;0;0;0;0;0;0;109.0382559299469;19.95488739013672;755843.4267134916;751216.7717284177;1544.2834890993242;3082.540000000001;[33.45, 28.45, 72.17, 55.17, 35.95, 36.95, 30.45, 53.17, 58.17, 15.96, 23.12, 24.45, 54.17, 30.45, 26.45, 7.57, 43.41, 22.12, 26.45, 29.45, 30.45, 32.45, 38.41, 11.96, 87.17, 33.45, 30.45, 20.26, 26.45, 14.96, 27.45, 43.41, 30.45, 43.41, 40.41, 33.45, 52.17, 16.96, 20.54, 47.17, 99.17, 18.96, 17.96, 39.41, 24.12, 28.45, 10.96, 9.96, 22.12, 98.17, 47.17, 9.33, 9.33, 26.45, 45.17, 23.12, 77.17, 21.54, 36.95, 13.96, 18.96, 19.26, 20.26, 21.54, 22.12, 64.17, 29.45, 58.17, 65.17, 37.41, 96.17, 31.45, 2.0, 23.12, 21.54, 11.96, 13.96, 29.45, 28.45, 11.96, 60.17, 65.17, 59.17, 25.45, 24.12, 39.41, 17.96, 9.96, 11.96, 74.17];97.17;[2, 1, 1, 1, 2, 1, 1, 3, 1, 2, 2, 1, 1, 1, 5, 1, 1, 1, 2];4;30;True
100;30;100;1;True;2000;1;0;0;0;0;0;0;89.8598461151123;25.47998857498169;518488.8134902823;512978.3461362632;1816.9942110579184;3693.7599999999966;[48.33, 15.79, 19.79, 80.33, 43.33, 26.33, 28.33, 80.33, 45.33, 23.79, 10.79, 31.33, 80.33, 31.33, 51.33, 54.33, 11.79, 23.79, 54.33, 30.33, 50.33, 3.39, 37.33, 30.33, 24.33, 43.33, 17.79, 30.33, 19.79, 34.33, 46.33, 11.16, 28.33, 33.33, 35.33, 69.33, 31.33, 12.79, 14.79, 58.33, 20.79, 57.33, 16.79, 53.33, 14.79, 17.79, 17.79, 80.33, 80.33, 67.33, 17.79, 48.33, 25.33, 11.16, 47.33, 21.79, 52.33, 22.79, 80.33, 23.79, 29.33, 25.33, 62.33, 80.33, 18.79, 47.33, 21.79, 18.79, 13.79, 19.79, 21.79, 64.33, 34.33, 15.79, 3.84, 56.33, 60.33, 34.33, 41.33, 20.79, 80.33, 62.33, 64.33, 25.33, 57.33, 8.79, 16.79, 13.79, 40.33, 58.33, 13.79, 7.22, 10.79, 80.33, 13.79, 45.33, 35.33, 80.33, 22.79, 64.33];76.94;[2, 2, 3, 2, 1, 2, 2, 2, 1, 1, 2, 1, 2, 3, 1, 2, 1];2;30;True
100;30;100;2;True;2000;1;0;0;0;0;0;0;134.60138416290283;24.444783449172974;701562.3015375214;695034.5447413366;1975.4197369732601;4552.38;[30.65, 78.1, 85.1, 35.59, 29.65, 70.1, 25.96, 18.06, 17.06, 53.1, 23.03, 72.1, 19.06, 43.1, 34.59, 17.06, 11.81, 35.59, 59.1, 21.06, 84.1, 44.1, 35.59, 112.1, 140.1, 67.1, 24.96, 33.59, 23.96, 19.06, 88.1, 26.96, 53.1, 23.03, 54.1, 94.1, 61.1, 39.1, 16.77, 40.1, 65.1, 27.96, 40.1, 51.1, 32.59, 35.59, 32.59, 90.1, 41.1, 50.1, 37.59, 35.59, 47.1, 14.34, 49.1, 46.1, 46.1, 11.81, 18.06, 32.59, 26.96, 43.1, 34.59, 129.1, 46.1, 38.59, 81.1, 23.03, 41.1, 10.81, 36.59, 55.1, 60.1, 15.78, 60.1, 19.06, 35.59, 60.1, 35.59, 42.1, 44.1, 64.1, 23.96, 25.96, 79.1, 41.1, 29.65, 55.1, 16.77, 64.1, 52.1, 81.1, 34.59, 15.78, 49.1, 55.1, 79.1, 33.59, 109.1, 38.59];129.29;[1, 1, 1, 1, 1, 3, 1, 1, 1, 1, 3, 1, 1, 3, 1, 1, 2, 1, 1, 1, 1, 2];2;30;True
100;30;100;3;True;2000;1;0;0;0;0;0;0;109.01046800613403;23.234736919403076;832696.2219080151;827729.2637972113;1887.1479304962666;3080.0100000000043;[27.69, 35.69, 39.69, 30.69, 86.69, 12.69, 12.69, 33.69, 45.69, 33.69, 10.69, 21.69, 84.69, 29.69, 16.69, 22.69, 18.69, 16.69, 12.69, 46.69, 18.69, 36.69, 86.69, 14.69, 17.69, 16.69, 65.69, 13.69, 18.69, 39.69, 16.69, 41.69, 37.69, 43.69, 49.69, 32.69, 49.69, 25.69, 22.69, 40.69, 21.69, 57.69, 20.69, 15.69, 25.69, 18.69, 28.69, 41.69, 26.69, 13.69, 20.69, 9.69, 29.69, 43.69, 16.69, 55.69, 8.69, 35.69, 72.69, 37.69, 50.69, 35.69, 21.69, 3.03, 6.69, 25.69, 30.69, 21.69, 1.0, 16.69, 13.69, 15.69, 12.69, 33.69, 23.69, 29.69, 40.69, 48.69, 17.69, 25.69, 11.69, 85.69, 86.69, 14.69, 31.69, 11.69, 40.69, 22.69, 43.69, 26.69, 86.69, 58.69, 19.69, 37.69, 6.05, 9.69, 19.69, 21.69, 24.69, 12.69];85.69;[1, 1, 1, 2, 1, 3, 3, 2, 1, 1, 1, 1, 2, 1, 1, 4, 1, 3];3;30;True
100;30;100;4;True;2000;1;0;0;0;0;0;0;106.20449423789978;21.690667867660522;605874.6634118285;599841.8835673071;1532.5487687079503;4500.010000000001;[11.57, 82.5, 10.18, 55.5, 72.5, 32.5, 41.5, 27.31, 14.94, 78.5, 9.62, 106.5, 11.18, 39.5, 72.5, 60.5, 40.5, 60.5, 32.5, 27.31, 45.5, 2.5, 23.31, 34.5, 16.94, 39.5, 40.5, 17.94, 41.5, 32.5, 65.5, 36.5, 71.5, 38.5, 83.5, 55.5, 44.5, 27.31, 47.5, 82.5, 39.5, 20.48, 106.5, 40.5, 46.5, 56.5, 77.5, 25.31, 33.5, 24.31, 34.5, 31.5, 69.5, 16.94, 63.5, 58.5, 42.5, 42.5, 26.31, 12.26, 10.18, 16.94, 99.5, 14.94, 30.5, 89.5, 56.5, 93.5, 29.31, 36.5, 35.5, 78.5, 39.5, 36.5, 25.31, 66.5, 72.5, 49.5, 106.5, 24.31, 68.5, 62.5, 86.5, 17.94, 60.5, 27.31, 6.37, 45.5, 26.31, 12.96, 89.5, 27.31, 34.5, 18.95, 90.5, 22.53, 40.5, 25.31, 30.31, 90.5];104.0;[2, 2, 2, 1, 2, 2, 1, 1, 2, 3, 1, 1, 1, 1, 1, 2, 2, 1, 1, 1];2;30;True
100;30;100;5;True;2000;1;0;0;0;0;0;0;71.88409566879272;23.055257320404053;297192.1055281836;291332.3202391364;1608.5325063037246;4251.129999999999;[42.23, 69.23, 25.29, 32.23, 16.29, 63.23, 44.23, 26.29, 62.23, 20.29, 44.23, 1.0, 17.29, 31.23, 32.23, 69.23, 12.37, 11.36, 34.23, 61.23, 67.23, 63.23, 69.23, 22.29, 3.0, 52.23, 8.43, 28.29, 53.23, 69.23, 29.23, 56.23, 61.23, 37.23, 47.23, 69.23, 8.43, 37.23, 69.23, 24.29, 28.29, 63.23, 25.29, 29.08, 34.23, 8.43, 43.23, 36.23, 57.23, 28.29, 36.23, 22.29, 69.23, 58.23, 14.33, 47.23, 47.23, 29.23, 24.29, 51.23, 65.23, 28.29, 69.23, 52.23, 50.23, 32.23, 61.23, 38.23, 37.23, 40.23, 37.23, 68.23, 35.23, 42.23, 45.23, 2.0, 31.23, 42.23, 8.43, 42.23, 69.23, 69.23, 69.23, 4.13, 30.23, 67.23, 69.23, 38.23, 22.29, 41.23, 38.23, 69.23, 69.23, 56.23, 42.23, 69.23, 69.23, 69.23, 59.23, 55.23];68.23;[1, 2, 1, 4, 1, 1, 1, 1, 1, 1, 2, 1, 1, 1, 1, 2, 2, 1, 1, 1, 1, 1, 1];3;30;True
100;30;100;6;True;2000;1;0;0;0;0;0;0;107.55354356765747;23.64333176612854;895623.2230857745;889992.8518818349;1524.8853738273954;4105.730000000004;[39.85, 31.01, 79.84, 62.84, 43.37, 51.84, 33.01, 66.84, 58.84, 17.71, 24.9, 27.9, 49.37, 41.85, 29.01, 8.33, 50.84, 32.01, 30.01, 44.37, 48.37, 36.01, 46.37, 13.71, 67.84, 50.84, 43.37, 22.9, 27.9, 17.71, 35.01, 50.84, 41.85, 49.37, 46.37, 43.37, 58.84, 21.9, 26.9, 54.84, 100.84, 20.01, 20.01, 41.85, 36.01, 34.01, 10.71, 10.71, 29.01, 100.84, 54.84, 9.71, 9.71, 29.01, 51.84, 30.01, 65.84, 24.9, 65.84, 15.71, 22.9, 21.9, 26.9, 24.9, 34.01, 71.84, 37.85, 49.37, 100.84, 40.85, 100.84, 36.85, 2.8, 36.85, 29.01, 13.71, 15.71, 43.37, 34.01, 13.71, 56.84, 77.84, 78.84, 32.01, 34.01, 47.37, 23.9, 10.71, 13.71, 74.84, 16.71, 56.84, 6.85, 55.84, 32.01, 59.84, 97.84, 81.84, 50.84, 49.37];98.04;[2, 1, 1, 1, 1, 1, 3, 1, 2, 1, 2, 3, 2, 1, 1, 1, 1, 3, 2];2;30;True
10;40;10;1;True;2000;1;0;0;0;0;0;0;113.84063863754272;0.875267505645752;2819274.8117111637;2814948.813824996;2392.790143643439;1933.1999999999996;[193.32, 193.32, 193.32, 193.32, 193.32, 193.32, 193.32, 193.32, 193.32, 193.32];0.0;[6, 4, 3, 1, 7, 3, 4, 1, 8, 3];7;40;True
10;40;10;2;True;2000;1;0;0;0;0;0;0;135.00055623054504;0.814389705657959;1850250.1187783324;1845730.177025468;2566.3296398832385;1953.6000000000004;[133.66, 194.66, 161.66, 232.66, 163.66, 232.66, 189.66, 232.66, 179.66, 232.66];99.0;[2, 3, 6, 6, 7, 2, 6, 3, 5];5;40;True
10;40;10;3;True;2000;1;0;0;0;0;0;0;109.60262513160706;0.8282828330993652;2056736.650054438;2052616.060271257;2306.944505917671;1813.6;[167.76, 184.76, 184.76, 184.76, 184.76, 167.76, 184.76, 184.76, 184.76, 184.76];17.0;[1, 4, 4, 3, 5, 3, 5, 4, 3, 8];7;40;True
10;40;10;4;True;2000;1;0;0;0;0;0;0;104.40827798843384;0.8505098819732666;1864375.638750398;1860392.8020627492;2315.2168943756883;1667.6;[152.76, 173.76, 173.76, 168.76, 173.76, 173.76, 173.76, 173.76, 129.76, 173.76];44.0;[4, 6, 4, 3, 2, 6, 5, 4, 3, 3];4;40;True
10;40;10;5;True;2000;1;0;0;0;0;0;0;87.64289617538452;0.7773640155792236;1406454.406784362;1402530.750917366;2481.2125508790627;1442.4800000000002;[145.65, 145.65, 137.63, 145.65, 145.65, 145.65, 145.65, 139.65, 145.65, 145.65];8.02000000000001;[4, 4, 5, 3, 4, 4, 4, 4, 3, 5];2;40;True
10;40;10;6;True;2000;1;0;0;0;0;0;0;111.62540698051453;0.7183778285980225;1241701.763521757;1237737.8724247348;2299.678228638143;1664.19;[174.52, 118.51, 163.52, 186.52, 148.52, 186.52, 144.52, 186.52, 186.52, 168.52];68.01;[6, 2, 2, 4, 4, 4, 3, 4, 5, 6];4;40;True
20;40;20;1;True;2000;1;0;0;0;0;0;0;92.55786156654358;2.059433937072754;1041912.6102619568;1037083.6507948089;2369.0182167307175;2459.9199999999996;[141.06, 80.94, 113.06, 141.06, 141.06, 119.06, 141.06, 138.06, 141.06, 91.94, 73.26, 112.06, 141.06, 127.06, 100.94, 141.06, 92.94, 141.06, 141.06, 141.06];67.8;[2, 1, 2, 2, 2, 5, 3, 4, 1, 1, 1, 4, 1, 1, 1, 4, 3, 2];4;40;True
20;40;20;2;True;2000;1;0;0;0;0;0;0;127.54797530174255;2.0629804134368896;835751.5483109924;830578.3514020512;2581.6528720714455;2591.6;[119.93, 176.93, 196.93, 142.93, 112.93, 202.93, 119.93, 97.93, 98.93, 136.93, 82.93, 154.93, 90.93, 140.93, 104.93, 99.93, 74.93, 126.93, 202.93, 105.93];128.0;[1, 4, 2, 3, 1, 4, 1, 1, 4, 3, 3, 1, 2, 2, 1, 1, 3, 2, 1];3;40;True
20;40;20;3;True;2000;1;0;0;0;0;0;0;77.39637207984924;1.7846119403839111;418454.23549968685;414131.2718482032;2294.34741109591;2028.5800000000002;[116.16, 116.16, 116.16, 116.16, 116.16, 62.89, 77.74, 116.16, 116.16, 116.16, 49.89, 90.79, 116.16, 111.79, 96.79, 116.16, 65.98, 116.16, 78.79, 116.16];66.27;[2, 2, 1, 4, 3, 1, 3, 1, 2, 3, 1, 2, 1, 2, 1, 1, 1, 2, 3, 4];3;40;True
20;40;20;4;True;2000;1;0;0;0;0;0;0;122.81142163276672;2.0710980892181396;978705.0731611045;973653.6147396716;2210.73372966821;2840.76;[80.1, 178.71, 104.1, 123.71, 132.71, 176.71, 144.71, 132.71, 108.71, 167.71, 74.1, 144.71, 93.1, 163.71, 193.71, 177.71, 162.71, 193.71, 169.71, 117.71];119.61000000000001;[2, 3, 2, 1, 1, 1, 1, 2, 1, 2, 2, 4, 3, 5, 3, 2, 3, 2];4;40;True
20;40;20;5;True;2000;1;0;0;0;0;0;0;92.2037787437439;2.235870122909546;880187.1783833151;875245.47670227;2390.721364892252;2550.98;[126.41, 141.41, 141.41, 141.41, 81.3, 141.41, 141.41, 107.41, 141.41, 123.41, 141.41, 87.3, 107.41, 141.41, 141.41, 141.41, 102.41, 141.41, 141.41, 118.41];60.11;[5, 4, 1, 2, 1, 3, 1, 1, 2, 3, 1, 2, 2, 3, 3, 2, 3, 1];4;40;True
20;40;20;6;True;2000;1;0;0;0;0;0;0;88.71940660476685;1.723905324935913;601577.2979212465;597138.6429254498;2257.628599840292;2181.0600000000004;[133.7, 108.7, 131.7, 133.7, 114.7, 133.7, 104.7, 133.7, 133.7, 71.22, 73.22, 85.64, 133.7, 123.7, 81.32, 66.22, 108.7, 85.64, 96.7, 126.7];67.47999999999999;[2, 1, 2, 1, 4, 4, 3, 4, 2, 1, 3, 3, 1, 2, 3, 1, 3];3;40;True
30;40;30;1;True;2000;1;0;0;0;0;0;0;85.31473922729492;4.219103813171387;727496.8700683615;722593.4018967212;2346.1571115716242;2557.290000000001;[111.01, 45.38, 55.38, 111.01, 107.01, 64.16, 72.01, 111.01, 75.01, 55.38, 58.38, 98.01, 101.01, 77.01, 104.01, 111.01, 41.38, 73.01, 111.01, 106.01, 111.01, 39.54, 102.01, 85.01, 111.01, 98.01, 64.56, 68.92, 111.01, 78.01];71.47;[4, 1, 3, 1, 3, 1, 2, 1, 3, 4, 2, 2, 2, 3, 2, 3, 1, 2];3;40;True
30;40;30;2;True;2000;1;0;0;0;0;0;0;95.39015316963196;3.663257598876953;506470.65109350276;501199.3824173261;2588.0450476705155;2683.3599999999988;[78.6, 127.6, 127.6, 99.6, 83.6, 127.6, 74.6, 56.6, 75.6, 127.6, 57.6, 127.6, 61.6, 101.6, 97.6, 96.6, 34.78, 114.6, 127.6, 43.78, 119.6, 83.6, 72.6, 110.6, 99.6, 78.6, 73.6, 84.6, 61.6, 56.6];92.82;[4, 2, 1, 1, 3, 1, 2, 2, 2, 2, 1, 3, 3, 3, 1, 4, 1, 2, 1, 1];3;40;True
30;40;30;3;True;2000;1;0;0;0;0;0;0;91.35322451591492;4.091148376464844;629120.7383406409;624206.7350428831;2282.0914180401483;2631.859999999999;[103.7, 92.7, 92.7, 122.04, 122.04, 56.7, 41.18, 87.7, 103.7, 122.04, 36.13, 84.7, 122.04, 121.04, 67.7, 92.7, 48.21, 83.7, 54.7, 122.04, 68.7, 116.04, 109.7, 53.7, 76.7, 88.7, 122.04, 31.08, 65.7, 122.04];90.96000000000001;[1, 1, 3, 2, 1, 3, 2, 3, 2, 1, 1, 3, 1, 1, 3, 2, 1, 1, 2, 6];5;40;True
30;40;30;4;True;2000;1;0;0;0;0;0;0;124.71459174156189;4.351856231689453;1127620.3470675652;1122311.4589091984;2247.6513294173537;3061.150000000001;[85.05, 119.05, 59.73, 102.05, 130.05, 109.05, 157.05, 143.05, 59.73, 166.05, 42.42, 97.05, 51.64, 123.05, 121.05, 166.05, 82.05, 106.05, 109.05, 71.05, 166.05, 38.02, 150.05, 104.05, 90.05, 85.05, 119.05, 56.73, 84.05, 67.73];128.03;[1, 3, 1, 2, 1, 1, 2, 1, 1, 2, 2, 2, 2, 2, 2, 2, 4, 1, 1, 1, 3, 1, 2];3;40;True
30;40;30;5;True;2000;1;0;0;0;0;0;0;95.95782589912415;4.295599460601807;749988.2780887423;744773.7152628505;2375.2553865938758;2839.190000000001;[86.19, 129.19, 77.19, 118.19, 53.25, 129.19, 104.19, 69.19, 108.19, 72.19, 123.19, 3.0, 73.19, 104.19, 79.19, 129.19, 76.19, 50.25, 129.19, 129.19, 92.19, 129.19, 129.19, 81.19, 42.25, 129.19, 59.69, 74.19, 129.19, 129.19];126.19;[1, 1, 1, 1, 2, 1, 1, 2, 2, 3, 3, 1, 3, 1, 3, 2, 1, 1, 3, 3, 4];3;40;True
30;40;30;6;True;2000;1;0;0;0;0;0;0;99.67376637458801;3.580927610397339;529730.2258523382;525107.6084167649;2236.149482198163;2386.3500000000013;[77.67, 66.67, 123.67, 84.67, 79.67, 109.67, 88.67, 93.67, 127.67, 37.53, 46.53, 57.67, 127.67, 77.67, 80.67, 22.76, 127.67, 54.67, 69.67, 127.67, 62.67, 75.67, 80.67, 40.53, 127.67, 89.67, 96.67, 46.53, 32.53, 51.53];104.91;[2, 1, 2, 4, 2, 3, 1, 1, 3, 3, 1, 1, 1, 2, 1, 1, 4, 3, 2, 2];3;40;True
40;40;40;1;True;2000;1;0;0;0;0;0;0;98.40540361404419;5.913152456283569;574604.1867791482;569419.3711581891;2342.2692004748637;2842.6399999999985;[117.35, 30.05, 34.05, 117.35, 117.35, 40.35, 51.35, 117.35, 71.35, 38.05, 37.05, 62.35, 88.35, 54.35, 77.35, 90.35, 40.35, 48.35, 117.35, 59.35, 69.35, 4.1, 115.35, 72.35, 97.35, 51.35, 39.35, 117.35, 68.35, 96.35, 63.35, 20.04, 94.35, 114.35, 63.35, 91.35, 117.35, 20.05, 36.05, 81.35];113.25;[3, 1, 3, 1, 2, 1, 1, 1, 1, 3, 1, 2, 1, 1, 2, 1, 2, 2, 1, 2, 1, 2, 1, 2, 2];2;40;True
40;40;40;2;True;2000;1;0;0;0;0;0;0;123.93255949020386;7.11586332321167;967398.6677913786;962166.1923375081;2560.6365737455385;2671.900000000002;[85.15, 91.15, 77.15, 71.15, 42.15, 112.15, 43.15, 29.15, 19.05, 96.15, 31.15, 127.15, 42.15, 68.15, 80.15, 34.15, 14.15, 45.15, 81.15, 26.15, 148.15, 61.15, 75.15, 131.15, 114.15, 61.15, 34.15, 52.15, 31.15, 23.15, 77.15, 47.15, 71.15, 44.15, 76.15, 148.15, 103.15, 84.15, 16.15, 57.15];134.0;[1, 1, 3, 2, 2, 1, 2, 1, 1, 1, 2, 1, 1, 2, 4, 2, 1, 2, 2, 3, 4, 1];3;40;True
40;40;40;3;True;2000;1;0;0;0;0;0;0;91.14439153671265;5.486518383026123;629346.6277993465;624259.4027292898;2306.39799464394;2780.84;[56.32, 82.73, 77.94, 115.73, 111.73, 33.99, 35.99, 56.32, 100.73, 57.32, 19.99, 49.33, 115.73, 78.94, 42.37, 60.32, 33.99, 58.32, 33.99, 115.73, 45.33, 75.94, 115.73, 38.32, 51.33, 30.99, 115.73, 15.99, 51.33, 93.73, 46.33, 93.73, 104.73, 75.94, 82.73, 58.32, 88.73, 88.73, 87.73, 81.94];99.74000000000001;[1, 1, 2, 1, 1, 1, 1, 3, 1, 1, 1, 1, 1, 1, 2, 3, 1, 4, 2, 1, 4, 1, 1, 1, 1, 1, 1];3;40;True
40;40;40;4;True;2000;1;0;0;0;0;0;0;114.56790781021118;5.866335868835449;753464.8474130572;747966.4281118712;2319.0058270226177;3179.3999999999987;[42.35, 90.64, 36.35, 75.64, 90.64, 151.64, 77.64, 62.83, 29.43, 105.64, 22.43, 124.64, 27.43, 85.64, 108.64, 125.64, 92.64, 81.64, 75.64, 65.83, 151.64, 3.41, 48.35, 56.29, 40.35, 49.35, 104.64, 36.98, 60.29, 49.35, 112.64, 112.64, 111.64, 144.64, 94.64, 116.64, 62.83, 60.83, 77.64, 111.64];148.23;[1, 2, 1, 4, 2, 1, 1, 2, 2, 1, 2, 1, 1, 2, 2, 1, 2, 3, 3, 2, 1, 1, 2];3;40;True
40;40;40;5;True;2000;1;0;0;0;0;0;0;104.22396087646484;6.328051567077637;806476.0823229394;801080.1242097476;2407.920409669993;2987.9900000000002;[56.58, 79.36, 65.36, 73.36, 31.38, 125.36, 101.36, 35.53, 105.36, 45.58, 66.36, 3.0, 42.58, 59.36, 55.58, 125.36, 31.38, 34.13, 57.58, 79.36, 125.36, 125.36, 125.36, 52.58, 4.83, 125.36, 13.88, 45.58, 125.36, 125.36, 82.36, 85.36, 125.36, 93.36, 66.36, 125.36, 10.58, 98.36, 99.36, 58.58];122.36;[2, 1, 1, 2, 1, 1, 1, 1, 1, 1, 1, 1, 1, 2, 2, 1, 1, 2, 3, 2, 1, 1, 1, 1, 3, 3, 2];2;40;True
40;40;40;6;True;2000;1;0;0;0;0;0;0;120.83396100997925;6.886886119842529;940489.635115703;935181.4043483771;2252.286827769025;3055.9299999999994;[72.22, 47.7, 120.22, 113.22, 75.22, 121.22, 94.22, 106.22, 83.22, 22.33, 29.33, 44.36, 60.22, 51.7, 39.36, 11.43, 99.22, 45.36, 57.22, 120.22, 88.22, 154.22, 67.22, 32.36, 153.22, 105.22, 97.22, 37.36, 34.36, 33.36, 41.36, 127.22, 105.22, 76.22, 70.22, 81.22, 154.22, 45.36, 51.7, 86.22];142.79;[2, 2, 2, 3, 1, 2, 1, 3, 1, 1, 2, 2, 1, 1, 1, 2, 1, 1, 2, 2, 1, 4, 2];3;40;True
50;40;50;1;True;2000;1;0;0;0;0;0;0;90.32165884971619;10.15936017036438;833315.4501637275;828213.2197002289;2337.0142023043627;2765.2799999999997;[93.1, 26.17, 29.29, 93.1, 72.1, 35.55, 37.55, 93.1, 52.9, 48.55, 13.52, 48.55, 83.1, 67.14, 73.1, 79.1, 17.54, 35.55, 93.1, 68.1, 66.14, 4.24, 63.14, 39.55, 54.9, 53.9, 23.17, 93.1, 38.55, 86.1, 52.9, 16.54, 48.55, 93.1, 42.55, 93.1, 63.14, 17.54, 23.17, 93.1, 33.55, 74.1, 27.23, 54.9, 25.17, 24.17, 24.17, 93.1, 93.1, 89.1];88.86;[4, 3, 2, 2, 1, 1, 1, 2, 2, 3, 1, 1, 1, 2, 3, 1, 1, 3, 3, 1, 1, 1];3;40;True
50;40;50;2;True;2000;1;0;0;0;0;0;0;126.39373016357422;9.915337800979614;1121269.8571241593;1115796.7590522035;2455.005701158808;3018.1900000000005;[30.41, 80.52, 76.52, 73.52, 37.41, 116.52, 40.98, 18.11, 18.11, 103.52, 31.41, 93.52, 19.11, 48.13, 45.13, 18.11, 11.11, 99.52, 70.52, 19.93, 149.52, 59.52, 48.13, 124.52, 87.52, 57.52, 22.93, 46.13, 21.93, 19.11, 102.52, 34.41, 72.52, 22.93, 66.52, 133.52, 125.52, 52.52, 15.11, 64.52, 51.52, 30.41, 62.52, 73.52, 39.98, 54.52, 49.13, 126.52, 55.52, 95.52];138.41000000000003;[1, 1, 3, 2, 1, 1, 2, 2, 4, 3, 3, 1, 1, 2, 1, 4, 1, 1, 1, 1, 1, 3];3;40;True
50;40;50;3;True;2000;1;0;0;0;0;0;0;106.99122738838196;9.688252210617065;853461.8136288845;848754.2576039606;2263.047318801679;2444.369999999999;[56.18, 54.18, 51.18, 62.18, 75.18, 21.18, 20.18, 45.18, 90.18, 52.18, 13.62, 34.18, 111.18, 38.18, 21.18, 43.18, 23.18, 47.18, 20.18, 111.18, 26.18, 44.18, 100.18, 24.18, 32.18, 25.18, 71.18, 15.02, 21.18, 108.18, 20.18, 81.18, 68.18, 60.18, 94.18, 42.18, 54.18, 43.18, 92.18, 45.18, 27.18, 70.18, 35.18, 25.18, 29.18, 24.18, 36.18, 83.18, 35.18, 19.27];97.56;[1, 2, 1, 2, 2, 3, 1, 3, 2, 1, 1, 2, 3, 3, 2, 4, 1, 2, 1, 1, 1, 1];3;40;True
50;40;50;4;True;2000;1;0;0;0;0;0;0;102.40597319602966;10.548628091812134;1034202.3269002913;1029150.4378537625;2229.790435069434;2822.0199999999995;[16.87, 73.11, 13.0, 55.11, 69.11, 37.11, 44.11, 40.11, 17.76, 94.11, 14.0, 99.11, 15.87, 56.11, 102.11, 97.11, 71.11, 67.11, 56.11, 29.11, 107.11, 3.41, 25.87, 40.11, 21.63, 40.11, 71.11, 19.77, 52.11, 42.11, 83.11, 68.11, 84.11, 62.11, 77.11, 71.11, 44.11, 48.11, 62.11, 92.11, 54.11, 22.68, 96.11, 107.11, 93.11, 57.11, 107.11, 27.87, 45.11, 28.11];103.7;[2, 1, 1, 2, 1, 1, 3, 2, 1, 3, 2, 1, 1, 1, 1, 1, 2, 2, 2, 1, 1, 2, 1, 5];4;40;True
50;40;50;5;True;2000;1;0;0;0;0;0;0;108.42010450363159;9.835310220718384;1005134.5225726388;999742.6346537722;2371.8093235335473;3020.030000000002;[44.28, 75.28, 30.83, 35.83, 20.53, 97.28, 60.28, 31.83, 79.28, 28.83, 123.28, 3.0, 24.53, 46.28, 42.28, 102.28, 19.53, 18.53, 44.28, 68.28, 123.28, 96.28, 123.28, 28.83, 4.83, 111.28, 13.32, 33.83, 123.28, 119.28, 64.28, 73.28, 100.28, 75.28, 55.28, 106.28, 11.89, 51.28, 76.28, 40.28, 46.28, 83.28, 45.28, 42.28, 65.28, 14.09, 103.28, 106.28, 44.28, 41.28];120.28;[2, 3, 1, 3, 1, 2, 1, 4, 1, 2, 3, 2, 1, 1, 1, 3, 2, 1, 1, 2, 1, 2];3;40;True
50;40;50;6;True;2000;1;0;0;0;0;0;0;117.32417678833008;11.114959239959717;1180361.5422529788;1175338.7857878099;2259.7293124085377;2762.9500000000007;[57.78, 31.67, 75.78, 89.78, 58.78, 91.78, 33.67, 55.78, 78.78, 18.79, 25.8, 36.67, 70.78, 54.78, 29.8, 8.31, 70.78, 31.67, 40.67, 123.78, 45.67, 38.67, 50.78, 16.75, 120.78, 106.78, 72.78, 25.8, 28.8, 19.79, 32.67, 71.78, 72.78, 127.78, 50.78, 49.78, 128.78, 24.8, 39.67, 66.78, 98.78, 21.79, 21.79, 41.67, 89.78, 32.67, 15.54, 14.54, 63.78, 84.78];120.47;[2, 1, 3, 2, 1, 1, 2, 4, 2, 4, 2, 1, 1, 2, 1, 3, 1, 1, 2, 1, 2, 1];3;40;True
60;40;60;1;True;2000;1;0;0;0;0;0;0;97.93521189689636;13.219489812850952;901842.1923458038;896589.2349555604;2348.2363447063376;2904.6700000000023;[92.44, 22.36, 25.44, 82.44, 67.44, 33.44, 34.44, 96.44, 48.44, 30.44, 12.38, 37.44, 96.44, 41.44, 61.44, 69.44, 16.03, 38.44, 60.44, 69.44, 53.44, 4.01, 60.44, 49.44, 35.44, 48.44, 20.56, 50.44, 26.44, 55.44, 47.44, 15.03, 34.44, 96.44, 50.44, 70.44, 91.44, 16.03, 19.51, 71.44, 23.14, 85.44, 22.36, 54.44, 19.56, 21.38, 21.05, 67.44, 96.44, 86.44, 23.44, 54.44, 31.44, 15.03, 51.44, 27.44, 76.44, 51.44, 93.44, 29.44];92.42999999999999;[2, 1, 3, 3, 2, 1, 1, 3, 1, 3, 2, 1, 2, 2, 2, 1, 3, 2, 1, 1, 1, 2];2;40;True
60;40;60;2;True;2000;1;0;0;0;0;0;0;119.29248833656311;13.91794204711914;1171636.5645692556;1166263.3328246055;2580.7277617034115;2792.3600000000015;[28.8, 78.8, 60.8, 79.8, 27.8, 119.8, 23.8, 16.63, 15.63, 71.8, 19.8, 83.8, 17.63, 40.8, 29.8, 16.63, 12.52, 37.8, 63.8, 17.8, 62.8, 41.8, 45.8, 119.8, 81.8, 81.8, 19.8, 28.8, 18.8, 18.8, 101.8, 21.8, 56.8, 20.8, 46.8, 119.8, 99.8, 35.8, 15.63, 50.8, 31.8, 22.8, 37.8, 52.8, 27.8, 30.8, 30.8, 97.8, 48.8, 67.8, 38.8, 42.8, 48.8, 14.63, 76.8, 44.8, 60.8, 10.63, 17.63, 33.8];109.17;[1, 1, 3, 1, 2, 1, 1, 2, 1, 3, 3, 1, 3, 2, 4, 3, 1, 1, 1, 1, 1, 2, 1];3;40;True
60;40;60;3;True;2000;1;0;0;0;0;0;0;107.92422556877136;16.427890062332153;880393.9157694529;875367.7727469496;2305.165397884648;2720.970000000001;[46.11, 47.55, 48.55, 72.55, 51.55, 18.3, 17.61, 42.94, 51.55, 44.1, 13.09, 27.28, 109.55, 37.94, 20.3, 32.94, 22.3, 43.1, 17.61, 85.55, 27.28, 46.11, 109.55, 20.3, 22.89, 21.3, 99.55, 14.82, 20.3, 105.55, 19.3, 56.55, 64.55, 75.55, 60.55, 35.94, 60.55, 36.94, 31.94, 44.1, 25.26, 61.55, 28.28, 21.3, 27.28, 22.3, 34.94, 85.55, 30.64, 17.61, 25.26, 14.82, 71.55, 50.55, 20.3, 97.55, 13.93, 109.55, 91.55, 47.11];96.46;[1, 1, 2, 1, 1, 2, 3, 2, 2, 3, 1, 1, 3, 2, 1, 2, 1, 2, 2, 3, 2, 1, 1];2;40;True
60;40;60;4;True;2000;1;0;0;0;0;0;0;116.47188878059387;12.917009115219116;1068239.2036987068;1062942.120880323;2304.843234619993;2992.4099999999994;[15.14, 72.14, 13.81, 53.14, 65.14, 33.14, 99.14, 27.14, 17.14, 105.14, 12.82, 60.14, 15.14, 54.14, 79.14, 65.14, 48.14, 67.14, 37.14, 25.14, 107.14, 2.8, 24.14, 40.14, 17.14, 39.14, 87.14, 19.14, 48.14, 32.14, 55.14, 116.14, 90.14, 45.14, 53.14, 43.14, 44.14, 29.14, 68.14, 70.14, 38.14, 21.14, 98.14, 36.14, 70.14, 57.14, 44.14, 26.14, 65.14, 25.14, 50.14, 30.14, 79.14, 18.14, 90.14, 61.14, 41.14, 104.14, 26.14, 14.14];113.34;[1, 1, 3, 2, 2, 2, 2, 2, 1, 1, 3, 3, 1, 1, 1, 1, 1, 2, 1, 2, 2, 1, 1, 2, 1];2;40;True
60;40;60;5;True;2000;1;0;0;0;0;0;0;89.29591464996338;12.148838520050049;539504.4552665333;534150.6799427021;2301.7070408846266;3052.059999999998;[44.16, 83.16, 31.16, 40.16, 18.39, 79.16, 49.16, 28.16, 66.16, 25.39, 57.16, 1.0, 21.39, 56.16, 43.16, 85.16, 16.76, 14.39, 40.16, 61.16, 95.16, 84.16, 95.16, 26.39, 3.0, 95.16, 10.4, 30.16, 95.16, 95.16, 42.16, 57.16, 88.16, 65.16, 58.16, 95.16, 9.25, 52.16, 62.16, 29.16, 32.16, 56.16, 31.16, 33.16, 50.16, 10.4, 95.16, 53.16, 95.16, 33.16, 47.16, 24.39, 80.16, 76.16, 18.39, 48.16, 50.16, 44.16, 28.16, 95.16];94.16;[2, 1, 1, 1, 1, 2, 1, 4, 1, 2, 4, 1, 1, 1, 1, 1, 1, 1, 1, 1, 2, 3, 2, 1, 2, 1];3;40;True
60;40;60;6;True;2000;1;0;0;0;0;0;0;126.14729809761047;15.066879272460938;1208461.615243061;1203131.9769977038;2324.72804793352;3004.71;[48.11, 31.11, 99.11, 75.11, 47.11, 133.11, 34.11, 64.11, 134.11, 19.11, 26.11, 33.11, 118.11, 41.11, 29.11, 9.92, 73.11, 29.11, 35.11, 134.11, 38.11, 36.11, 54.11, 16.14, 114.11, 54.11, 48.11, 24.11, 29.11, 19.11, 33.11, 79.11, 36.11, 51.11, 49.11, 56.11, 41.11, 23.11, 28.11, 47.11, 116.11, 21.11, 22.11, 41.11, 109.11, 37.11, 12.92, 12.92, 32.11, 92.11, 60.11, 9.92, 11.92, 29.11, 60.11, 29.11, 134.11, 25.11, 40.11, 17.14];124.19000000000001;[2, 3, 2, 2, 1, 2, 1, 2, 1, 4, 4, 1, 1, 1, 2, 2, 1, 1, 3, 3, 1];3;40;True
70;40;70;1;True;2000;1;0;0;0;0;0;0;94.47133612632751;14.932932138442993;842667.1664405877;837253.9354061978;2419.874885874766;2993.2699999999954;[66.49, 22.33, 26.33, 81.49, 55.49, 31.49, 32.49, 81.49, 49.49, 28.49, 11.76, 34.49, 62.49, 46.49, 56.49, 65.49, 16.33, 39.49, 54.49, 60.49, 51.49, 4.07, 53.49, 59.49, 40.49, 44.49, 22.33, 81.49, 26.49, 37.49, 51.49, 14.33, 33.49, 81.49, 38.49, 65.49, 35.49, 17.33, 21.33, 56.49, 23.33, 77.49, 23.33, 35.49, 21.33, 22.33, 22.33, 63.49, 75.49, 81.49, 25.33, 49.49, 36.49, 15.33, 48.49, 27.49, 73.49, 31.49, 81.49, 28.49, 41.49, 30.49, 61.49, 66.49, 23.33, 50.49, 29.49, 22.33, 17.33, 26.33];77.41999999999999;[2, 2, 1, 3, 1, 2, 3, 1, 1, 1, 2, 2, 3, 1, 1, 2, 4, 1, 2, 2, 2, 1];3;40;True
70;40;70;2;True;2000;1;0;0;0;0;0;0;120.60751223564148;18.038068294525146;1372237.3812643187;1366777.7505905943;2599.985851800432;2859.900000000004;[27.51, 110.51, 86.51, 25.51, 25.51, 99.51, 19.51, 12.51, 12.51, 61.51, 17.51, 56.51, 14.51, 38.51, 24.51, 14.51, 11.51, 37.51, 60.51, 13.51, 52.51, 58.51, 26.51, 72.51, 110.51, 69.51, 15.51, 23.51, 15.51, 17.51, 70.51, 18.51, 40.51, 17.51, 110.51, 73.51, 110.51, 34.51, 14.51, 34.51, 25.51, 18.51, 32.51, 41.51, 22.51, 29.51, 22.51, 79.51, 28.51, 48.51, 32.51, 26.51, 37.51, 13.51, 81.51, 50.51, 36.51, 10.51, 14.51, 23.51, 20.51, 46.51, 29.51, 107.51, 48.51, 35.51, 70.51, 20.51, 37.51, 9.71];100.80000000000001;[2, 2, 1, 1, 1, 1, 1, 3, 1, 2, 1, 2, 1, 3, 2, 1, 1, 2, 3, 5, 2, 1, 1];4;40;True
70;40;70;3;True;2000;1;0;0;0;0;0;0;119.28042578697205;21.59314203262329;1227572.6463541193;1222744.3109174792;2270.2041189012234;2558.009999999999;[33.27, 45.27, 48.27, 58.27, 48.27, 11.41, 10.41, 40.27, 55.27, 40.27, 10.41, 20.27, 106.27, 32.27, 15.41, 30.27, 18.27, 27.27, 11.41, 51.27, 16.27, 49.27, 75.27, 13.41, 16.27, 15.41, 100.27, 13.41, 17.27, 99.27, 15.41, 49.27, 68.27, 80.27, 53.27, 32.27, 36.27, 26.27, 26.27, 40.27, 21.27, 57.27, 19.27, 14.41, 25.27, 17.27, 27.27, 74.27, 26.27, 12.41, 20.27, 8.41, 66.27, 44.27, 15.41, 105.27, 7.41, 99.27, 84.27, 43.27, 51.27, 35.27, 21.27, 2.41, 5.41, 24.27, 30.27, 23.27, 2.0, 15.41];104.27;[1, 1, 1, 1, 1, 1, 1, 3, 1, 2, 1, 3, 2, 1, 3, 2, 1, 2, 1, 1, 1, 3, 2, 1, 2, 1];2;40;True
70;40;70;4;True;2000;1;0;0;0;0;0;0;115.30865120887756;19.531376361846924;998402.1303611795;992671.0482748039;2306.4983682302473;3424.660000000004;[14.2, 73.26, 12.28, 54.26, 66.26, 87.26, 35.72, 30.67, 16.13, 109.26, 12.28, 61.26, 13.34, 51.26, 81.26, 32.74, 60.26, 90.26, 33.74, 31.67, 36.86, 2.32, 27.94, 36.72, 20.88, 40.26, 58.26, 18.88, 48.26, 34.59, 71.26, 111.26, 111.26, 36.72, 53.26, 52.26, 44.26, 30.67, 45.26, 70.26, 53.26, 21.88, 100.26, 49.26, 84.26, 60.26, 34.59, 27.94, 58.26, 26.94, 43.26, 33.74, 105.26, 17.88, 61.26, 55.26, 42.26, 106.26, 28.94, 13.34, 11.36, 18.88, 37.49, 16.96, 38.26, 104.26, 59.26, 46.26, 111.26, 37.49];108.94000000000001;[1, 3, 1, 2, 1, 3, 2, 1, 2, 1, 2, 1, 1, 1, 2, 2, 1, 1, 1, 1, 1, 3, 1, 1, 1, 3];2;40;True
70;40;70;5;True;2000;1;0;0;0;0;0;0;109.88790798187256;18.521052360534668;731115.5819097019;725209.4151577685;2318.2013122660646;3588.0699999999956;[42.22, 56.22, 25.18, 39.22, 17.52, 62.22, 57.22, 26.18, 61.22, 20.18, 67.22, 1.0, 19.18, 31.18, 36.18, 102.22, 14.51, 12.64, 48.22, 60.22, 86.22, 60.22, 113.22, 23.07, 3.0, 111.22, 10.48, 29.18, 113.22, 113.22, 40.22, 57.22, 100.22, 33.18, 46.22, 112.22, 9.48, 42.22, 99.22, 24.18, 28.18, 75.22, 25.18, 28.18, 57.22, 9.48, 99.22, 47.22, 110.22, 28.18, 45.22, 23.07, 77.22, 77.22, 17.52, 46.22, 65.22, 35.18, 24.18, 78.22, 113.22, 27.18, 69.22, 55.22, 52.22, 32.18, 59.22, 75.22, 39.22, 40.22];112.22;[2, 1, 1, 1, 1, 2, 1, 2, 1, 2, 3, 1, 1, 3, 1, 2, 1, 2, 1, 1, 2, 1, 3, 1, 3];2;40;True
70;40;70;6;True;2000;1;0;0;0;0;0;0;132.88913679122925;21.085404872894287;1184819.5743943169;1179244.4182901415;2296.312645645703;3278.859999999998;[44.56, 30.21, 78.56, 82.56, 46.56, 134.56, 32.11, 76.56, 118.56, 17.94, 24.47, 26.47, 124.56, 36.51, 27.94, 8.08, 50.56, 26.47, 29.21, 125.56, 38.51, 35.68, 53.56, 14.45, 92.56, 43.56, 75.56, 22.62, 27.24, 16.94, 30.21, 67.56, 39.51, 59.56, 42.56, 56.56, 43.56, 19.94, 24.47, 61.56, 134.56, 20.94, 19.94, 40.56, 122.56, 35.68, 12.45, 12.06, 29.21, 81.56, 58.56, 8.85, 10.44, 27.94, 42.56, 26.47, 136.56, 23.47, 40.56, 15.79, 21.74, 20.94, 24.47, 23.47, 26.47, 61.56, 35.68, 47.56, 68.56, 39.51];128.48;[2, 3, 2, 1, 2, 2, 1, 1, 5, 3, 1, 2, 1, 1, 1, 2, 1, 1, 1, 3, 1, 3];4;40;True
80;40;80;1;True;2000;1;0;0;0;0;0;0;121.60966324806213;27.354029655456543;1293232.7265408298;1287717.744505723;2332.908807388636;3181.839999999995;[68.62, 12.47, 17.74, 105.62, 51.62, 24.62, 25.62, 106.62, 42.62, 21.62, 10.06, 27.62, 80.62, 37.62, 61.62, 69.62, 8.72, 22.62, 58.62, 28.62, 46.62, 3.35, 37.62, 65.62, 39.62, 42.62, 14.47, 106.62, 17.74, 30.62, 43.62, 7.72, 26.62, 36.62, 33.62, 78.62, 27.62, 8.72, 11.06, 78.62, 19.62, 49.62, 14.47, 43.62, 11.06, 15.47, 14.47, 98.62, 95.62, 102.62, 15.47, 66.62, 23.62, 7.72, 44.62, 19.62, 106.62, 22.62, 99.62, 22.62, 25.62, 23.62, 57.62, 75.62, 16.47, 44.62, 19.62, 16.47, 8.86, 17.74, 20.62, 72.62, 51.62, 11.43, 4.08, 52.62, 56.62, 24.62, 27.62, 18.74];103.27000000000001;[3, 3, 3, 2, 1, 2, 2, 1, 1, 1, 2, 1, 2, 3, 1, 1, 4, 2, 1, 1, 1, 1, 1];3;40;True
80;40;80;2;True;2000;1;0;0;0;0;0;0;142.57457566261292;28.40259099006653;1582295.8757008512;1576327.2061631198;2638.209709458289;3330.550000000002;[27.92, 70.23, 130.23, 27.46, 26.46, 115.23, 21.46, 15.0, 15.0, 56.23, 18.46, 81.23, 16.0, 38.23, 25.46, 16.0, 11.96, 26.46, 56.23, 16.0, 77.23, 62.23, 27.46, 103.23, 98.23, 39.23, 17.46, 24.46, 17.46, 18.46, 98.23, 19.46, 37.23, 19.46, 45.23, 58.23, 132.23, 35.23, 16.0, 35.23, 47.23, 20.46, 31.92, 51.23, 24.46, 28.92, 23.46, 74.23, 28.92, 63.23, 28.92, 33.23, 41.23, 13.86, 72.23, 53.23, 44.23, 10.96, 16.0, 25.46, 22.46, 44.23, 30.92, 123.23, 36.23, 35.23, 77.23, 21.46, 38.23, 10.38, 28.92, 43.23, 53.23, 14.86, 55.23, 16.0, 27.46, 53.23, 32.92, 39.23];121.85;[1, 1, 3, 1, 1, 1, 2, 2, 1, 1, 4, 1, 3, 4, 1, 1, 1, 1, 1, 2, 1, 3, 2, 1];3;40;True
80;40;80;3;True;2000;1;0;0;0;0;0;0;96.27597737312317;21.84729790687561;823449.6098019638;818200.789529966;2351.325619134691;2897.640000000002;[36.13, 39.13, 45.13, 43.13, 48.13, 16.8, 15.8, 42.13, 76.13, 46.13, 11.91, 24.93, 81.13, 35.13, 18.8, 26.93, 20.93, 19.93, 15.8, 81.13, 20.93, 42.13, 75.13, 18.8, 20.93, 19.8, 70.13, 14.8, 19.8, 81.13, 17.8, 59.13, 47.13, 52.13, 54.13, 36.13, 42.13, 31.93, 39.13, 43.13, 24.93, 60.13, 24.93, 18.8, 26.93, 20.93, 31.93, 49.13, 29.93, 15.8, 23.93, 11.91, 81.13, 52.13, 18.8, 81.13, 10.91, 54.13, 81.13, 63.13, 49.13, 40.13, 37.13, 3.41, 6.96, 30.93, 35.13, 28.93, 2.0, 18.8, 16.8, 18.8, 14.8, 39.13, 29.93, 37.13, 46.13, 54.13, 22.93, 31.93];79.13;[2, 1, 3, 4, 5, 1, 2, 2, 1, 2, 1, 1, 1, 1, 1, 2, 1, 2, 3, 1, 1, 1, 1];4;40;True
80;40;80;4;True;2000;1;0;0;0;0;0;0;100.53990840911865;22.167271375656128;819660.8178441139;813943.7938512696;2241.5547201957484;3475.5600000000036;[13.47, 59.15, 11.35, 58.15, 66.15, 90.15, 33.15, 28.15, 15.43, 57.15, 11.47, 61.15, 13.47, 53.15, 68.15, 47.15, 41.15, 54.15, 34.15, 28.15, 41.15, 2.05, 25.15, 35.15, 17.91, 39.15, 60.15, 18.63, 40.15, 33.15, 81.15, 32.15, 76.15, 49.15, 54.15, 78.15, 43.15, 28.15, 43.15, 86.15, 42.15, 20.9, 75.15, 37.15, 62.15, 49.15, 31.15, 26.15, 31.15, 24.9, 48.15, 31.15, 81.15, 16.97, 84.15, 56.15, 41.15, 84.15, 27.15, 13.47, 11.35, 17.63, 33.15, 16.06, 32.15, 72.15, 52.15, 87.15, 29.15, 36.15, 35.15, 62.15, 39.15, 32.15, 25.15, 35.15, 90.15, 42.15, 90.15, 24.9];88.10000000000001;[2, 1, 4, 1, 1, 1, 1, 1, 1, 1, 1, 1, 3, 1, 1, 1, 1, 2, 1, 1, 2, 2, 3, 2, 2, 2];3;40;True
80;40;80;5;True;2000;1;0;0;0;0;0;0;115.39476823806763;24.05698251724243;1228617.3691915702;1223057.2324384002;2365.381538802529;3194.4900000000007;[37.13, 37.41, 18.13, 24.13, 16.13, 55.41, 36.13, 24.13, 54.41, 14.13, 53.41, 1.0, 16.13, 24.13, 21.13, 80.41, 11.13, 10.13, 27.13, 54.41, 68.41, 55.41, 95.41, 19.13, 3.0, 95.41, 7.87, 27.13, 95.41, 95.41, 20.13, 47.41, 59.41, 35.13, 40.41, 95.41, 7.87, 31.13, 95.41, 18.13, 25.13, 48.41, 17.13, 23.13, 24.13, 7.87, 91.41, 37.13, 63.41, 21.13, 33.13, 20.13, 68.41, 65.41, 13.13, 40.41, 29.13, 22.13, 18.13, 73.41, 95.41, 19.13, 70.41, 73.41, 44.41, 27.13, 53.41, 51.41, 26.13, 34.13, 36.13, 56.41, 39.41, 36.13, 40.41, 2.0, 24.13, 47.41, 8.87, 37.13];94.41;[1, 1, 1, 1, 3, 3, 2, 1, 1, 1, 3, 2, 1, 2, 1, 2, 2, 1, 1, 1, 3, 1, 1, 2, 1, 1];2;40;True
80;40;80;6;True;2000;1;0;0;0;0;0;0;133.16061162948608;27.180260181427002;1608786.65224541;1603366.7246718854;2369.746603452213;3050.139999999995;[36.62, 27.62, 53.62, 106.62, 37.62, 42.62, 29.62, 67.62, 92.62, 15.62, 22.62, 25.62, 86.62, 36.62, 25.62, 7.0, 41.62, 20.62, 26.62, 109.62, 30.62, 31.62, 45.62, 11.04, 56.62, 101.62, 49.62, 19.62, 25.62, 13.62, 25.62, 71.62, 30.62, 48.62, 38.62, 59.62, 33.62, 15.62, 18.62, 62.62, 62.62, 18.62, 17.62, 38.62, 22.62, 25.62, 9.0, 8.0, 25.62, 78.62, 97.62, 8.0, 8.0, 25.62, 41.62, 21.62, 85.62, 20.62, 37.62, 12.62, 17.62, 18.62, 17.62, 20.62, 20.62, 85.62, 27.62, 42.62, 115.62, 36.62, 66.62, 34.62, 2.0, 21.62, 18.62, 11.04, 12.62, 71.62, 27.62, 11.04];113.62;[1, 1, 4, 4, 1, 2, 1, 2, 3, 1, 1, 1, 1, 1, 2, 1, 1, 1, 3, 1, 2, 3, 1, 1];3;40;True
90;40;90;1;True;2000;1;0;0;0;0;0;0;106.47216773033142;34.710007667541504;1252406.5002598865;1246665.6804780886;2400.554748466637;3340.53;[56.09, 15.02, 20.02, 79.09, 43.02, 24.02, 26.02, 82.09, 50.09, 23.02, 10.33, 28.02, 82.09, 31.02, 49.09, 63.09, 10.33, 22.02, 52.09, 26.02, 48.09, 3.31, 44.09, 29.02, 23.02, 43.02, 17.02, 79.09, 19.02, 31.02, 50.09, 9.33, 27.02, 31.02, 33.02, 65.09, 32.02, 12.02, 15.02, 58.09, 21.02, 50.09, 17.02, 55.09, 15.02, 18.02, 17.02, 82.09, 82.09, 66.09, 17.02, 56.09, 25.02, 10.33, 45.09, 21.02, 72.09, 22.02, 82.09, 24.02, 26.02, 24.02, 58.09, 82.09, 19.02, 45.09, 21.02, 19.02, 13.02, 19.02, 20.02, 82.09, 34.02, 15.02, 4.02, 51.09, 60.09, 26.02, 41.02, 21.02, 29.02, 81.09, 82.09, 25.02, 62.09, 8.98, 16.02, 14.02, 38.02, 43.02];78.78;[1, 1, 3, 3, 1, 1, 1, 2, 1, 1, 3, 1, 2, 2, 1, 1, 1, 3, 1, 1, 1, 2, 2, 3, 1];2;40;True
90;40;90;2;True;2000;1;0;0;0;0;0;0;138.28388357162476;35.74981427192688;2090672.4904781403;2084412.1385484915;2576.696117128975;3683.3800000000015;[28.73, 69.73, 114.73, 28.73, 26.73, 100.73, 21.73, 14.73, 14.17, 47.73, 19.73, 58.73, 16.73, 39.73, 27.73, 14.73, 10.9, 28.73, 50.73, 17.73, 99.73, 51.73, 29.73, 114.73, 114.73, 64.73, 18.73, 27.73, 18.73, 17.73, 70.73, 22.73, 35.73, 19.73, 41.73, 88.73, 77.73, 35.73, 14.73, 36.73, 52.73, 22.73, 33.73, 60.73, 26.73, 30.73, 26.73, 90.73, 30.73, 52.73, 30.73, 34.73, 39.73, 12.79, 38.73, 43.73, 37.73, 10.63, 15.73, 27.73, 22.73, 42.73, 31.73, 112.73, 42.73, 35.73, 73.73, 20.73, 38.73, 9.8, 30.73, 51.73, 53.73, 13.33, 57.73, 15.73, 28.73, 53.73, 33.73, 39.73, 35.73, 59.73, 19.73, 23.73, 71.73, 37.73, 23.73, 49.73, 14.17, 60.73];104.93;[2, 2, 3, 2, 1, 1, 2, 3, 1, 1, 3, 1, 2, 1, 1, 3, 3, 1, 1, 3, 2, 1];2;40;True
90;40;90;3;True;2000;1;0;0;0;0;0;0;110.95516538619995;29.447564601898193;1249267.3169236868;1243659.832195714;2376.9088937514043;3230.269999999999;[32.73, 35.73, 44.81, 38.73, 53.81, 16.9, 16.72, 38.73, 51.81, 40.81, 12.83, 26.73, 86.81, 33.73, 19.54, 27.73, 21.73, 22.73, 16.72, 49.81, 23.73, 40.81, 77.81, 19.73, 23.73, 19.73, 66.81, 14.78, 20.73, 86.81, 18.72, 45.81, 45.81, 84.81, 49.81, 35.73, 42.81, 30.73, 28.73, 42.81, 25.73, 59.81, 26.73, 21.73, 27.73, 21.73, 31.73, 50.81, 30.73, 16.9, 24.73, 13.84, 32.73, 50.81, 19.54, 68.81, 11.83, 46.81, 86.81, 46.81, 86.81, 38.73, 26.73, 3.6, 7.09, 29.73, 35.73, 27.73, 2.0, 18.72, 17.9, 21.73, 16.72, 38.73, 27.73, 33.73, 39.81, 59.81, 23.73, 29.73, 14.78, 74.81, 86.81, 20.73, 35.73, 12.83, 47.81, 39.81, 44.81, 39.73];84.81;[2, 3, 1, 1, 3, 1, 1, 1, 1, 1, 1, 1, 1, 1, 3, 1, 2, 2, 4, 1, 1, 4, 1, 1, 1];3;40;True
90;40;90;4;True;2000;1;0;0;0;0;0;0;107.97989058494568;30.729848623275757;941754.9296839886;936165.5719381841;2221.656199187676;3367.7899999999972;[10.34, 62.83, 10.34, 49.83, 61.83, 23.83, 29.83, 18.83, 14.83, 56.83, 9.34, 56.83, 9.34, 36.83, 60.83, 20.83, 48.83, 50.83, 22.83, 18.83, 86.83, 2.12, 15.83, 28.83, 11.34, 35.83, 27.83, 17.83, 34.83, 26.83, 50.83, 26.83, 82.83, 24.83, 43.83, 75.83, 38.83, 18.83, 36.83, 84.83, 37.83, 18.83, 86.83, 23.83, 37.83, 47.83, 22.83, 21.83, 22.83, 18.83, 25.83, 24.83, 52.83, 12.83, 68.83, 42.83, 36.83, 25.83, 20.83, 12.34, 10.34, 14.83, 86.83, 11.34, 25.83, 67.83, 65.83, 80.83, 57.83, 32.83, 32.83, 66.83, 35.83, 22.83, 16.83, 51.83, 50.83, 33.83, 86.83, 17.83, 61.83, 71.83, 86.83, 14.83, 52.83, 19.83, 8.04, 40.83, 17.83, 12.34];84.71;[2, 1, 1, 1, 1, 2, 1, 1, 3, 1, 2, 1, 1, 2, 2, 1, 5, 2, 1, 3, 1, 3, 2];4;40;True
90;40;90;5;True;2000;1;0;0;0;0;0;0;99.00059819221497;27.387537956237793;778066.0568666126;771766.3796682311;2346.9258850013184;3953.0599999999986;[40.46, 87.91, 24.46, 30.46, 15.37, 59.91, 49.91, 25.46, 59.91, 19.37, 53.91, 1.0, 16.37, 29.46, 32.46, 80.91, 9.88, 9.36, 31.46, 58.91, 80.91, 62.91, 87.91, 21.18, 3.0, 82.91, 7.72, 27.46, 87.91, 87.91, 27.46, 52.91, 85.91, 31.46, 43.46, 87.91, 7.72, 37.46, 64.91, 23.16, 27.46, 65.91, 24.46, 27.46, 31.46, 7.72, 70.91, 36.46, 33.46, 26.46, 35.46, 21.18, 79.91, 77.91, 13.37, 44.46, 42.46, 27.46, 23.16, 87.91, 87.91, 25.46, 64.91, 61.91, 47.91, 30.46, 57.91, 56.91, 47.91, 38.46, 31.46, 63.91, 31.46, 40.46, 42.46, 2.0, 30.46, 39.46, 7.72, 40.46, 87.91, 86.91, 61.91, 4.0, 29.46, 87.91, 87.91, 36.46, 20.37, 46.46];86.91;[2, 1, 1, 1, 1, 2, 2, 1, 1, 1, 1, 3, 1, 1, 3, 2, 1, 2, 3, 1, 1, 2, 2, 2, 1, 1];2;40;True
90;40;90;6;True;2000;1;0;0;0;0;0;0;111.08683586120605;32.70935773849487;1575457.6176104434;1570214.92746361;2348.477293671367;2894.1399999999962;[30.22, 26.48, 71.22, 68.22, 33.22, 71.22, 27.48, 48.22, 77.22, 13.6, 20.48, 22.48, 46.22, 31.22, 24.48, 5.97, 41.22, 18.6, 24.48, 24.48, 25.48, 30.22, 35.22, 8.24, 61.22, 35.22, 32.22, 17.6, 23.48, 11.6, 23.48, 44.22, 25.48, 42.22, 40.22, 37.22, 41.22, 11.6, 15.6, 48.22, 81.22, 17.6, 14.6, 37.22, 19.6, 24.48, 8.24, 7.85, 24.48, 81.22, 60.22, 7.85, 6.0, 24.48, 36.22, 18.6, 81.22, 17.6, 39.22, 10.6, 13.6, 16.6, 15.6, 17.6, 18.6, 81.22, 25.48, 66.22, 81.22, 35.22, 55.22, 29.22, 2.0, 18.6, 15.6, 9.24, 10.6, 23.48, 26.48, 9.24, 59.22, 79.22, 67.22, 22.48, 19.6, 35.22, 13.6, 7.85, 9.24, 54.22];79.22;[2, 1, 6, 2, 1, 1, 1, 1, 1, 4, 1, 1, 4, 2, 3, 1, 1, 3, 3, 1];5;40;True
100;40;100;1;True;2000;1;0;0;0;0;0;0;121.29621863365173;42.54715943336487;1413702.9627640774;1407528.1088451263;2377.5468082857806;3796.9999999999955;[53.97, 15.69, 20.97, 59.97, 39.97, 26.97, 27.97, 96.97, 45.97, 23.97, 11.57, 30.97, 70.97, 34.97, 50.97, 59.97, 11.57, 23.97, 73.97, 28.97, 48.97, 3.57, 44.97, 35.97, 24.97, 44.97, 17.69, 29.97, 20.97, 32.97, 43.97, 9.79, 28.97, 31.97, 35.97, 76.97, 30.97, 12.36, 15.69, 61.97, 20.97, 83.97, 17.69, 46.97, 14.69, 18.69, 17.69, 56.97, 89.97, 49.97, 19.05, 83.97, 25.97, 10.79, 46.97, 22.97, 46.97, 23.97, 92.97, 24.97, 28.97, 25.97, 59.97, 63.97, 19.05, 47.97, 22.97, 18.69, 13.03, 20.97, 21.97, 85.97, 33.97, 15.69, 4.41, 55.97, 53.97, 28.97, 55.97, 21.97, 28.97, 82.97, 96.97, 25.97, 56.97, 10.79, 16.69, 13.69, 65.97, 43.97, 14.69, 9.36, 11.57, 96.97, 13.03, 44.97, 36.97, 74.97, 22.97, 47.97];93.4;[1, 3, 3, 1, 1, 1, 1, 3, 2, 2, 1, 1, 1, 3, 5, 2, 2, 2, 4, 1];4;40;True
100;40;100;2;True;2000;1;0;0;0;0;0;0;150.32813668251038;42.173978090286255;1999775.1643500717;1992426.0190584143;2555.0282519171055;4793.990000000004;[31.81, 73.84, 93.84, 40.84, 30.81, 134.84, 27.64, 22.38, 20.38, 58.84, 24.92, 111.84, 22.38, 44.84, 39.0, 20.38, 14.01, 41.84, 59.84, 23.73, 101.84, 48.84, 39.0, 81.84, 99.84, 57.84, 24.92, 38.0, 24.92, 21.38, 71.84, 30.81, 58.84, 24.92, 55.84, 72.84, 61.84, 40.84, 17.01, 41.84, 61.84, 30.81, 43.84, 54.84, 38.0, 39.0, 37.08, 82.84, 40.0, 52.84, 42.84, 43.84, 53.84, 16.01, 55.84, 47.84, 50.84, 12.01, 21.38, 36.52, 28.81, 58.84, 36.52, 134.84, 50.84, 40.0, 66.84, 24.92, 43.84, 11.02, 41.84, 54.84, 60.84, 20.38, 65.84, 22.38, 39.0, 60.84, 37.08, 43.84, 51.84, 64.84, 25.92, 26.64, 68.84, 43.84, 31.81, 56.84, 18.01, 73.84, 55.84, 83.84, 39.0, 20.01, 51.84, 60.84, 80.84, 37.08, 103.84, 40.0];123.82000000000001;[2, 1, 4, 3, 2, 1, 1, 1, 1, 1, 2, 1, 1, 1, 1, 3, 1, 1, 1, 3, 1, 2, 1, 2, 2];3;40;True
100;40;100;3;True;2000;1;0;0;0;0;0;0;121.79047083854675;41.923622608184814;1455635.8775016852;1449916.7603201012;2373.384518022557;3345.429999999995;[29.47, 32.47, 41.47, 34.47, 63.47, 16.47, 15.47, 37.47, 48.47, 36.47, 12.57, 24.47, 81.47, 31.47, 19.47, 25.47, 21.47, 20.47, 16.47, 49.47, 21.47, 36.47, 71.47, 19.47, 21.47, 19.47, 66.47, 14.47, 20.47, 91.47, 18.47, 41.47, 40.47, 69.47, 56.47, 34.47, 40.47, 28.47, 25.47, 42.47, 24.47, 58.47, 24.47, 19.47, 27.47, 21.47, 30.47, 46.47, 29.47, 16.47, 23.47, 12.57, 29.47, 43.47, 19.47, 59.47, 11.57, 53.47, 91.47, 40.47, 44.47, 37.47, 24.47, 3.03, 8.57, 27.47, 33.47, 24.47, 1.0, 18.47, 16.47, 19.47, 16.47, 36.47, 25.47, 31.47, 34.47, 49.47, 22.47, 27.47, 14.47, 91.47, 91.47, 19.47, 33.47, 12.57, 43.47, 31.47, 42.47, 28.47, 79.47, 57.47, 24.47, 39.47, 8.21, 12.57, 22.47, 23.47, 27.47, 16.47];90.47;[1, 2, 1, 1, 2, 3, 1, 1, 4, 2, 2, 1, 1, 1, 1, 1, 1, 2, 2, 1, 5, 1, 2, 1];4;40;True
100;40;100;4;True;2000;1;0;0;0;0;0;0;110.30375146865845;31.60756754875183;1002446.3587961838;996306.8415705714;2239.905858712097;3899.7399999999952;[10.79, 63.37, 10.48, 52.14, 65.37, 66.37, 34.22, 23.18, 15.24, 76.37, 9.76, 74.37, 10.79, 33.22, 59.37, 66.37, 41.22, 53.14, 25.35, 20.18, 49.14, 1.91, 17.16, 33.22, 12.85, 37.22, 34.22, 18.16, 37.22, 28.22, 57.37, 30.22, 76.37, 31.22, 66.37, 47.22, 41.22, 21.18, 42.22, 69.37, 41.22, 19.16, 76.37, 32.22, 52.14, 53.14, 31.22, 22.18, 26.22, 20.16, 29.22, 26.22, 58.37, 14.24, 67.37, 52.14, 39.22, 32.22, 22.18, 11.82, 10.48, 15.24, 76.37, 12.38, 24.35, 63.37, 53.14, 87.37, 23.18, 34.22, 33.22, 70.37, 37.22, 29.22, 17.16, 32.22, 56.14, 47.22, 84.37, 19.16, 57.37, 74.37, 74.37, 15.24, 56.14, 21.18, 6.71, 42.22, 20.18, 12.38, 90.37, 23.18, 30.22, 15.57, 59.37, 16.96, 31.22, 20.16, 25.35, 90.37];88.46000000000001;[3, 1, 3, 1, 1, 2, 1, 1, 2, 1, 2, 1, 2, 1, 3, 3, 2, 1, 4, 1, 2, 2];3;40;True
100;40;100;5;True;2000;1;0;0;0;0;0;0;104.00764799118042;28.970478773117065;673210.7692820019;665884.7078980443;2363.49075503401;4962.880000000004;[43.59, 84.59, 28.65, 35.47, 17.36, 64.59, 54.59, 27.07, 64.59, 23.79, 51.59, 1.0, 19.83, 34.47, 36.02, 83.59, 14.54, 12.54, 50.59, 63.59, 65.59, 64.59, 96.59, 25.7, 3.0, 87.59, 10.64, 29.65, 96.59, 96.59, 35.47, 58.59, 89.59, 38.02, 48.59, 96.59, 10.64, 51.59, 82.59, 27.55, 29.65, 50.59, 29.65, 31.47, 38.02, 9.64, 49.59, 55.59, 52.59, 30.74, 48.59, 23.79, 90.59, 60.59, 18.0, 50.59, 42.59, 33.47, 26.7, 67.59, 89.59, 30.74, 70.59, 54.59, 53.59, 34.47, 62.59, 68.59, 40.59, 42.59, 40.59, 70.59, 38.59, 44.59, 46.59, 2.0, 37.02, 43.59, 10.64, 43.59, 96.59, 88.59, 64.59, 4.13, 32.47, 69.59, 96.59, 40.59, 25.7, 44.59, 41.59, 82.59, 96.59, 76.59, 44.59, 96.59, 67.59, 76.59, 66.59, 56.59];95.59;[1, 1, 2, 1, 1, 1, 1, 4, 1, 1, 1, 1, 2, 1, 1, 1, 1, 1, 3, 2, 1, 2, 1, 2, 2, 1, 1, 2];3;40;True
100;40;100;6;True;2000;1;0;0;0;0;0;0;122.3076274394989;33.378249168395996;1215724.168796641;1209598.8094446098;2310.365186418232;3814.9399999999982;[37.49, 31.1, 66.13, 54.13, 40.49, 50.13, 33.49, 51.13, 96.13, 18.6, 26.27, 28.27, 44.49, 44.83, 29.27, 8.85, 45.89, 31.1, 31.1, 35.49, 36.49, 36.49, 41.49, 14.6, 58.13, 80.13, 40.49, 24.27, 28.27, 19.6, 33.22, 43.49, 38.49, 45.89, 44.49, 39.49, 49.13, 23.27, 28.27, 50.13, 66.13, 20.8, 21.8, 41.49, 32.22, 33.22, 12.95, 12.58, 32.22, 94.13, 51.13, 9.85, 10.85, 29.27, 45.89, 30.1, 76.13, 26.27, 43.49, 17.6, 24.27, 22.8, 27.27, 25.27, 31.22, 62.13, 34.49, 47.13, 85.13, 40.49, 61.13, 35.49, 2.8, 31.22, 29.27, 15.6, 17.6, 35.49, 35.49, 15.6, 46.13, 65.13, 48.13, 32.22, 32.22, 43.49, 24.27, 12.58, 15.6, 60.13, 19.2, 61.13, 6.85, 53.13, 31.1, 58.13, 89.13, 55.13, 47.13, 45.89];93.33;[3, 2, 6, 1, 1, 1, 3, 1, 2, 1, 1, 3, 1, 1, 2, 2, 3, 1, 1, 1, 2, 1];5;40;True
10;50;10;1;True;2000;1;0;0;0;0;0;0;116.07376956939697;1.104424238204956;3924650.1343727955;3920043.898559184;2884.846766643921;1721.3999999999996;[172.14, 172.14, 172.14, 172.14, 172.14, 172.14, 172.14, 172.14, 172.14, 172.14];0.0;[8, 2, 4, 3, 10, 4, 3, 3, 9, 4];8;50;True
10;50;10;2;True;2000;1;0;0;0;0;0;0;163.83008480072021;1.1030473709106445;3212212.995580579;3206871.5560881603;3127.530948994248;2213.91;[136.16, 241.85, 156.16, 253.85, 217.78, 253.85, 215.78, 230.78, 253.85, 253.85];117.69;[2, 5, 5, 11, 3, 9, 2, 3, 3, 7];9;50;True
10;50;10;3;True;2000;1;0;0;0;0;0;0;133.7462146282196;1.10017991065979;4293527.076979182;4288686.991684761;2877.874937018221;1962.1799999999998;[168.61, 200.87, 200.87, 200.87, 200.87, 186.61, 200.87, 200.87, 200.87, 200.87];32.25999999999999;[2, 3, 4, 3, 4, 5, 7, 4, 7, 11];9;50;True
10;50;10;4;True;2000;1;0;0;0;0;0;0;139.13869094848633;1.0378680229187012;3349128.0730247432;3344259.297730703;2826.452262240449;2042.2999999999997;[155.09, 216.14, 216.14, 216.14, 216.14, 216.14, 216.14, 216.14, 158.09, 216.14];61.04999999999998;[4, 7, 6, 4, 5, 5, 3, 6, 3, 7];4;50;True
10;50;10;5;True;2000;1;0;0;0;0;0;0;119.07958459854126;1.1384048461914062;3342617.477459778;3337752.4865933475;3138.3353033120534;1726.7;[176.77, 176.77, 162.77, 176.77, 176.77, 176.77, 176.77, 149.77, 176.77, 176.77];27.0;[7, 5, 5, 7, 4, 3, 6, 4, 3, 6];4;50;True
10;50;10;6;True;2000;1;0;0;0;0;0;0;121.69729089736938;1.076711893081665;2977179.7930667032;2972666.7518029064;2762.6546446292864;1750.35;[180.33, 145.79, 180.33, 180.33, 180.33, 180.33, 180.33, 180.33, 180.33, 161.92];34.54000000000002;[4, 3, 6, 4, 6, 6, 2, 8, 4, 7];6;50;True
20;50;20;1;True;2000;1;0;0;0;0;0;0;102.74847650527954;2.8127198219299316;1799726.2527027384;1794505.8457716878;2846.0982194647077;2374.2400000000002;[134.21, 84.22, 110.03, 134.21, 134.21, 106.22, 118.03, 134.21, 134.21, 110.03, 73.46, 132.21, 134.21, 109.03, 95.22, 134.21, 95.69, 132.21, 134.21, 134.21];60.750000000000014;[5, 2, 5, 2, 2, 2, 4, 3, 2, 1, 2, 4, 1, 1, 2, 1, 2, 6, 3];5;50;True
20;50;20;2;True;2000;1;0;0;0;0;0;0;148.86956191062927;2.92228364944458;2234058.989354365;2228104.184531678;3137.526994783726;2817.3;[116.01, 168.01, 193.01, 142.01, 136.01, 181.01, 124.01, 118.01, 108.83, 171.01, 114.83, 207.01, 105.83, 140.01, 130.01, 106.83, 88.83, 145.01, 196.01, 125.01];118.17999999999999;[5, 2, 3, 2, 4, 3, 1, 5, 4, 6, 1, 1, 2, 1, 1, 3, 4, 2];5;50;True
20;50;20;3;True;2000;1;0;0;0;0;0;0;106.27171683311462;3.4059159755706787;1961172.297568186;1955575.8418764763;2873.9329305582432;2722.5799999999995;[145.62, 145.62, 145.62, 145.62, 145.62, 86.36, 132.36, 145.62, 145.62, 145.62, 98.36, 123.36, 145.62, 145.62, 133.36, 145.62, 127.36, 145.62, 128.36, 145.62];59.260000000000005;[2, 3, 1, 5, 3, 2, 2, 2, 4, 4, 1, 1, 1, 2, 2, 1, 1, 4, 4, 5];4;50;True
20;50;20;4;True;2000;1;0;0;0;0;0;0;122.12489318847656;2.483206033706665;1694695.6691229872;1689123.058675522;2787.383900436507;2785.2000000000007;[82.86, 166.86, 114.86, 161.86, 130.86, 109.86, 169.86, 136.86, 140.86, 169.86, 77.86, 136.86, 87.86, 169.86, 169.86, 156.86, 152.86, 169.86, 167.86, 110.86];92.00000000000001;[2, 7, 2, 2, 2, 2, 6, 1, 1, 3, 6, 2, 4, 2, 4, 3, 1];6;50;True
20;50;20;5;True;2000;1;0;0;0;0;0;0;124.58832812309265;3.036937713623047;2089857.3679970414;2084022.1184159946;3038.7663084597407;2796.479999999999;[117.85, 168.87, 147.87, 127.87, 80.91, 154.87, 168.87, 133.87, 168.87, 124.87, 168.87, 95.91, 112.85, 168.87, 150.87, 168.87, 100.91, 118.87, 166.87, 148.87];87.96000000000001;[1, 6, 2, 2, 2, 1, 4, 2, 1, 4, 4, 2, 2, 2, 7, 1, 1, 5, 1];6;50;True
20;50;20;6;True;2000;1;0;0;0;0;0;0;102.71739864349365;3.028571128845215;1605873.6333192005;1600639.807328104;2725.2522231006496;2508.6000000000004;[137.93, 137.93, 137.93, 137.93, 123.93, 137.93, 137.93, 137.93, 137.93, 100.93, 112.93, 108.93, 137.93, 125.93, 91.93, 87.93, 137.93, 122.93, 115.93, 137.93];50.0;[3, 2, 5, 2, 6, 7, 1, 3, 3, 2, 3, 4, 2, 2, 2, 2, 1];6;50;True
30;50;30;1;True;2000;1;0;0;0;0;0;0;111.36711573600769;6.253387212753296;1771154.3936721408;1765232.3712245703;2803.688035785222;3118.26;[135.36, 75.36, 78.36, 135.36, 132.36, 77.36, 87.36, 135.36, 92.36, 74.36, 65.17, 135.36, 125.36, 92.36, 100.36, 135.36, 63.17, 76.36, 120.36, 107.36, 128.36, 55.2, 131.36, 91.36, 135.36, 114.36, 80.36, 106.36, 95.36, 135.36];80.16000000000001;[4, 3, 4, 1, 4, 1, 3, 2, 2, 2, 2, 2, 2, 4, 4, 1, 2, 3, 1, 1, 2];3;50;True
30;50;30;2;True;2000;1;0;0;0;0;0;0;111.55648803710938;5.573841094970703;1020553.6001689875;1013947.0830900489;3178.8187154952966;3427.8300000000004;[111.96, 144.96, 144.96, 92.96, 92.96, 144.96, 81.96, 72.96, 78.96, 144.96, 131.96, 144.96, 99.96, 144.96, 95.96, 94.96, 50.97, 132.96, 144.96, 50.97, 144.96, 121.96, 128.96, 144.96, 144.96, 144.96, 101.96, 144.96, 76.96, 68.97];93.99000000000001;[1, 3, 2, 3, 1, 1, 1, 1, 2, 3, 1, 2, 1, 2, 1, 1, 2, 1, 2, 2, 3, 3, 4, 3, 1, 2, 1];3;50;True
30;50;30;3;True;2000;1;0;0;0;0;0;0;124.13820481300354;5.7136452198028564;1286541.347753461;1280480.6083218588;2927.9548763103858;3132.72;[139.37, 108.37, 102.37, 154.37, 154.37, 75.92, 55.92, 95.96, 136.37, 111.37, 45.92, 91.88, 154.37, 92.96, 67.92, 114.37, 79.88, 154.37, 64.92, 139.37, 79.88, 104.37, 113.37, 78.88, 100.37, 93.96, 154.37, 63.92, 83.88, 119.37];108.45;[1, 1, 4, 3, 1, 1, 1, 1, 1, 2, 2, 2, 1, 1, 3, 2, 1, 4, 2, 2, 3, 5, 1, 1, 4];4;50;True
30;50;30;4;True;2000;1;0;0;0;0;0;0;130.18658661842346;6.313002109527588;1801910.5074902014;1795470.647599702;2744.12986222897;3695.799999999999;[101.56, 152.56, 77.56, 112.56, 123.56, 128.56, 164.56, 140.56, 79.56, 149.56, 51.56, 137.56, 65.56, 147.56, 164.56, 164.56, 119.56, 152.56, 136.56, 85.56, 157.56, 51.56, 164.56, 148.56, 127.56, 101.56, 164.56, 91.56, 140.56, 91.56];113.0;[1, 2, 2, 1, 2, 2, 2, 1, 2, 1, 1, 3, 3, 4, 3, 3, 2, 2, 2, 1, 1, 1, 1, 3, 2, 2];3;50;True
30;50;30;5;True;2000;1;0;0;0;0;0;0;92.9137077331543;5.461531162261963;1052759.7728893375;1046926.628987532;2999.1058609424485;2834.079999999999;[88.58, 112.58, 112.58, 112.58, 61.29, 112.58, 106.58, 79.58, 108.58, 112.58, 112.58, 3.0, 79.58, 112.58, 91.58, 112.58, 77.29, 58.29, 112.58, 112.58, 112.58, 112.58, 112.58, 88.58, 48.29, 112.58, 63.29, 78.29, 112.58, 112.58];109.58;[1, 1, 3, 1, 2, 1, 1, 3, 3, 2, 2, 2, 4, 1, 4, 1, 2, 1, 2, 1, 1, 4, 4, 3];3;50;True
30;50;30;6;True;2000;1;0;0;0;0;0;0;122.32852125167847;6.3464202880859375;1828854.9120929178;1823146.317523068;2730.170148366943;2978.4300000000007;[106.8, 78.8, 116.8, 99.8, 101.8, 139.8, 139.8, 135.8, 139.8, 62.79, 69.79, 74.8, 139.8, 94.8, 93.8, 55.79, 139.8, 78.8, 84.8, 111.8, 81.8, 94.8, 90.8, 59.79, 126.8, 129.8, 121.8, 85.8, 50.28, 70.79];89.52000000000001;[2, 3, 1, 5, 2, 2, 4, 5, 3, 4, 2, 1, 1, 2, 1, 3, 2, 3, 3, 1];4;50;True
40;50;40;1;True;2000;1;0;0;0;0;0;0;136.7587251663208;10.213794708251953;1653664.4687613416;1647341.5846642703;2785.530242359895;3537.179999999998;[105.91, 85.91, 52.91, 153.91, 136.91, 62.91, 58.91, 148.91, 66.91, 47.91, 51.91, 47.91, 101.91, 62.91, 89.91, 135.91, 49.91, 73.91, 125.91, 87.91, 82.91, 29.83, 93.91, 153.91, 123.91, 61.91, 48.91, 102.91, 70.91, 153.91, 87.91, 35.41, 83.91, 116.91, 88.91, 114.91, 153.91, 38.27, 55.91, 88.91];124.08;[3, 2, 2, 2, 1, 1, 2, 1, 1, 1, 1, 1, 1, 4, 1, 2, 2, 1, 3, 1, 1, 1, 1, 3, 1, 1, 1, 4, 4];3;50;True
40;50;40;2;True;2000;1;0;0;0;0;0;0;114.50428438186646;8.18654465675354;1193464.371084072;1187405.444291357;3094.080061521377;2964.9400000000014;[89.53, 92.53, 86.53, 99.53, 60.53, 113.53, 74.53, 39.53, 42.53, 73.53, 47.53, 95.53, 49.53, 78.53, 67.53, 55.53, 26.83, 54.53, 102.53, 35.53, 122.53, 70.53, 62.53, 122.53, 88.53, 71.53, 51.53, 63.53, 43.53, 39.53, 112.53, 48.53, 82.53, 55.53, 108.53, 95.53, 122.53, 122.53, 23.97, 70.53];98.56;[2, 3, 1, 3, 2, 2, 1, 1, 2, 1, 1, 1, 1, 2, 3, 1, 2, 2, 3, 2, 1, 3, 1, 3, 1, 3, 1, 1];2;50;True
40;50;40;3;True;2000;1;0;0;0;0;0;0;126.62276077270508;10.834954023361206;1852354.9254497783;1846037.4714387695;2843.907518619938;3473.5700000000006;[87.91, 86.18, 88.91, 122.61, 105.61, 50.11, 49.11, 70.91, 143.61, 99.61, 39.65, 70.91, 143.61, 71.91, 60.44, 83.18, 48.11, 90.91, 53.11, 130.61, 55.44, 96.91, 106.61, 56.44, 72.91, 32.65, 127.61, 29.65, 79.6, 134.61, 61.44, 119.61, 100.61, 99.61, 109.61, 87.91, 95.91, 94.91, 117.61, 96.91];113.96000000000001;[1, 3, 1, 1, 1, 1, 2, 3, 1, 2, 1, 1, 1, 3, 2, 2, 1, 3, 1, 7, 1, 3, 3, 1, 2, 1, 1];6;50;True
40;50;40;4;True;2000;1;0;0;0;0;0;0;116.17979860305786;10.10938811302185;1618764.4366557398;1611990.4222866662;2814.227311066812;3959.679999999999;[65.59, 129.85, 55.94, 98.85, 134.85, 136.85, 124.85, 76.59, 61.59, 136.85, 33.95, 127.85, 41.95, 118.85, 128.85, 136.85, 111.85, 94.85, 123.85, 75.59, 136.85, 26.95, 89.85, 88.85, 79.03, 62.59, 136.85, 54.95, 69.59, 68.59, 123.85, 128.85, 114.85, 136.85, 130.85, 112.85, 76.59, 84.94, 94.85, 124.85];109.89999999999999;[1, 3, 2, 3, 1, 1, 3, 1, 2, 1, 1, 3, 1, 3, 1, 1, 2, 1, 1, 1, 3, 1, 3, 1, 1, 2, 3, 1, 1, 1];2;50;True
40;50;40;5;True;2000;1;0;0;0;0;0;0;112.07527804374695;10.240344762802124;1383447.0268541707;1376900.0815976476;3063.4059887856547;3483.650000000002;[81.15, 89.15, 67.15, 91.15, 61.15, 127.15, 127.15, 50.57, 105.15, 55.57, 88.15, 3.0, 65.15, 71.15, 77.15, 127.15, 44.63, 47.57, 67.15, 93.15, 127.15, 127.15, 127.15, 59.15, 7.09, 127.15, 35.71, 63.15, 127.15, 127.15, 78.15, 126.15, 127.15, 116.15, 102.15, 127.15, 39.71, 127.15, 95.15, 77.15];124.15;[1, 1, 2, 1, 1, 2, 1, 2, 4, 1, 1, 2, 2, 1, 4, 2, 2, 3, 1, 1, 1, 1, 5, 1, 4, 2, 1];4;50;True
40;50;40;6;True;2000;1;0;0;0;0;0;0;111.2998571395874;10.02823257446289;1303073.6331358822;1296366.168098655;2712.100053613993;3995.460000000001;[83.46, 79.46, 130.46, 122.46, 117.46, 135.46, 119.46, 135.46, 129.46, 42.96, 27.99, 71.96, 133.46, 105.46, 70.96, 28.99, 135.46, 74.96, 101.46, 95.46, 133.46, 90.46, 119.46, 57.96, 135.46, 135.46, 135.46, 56.96, 55.46, 78.96, 79.46, 123.46, 104.46, 135.46, 86.46, 124.46, 135.46, 78.96, 95.46, 90.46];107.47000000000001;[2, 2, 1, 5, 3, 1, 1, 2, 1, 2, 1, 4, 3, 1, 1, 1, 1, 4, 1, 1, 1, 1, 3, 1, 1, 2, 3];4;50;True
50;50;50;1;True;2000;1;0;0;0;0;0;0;96.35662317276001;14.873255014419556;1463903.9500416548;1457840.9097174015;2793.6253552942344;3269.449999999998;[93.06, 49.33, 36.08, 93.06, 93.06, 55.09, 53.01, 93.06, 82.06, 36.08, 12.98, 70.06, 93.06, 58.99, 75.06, 71.06, 24.59, 93.06, 93.06, 93.06, 77.06, 4.1, 93.06, 56.09, 93.06, 73.06, 34.08, 93.06, 50.94, 93.06, 78.06, 15.66, 61.06, 93.06, 54.09, 93.06, 93.06, 18.66, 36.08, 93.06, 47.33, 77.06, 41.35, 56.09, 26.99, 39.08, 36.08, 87.06, 93.06, 93.06];88.96000000000001;[3, 1, 1, 1, 1, 4, 2, 2, 1, 1, 2, 3, 1, 1, 2, 1, 1, 1, 1, 2, 2, 4, 3, 2, 1, 1, 1, 3, 1];3;50;True
50;50;50;2;True;2000;1;0;0;0;0;0;0;129.64219522476196;13.461827278137207;2043270.317760875;2037032.8802338035;3080.6905540922426;3156.73;[64.57, 112.45, 70.57, 56.07, 43.6, 126.45, 41.63, 29.34, 18.95, 72.57, 36.67, 97.0, 38.43, 126.45, 40.63, 32.68, 12.48, 99.45, 85.0, 24.37, 90.0, 54.07, 54.07, 74.57, 76.0, 59.07, 32.68, 44.6, 28.99, 25.37, 126.45, 31.68, 69.57, 44.6, 112.45, 108.45, 103.45, 56.07, 16.37, 54.07, 64.57, 34.3, 60.07, 74.57, 44.6, 46.09, 56.07, 95.0, 63.07, 126.45];113.97;[1, 2, 2, 1, 2, 3, 1, 2, 2, 2, 2, 1, 2, 1, 5, 2, 1, 4, 3, 3, 1, 1, 1, 1, 1, 3];4;50;True
50;50;50;3;True;2000;1;0;0;0;0;0;0;112.51299405097961;13.369602918624878;1610282.6167198496;1604615.9618844783;2839.4369116480866;2827.16;[60.75, 49.75, 69.75, 104.75, 104.75, 26.75, 25.75, 62.75, 104.75, 68.75, 14.11, 37.75, 104.75, 51.75, 32.75, 51.75, 28.75, 53.75, 27.75, 104.75, 42.75, 60.75, 81.75, 31.75, 32.75, 36.75, 78.75, 15.05, 21.75, 98.75, 23.75, 76.75, 86.75, 98.75, 90.75, 52.75, 80.75, 48.75, 61.75, 46.75, 41.75, 73.75, 52.75, 35.75, 35.75, 34.75, 60.75, 70.75, 45.75, 20.75];90.64;[1, 2, 1, 4, 2, 2, 2, 1, 1, 3, 1, 3, 2, 1, 2, 3, 3, 3, 1, 6, 1, 1, 1, 1, 1, 1];5;50;True
50;50;50;4;True;2000;1;0;0;0;0;0;0;126.57852816581726;14.345840215682983;1165868.5452785175;1159198.4785189754;2773.2971498671177;3896.9399999999987;[30.63, 99.06, 12.0, 93.06, 128.06, 138.06, 67.06, 60.06, 34.63, 107.06, 29.63, 74.06, 38.61, 69.06, 95.06, 124.06, 99.06, 88.06, 117.06, 67.06, 127.06, 15.25, 49.06, 65.06, 40.61, 48.5, 91.06, 19.63, 81.06, 56.06, 121.06, 86.06, 104.06, 98.06, 84.06, 87.06, 55.06, 51.06, 79.06, 92.06, 88.06, 38.61, 116.06, 118.06, 87.06, 99.06, 120.06, 53.06, 106.06, 48.5];126.06;[2, 1, 2, 5, 2, 1, 4, 1, 2, 1, 1, 1, 2, 2, 1, 2, 2, 3, 1, 1, 1, 1, 2, 2, 3, 1, 1, 2];4;50;True
50;50;50;5;True;2000;1;0;0;0;0;0;0;148.28207278251648;11.906617879867554;1231057.178903602;1224662.662179237;2979.954904894791;3414.4299999999976;[53.35, 64.35, 49.35, 77.35, 21.54, 101.35, 65.35, 38.4, 87.35, 39.4, 73.35, 3.0, 25.37, 51.35, 47.35, 148.35, 36.4, 33.37, 85.35, 77.35, 148.35, 121.35, 93.35, 50.35, 4.83, 117.35, 22.05, 40.4, 166.35, 151.35, 53.35, 69.35, 122.35, 62.35, 60.35, 141.35, 12.83, 50.35, 88.35, 50.35, 54.35, 104.35, 50.35, 43.35, 61.35, 20.54, 123.35, 60.35, 49.35, 41.35];163.35;[2, 2, 1, 1, 1, 3, 1, 1, 4, 1, 1, 1, 3, 4, 4, 1, 1, 1, 1, 3, 1, 1, 1, 1, 2, 1, 1, 2, 2, 1];3;50;True
50;50;50;6;True;2000;1;0;0;0;0;0;0;140.66820096969604;14.050491094589233;2180816.781730517;2174783.6132285506;2813.6139748125256;3219.4599999999973;[91.37, 46.37, 102.37, 81.37, 63.37, 129.37, 57.37, 129.37, 89.37, 23.97, 26.97, 35.81, 127.37, 54.37, 48.37, 12.58, 106.37, 44.37, 48.37, 121.37, 54.37, 57.37, 57.37, 26.97, 87.37, 85.37, 79.37, 40.81, 32.81, 31.81, 46.37, 68.37, 103.37, 104.37, 79.37, 85.37, 96.37, 33.81, 36.81, 67.37, 137.37, 21.97, 32.81, 76.37, 33.81, 56.37, 17.76, 20.37, 42.81, 64.37];124.79;[1, 4, 3, 1, 1, 3, 1, 1, 3, 6, 1, 1, 1, 4, 1, 1, 1, 1, 2, 2, 1, 1, 2, 1, 4, 1, 1];5;50;True
60;50;60;1;True;2000;1;0;0;0;0;0;0;124.58900499343872;18.151733875274658;1416457.3029665758;1410367.3134889086;2867.600917106212;3222.540000000002;[66.4, 23.99, 30.17, 73.4, 56.4, 32.4, 35.4, 109.4, 47.4, 29.17, 11.94, 67.4, 103.4, 51.4, 59.4, 62.4, 14.15, 54.4, 67.4, 60.4, 51.4, 4.01, 73.4, 110.4, 44.4, 51.4, 20.99, 110.4, 33.4, 72.4, 61.4, 14.07, 48.4, 101.4, 39.4, 82.4, 110.4, 15.58, 20.99, 80.4, 28.11, 57.4, 24.17, 49.4, 20.99, 21.99, 21.99, 79.4, 81.4, 107.4, 36.4, 83.4, 40.4, 14.15, 53.4, 28.11, 110.4, 47.4, 83.4, 30.17];106.39;[1, 1, 3, 1, 1, 3, 1, 1, 2, 3, 2, 1, 2, 2, 2, 3, 3, 3, 2, 1, 1, 2, 2, 1, 3, 1, 2];2;50;True
60;50;60;2;True;2000;1;0;0;0;0;0;0;152.19352102279663;23.064091444015503;2199192.7561951475;2192669.1951455134;3099.249317844249;3424.279999999999;[46.18, 100.18, 65.18, 46.18, 34.17, 117.18, 32.17, 13.9, 13.9, 84.18, 29.17, 125.18, 15.9, 64.18, 57.18, 16.96, 10.9, 137.18, 61.18, 15.9, 126.18, 45.18, 39.18, 93.18, 110.18, 106.18, 18.17, 36.17, 18.17, 17.96, 74.18, 26.17, 59.18, 27.17, 91.18, 108.18, 142.18, 53.18, 14.9, 38.18, 80.18, 23.17, 57.18, 81.18, 29.17, 49.18, 31.17, 104.18, 43.18, 97.18, 40.18, 46.18, 60.18, 13.9, 76.18, 96.18, 101.18, 10.46, 15.9, 36.17];131.72;[1, 1, 2, 1, 1, 3, 1, 1, 2, 4, 1, 1, 3, 1, 2, 2, 2, 3, 4, 1, 1, 1, 1, 1, 1, 2, 2, 3, 1];3;50;True
60;50;60;3;True;2000;1;0;0;0;0;0;0;121.8703978061676;21.85131049156189;1649717.4606823884;1643606.5804100763;2900.4167986923567;3210.5999999999995;[51.52, 56.41, 51.52, 71.54, 80.54, 22.94, 20.94, 50.52, 95.54, 79.54, 14.36, 38.28, 111.54, 57.41, 21.94, 42.28, 29.97, 41.28, 21.94, 84.54, 30.97, 61.55, 111.54, 25.68, 39.28, 27.85, 85.54, 15.13, 21.94, 102.54, 20.94, 78.54, 66.54, 66.54, 45.28, 62.55, 57.41, 45.28, 62.55, 46.28, 33.97, 78.54, 47.52, 28.85, 28.85, 25.68, 38.28, 76.54, 42.28, 20.94, 33.97, 17.98, 111.54, 90.54, 22.94, 111.54, 15.54, 102.54, 87.54, 76.54];97.18;[2, 1, 1, 1, 3, 5, 3, 2, 3, 1, 2, 1, 1, 1, 3, 1, 2, 1, 1, 1, 1, 3, 1, 4, 1, 4];4;50;True
60;50;60;4;True;2000;1;0;0;0;0;0;0;136.93795013427734;18.573914527893066;1738842.3119067922;1732773.3235413549;2750.392383499771;3318.4999999999955;[17.62, 115.62, 12.98, 51.62, 71.62, 128.62, 120.62, 26.62, 16.62, 72.62, 13.18, 102.62, 15.62, 51.62, 99.62, 124.62, 53.62, 88.62, 86.62, 37.62, 104.62, 3.0, 21.62, 43.62, 17.62, 37.62, 68.62, 19.62, 58.62, 36.62, 67.62, 47.62, 76.62, 56.62, 47.62, 71.62, 47.62, 27.62, 63.62, 63.62, 45.62, 21.62, 91.62, 47.62, 91.62, 57.62, 30.62, 25.62, 42.62, 26.62, 54.62, 33.62, 94.62, 18.62, 73.62, 60.62, 39.62, 123.62, 33.62, 14.62];125.62;[3, 1, 4, 1, 1, 1, 2, 2, 1, 3, 1, 3, 1, 2, 1, 2, 1, 2, 1, 2, 2, 2, 3, 2, 1, 1, 1, 2, 1];3;50;True
60;50;60;5;True;2000;1;0;0;0;0;0;0;136.21293377876282;17.014370441436768;1552527.7414817454;1546321.1008965892;2994.09218070111;3212.6200000000013;[42.03, 55.5, 35.03, 58.5, 18.32, 78.5, 46.5, 27.86, 69.5, 25.76, 128.5, 1.0, 21.0, 41.03, 35.03, 73.5, 17.32, 14.35, 43.03, 66.5, 130.5, 83.5, 126.5, 35.03, 3.0, 68.5, 10.08, 30.86, 93.5, 113.5, 52.5, 58.5, 104.5, 72.5, 53.5, 130.5, 8.7, 67.5, 71.5, 29.86, 30.86, 86.5, 50.5, 37.03, 42.03, 10.08, 94.5, 42.03, 81.5, 35.03, 39.03, 24.0, 65.5, 68.5, 18.32, 48.5, 40.03, 35.03, 33.86, 86.5];129.5;[2, 1, 2, 1, 3, 1, 4, 5, 5, 1, 1, 1, 2, 2, 3, 2, 1, 1, 1, 1, 2, 3, 1, 3, 1];4;50;True
60;50;60;6;True;2000;1;0;0;0;0;0;0;126.40671682357788;21.031771421432495;1435021.0953610127;1428814.9345731093;2737.4007157116844;3468.7100000000037;[55.28, 37.28, 63.28, 76.28, 75.28, 121.28, 38.28, 101.28, 92.28, 20.28, 26.28, 39.28, 104.28, 121.28, 29.28, 8.55, 62.28, 32.28, 42.28, 121.28, 73.28, 54.28, 50.28, 18.16, 67.28, 120.28, 53.28, 34.28, 29.28, 21.28, 32.28, 58.28, 63.28, 121.28, 55.28, 48.28, 116.28, 23.28, 27.28, 105.28, 121.28, 22.28, 23.28, 77.28, 121.28, 54.28, 16.23, 14.23, 56.28, 62.28, 93.28, 9.24, 12.23, 29.28, 57.28, 39.28, 121.28, 29.28, 49.28, 19.23];112.73;[1, 2, 2, 3, 4, 1, 2, 1, 2, 1, 2, 1, 1, 1, 2, 1, 2, 1, 2, 2, 2, 1, 1, 2, 2, 1, 3, 1, 2, 1];3;50;True
70;50;70;1;True;2000;1;0;0;0;0;0;0;113.58942437171936;22.389781951904297;1661647.4010882953;1655557.360692451;2867.465823919445;3222.8499999999954;[51.37, 19.99, 23.99, 88.37, 60.37, 32.37, 44.37, 57.37, 45.37, 28.37, 11.9, 48.37, 88.37, 42.37, 51.37, 72.37, 14.61, 34.37, 57.37, 88.37, 50.37, 3.96, 43.37, 55.37, 42.37, 54.37, 19.99, 88.37, 27.37, 64.37, 58.37, 14.18, 37.37, 88.37, 46.37, 69.37, 88.37, 16.61, 18.99, 88.37, 22.99, 50.37, 21.99, 35.37, 17.99, 20.99, 20.99, 72.37, 74.37, 88.37, 22.99, 65.37, 38.37, 14.61, 47.37, 26.37, 88.37, 42.37, 86.37, 27.37, 58.37, 28.37, 59.37, 84.37, 21.99, 49.37, 36.37, 20.99, 16.61, 23.99];84.41000000000001;[1, 1, 2, 1, 3, 1, 2, 1, 1, 2, 2, 1, 1, 1, 1, 2, 3, 4, 2, 1, 4, 1, 3, 1, 2, 3, 2, 1];3;50;True
70;50;70;2;True;2000;1;0;0;0;0;0;0;155.63583970069885;36.040141582489014;3441843.2345894077;3435133.5453932118;3160.0995199919403;3549.469999999995;[27.12, 93.12, 100.12, 34.12, 25.12, 108.12, 22.12, 12.12, 12.12, 92.12, 17.12, 83.12, 14.12, 38.12, 59.12, 14.12, 11.12, 106.12, 71.12, 13.12, 125.12, 51.12, 26.12, 94.12, 87.12, 77.12, 15.12, 27.12, 14.12, 17.12, 123.12, 19.12, 40.12, 17.12, 60.12, 126.12, 134.12, 48.12, 15.12, 34.12, 25.12, 19.12, 34.12, 58.12, 22.12, 30.12, 23.12, 124.12, 32.12, 70.12, 101.12, 44.12, 39.12, 13.12, 94.12, 59.12, 47.12, 11.12, 14.12, 25.12, 23.12, 59.12, 45.12, 106.12, 65.12, 43.12, 134.12, 20.12, 53.12, 9.19];124.93;[1, 1, 1, 2, 1, 1, 1, 2, 1, 2, 2, 1, 2, 2, 4, 4, 1, 2, 3, 1, 2, 1, 1, 3, 1, 4, 2, 1];3;50;True
70;50;70;3;True;2000;1;0;0;0;0;0;0;122.81204271316528;29.141289710998535;1924053.4652092608;1918550.7423599914;2864.018546414821;2638.700000000003;[46.38, 29.38, 48.38, 58.38, 49.38, 10.41, 9.41, 52.38, 76.38, 44.38, 9.41, 21.38, 91.38, 40.38, 14.41, 27.38, 17.38, 20.38, 11.41, 76.38, 15.38, 34.38, 91.38, 12.41, 26.38, 14.41, 80.38, 12.41, 17.38, 46.38, 14.41, 47.38, 54.38, 71.38, 48.38, 46.38, 37.38, 38.38, 75.38, 38.38, 20.38, 57.38, 20.38, 15.38, 24.38, 16.38, 25.38, 57.38, 24.38, 12.41, 18.38, 6.41, 91.38, 65.38, 14.41, 91.38, 6.41, 91.38, 73.38, 44.38, 90.38, 46.38, 30.38, 2.41, 4.41, 31.38, 31.38, 31.38, 2.0, 14.41];89.38;[2, 1, 1, 2, 1, 3, 3, 3, 1, 1, 1, 2, 1, 3, 2, 2, 3, 1, 1, 1, 1, 2, 4, 2, 1, 3, 1, 1];3;50;True
70;50;70;4;True;2000;1;0;0;0;0;0;0;121.52623128890991;28.641552686691284;1945808.9946778824;1939322.171988472;2719.947316608654;3766.800000000003;[14.49, 70.03, 12.54, 54.03, 67.03, 79.03, 39.03, 30.25, 16.43, 104.03, 12.54, 104.03, 13.49, 63.03, 100.03, 104.03, 63.03, 76.03, 90.03, 35.25, 86.03, 2.32, 27.25, 57.03, 20.37, 41.03, 83.03, 19.37, 50.03, 39.03, 88.03, 53.03, 100.03, 77.03, 51.03, 66.03, 50.03, 30.25, 77.03, 68.03, 59.03, 21.37, 104.03, 100.03, 92.03, 81.03, 38.03, 26.25, 58.03, 25.25, 46.03, 35.25, 72.03, 18.69, 86.03, 67.03, 42.03, 83.03, 31.25, 14.49, 12.54, 18.69, 40.03, 18.37, 56.03, 90.03, 77.03, 46.03, 35.68, 37.04];101.71000000000001;[2, 2, 2, 2, 1, 3, 3, 1, 1, 4, 1, 2, 1, 1, 2, 3, 1, 1, 1, 1, 1, 1, 3, 2, 2, 1, 1, 1, 1, 1, 1];3;50;True
70;50;70;5;True;2000;1;0;0;0;0;0;0;143.62783980369568;29.98650813102722;2405327.8290144694;2398513.8336050976;2994.228520871323;3819.739999999997;[42.68, 71.68, 40.68, 40.68, 16.64, 85.68, 50.68, 25.79, 69.68, 21.3, 105.68, 1.0, 17.64, 44.68, 41.68, 131.68, 12.19, 11.83, 50.68, 58.68, 96.68, 83.68, 124.68, 23.88, 3.0, 92.68, 9.68, 28.48, 131.68, 102.68, 67.68, 52.68, 95.68, 60.68, 45.68, 131.68, 9.28, 44.68, 78.68, 29.48, 28.48, 75.68, 23.88, 28.48, 47.68, 9.68, 115.68, 50.68, 48.68, 40.68, 66.68, 22.45, 58.68, 65.68, 15.11, 44.68, 54.68, 38.93, 25.06, 78.68, 100.68, 25.79, 72.68, 87.68, 57.68, 31.48, 59.68, 90.68, 59.68, 38.93];130.68;[2, 1, 1, 1, 1, 3, 1, 2, 1, 3, 3, 1, 1, 4, 2, 1, 1, 3, 1, 2, 1, 3, 1, 1, 3, 1, 3, 2];3;50;True
70;50;70;6;True;2000;1;0;0;0;0;0;0;137.03345203399658;27.020143508911133;1579217.4038865506;1572650.0131964893;2767.145547700622;3800.1400000000026;[61.07, 32.86, 84.07, 75.07, 56.07, 92.07, 36.04, 78.07, 131.07, 20.57, 27.86, 45.07, 72.07, 87.07, 30.86, 8.43, 72.07, 36.04, 40.07, 89.07, 54.07, 39.49, 68.07, 16.57, 87.07, 56.07, 97.07, 25.56, 29.86, 22.03, 53.07, 83.07, 55.07, 77.07, 54.07, 74.07, 81.07, 25.86, 34.04, 94.07, 108.07, 22.03, 23.54, 43.07, 84.07, 56.07, 14.57, 14.23, 39.49, 65.07, 64.07, 9.19, 12.23, 30.86, 55.07, 48.07, 131.07, 27.86, 67.07, 19.57, 27.86, 24.56, 31.86, 27.86, 93.07, 110.07, 39.49, 81.07, 83.07, 43.07];122.63999999999999;[1, 1, 2, 3, 1, 2, 1, 3, 1, 1, 1, 3, 2, 1, 1, 2, 1, 1, 4, 3, 2, 4, 2, 1, 3, 1, 2];3;50;True
80;50;80;1;True;2000;1;0;0;0;0;0;0;143.27324795722961;34.168787240982056;2266697.862386567;2260451.5883908477;2873.2350713534515;3372.8000000000043;[68.63, 14.25, 19.06, 114.63, 65.63, 25.63, 26.63, 95.63, 42.63, 23.63, 10.27, 32.63, 100.63, 39.63, 59.63, 64.63, 9.65, 23.63, 62.63, 114.63, 47.63, 3.58, 60.63, 25.63, 24.63, 41.63, 16.16, 89.63, 19.06, 80.63, 53.63, 8.65, 44.63, 26.63, 35.63, 85.63, 36.63, 10.27, 13.34, 72.63, 20.06, 84.63, 15.25, 39.63, 12.34, 16.16, 16.16, 69.63, 72.63, 102.63, 16.26, 68.63, 27.63, 9.65, 51.63, 20.63, 92.63, 42.63, 78.63, 23.63, 28.63, 24.63, 57.63, 63.63, 17.26, 42.63, 25.63, 17.26, 10.27, 19.06, 22.63, 99.63, 40.63, 13.34, 4.1, 54.63, 49.63, 25.63, 43.63, 20.06];111.05;[1, 2, 1, 2, 4, 2, 3, 1, 1, 2, 1, 2, 1, 3, 1, 1, 2, 3, 1, 4, 1, 1, 2, 1, 1, 2, 1, 1, 2];3;50;True
80;50;80;2;True;2000;1;0;0;0;0;0;0;157.89539337158203;43.29906225204468;3284856.5323656993;3278018.3189016804;3186.083129292909;3652.190000000002;[27.98, 78.4, 106.4, 53.4, 26.56, 104.4, 22.56, 14.85, 14.85, 71.4, 18.56, 84.4, 16.56, 39.21, 25.56, 15.69, 12.02, 90.4, 56.4, 16.56, 64.4, 50.4, 27.98, 126.4, 60.4, 33.21, 18.56, 26.56, 17.56, 17.56, 95.4, 20.56, 42.4, 19.56, 73.4, 87.4, 126.4, 35.21, 15.69, 38.21, 41.4, 20.56, 32.98, 55.4, 24.56, 29.98, 27.56, 117.4, 34.21, 64.4, 61.4, 48.4, 39.21, 13.93, 52.4, 52.4, 45.4, 11.09, 15.69, 33.21, 22.56, 51.4, 30.98, 126.4, 96.4, 36.21, 113.4, 21.56, 46.4, 10.7, 34.21, 45.4, 52.4, 13.93, 65.4, 15.69, 27.56, 54.4, 32.98, 39.21];115.7;[1, 3, 1, 1, 2, 1, 2, 2, 2, 1, 5, 1, 1, 3, 1, 1, 1, 6, 1, 1, 1, 3, 1, 3, 4, 1];5;50;True
80;50;80;3;True;2000;1;0;0;0;0;0;0;152.06762957572937;47.56827521324158;3824701.6590937814;3818362.6106718937;2937.9991506526358;3401.059999999999;[35.93, 58.93, 50.93, 45.93, 52.93, 17.12, 15.81, 43.93, 76.93, 41.93, 12.58, 25.94, 113.93, 40.93, 19.34, 25.94, 21.55, 20.55, 16.17, 89.93, 21.96, 48.93, 92.93, 19.34, 24.94, 20.17, 108.93, 14.53, 20.17, 113.93, 18.34, 53.93, 69.93, 68.93, 47.93, 34.93, 74.93, 31.93, 63.93, 41.93, 24.94, 69.93, 23.94, 20.17, 26.94, 21.55, 29.94, 59.93, 28.94, 17.12, 23.94, 14.11, 106.93, 111.93, 19.34, 113.93, 13.5, 79.93, 89.93, 52.93, 76.93, 38.93, 28.94, 3.41, 7.69, 28.94, 35.93, 27.94, 2.0, 18.69, 17.12, 20.17, 16.17, 55.93, 25.94, 37.93, 44.93, 91.93, 21.96, 29.94];111.93;[1, 2, 2, 1, 1, 4, 1, 3, 2, 1, 3, 2, 2, 1, 1, 3, 1, 1, 2, 5, 1, 3, 2, 1, 1, 1, 2];4;50;True
80;50;80;4;True;2000;1;0;0;0;0;0;0;140.51182627677917;31.27681016921997;2149618.051108758;2143221.189989451;2721.6823119980018;3674.970000000002;[13.39, 52.94, 10.77, 56.94, 64.94, 66.94, 34.94, 26.94, 15.39, 67.94, 10.77, 101.94, 13.39, 57.94, 91.94, 70.94, 46.94, 59.94, 36.94, 33.94, 36.94, 2.12, 25.94, 41.94, 20.0, 38.94, 45.94, 19.39, 38.94, 38.94, 73.94, 31.94, 98.94, 72.94, 55.94, 69.94, 42.94, 26.94, 46.94, 59.94, 50.94, 20.71, 66.94, 43.94, 54.94, 63.94, 31.94, 25.94, 30.94, 24.84, 33.94, 30.94, 86.94, 18.18, 66.94, 49.94, 40.94, 84.94, 26.94, 12.39, 10.77, 18.18, 33.94, 18.18, 33.94, 68.94, 52.94, 83.94, 29.94, 35.94, 35.94, 111.94, 38.94, 31.94, 25.14, 102.94, 83.94, 53.94, 85.94, 25.14];109.82;[2, 1, 3, 1, 2, 1, 1, 2, 1, 1, 4, 1, 2, 2, 1, 1, 1, 1, 2, 1, 3, 1, 1, 2, 7, 1, 2, 2];6;50;True
80;50;80;5;True;2000;1;0;0;0;0;0;0;171.05257034301758;33.710005044937134;2186406.47889538;2179828.62454237;2976.020585848857;3601.9000000000015;[37.06, 37.06, 21.06, 24.06, 16.06, 71.13, 60.13, 25.06, 62.13, 15.06, 101.13, 1.0, 16.06, 30.06, 22.06, 90.13, 11.06, 10.06, 35.06, 54.13, 143.13, 52.13, 112.13, 20.06, 3.0, 93.13, 8.25, 27.06, 150.13, 107.13, 23.06, 48.13, 62.13, 69.13, 40.13, 88.13, 8.25, 27.06, 78.13, 18.06, 26.06, 59.13, 18.06, 23.06, 41.13, 8.25, 93.13, 33.06, 120.13, 21.06, 35.06, 21.06, 55.13, 48.13, 13.06, 41.13, 33.06, 23.06, 19.06, 73.13, 115.13, 18.06, 67.13, 75.13, 43.13, 28.06, 54.13, 42.13, 76.13, 34.06, 25.06, 56.13, 54.13, 37.06, 40.13, 2.0, 28.06, 37.06, 8.25, 38.06];149.13;[2, 3, 2, 3, 1, 2, 3, 2, 4, 1, 1, 5, 2, 2, 1, 1, 2, 1, 1, 2, 1, 2, 1, 3, 1, 1];4;50;True
80;50;80;6;True;2000;1;0;0;0;0;0;0;129.3868591785431;38.66321349143982;2198587.489746374;2192339.8013047357;2773.3618694700854;3474.230000000006;[47.38, 29.38, 78.38, 72.38, 52.38, 83.38, 31.38, 72.38, 96.38, 17.38, 24.38, 28.38, 102.38, 76.38, 27.38, 7.93, 65.38, 25.38, 30.38, 90.38, 36.38, 34.38, 51.38, 14.38, 78.38, 50.38, 56.38, 22.38, 27.38, 17.38, 29.38, 60.38, 49.38, 64.38, 51.38, 52.38, 96.38, 20.38, 24.38, 64.38, 67.38, 20.38, 19.38, 40.38, 40.38, 42.38, 12.38, 11.38, 31.38, 78.38, 92.38, 9.15, 8.55, 27.38, 42.38, 38.38, 69.38, 23.38, 41.38, 16.38, 21.38, 21.38, 22.38, 23.38, 26.38, 102.38, 35.38, 53.38, 59.38, 38.38, 55.38, 35.38, 2.72, 76.38, 23.38, 14.38, 15.38, 102.38, 37.38, 14.38];99.66;[4, 1, 1, 1, 1, 3, 5, 2, 1, 2, 2, 3, 1, 1, 1, 1, 1, 1, 1, 1, 1, 1, 2, 5, 1, 1, 1, 4];4;50;True
90;50;90;1;True;2000;1;0;0;0;0;0;0;124.19069504737854;38.92627477645874;2119663.4489321928;2113381.234773744;2841.2767877511287;3440.85;[59.94, 17.04, 20.65, 84.94, 58.94, 26.56, 28.56, 84.94, 44.94, 24.56, 10.95, 33.56, 50.94, 35.56, 49.94, 55.94, 10.95, 26.56, 52.94, 46.94, 48.94, 3.31, 43.56, 32.56, 40.56, 44.94, 17.04, 58.94, 20.65, 79.94, 52.94, 9.95, 29.56, 29.56, 35.56, 65.94, 31.56, 10.95, 15.35, 57.94, 20.65, 79.94, 18.04, 52.94, 15.35, 18.04, 18.04, 53.94, 62.94, 84.94, 19.65, 40.56, 26.56, 10.95, 45.94, 22.56, 64.94, 24.56, 75.94, 24.56, 31.56, 26.56, 58.94, 80.94, 19.04, 45.94, 23.56, 19.04, 11.95, 20.65, 22.56, 55.94, 37.56, 15.35, 4.02, 51.94, 58.94, 30.56, 36.56, 22.56, 38.56, 68.94, 84.94, 25.56, 84.94, 8.94, 16.35, 13.81, 44.94, 43.56];81.63;[1, 3, 1, 4, 1, 1, 1, 1, 1, 2, 2, 1, 2, 3, 2, 1, 4, 1, 1, 3, 1, 1, 1, 1, 2, 1, 1, 2, 4];3;50;True
90;50;90;2;True;2000;1;0;0;0;0;0;0;176.18622088432312;55.35660982131958;3699545.266874489;3692119.76779563;3191.185515292409;4234.230000000004;[28.92, 90.92, 131.92, 110.92, 27.44, 103.92, 22.44, 17.44, 16.44, 48.92, 19.44, 112.92, 18.44, 38.92, 24.44, 16.44, 11.23, 29.92, 69.92, 17.44, 76.92, 39.92, 27.44, 63.92, 143.92, 75.92, 18.44, 24.44, 18.44, 18.44, 143.92, 21.44, 33.92, 20.44, 131.92, 91.92, 87.92, 34.92, 14.99, 36.92, 43.92, 21.44, 34.92, 60.92, 24.44, 27.44, 26.44, 132.92, 28.92, 134.92, 33.92, 34.92, 39.92, 12.99, 53.92, 50.92, 43.92, 10.84, 17.44, 26.44, 22.44, 65.92, 30.92, 111.92, 72.92, 34.92, 76.92, 21.44, 45.92, 9.31, 27.92, 46.92, 52.92, 15.44, 55.92, 17.44, 26.44, 51.92, 32.92, 38.92, 49.92, 76.92, 19.44, 24.44, 64.92, 51.92, 21.44, 47.92, 14.99, 56.92];134.60999999999999;[1, 3, 1, 2, 1, 2, 1, 1, 3, 1, 2, 4, 1, 3, 2, 2, 1, 1, 5, 1, 1, 1, 1, 1, 1, 3, 1, 1, 1, 1];4;50;True
90;50;90;3;True;2000;1;0;0;0;0;0;0;140.42647790908813;55.847161054611206;2768149.165420303;2761762.79613195;2916.2195453503855;3470.2400000000007;[36.73, 39.36, 52.63, 39.36, 72.6, 15.58, 13.58, 38.36, 54.63, 47.19, 11.58, 25.23, 98.6, 33.73, 17.59, 27.19, 19.94, 19.94, 14.58, 62.36, 20.8, 45.19, 77.6, 17.59, 20.8, 18.31, 60.36, 14.58, 19.18, 45.19, 17.06, 105.6, 69.6, 71.6, 45.19, 35.73, 60.36, 32.09, 28.19, 42.42, 23.62, 60.36, 25.23, 19.18, 26.19, 19.94, 32.09, 53.63, 29.19, 14.58, 22.69, 10.48, 58.36, 70.6, 17.59, 77.6, 10.48, 67.36, 105.6, 50.19, 105.6, 41.42, 27.19, 3.6, 6.43, 29.19, 35.73, 27.19, 2.0, 17.59, 15.58, 19.18, 14.58, 37.73, 28.19, 41.42, 54.63, 53.63, 21.8, 28.19, 12.58, 65.36, 90.6, 18.31, 35.73, 12.58, 51.63, 50.19, 54.63, 84.6];103.6;[1, 3, 1, 4, 5, 1, 1, 2, 3, 3, 3, 1, 2, 1, 2, 2, 2, 3, 3, 1, 2, 1, 1, 1, 1];4;50;True
90;50;90;4;True;2000;1;0;0;0;0;0;0;137.13490962982178;44.52628517150879;2518982.5734387;2512699.995530473;2741.828546102874;3540.5999999999985;[11.09, 58.89, 10.09, 49.89, 60.89, 39.89, 25.89, 24.89, 14.89, 74.89, 8.09, 55.89, 11.09, 47.89, 58.89, 46.89, 50.89, 46.89, 25.89, 20.89, 48.89, 2.1, 17.89, 39.89, 12.89, 36.89, 55.89, 17.89, 34.89, 27.89, 61.89, 30.89, 76.89, 28.89, 66.89, 52.89, 38.89, 20.89, 49.89, 94.89, 38.89, 18.89, 61.89, 25.89, 38.89, 56.89, 25.89, 22.89, 23.89, 20.89, 39.89, 38.89, 59.89, 13.89, 72.89, 53.89, 37.89, 26.89, 21.89, 12.09, 9.09, 14.89, 88.89, 12.89, 23.89, 66.89, 63.89, 59.89, 20.89, 32.89, 32.89, 64.89, 35.89, 23.89, 17.89, 38.89, 94.89, 57.89, 70.89, 19.89, 72.89, 81.89, 79.89, 15.89, 52.89, 20.89, 6.78, 50.89, 18.89, 12.09];92.79;[2, 1, 2, 2, 2, 1, 1, 2, 4, 2, 3, 1, 3, 2, 1, 1, 2, 3, 1, 3, 2, 3, 1, 1, 4];3;50;True
90;50;90;5;True;2000;1;0;0;0;0;0;0;157.04360103607178;33.67599272727966;1397484.8537841325;1390315.310513203;3010.5394732890686;4158.860000000004;[38.34, 95.34, 18.34, 26.34, 16.43, 57.34, 66.34, 25.34, 56.34, 15.43, 68.34, 1.0, 16.43, 25.34, 24.34, 87.34, 11.03, 10.99, 42.34, 56.34, 67.34, 55.34, 123.34, 20.34, 3.0, 85.34, 8.99, 27.34, 119.34, 139.34, 24.34, 49.34, 62.34, 31.34, 41.34, 96.34, 7.99, 33.34, 109.34, 19.34, 26.34, 81.34, 18.34, 24.34, 26.34, 8.99, 58.34, 60.34, 51.34, 22.34, 38.34, 21.34, 63.34, 65.34, 13.69, 42.34, 35.34, 26.34, 19.34, 77.34, 107.34, 19.34, 61.34, 94.34, 44.34, 28.34, 54.34, 77.34, 28.34, 35.34, 25.34, 84.34, 32.34, 37.34, 41.34, 2.0, 25.34, 47.34, 8.99, 38.34, 100.34, 98.34, 68.34, 3.97, 26.34, 79.34, 106.34, 42.34, 16.43, 59.34];138.34;[1, 1, 2, 1, 2, 1, 3, 1, 2, 2, 1, 1, 4, 1, 1, 1, 3, 1, 1, 1, 1, 2, 2, 2, 1, 3, 1, 2, 2, 1, 1, 1];3;50;True
90;50;90;6;True;2000;1;0;0;0;0;0;0;144.57622385025024;46.18418574333191;2891195.5940384986;2884609.71599304;2776.9428044087012;3809.170000000001;[42.42, 31.42, 69.93, 64.66, 45.74, 46.0, 34.42, 54.05, 91.93, 19.93, 26.42, 29.42, 44.74, 37.42, 30.42, 9.43, 54.05, 28.42, 33.42, 103.93, 41.42, 36.42, 45.74, 18.42, 68.93, 57.05, 64.66, 25.42, 29.42, 21.42, 32.42, 55.05, 42.42, 79.93, 50.05, 49.05, 76.93, 23.42, 26.42, 60.05, 79.93, 22.42, 23.42, 41.42, 30.42, 35.42, 15.42, 15.42, 29.42, 108.93, 65.66, 10.19, 12.25, 30.42, 50.05, 28.42, 91.93, 26.42, 47.0, 18.93, 25.42, 24.42, 26.42, 26.42, 28.42, 108.93, 35.42, 63.66, 60.05, 40.42, 92.93, 36.42, 2.0, 29.42, 26.42, 18.42, 19.93, 38.42, 36.42, 18.42, 62.05, 100.93, 43.74, 31.42, 33.42, 44.74, 25.42, 14.42, 18.42, 89.93];106.93;[2, 1, 3, 2, 2, 1, 3, 2, 3, 1, 1, 1, 2, 2, 1, 1, 1, 3, 4, 1, 3, 3, 3, 3, 1];3;50;True
100;50;100;1;True;2000;1;0;0;0;0;0;0;115.7010726928711;53.32034635543823;2183803.3573653027;2177124.851417074;2814.785622267749;3863.8400000000006;[48.96, 17.6, 23.59, 73.96, 59.96, 28.7, 29.7, 73.96, 44.96, 26.7, 11.62, 31.96, 65.96, 37.96, 50.96, 61.96, 12.1, 26.7, 65.96, 53.96, 49.96, 3.52, 68.96, 44.96, 36.96, 50.96, 18.6, 51.96, 24.59, 58.96, 43.96, 12.1, 30.7, 43.96, 36.96, 73.96, 31.96, 13.1, 16.6, 63.96, 21.59, 51.96, 19.6, 56.96, 17.6, 19.6, 18.6, 73.96, 73.96, 69.96, 22.59, 48.96, 27.7, 12.1, 46.96, 25.59, 56.96, 26.7, 73.96, 26.59, 30.96, 28.7, 59.96, 73.96, 20.6, 46.96, 25.59, 19.6, 13.61, 23.59, 24.59, 57.96, 34.96, 17.6, 4.35, 55.96, 72.96, 29.7, 52.96, 24.59, 28.7, 73.96, 59.96, 27.7, 57.96, 10.86, 16.6, 15.61, 60.96, 40.96, 16.6, 9.63, 11.62, 71.96, 13.61, 44.96, 35.96, 73.96, 26.59, 30.7];70.44;[1, 4, 1, 2, 1, 1, 2, 2, 1, 2, 1, 1, 5, 2, 2, 2, 1, 1, 3, 1, 1, 1, 2, 3, 2, 2, 3];4;50;True
100;50;100;2;True;2000;1;0;0;0;0;0;0;163.40635108947754;50.134833574295044;2882797.4840979897;2874931.048851164;3210.515475234242;4655.759999999996;[30.76, 69.93, 71.93, 85.93, 29.76, 58.93, 26.49, 19.06, 18.18, 52.93, 22.07, 61.93, 20.06, 41.93, 34.66, 18.18, 12.21, 36.66, 59.93, 21.07, 112.93, 50.93, 35.66, 103.93, 127.93, 58.93, 22.49, 33.61, 22.07, 19.06, 80.93, 28.76, 44.93, 22.07, 49.93, 71.93, 97.93, 39.66, 16.18, 39.66, 49.93, 28.76, 47.93, 52.93, 32.61, 36.66, 39.93, 77.93, 38.66, 49.93, 48.93, 42.93, 47.93, 14.64, 70.93, 46.93, 52.93, 11.21, 19.06, 33.61, 26.49, 60.93, 35.66, 105.93, 45.93, 38.66, 86.93, 23.49, 51.93, 10.21, 38.66, 46.93, 57.93, 18.18, 83.93, 20.06, 35.66, 57.93, 35.66, 42.93, 46.93, 62.93, 22.49, 25.49, 87.93, 41.93, 30.76, 54.93, 16.18, 81.93, 51.93, 77.93, 34.66, 18.18, 48.93, 62.93, 65.93, 33.66, 109.93, 39.66];117.72;[1, 1, 1, 1, 2, 1, 1, 5, 2, 1, 1, 1, 3, 1, 2, 1, 1, 1, 1, 1, 1, 3, 4, 2, 1, 1, 2, 2, 2, 1, 2];4;50;True
100;50;100;3;True;2000;1;0;0;0;0;0;0;142.9778184890747;53.03059911727905;2267051.932597983;2260889.324363333;2927.6681983765384;3234.840000000001;[44.98, 33.98, 38.98, 34.98, 60.98, 13.15, 11.62, 34.98, 52.98, 47.98, 11.62, 20.98, 69.98, 27.98, 16.98, 20.98, 18.98, 14.98, 11.62, 48.98, 16.98, 34.98, 69.98, 14.98, 16.98, 15.98, 78.98, 13.73, 18.98, 60.98, 15.98, 57.98, 37.98, 46.98, 64.98, 31.98, 39.98, 25.98, 23.98, 39.98, 21.98, 56.98, 18.98, 14.98, 25.98, 17.98, 26.98, 42.98, 25.98, 12.62, 20.98, 9.62, 56.98, 51.98, 16.98, 97.98, 8.62, 55.98, 90.98, 38.98, 37.98, 34.98, 18.98, 3.84, 7.55, 22.98, 31.98, 19.98, 1.0, 16.98, 13.73, 14.98, 12.62, 35.98, 19.98, 28.98, 47.98, 59.98, 15.98, 23.98, 11.62, 76.98, 81.98, 13.98, 28.98, 11.62, 40.98, 45.98, 41.98, 33.98, 88.98, 56.98, 18.98, 37.98, 7.55, 9.62, 17.98, 20.98, 22.98, 13.73];96.98;[2, 2, 1, 2, 1, 2, 2, 1, 2, 2, 1, 5, 1, 1, 4, 1, 2, 2, 1, 1, 5, 2, 1, 1, 1, 2, 1, 1];4;50;True
100;50;100;4;True;2000;1;0;0;0;0;0;0;146.51625418663025;41.889549255371094;1559790.8034367373;1552409.3735467575;2824.9790944520496;4556.420000000002;[11.09, 80.52, 10.66, 51.52, 65.52, 31.52, 31.52, 23.27, 15.03, 62.52, 9.31, 121.52, 11.09, 30.52, 70.52, 35.52, 50.52, 98.52, 26.52, 23.27, 80.52, 1.91, 20.19, 44.52, 15.03, 37.52, 54.52, 18.19, 37.52, 29.52, 54.52, 36.52, 92.52, 31.52, 94.52, 85.52, 41.52, 23.27, 42.52, 76.52, 41.52, 20.19, 71.52, 32.52, 77.52, 70.52, 28.52, 23.27, 27.52, 22.27, 40.52, 28.52, 68.52, 16.19, 56.52, 49.52, 39.52, 32.52, 23.27, 12.88, 10.31, 16.19, 121.52, 15.03, 25.27, 69.52, 67.52, 121.52, 24.27, 34.52, 33.52, 85.52, 37.52, 28.52, 20.19, 55.52, 117.52, 39.52, 112.52, 21.27, 121.52, 59.52, 115.52, 17.19, 55.52, 23.27, 8.66, 45.52, 21.27, 12.88, 121.52, 25.27, 33.52, 17.19, 57.52, 19.19, 35.52, 22.27, 26.52, 97.52];119.61;[2, 2, 1, 1, 2, 1, 1, 2, 1, 1, 1, 2, 3, 1, 1, 1, 2, 1, 1, 1, 1, 1, 2, 3, 1, 2, 1, 2, 3, 2, 1, 1, 2];2;50;True
100;50;100;5;True;2000;1;0;0;0;0;0;0;155.1972517967224;59.665454387664795;2983647.160181422;2975999.496800276;2996.840653272004;4650.960000000003;[39.9, 91.81, 22.98, 29.58, 16.27, 58.81, 41.9, 25.68, 57.81, 18.88, 59.81, 1.0, 17.69, 28.05, 29.82, 69.81, 13.03, 11.03, 30.82, 57.81, 74.81, 78.81, 116.81, 21.9, 3.0, 66.81, 7.76, 28.05, 108.81, 102.81, 26.05, 51.81, 58.81, 30.82, 43.9, 124.81, 7.6, 34.09, 61.81, 22.77, 27.16, 43.9, 22.77, 26.66, 38.42, 7.76, 85.81, 40.9, 50.8, 25.68, 31.82, 21.9, 53.81, 52.81, 16.03, 44.9, 41.9, 26.66, 22.77, 56.81, 107.81, 24.96, 61.81, 56.81, 46.9, 30.82, 56.81, 48.9, 32.82, 38.42, 53.81, 61.81, 31.72, 39.9, 42.9, 2.0, 28.05, 39.42, 7.76, 39.9, 77.81, 90.81, 52.81, 4.04, 28.79, 81.81, 124.81, 35.95, 19.9, 36.42, 34.09, 78.81, 117.81, 53.81, 55.81, 74.81, 101.81, 62.81, 79.81, 51.11];123.81;[1, 1, 2, 1, 2, 1, 3, 2, 4, 1, 1, 1, 1, 1, 1, 4, 1, 2, 1, 2, 1, 3, 1, 3, 2, 1, 2, 3, 1];3;50;True
100;50;100;6;True;2000;1;0;0;0;0;0;0;145.21327567100525;52.564462423324585;2415728.966910445;2408628.8763046693;2837.8217478717465;4262.24;[38.73, 31.85, 56.64, 74.64, 40.73, 59.64, 34.71, 83.64, 72.64, 18.75, 26.63, 29.24, 80.64, 37.73, 30.27, 9.95, 48.64, 31.85, 30.85, 37.71, 46.01, 36.71, 44.73, 14.81, 83.64, 50.64, 42.73, 24.63, 29.24, 19.71, 33.71, 58.64, 48.64, 63.64, 44.73, 41.73, 93.64, 25.63, 28.24, 55.64, 78.64, 20.9, 21.63, 41.73, 33.71, 34.71, 12.8, 11.97, 30.85, 109.64, 69.64, 9.95, 11.93, 29.24, 48.64, 30.27, 110.64, 26.63, 57.64, 16.81, 26.63, 22.63, 28.24, 26.63, 32.71, 77.64, 35.71, 50.64, 80.64, 40.73, 54.64, 36.71, 2.8, 33.71, 29.27, 15.81, 17.81, 63.64, 35.71, 15.81, 63.64, 78.64, 56.64, 32.71, 35.71, 44.73, 26.63, 11.97, 15.81, 73.64, 18.75, 67.64, 8.39, 62.64, 31.85, 62.64, 104.64, 61.64, 47.64, 57.64];107.84;[2, 1, 3, 2, 1, 3, 2, 2, 5, 1, 1, 2, 5, 2, 3, 1, 1, 1, 2, 1, 1, 1, 1, 6];5;50;True
10;60;10;1;True;2000;1;0;0;0;0;0;0;160.76269388198853;1.4121382236480713;9729161.463115703;9723376.580298362;3586.323204163473;2198.600000000001;[219.86, 219.86, 219.86, 219.86, 219.86, 219.86, 219.86, 219.86, 219.86, 219.86];0.0;[7, 4, 9, 3, 8, 6, 3, 3, 10, 7];7;60;True
10;60;10;2;True;2000;1;0;0;0;0;0;0;186.21235918998718;1.2246599197387695;4943970.588763505;4938004.925447146;3706.409099564007;2259.3;[260.93, 260.93, 257.93, 247.93, 149.93, 260.93, 139.93, 213.93, 217.93, 248.93];121.0;[4, 8, 4, 10, 5, 11, 5, 4, 3, 6];8;60;True
10;60;10;3;True;2000;1;0;0;0;0;0;0;163.61509656906128;1.6209743022918701;11223371.820864826;11217669.844448369;3506.322268240106;2195.7;[219.57, 219.57, 219.57, 219.57, 219.57, 219.57, 219.57, 219.57, 219.57, 219.57];0.0;[3, 7, 3, 5, 10, 4, 4, 7, 6, 11];8;60;True
10;60;10;4;True;2000;1;0;0;0;0;0;0;172.07718539237976;1.354288101196289;6922104.0750476485;6916409.996176911;3488.14333164811;2205.97;[198.81, 237.81, 237.81, 223.81, 213.81, 237.81, 237.81, 214.81, 165.68, 237.81];72.13;[4, 8, 2, 6, 4, 6, 8, 7, 5, 10];8;60;True
10;60;10;5;True;2000;1;0;0;0;0;0;0;182.7317008972168;1.4156997203826904;8293338.647008346;8287280.3719973415;3743.6194478863126;2314.7000000000003;[251.77, 251.77, 204.77, 189.77, 251.77, 251.77, 248.77, 234.77, 244.77, 184.77];67.0;[8, 7, 9, 5, 5, 5, 7, 3, 4, 7];6;60;True
10;60;10;6;True;2000;1;0;0;0;0;0;0;157.32921886444092;1.4516944885253906;6579603.013853289;6574277.00789355;3271.473208620294;2054.5000000000005;[178.15, 167.15, 214.15, 214.15, 214.15, 214.15, 214.15, 214.15, 210.15, 214.15];47.0;[3, 3, 8, 5, 9, 6, 3, 10, 6, 7];7;60;True
20;60;20;1;True;2000;1;0;0;0;0;0;0;122.36037588119507;3.95853590965271;3359200.157929959;3352926.338099747;3544.984888646913;2728.85;[151.58, 100.89, 132.58, 151.58, 151.58, 151.58, 128.58, 151.58, 151.58, 110.59, 88.89, 149.58, 151.58, 126.58, 113.89, 151.58, 109.89, 151.58, 151.58, 151.58];62.69000000000001;[6, 1, 4, 4, 3, 2, 1, 5, 3, 2, 1, 2, 6, 1, 1, 4, 1, 4, 7, 2];6;60;True
20;60;20;2;True;2000;1;0;0;0;0;0;0;163.74702525138855;4.648973226547241;5869841.125155814;5863094.1486986;3701.755552591757;3045.25;[125.24, 196.24, 196.24, 152.24, 163.24, 196.24, 146.24, 130.24, 144.24, 168.24, 116.24, 172.24, 120.24, 140.24, 149.24, 137.24, 99.69, 193.24, 161.24, 137.24];96.55000000000001;[1, 5, 5, 4, 3, 6, 2, 1, 1, 5, 4, 4, 1, 3, 3, 2, 1, 6, 2, 1];5;60;True
20;60;20;3;True;2000;1;0;0;0;0;0;0;129.60772061347961;4.541507244110107;3583005.7693270617;3576487.1612729784;3550.2743922926684;2968.31;[162.77, 162.77, 162.77, 162.77, 162.77, 94.77, 112.77, 162.77, 162.77, 162.77, 111.68, 143.77, 162.77, 155.77, 143.77, 162.77, 137.77, 149.77, 127.77, 162.77];68.00000000000001;[1, 3, 3, 6, 5, 2, 3, 2, 1, 5, 1, 1, 1, 4, 1, 7, 2, 3, 5, 4];6;60;True
20;60;20;4;True;2000;1;0;0;0;0;0;0;118.3278877735138;3.9477341175079346;3513620.7437491347;3507399.4492716556;3464.0591894055947;2757.24;[97.98, 145.68, 123.7, 145.68, 145.68, 145.68, 145.68, 145.68, 131.68, 145.68, 96.98, 145.68, 121.7, 145.68, 145.68, 145.68, 145.68, 145.68, 145.68, 145.68];48.7;[2, 5, 1, 2, 2, 4, 1, 4, 3, 2, 1, 4, 5, 1, 5, 5, 4, 5, 4];4;60;True
20;60;20;5;True;2000;1;0;0;0;0;0;0;158.59786796569824;3.473546028137207;2826912.309543807;2820267.177182748;3659.2775677170785;2985.9199999999996;[118.59, 164.16, 160.16, 135.16, 94.59, 191.16, 186.16, 128.16, 143.16, 140.16, 203.16, 101.59, 108.59, 172.16, 184.16, 187.16, 125.16, 124.16, 151.16, 167.16];108.57;[1, 5, 4, 2, 2, 3, 4, 2, 1, 5, 5, 1, 1, 3, 3, 6, 4, 2, 5, 1];5;60;True
20;60;20;6;True;2000;1;0;0;0;0;0;0;125.30846428871155;3.414702892303467;2795871.1152946516;2789825.6624903507;3295.914215550458;2749.5499999999997;[155.56, 155.56, 155.56, 155.56, 155.56, 153.56, 129.56, 155.56, 155.56, 100.01, 102.01, 121.56, 155.56, 139.56, 111.56, 98.01, 155.56, 106.56, 131.56, 155.56];57.55;[2, 1, 4, 5, 4, 5, 4, 5, 4, 2, 1, 1, 3, 4, 5, 2, 5, 1, 1, 1];4;60;True
30;60;30;1;True;2000;1;0;0;0;0;0;0;116.8915503025055;6.096778154373169;2147089.763426406;2140463.982911523;3562.6166867099882;3063.2200000000003;[126.48, 72.48, 74.48, 126.48, 126.48, 87.48, 86.48, 126.48, 88.48, 68.2, 63.17, 115.48, 113.48, 126.48, 105.48, 126.48, 66.2, 126.48, 124.48, 123.48, 126.48, 54.17, 104.48, 126.48, 126.48, 90.48, 75.48, 102.48, 85.48, 96.48];72.31;[4, 1, 2, 4, 3, 1, 2, 3, 1, 1, 4, 2, 2, 4, 1, 3, 1, 2, 7, 1, 3, 2, 2, 1, 2, 1];6;60;True
30;60;30;2;True;2000;1;0;0;0;0;0;0;119.75014662742615;7.581256151199341;2251707.8782360125;2244760.375819697;3767.4510785689854;3180.12;[77.25, 129.25, 129.25, 115.25, 115.25, 129.25, 110.25, 70.25, 85.25, 129.25, 83.25, 129.25, 80.25, 117.25, 94.25, 100.25, 42.62, 129.25, 129.25, 73.25, 129.25, 129.25, 112.25, 129.25, 125.25, 116.25, 85.25, 120.25, 99.25, 64.5];86.63;[1, 2, 3, 5, 1, 3, 3, 1, 1, 1, 2, 2, 3, 1, 1, 1, 4, 3, 1, 3, 2, 2, 2, 3, 2, 4, 1, 2];4;60;True
30;60;30;3;True;2000;1;0;0;0;0;0;0;174.0151207447052;9.528326272964478;4251996.986287537;4244605.1581454715;3502.1338072567246;3889.6599999999985;[108.29, 168.29, 111.29, 191.29, 172.29, 93.37, 56.37, 111.29, 151.29, 189.29, 53.37, 145.29, 175.29, 152.29, 86.37, 160.29, 104.29, 155.29, 76.37, 137.29, 104.29, 120.29, 177.29, 89.37, 142.29, 96.29, 200.45, 66.37, 93.37, 200.45];147.07999999999998;[2, 1, 1, 3, 2, 1, 2, 1, 4, 2, 2, 3, 2, 2, 1, 1, 5, 1, 2, 2, 3, 1, 2, 3, 4, 1, 6];5;60;True
30;60;30;4;True;2000;1;0;0;0;0;0;0;125.49614453315735;6.930386304855347;1856668.354573763;1849610.3694176166;3395.2919194246065;3662.6799999999985;[77.72, 150.68, 92.72, 133.68, 119.68, 150.68, 150.68, 101.68, 93.72, 150.68, 64.72, 135.68, 72.72, 150.68, 150.68, 150.68, 132.68, 147.68, 128.68, 104.68, 150.68, 60.72, 150.68, 110.68, 147.68, 101.68, 150.68, 94.72, 137.68, 96.68];89.96000000000001;[3, 3, 1, 3, 2, 2, 2, 2, 2, 1, 1, 1, 1, 4, 4, 3, 2, 2, 1, 2, 2, 2, 2, 1, 4, 4, 3];3;60;True
30;60;30;5;True;2000;1;0;0;0;0;0;0;116.3769998550415;7.245893239974976;2128360.1611089343;2121501.775859261;3606.9765302780065;3251.389999999999;[98.63, 131.12, 128.12, 131.12, 70.86, 131.12, 91.63, 107.6, 119.6, 108.6, 131.12, 25.0, 85.09, 116.6, 97.63, 131.12, 103.6, 82.86, 131.12, 131.12, 131.12, 131.12, 131.12, 95.63, 58.86, 131.12, 69.86, 86.66, 131.12, 131.12];106.12;[1, 1, 3, 1, 2, 1, 1, 1, 4, 3, 4, 3, 3, 2, 2, 1, 2, 1, 2, 1, 2, 2, 1, 4, 6, 6];5;60;True
30;60;30;6;True;2000;1;0;0;0;0;0;0;156.04432797431946;8.223134279251099;2267442.626003589;2260821.6085815765;3227.398321481978;3393.5;[110.25, 96.25, 110.25, 144.25, 126.25, 115.25, 178.25, 166.25, 155.25, 74.25, 80.25, 87.25, 157.25, 106.25, 107.25, 58.25, 166.25, 74.25, 101.25, 155.25, 89.25, 102.25, 117.25, 67.25, 178.25, 124.25, 111.25, 92.25, 61.25, 80.25];120.0;[1, 3, 4, 2, 3, 3, 4, 1, 1, 3, 3, 3, 1, 1, 4, 1, 3, 2, 7, 1, 3, 2, 3, 1];6;60;True
40;60;40;1;True;2000;1;0;0;0;0;0;0;107.74654459953308;9.657615184783936;1515495.241920231;1508680.434144177;3529.1973469786294;3285.5;[106.94, 58.99, 53.56, 106.94, 104.94, 69.99, 67.99, 106.94, 88.94, 52.56, 60.99, 54.56, 104.94, 68.99, 85.94, 106.94, 60.99, 73.99, 106.94, 86.94, 76.99, 33.57, 91.94, 106.94, 83.94, 86.94, 55.56, 106.94, 78.99, 106.94, 103.94, 39.56, 83.94, 106.94, 69.99, 106.94, 106.94, 46.56, 55.99, 106.94];73.37;[3, 1, 2, 2, 1, 2, 1, 1, 1, 1, 2, 1, 4, 3, 2, 2, 3, 1, 2, 1, 2, 1, 1, 2, 1, 1, 1, 3, 1, 4, 4, 1, 2];3;60;True
40;60;40;2;True;2000;1;0;0;0;0;0;0;173.86049437522888;15.344129800796509;4442845.26220091;4435077.856752833;3689.8596205691615;4077.5199999999977;[77.93, 121.93, 148.93, 109.93, 88.93, 179.93, 72.93, 57.71, 76.93, 113.93, 66.93, 118.93, 63.93, 123.93, 147.93, 72.93, 48.81, 71.93, 94.93, 57.71, 141.93, 87.93, 80.93, 131.93, 129.93, 91.93, 76.93, 100.93, 62.93, 70.93, 146.93, 63.93, 117.93, 81.93, 179.93, 179.93, 122.93, 150.93, 42.81, 96.93];137.12;[1, 1, 1, 3, 3, 2, 1, 1, 2, 2, 3, 2, 3, 1, 1, 1, 3, 1, 1, 4, 2, 2, 1, 3, 3, 1, 3, 5, 2, 1];4;60;True
40;60;40;3;True;2000;1;0;0;0;0;0;0;142.41324305534363;10.195767879486084;1697495.401933567;1690334.025816338;3486.242151049013;3674.9800000000005;[87.77, 99.77, 89.77, 148.77, 96.77, 54.07, 44.61, 77.77, 155.77, 115.77, 37.7, 86.77, 148.77, 118.77, 58.07, 88.77, 69.07, 75.77, 49.07, 155.77, 57.07, 115.77, 108.77, 62.07, 75.77, 73.07, 114.77, 45.61, 66.07, 125.77, 36.83, 102.77, 118.77, 102.77, 98.77, 73.88, 98.77, 104.77, 155.77, 77.77];118.94000000000001;[1, 1, 1, 1, 1, 2, 3, 3, 2, 3, 2, 2, 1, 1, 2, 4, 1, 4, 2, 1, 2, 2, 5, 1, 2, 1, 1, 3, 1, 3, 1];4;60;True
40;60;40;4;True;2000;1;0;0;0;0;0;0;149.0591423511505;12.284014701843262;2203355.724260297;2195367.7573310495;3485.2728614740545;4502.59;[87.39, 118.39, 60.45, 116.39, 139.39, 168.39, 168.39, 107.39, 67.34, 95.39, 40.48, 116.39, 50.48, 126.39, 168.39, 168.39, 97.39, 100.39, 126.39, 146.39, 168.39, 39.48, 73.34, 89.39, 81.36, 79.36, 126.39, 71.34, 92.39, 74.34, 168.39, 141.39, 168.39, 140.39, 130.39, 156.39, 78.34, 84.36, 113.39, 155.39];128.91;[4, 2, 1, 1, 2, 3, 2, 1, 1, 2, 1, 1, 2, 3, 1, 3, 3, 2, 1, 1, 1, 1, 2, 3, 2, 2, 3, 2, 1, 3, 1, 1, 1];3;60;True
40;60;40;5;True;2000;1;0;0;0;0;0;0;112.38641119003296;10.0316481590271;1425845.5794598563;1418460.1866922118;3659.6663303963533;3725.7900000000013;[78.57, 86.57, 120.57, 120.57, 60.14, 120.57, 102.57, 57.14, 116.57, 72.57, 97.57, 48.14, 71.57, 76.57, 83.57, 120.57, 73.57, 59.14, 114.57, 108.57, 120.57, 120.57, 92.57, 75.57, 40.14, 120.57, 61.14, 67.57, 120.57, 120.57, 90.57, 88.57, 120.57, 120.57, 85.57, 120.57, 50.14, 120.57, 102.57, 96.57];80.42999999999999;[1, 2, 1, 2, 1, 1, 1, 2, 2, 3, 1, 2, 5, 1, 3, 2, 1, 1, 1, 3, 1, 3, 3, 2, 1, 1, 2, 3, 4, 3, 1];4;60;True
40;60;40;6;True;2000;1;0;0;0;0;0;0;171.92410397529602;12.652607679367065;2744747.9499787535;2737331.399478251;3185.519717131473;4231.110000000001;[84.94, 80.94, 133.94, 111.94, 86.94, 144.94, 86.94, 158.94, 179.94, 53.46, 40.34, 74.94, 140.94, 107.94, 74.94, 36.34, 167.94, 76.94, 91.94, 78.94, 125.94, 99.94, 109.94, 56.81, 191.94, 158.94, 137.94, 72.52, 65.81, 62.81, 97.94, 136.94, 115.94, 157.94, 105.94, 112.94, 153.94, 72.94, 83.94, 95.94];155.6;[2, 2, 2, 1, 5, 1, 1, 1, 1, 2, 3, 1, 1, 5, 1, 4, 1, 3, 1, 1, 3, 2, 2, 1, 1, 2, 2, 3, 1, 2, 2];4;60;True
50;60;50;1;True;2000;1;0;0;0;0;0;0;126.45320248603821;16.470436334609985;1977964.8159799476;1970860.6205882372;3467.779642202841;3636.5299999999975;[101.37, 52.33, 52.33, 93.37, 91.37, 60.33, 55.33, 110.37, 81.37, 43.02, 45.12, 91.37, 118.37, 59.33, 81.37, 101.37, 40.02, 55.33, 115.37, 96.37, 79.37, 7.64, 91.37, 57.33, 79.37, 71.37, 48.22, 113.37, 69.37, 118.37, 75.37, 24.92, 65.91, 78.37, 61.91, 93.37, 118.37, 30.42, 43.12, 72.37, 53.33, 81.37, 48.33, 60.91, 41.02, 45.12, 48.22, 81.37, 115.37, 116.37];110.73;[2, 1, 1, 2, 2, 1, 1, 1, 2, 1, 5, 1, 2, 2, 1, 1, 1, 1, 1, 5, 4, 2, 2, 5, 5, 1, 1, 1, 2, 3];4;60;True
50;60;50;2;True;2000;1;0;0;0;0;0;0;169.5553846359253;20.591562032699585;4071404.6501263794;4063931.6828800617;3652.884634210671;3820.0299999999997;[58.67, 140.13, 92.13, 69.22, 50.74, 128.13, 58.75, 53.81, 33.13, 108.13, 48.74, 103.13, 49.74, 161.13, 50.74, 53.81, 25.13, 107.13, 90.13, 42.47, 119.13, 71.22, 63.75, 84.13, 91.13, 65.22, 57.77, 51.81, 41.2, 38.66, 151.13, 46.58, 101.13, 58.75, 85.13, 161.13, 115.13, 70.22, 17.25, 65.22, 63.75, 47.74, 79.13, 81.13, 83.13, 67.22, 57.77, 101.13, 71.22, 87.13];143.88;[3, 1, 4, 2, 2, 2, 1, 1, 1, 2, 1, 3, 1, 2, 2, 3, 2, 4, 4, 3, 4, 1, 2, 1, 2, 1, 1, 2, 2];3;60;True
50;60;50;3;True;2000;1;0;0;0;0;0;0;164.92412900924683;18.675719738006592;3400013.77237976;3392926.908238802;3522.093411176635;3564.7300000000023;[65.42, 93.42, 86.42, 126.42, 126.42, 43.42, 38.42, 76.42, 118.42, 98.42, 23.25, 54.42, 147.42, 75.42, 42.42, 64.42, 50.42, 68.42, 33.15, 100.42, 63.42, 70.42, 92.42, 42.42, 54.42, 48.42, 91.42, 24.25, 46.42, 78.42, 30.15, 110.42, 157.42, 97.42, 78.42, 65.42, 70.42, 74.42, 96.42, 79.42, 54.42, 82.42, 51.42, 42.42, 57.42, 38.42, 54.42, 81.42, 59.42, 38.03];134.17;[1, 2, 1, 1, 2, 4, 2, 5, 4, 1, 1, 4, 1, 2, 2, 1, 1, 3, 3, 5, 3, 1, 2, 1, 2, 1, 2, 1, 1];4;60;True
50;60;50;4;True;2000;1;0;0;0;0;0;0;139.55297255516052;18.148276805877686;2273019.4620081247;2265501.612987057;3486.3130466240855;4031.39;[33.54, 91.0, 53.51, 96.0, 136.0, 130.0, 87.0, 64.0, 48.52, 105.0, 29.54, 121.0, 38.52, 75.0, 109.0, 78.0, 85.0, 98.0, 66.0, 67.0, 124.0, 22.36, 49.52, 66.0, 45.52, 60.0, 86.0, 21.03, 85.0, 73.0, 117.0, 79.0, 101.0, 108.0, 76.0, 84.0, 79.0, 55.1, 91.0, 112.0, 91.0, 61.0, 121.0, 100.0, 100.0, 112.0, 111.0, 57.23, 72.0, 60.0];114.97;[1, 2, 1, 1, 4, 6, 2, 1, 1, 1, 2, 1, 2, 2, 2, 1, 1, 1, 1, 1, 2, 1, 3, 4, 1, 1, 1, 1, 2, 1, 1, 1, 3, 2, 1, 1];5;60;True
50;60;50;5;True;2000;1;0;0;0;0;0;0;146.80323934555054;17.2308087348938;1927524.3559625505;1919557.056693796;3649.507227504578;4317.929999999999;[64.98, 120.98, 59.98, 109.98, 37.06, 152.98, 79.98, 47.94, 108.98, 52.78, 125.98, 3.0, 49.78, 65.98, 62.98, 152.98, 40.06, 43.06, 118.98, 89.98, 138.98, 111.98, 117.98, 60.98, 4.83, 142.98, 31.13, 42.06, 140.98, 138.98, 90.98, 94.98, 126.98, 98.98, 75.98, 152.98, 31.06, 84.98, 152.98, 61.98, 69.98, 119.98, 62.98, 60.98, 82.98, 31.13, 131.98, 102.98, 106.98, 56.78];149.98;[2, 1, 1, 1, 1, 1, 3, 1, 1, 4, 1, 2, 2, 1, 4, 1, 2, 1, 2, 1, 1, 1, 3, 1, 2, 3, 1, 2, 1, 2, 2, 4, 2, 1, 1];3;60;True
50;60;50;6;True;2000;1;0;0;0;0;0;0;149.51519060134888;19.77848982810974;3087592.233553831;3080148.855307919;3316.59263649248;4126.920000000003;[69.3, 71.3, 141.3, 80.3, 90.3, 141.3, 69.3, 129.3, 94.3, 37.98, 41.93, 54.84, 121.3, 65.3, 67.3, 23.98, 104.3, 55.84, 66.3, 137.3, 88.3, 84.3, 76.3, 44.84, 140.3, 115.3, 93.3, 55.84, 49.84, 49.84, 59.3, 100.3, 86.3, 124.3, 141.3, 113.3, 141.3, 51.84, 57.84, 90.3, 141.3, 21.98, 50.84, 120.3, 51.84, 73.3, 31.98, 39.93, 58.84, 109.3];119.32000000000001;[2, 5, 2, 1, 4, 2, 1, 2, 2, 1, 1, 1, 5, 1, 1, 1, 1, 1, 1, 2, 2, 2, 2, 2, 3, 1, 1, 2, 3, 1, 1, 3];4;60;True
60;60;60;1;True;2000;1;0;0;0;0;0;0;120.72912812232971;29.933520555496216;3703925.532837819;3696884.2316159983;3460.238324754658;3581.0600000000027;[86.88, 42.88, 49.88, 86.88, 83.88, 52.88, 36.59, 86.88, 54.88, 36.59, 12.56, 71.88, 86.88, 60.88, 75.88, 72.88, 27.52, 48.88, 86.88, 70.88, 68.88, 4.01, 81.88, 86.88, 55.88, 75.88, 31.62, 86.88, 44.88, 86.88, 59.88, 17.46, 53.88, 86.88, 44.88, 86.88, 86.88, 20.51, 30.62, 86.88, 40.0, 63.88, 45.88, 59.88, 28.04, 28.62, 33.87, 85.88, 86.88, 86.88, 45.88, 70.88, 47.88, 24.45, 78.88, 45.88, 86.88, 62.88, 84.88, 41.0];82.86999999999999;[2, 2, 4, 1, 1, 1, 1, 2, 1, 1, 2, 2, 1, 2, 2, 2, 5, 4, 1, 4, 1, 1, 1, 3, 4, 1, 1, 1, 1, 1, 1, 2, 1];4;60;True
60;60;60;2;True;2000;1;0;0;0;0;0;0;180.2951455116272;29.61266803741455;5300221.853543743;5292734.30395216;3694.428753953754;3793.159999999998;[50.18, 132.18, 73.18, 54.18, 46.38, 96.18, 40.38, 26.07, 16.18, 97.18, 35.07, 102.18, 38.07, 61.18, 36.07, 26.07, 12.18, 78.18, 84.18, 19.12, 141.18, 75.18, 47.38, 92.18, 153.18, 109.18, 33.07, 38.07, 26.07, 34.07, 94.18, 29.07, 78.18, 43.38, 71.18, 120.18, 116.18, 65.18, 16.18, 53.18, 41.38, 31.07, 57.18, 63.18, 100.18, 67.18, 42.38, 85.18, 61.18, 103.18, 48.18, 59.18, 64.18, 25.07, 87.18, 114.18, 84.18, 10.63, 40.07, 47.38];142.55;[2, 1, 1, 2, 1, 1, 2, 2, 1, 1, 2, 3, 2, 1, 5, 3, 1, 1, 1, 3, 4, 4, 1, 1, 1, 1, 1, 3, 2, 2, 3, 1];4;60;True
60;60;60;3;True;2000;1;0;0;0;0;0;0;160.89485549926758;22.57123303413391;2590909.440195968;2584183.3045176687;3479.9990149203295;3246.1300000000024;[49.53, 90.17, 57.56, 139.17, 95.17, 40.53, 18.63, 62.17, 54.56, 61.17, 11.56, 33.53, 126.17, 46.53, 23.53, 37.53, 24.53, 39.53, 18.63, 71.17, 29.53, 52.53, 109.17, 29.53, 45.53, 32.53, 70.17, 16.63, 30.53, 103.17, 15.62, 75.17, 58.56, 85.17, 55.56, 49.53, 54.56, 48.53, 103.17, 70.17, 38.53, 84.17, 41.53, 22.53, 45.53, 30.53, 39.53, 76.17, 39.53, 13.69, 40.53, 12.58, 121.17, 69.17, 26.53, 100.17, 10.25, 52.53, 86.17, 58.56];128.92;[4, 2, 3, 1, 1, 4, 3, 1, 2, 2, 2, 2, 1, 1, 3, 2, 2, 2, 2, 1, 2, 1, 2, 1, 1, 2, 5, 1, 4];4;60;True
60;60;60;4;True;2000;1;0;0;0;0;0;0;158.67498469352722;21.853440523147583;3528826.8675013226;3521597.952114133;3411.8603806395595;3816.890000000001;[23.88, 89.98, 17.18, 70.98, 108.98, 135.98, 53.98, 47.98, 17.18, 97.98, 16.18, 73.98, 27.98, 54.98, 135.98, 126.98, 58.98, 98.98, 62.98, 41.98, 90.98, 10.4, 30.98, 51.98, 33.98, 39.98, 72.98, 19.18, 63.98, 44.98, 73.98, 49.98, 133.98, 81.98, 57.98, 63.98, 53.98, 39.98, 79.98, 68.98, 48.98, 33.98, 130.98, 113.98, 58.98, 69.98, 105.98, 39.98, 46.98, 30.98, 47.98, 54.98, 78.98, 29.98, 83.98, 66.98, 47.98, 129.98, 39.98, 27.95];125.57999999999998;[2, 1, 3, 6, 1, 3, 2, 4, 2, 3, 3, 2, 1, 1, 1, 1, 3, 3, 1, 1, 1, 1, 1, 3, 2, 1, 1, 1, 1, 1, 1, 2];5;60;True
60;60;60;5;True;2000;1;0;0;0;0;0;0;171.0047640800476;24.766560316085815;2853659.4914977215;2845663.079532911;3638.528429585491;4357.91;[53.44, 122.11, 45.29, 89.46, 18.32, 87.72, 72.72, 33.64, 86.72, 36.3, 59.44, 1.0, 48.3, 68.72, 52.44, 139.11, 29.32, 32.64, 72.72, 73.72, 168.11, 102.46, 163.11, 48.3, 2.43, 119.11, 18.32, 34.29, 134.11, 135.11, 50.3, 73.72, 137.11, 62.72, 64.72, 146.11, 9.58, 117.11, 164.11, 45.29, 46.29, 109.46, 63.72, 51.44, 53.44, 10.58, 135.11, 54.44, 66.72, 51.09, 65.72, 40.3, 94.46, 87.72, 41.58, 58.44, 57.44, 49.3, 49.3, 152.11];167.11;[2, 1, 1, 1, 1, 1, 1, 1, 2, 1, 2, 4, 4, 1, 1, 2, 1, 2, 1, 1, 1, 3, 1, 2, 1, 2, 1, 2, 3, 2, 1, 1, 1, 1, 3, 1, 3];3;60;True
60;60;60;6;True;2000;1;0;0;0;0;0;0;166.41292572021484;27.41589045524597;3578394.174645663;3571269.3053988144;3249.723673279953;3874.890000000001;[59.23, 50.23, 82.23, 111.23, 71.23, 100.23, 65.23, 100.23, 106.23, 27.23, 42.23, 51.23, 99.23, 67.23, 49.23, 10.18, 68.23, 34.23, 57.23, 113.23, 41.23, 63.23, 65.23, 30.23, 141.23, 91.23, 134.23, 39.23, 36.23, 31.23, 45.23, 72.23, 59.23, 111.23, 105.23, 63.23, 96.23, 35.23, 37.23, 80.23, 106.23, 22.32, 35.23, 81.23, 103.23, 55.23, 17.32, 24.31, 60.23, 80.23, 106.23, 10.18, 13.08, 30.23, 100.23, 48.23, 108.23, 47.23, 57.23, 24.31];131.04999999999998;[1, 2, 5, 3, 1, 3, 1, 2, 1, 2, 2, 1, 1, 3, 3, 1, 2, 1, 1, 1, 1, 2, 1, 2, 2, 1, 1, 1, 1, 2, 2, 2, 3, 2];4;60;True
70;60;70;1;True;2000;1;0;0;0;0;0;0;120.94395232200623;27.54040789604187;2354842.92534222;2347787.1833067783;3543.0366375452936;3512.770000000003;[65.69, 22.65, 40.69, 82.69, 59.69, 55.69, 70.69, 85.69, 56.69, 32.69, 11.8, 56.69, 72.69, 44.69, 51.69, 61.69, 14.26, 39.69, 60.69, 47.69, 51.69, 4.0, 85.69, 36.69, 42.69, 67.69, 21.65, 66.69, 33.69, 85.69, 70.69, 13.82, 54.69, 85.69, 51.69, 85.69, 85.69, 16.82, 20.65, 68.69, 23.65, 73.69, 23.65, 45.69, 20.65, 24.65, 21.65, 75.69, 75.69, 82.69, 34.69, 85.69, 35.69, 14.26, 51.69, 28.65, 85.69, 39.69, 84.69, 39.69, 66.69, 44.69, 65.69, 83.69, 24.65, 57.69, 38.69, 28.65, 17.82, 31.65];81.69;[1, 1, 2, 1, 2, 1, 1, 1, 1, 3, 1, 3, 1, 2, 3, 3, 3, 1, 3, 1, 1, 1, 5, 3, 3, 1, 2, 3, 1, 1, 3, 1];4;60;True
70;60;70;2;True;2000;1;0;0;0;0;0;0;182.24885606765747;43.53954815864563;6310378.677017359;6302927.081532802;3771.633218761891;3680.299999999997;[27.39, 125.39, 98.39, 65.39, 29.39, 90.39, 21.39, 12.39, 12.39, 85.39, 23.39, 106.39, 27.39, 48.39, 23.39, 15.39, 11.39, 103.39, 59.39, 13.39, 91.39, 42.39, 40.39, 87.39, 138.39, 77.39, 14.39, 38.39, 14.39, 17.39, 105.39, 18.39, 57.39, 18.39, 82.39, 72.39, 106.39, 51.39, 15.39, 34.39, 68.39, 18.39, 34.39, 54.39, 27.39, 38.39, 29.39, 123.39, 57.39, 76.39, 67.39, 54.39, 71.39, 13.39, 70.39, 69.39, 54.39, 11.39, 14.39, 49.39, 27.39, 64.39, 35.39, 81.39, 87.39, 44.39, 129.39, 24.39, 48.39, 10.39];127.99999999999999;[4, 1, 2, 1, 1, 1, 3, 1, 3, 1, 1, 2, 4, 2, 2, 2, 1, 1, 3, 1, 1, 1, 1, 2, 1, 1, 2, 2, 1, 1, 2, 2, 2, 4];3;60;True
70;60;70;3;True;2000;1;0;0;0;0;0;0;163.15251445770264;42.20039176940918;4912866.872879358;4906595.442293076;3459.506933540132;2811.9399999999982;[39.04, 48.04, 46.04, 61.04, 45.04, 13.41, 8.41, 56.04, 68.04, 51.04, 9.41, 22.04, 108.04, 43.04, 14.41, 31.04, 21.04, 26.04, 12.41, 53.04, 27.04, 50.04, 79.04, 18.04, 30.04, 19.04, 82.04, 12.41, 17.04, 56.04, 14.41, 66.04, 55.04, 78.04, 50.04, 37.04, 48.04, 40.04, 50.04, 37.04, 25.04, 56.04, 36.04, 22.04, 26.04, 17.04, 23.04, 60.04, 30.04, 9.41, 32.04, 6.41, 91.04, 104.04, 12.41, 106.04, 5.41, 58.04, 57.04, 73.04, 65.04, 43.04, 94.04, 2.41, 4.41, 28.04, 35.04, 30.04, 2.0, 14.41];106.04;[2, 1, 2, 2, 4, 1, 1, 3, 1, 1, 1, 3, 3, 2, 1, 4, 1, 1, 1, 1, 1, 1, 1, 2, 4, 3, 4, 2, 2, 2, 1, 1];3;60;True
70;60;70;4;True;2000;1;0;0;0;0;0;0;185.60754370689392;37.132843255996704;4769540.911261632;4761816.678540207;3450.56454062477;4273.719999999994;[18.74, 69.24, 12.98, 59.24, 121.24, 116.24, 101.24, 28.8, 16.74, 83.24, 13.87, 73.24, 15.47, 65.24, 86.24, 151.24, 54.24, 64.24, 56.24, 34.8, 128.24, 2.32, 33.8, 45.24, 21.59, 40.24, 103.24, 19.74, 62.24, 50.24, 93.24, 44.24, 161.24, 69.24, 56.24, 64.24, 46.24, 37.24, 102.24, 89.24, 54.24, 21.59, 161.24, 76.24, 93.24, 62.24, 39.24, 27.95, 52.24, 27.95, 62.24, 42.24, 129.24, 18.74, 75.24, 68.24, 43.24, 97.24, 35.8, 14.77, 12.98, 18.74, 80.24, 20.79, 48.24, 90.24, 71.24, 128.24, 50.24, 36.8];158.92000000000002;[1, 2, 2, 1, 1, 1, 2, 3, 2, 2, 1, 1, 2, 4, 2, 2, 1, 1, 2, 2, 1, 2, 1, 2, 1, 1, 1, 1, 1, 1, 2, 1, 2, 2, 2, 1, 2, 1];3;60;True
70;60;70;5;True;2000;1;0;0;0;0;0;0;134.97547698020935;33.29653525352478;1895345.8035847996;1887114.9864383438;3594.433413582682;4636.400000000003;[45.3, 127.53, 47.97, 50.06, 18.37, 79.53, 79.53, 28.86, 105.53, 44.3, 100.53, 1.0, 22.86, 49.54, 53.06, 104.53, 38.38, 15.43, 56.53, 69.53, 127.53, 113.53, 127.53, 33.77, 3.0, 97.53, 11.06, 30.86, 117.53, 113.53, 84.53, 67.53, 97.53, 63.53, 68.53, 127.53, 9.51, 79.53, 82.53, 47.97, 32.76, 80.53, 49.54, 39.38, 68.53, 11.48, 113.53, 84.53, 84.53, 53.53, 60.53, 25.86, 89.53, 92.53, 19.37, 53.06, 65.53, 50.06, 52.06, 122.53, 123.53, 70.53, 93.53, 66.53, 53.06, 41.21, 72.53, 78.53, 91.53, 53.06];126.53;[2, 3, 1, 2, 1, 3, 3, 4, 1, 2, 1, 2, 3, 1, 2, 1, 2, 1, 4, 2, 2, 1, 1, 2, 2, 2, 2, 2, 1, 1, 1, 2];3;60;True
70;60;70;6;True;2000;1;0;0;0;0;0;0;149.07586908340454;40.528828382492065;2694387.141200651;2686914.303976653;3234.8547561997834;4237.940000000002;[64.57, 31.92, 93.57, 78.57, 72.57, 60.57, 51.48, 132.57, 73.57, 18.55, 25.78, 42.48, 60.57, 61.57, 37.61, 8.61, 111.57, 123.57, 42.48, 114.57, 72.57, 66.57, 58.65, 16.23, 85.57, 111.57, 54.48, 36.21, 29.64, 21.55, 46.48, 73.57, 68.57, 67.57, 69.57, 78.57, 78.57, 25.78, 52.48, 101.57, 118.57, 21.55, 25.78, 42.08, 115.57, 64.57, 13.58, 13.04, 36.61, 74.57, 88.57, 9.22, 10.1, 29.64, 84.57, 47.48, 132.57, 33.59, 84.57, 18.23, 32.35, 22.55, 37.87, 28.78, 100.57, 105.57, 44.48, 132.57, 87.57, 58.65];123.96;[3, 2, 2, 2, 4, 1, 1, 2, 1, 3, 1, 1, 1, 1, 1, 1, 2, 2, 1, 1, 1, 2, 1, 1, 2, 1, 4, 1, 1, 1, 1, 3, 2, 1, 2, 1, 2];3;60;True
80;60;80;1;True;2000;1;0;0;0;0;0;0;149.99292135238647;50.63762712478638;4179035.5905094966;4171914.209239251;3506.9355883303083;3614.3299999999967;[96.81, 18.64, 23.25, 96.81, 58.81, 33.81, 55.81, 89.81, 48.81, 28.81, 10.64, 51.81, 96.81, 41.81, 49.81, 58.81, 11.64, 36.81, 59.81, 65.81, 50.81, 3.58, 42.81, 34.81, 34.81, 49.81, 19.64, 96.81, 23.25, 54.81, 67.81, 10.64, 47.81, 39.81, 58.81, 68.81, 96.81, 13.64, 17.89, 89.81, 21.25, 56.81, 19.64, 52.81, 18.64, 19.64, 19.64, 54.81, 75.81, 76.81, 23.25, 71.81, 34.81, 10.89, 54.81, 24.25, 83.81, 40.81, 86.81, 27.81, 34.81, 27.81, 75.81, 64.81, 20.25, 42.81, 28.81, 19.64, 13.64, 23.25, 31.81, 73.81, 48.81, 18.64, 4.1, 63.81, 72.81, 42.81, 47.81, 25.25];93.23;[4, 1, 1, 1, 1, 3, 2, 1, 1, 3, 2, 3, 1, 1, 1, 3, 4, 3, 3, 1, 2, 1, 1, 1, 3, 1, 2, 1, 1, 1, 2, 1, 3];3;60;True
80;60;80;2;True;2000;1;0;0;0;0;0;0;189.76467943191528;52.301414012908936;6302555.88179211;6294744.416108712;3757.4835205032323;4054.1699999999955;[28.91, 74.22, 152.22, 40.22, 26.91, 98.22, 30.77, 15.37, 15.37, 80.22, 25.02, 77.22, 16.37, 47.22, 46.22, 16.37, 11.29, 87.22, 59.22, 15.37, 100.22, 53.22, 31.69, 101.22, 70.22, 53.22, 16.53, 37.79, 16.53, 18.53, 112.22, 21.02, 47.22, 19.1, 74.22, 103.22, 143.22, 40.22, 15.19, 35.79, 55.22, 23.02, 41.22, 53.22, 27.91, 36.79, 31.69, 124.22, 41.22, 89.22, 51.22, 49.22, 56.22, 13.15, 61.22, 59.22, 67.22, 10.29, 16.37, 42.22, 30.77, 49.22, 39.79, 126.22, 84.22, 35.79, 100.22, 20.53, 65.22, 9.3, 44.22, 49.22, 72.22, 15.19, 59.22, 16.37, 40.22, 98.22, 33.6, 39.79];142.92;[3, 2, 1, 1, 2, 1, 1, 1, 2, 1, 2, 3, 1, 1, 3, 2, 2, 4, 1, 1, 7, 2, 1, 2, 2, 1, 1, 1, 3, 1, 1, 1, 2];6;60;True
80;60;80;3;True;2000;1;0;0;0;0;0;0;180.12952780723572;53.12240982055664;5564938.214979248;5557592.4357217485;3512.64857520003;3833.380000000002;[46.98, 43.98, 90.98, 74.98, 135.98, 17.05, 15.14, 62.98, 84.98, 45.98, 11.74, 28.86, 102.98, 35.98, 18.21, 35.98, 20.59, 23.57, 15.58, 77.98, 25.57, 71.98, 135.98, 20.16, 30.86, 19.8, 86.98, 13.74, 18.99, 57.98, 17.05, 51.98, 105.98, 71.98, 55.98, 41.98, 61.98, 36.98, 99.98, 41.98, 27.57, 62.98, 31.98, 21.59, 26.57, 21.59, 33.98, 51.98, 35.98, 15.14, 27.57, 12.32, 135.98, 60.98, 20.16, 135.98, 10.86, 88.98, 77.98, 88.98, 109.98, 43.98, 82.98, 3.0, 5.77, 32.98, 40.98, 40.98, 2.0, 17.91, 19.8, 20.59, 14.54, 42.98, 32.98, 49.98, 57.98, 107.98, 27.57, 30.86];133.98;[2, 1, 2, 1, 2, 2, 2, 3, 1, 1, 2, 1, 2, 1, 3, 2, 1, 2, 1, 2, 2, 1, 2, 1, 5, 4, 3, 1, 1, 1, 2, 1, 2];4;60;True
80;60;80;4;True;2000;1;0;0;0;0;0;0;154.87257862091064;48.254080057144165;3276670.842007879;3269056.504219777;3470.794723657111;4143.350000000004;[13.96, 65.4, 10.63, 72.4, 80.4, 73.4, 40.4, 30.4, 15.96, 81.4, 10.63, 108.4, 12.96, 58.4, 75.4, 56.4, 53.4, 74.4, 65.4, 42.4, 63.4, 2.32, 28.4, 45.4, 18.96, 40.4, 67.4, 18.96, 68.4, 37.4, 82.4, 100.4, 83.4, 52.4, 54.4, 64.4, 48.4, 31.4, 55.4, 91.4, 55.4, 20.72, 76.4, 49.4, 74.4, 62.4, 35.4, 26.9, 48.4, 25.9, 44.4, 35.4, 104.4, 17.96, 79.4, 87.4, 42.4, 67.4, 33.4, 12.84, 10.63, 18.96, 38.4, 16.96, 46.4, 63.4, 72.4, 92.4, 32.4, 37.4, 36.4, 67.4, 40.4, 34.4, 27.4, 108.4, 115.4, 58.4, 101.4, 26.9];113.08000000000001;[1, 1, 2, 2, 2, 1, 2, 1, 2, 1, 1, 2, 1, 1, 1, 2, 2, 1, 2, 1, 1, 1, 2, 3, 1, 3, 1, 1, 2, 1, 1, 1, 3, 3, 4, 2, 1];3;60;True
80;60;80;5;True;2000;1;0;0;0;0;0;0;170.44465160369873;38.9920871257782;4709878.431635698;4702841.947579624;3563.338555355021;3472.8899999999967;[36.18, 99.91, 24.18, 23.18, 15.18, 64.91, 52.91, 24.18, 68.91, 13.18, 64.91, 1.0, 15.18, 30.18, 27.18, 81.91, 8.18, 8.18, 29.18, 52.91, 79.91, 71.91, 95.91, 18.18, 3.0, 70.91, 7.02, 26.18, 73.91, 112.91, 30.18, 53.91, 64.91, 49.91, 37.91, 90.91, 7.02, 41.91, 89.91, 17.18, 24.18, 63.91, 20.18, 21.18, 35.18, 7.02, 59.91, 59.91, 71.91, 19.18, 45.91, 19.18, 64.91, 66.91, 12.18, 39.91, 35.18, 23.18, 27.18, 112.91, 81.91, 36.91, 76.91, 46.91, 42.91, 29.18, 58.91, 49.91, 48.91, 53.91, 25.18, 64.91, 47.91, 35.18, 38.91, 2.0, 36.91, 36.18, 8.03, 36.18];111.91;[4, 1, 1, 2, 3, 1, 1, 2, 1, 4, 1, 2, 1, 3, 3, 2, 1, 1, 2, 1, 1, 2, 2, 2, 2, 1, 4, 2, 1, 2, 1, 1, 1, 1];3;60;True
80;60;80;6;True;2000;1;0;0;0;0;0;0;143.4123818874359;47.65045237541199;3381358.2262899075;3374344.6552579124;3348.726813458486;3664.950000000002;[45.23, 29.23, 90.23, 71.23, 63.23, 89.23, 33.23, 101.23, 88.23, 17.23, 24.23, 36.23, 72.23, 53.23, 27.23, 8.85, 75.23, 57.23, 41.23, 99.23, 38.23, 38.23, 43.23, 12.89, 81.23, 90.23, 64.23, 29.23, 27.23, 16.23, 34.23, 53.23, 50.23, 70.23, 55.23, 50.23, 101.23, 18.23, 24.23, 81.23, 70.23, 20.23, 21.23, 38.23, 40.23, 27.23, 11.55, 11.55, 26.23, 58.23, 89.23, 9.55, 10.21, 27.23, 58.23, 30.23, 85.23, 22.23, 48.23, 15.23, 20.23, 20.23, 21.23, 22.23, 28.23, 101.23, 52.23, 74.23, 56.23, 36.23, 54.23, 58.23, 2.8, 88.23, 22.23, 13.61, 15.23, 101.23, 40.23, 13.61];98.43;[3, 1, 1, 2, 3, 1, 2, 1, 3, 3, 1, 1, 1, 1, 2, 1, 1, 1, 3, 2, 2, 1, 1, 1, 3, 1, 1, 4, 1, 1, 3, 1, 2, 1, 3];3;60;True
90;60;90;1;True;2000;1;0;0;0;0;0;0;165.47958707809448;69.19862389564514;4607437.930594428;4599725.157378573;3606.6115884309593;4106.030000000002;[81.4, 17.29, 21.95, 103.4, 107.4, 34.4, 27.63, 91.4, 43.4, 24.63, 10.33, 45.4, 81.4, 35.4, 61.4, 82.4, 12.06, 23.63, 59.4, 113.4, 48.4, 3.62, 51.4, 31.03, 33.4, 43.4, 18.29, 65.4, 20.95, 78.4, 62.4, 11.06, 28.39, 39.4, 47.4, 77.4, 113.4, 12.33, 16.42, 74.4, 20.95, 56.4, 18.95, 48.4, 15.42, 18.29, 18.29, 60.4, 113.4, 95.4, 18.95, 41.4, 33.31, 12.06, 45.4, 22.63, 113.4, 47.4, 90.4, 24.63, 47.4, 34.4, 58.4, 59.4, 19.95, 49.4, 24.63, 18.95, 13.33, 20.95, 20.95, 75.4, 44.4, 17.28, 3.62, 61.4, 88.4, 37.4, 33.4, 21.95, 28.39, 113.4, 73.4, 25.63, 104.4, 9.16, 16.42, 15.33, 44.4, 54.4];109.78;[1, 1, 3, 2, 1, 2, 3, 3, 1, 1, 1, 1, 3, 1, 4, 2, 3, 2, 2, 3, 2, 2, 1, 1, 2, 3, 1, 1, 3, 2, 1, 1];3;60;True
90;60;90;2;True;2000;1;0;0;0;0;0;0;191.74946784973145;55.78485918045044;7055267.684520882;7047564.803801936;3732.782651446808;3970.199999999999;[27.61, 72.77, 91.77, 32.61, 26.45, 95.77, 21.65, 14.35, 13.39, 73.77, 17.85, 55.77, 16.03, 38.77, 25.45, 15.03, 11.37, 83.77, 52.77, 15.03, 66.77, 52.77, 28.61, 49.77, 61.77, 48.77, 16.85, 28.61, 16.85, 17.85, 104.77, 19.65, 37.77, 18.65, 103.77, 72.77, 89.77, 34.56, 15.03, 33.56, 40.77, 19.65, 34.56, 45.77, 22.45, 28.61, 23.45, 94.77, 39.77, 75.77, 49.77, 31.61, 38.77, 13.19, 102.77, 50.77, 52.77, 10.95, 15.03, 24.45, 23.45, 45.77, 32.61, 117.77, 130.77, 34.56, 93.77, 20.65, 41.77, 9.95, 36.77, 39.77, 63.77, 13.19, 52.77, 15.03, 27.61, 51.77, 31.61, 37.77, 64.77, 134.77, 22.45, 23.45, 60.77, 40.77, 20.65, 47.77, 14.35, 82.77];124.82000000000001;[2, 2, 1, 1, 1, 1, 1, 2, 3, 1, 2, 1, 3, 2, 1, 3, 1, 4, 1, 1, 1, 1, 2, 1, 1, 4, 2, 4, 2, 1, 2, 3, 2];3;60;True
90;60;90;3;True;2000;1;0;0;0;0;0;0;149.72835230827332;54.66430139541626;3410816.255945766;3403682.758737457;3563.4929284040195;3570.0899999999997;[47.29, 49.66, 68.98, 37.36, 58.98, 16.67, 16.67, 39.1, 58.98, 54.66, 13.11, 24.78, 103.98, 35.63, 19.7, 25.33, 21.76, 19.7, 16.67, 82.98, 20.73, 44.29, 81.98, 17.7, 20.73, 19.7, 74.98, 15.18, 20.73, 59.98, 18.7, 65.98, 48.66, 54.66, 43.29, 47.29, 51.66, 32.81, 33.81, 42.29, 23.78, 63.98, 28.2, 18.7, 27.23, 21.76, 31.17, 57.98, 32.81, 17.67, 23.78, 14.18, 55.98, 66.98, 19.7, 69.98, 14.05, 35.63, 100.98, 60.98, 103.98, 47.66, 28.2, 3.45, 7.6, 29.17, 37.36, 28.2, 2.0, 19.7, 17.67, 18.7, 17.67, 42.29, 27.23, 35.63, 55.66, 94.98, 20.76, 30.17, 15.18, 64.98, 102.98, 18.7, 33.81, 13.11, 47.29, 48.66, 55.66, 88.98];101.98;[1, 1, 1, 2, 2, 4, 3, 1, 2, 3, 3, 1, 1, 1, 1, 1, 1, 2, 2, 4, 4, 1, 1, 2, 2, 3, 5, 2, 1, 1, 1];4;60;True
90;60;90;4;True;2000;1;0;0;0;0;0;0;183.43848395347595;53.80993294715881;3727475.774241996;3719814.5771265477;3399.947860883562;4261.389999999998;[8.84, 104.35, 9.84, 57.35, 60.35, 67.35, 26.35, 15.35, 14.35, 88.35, 7.84, 92.35, 8.84, 61.35, 79.35, 84.35, 40.35, 90.35, 45.35, 18.35, 92.35, 2.72, 14.35, 35.35, 12.35, 35.35, 75.35, 17.35, 36.35, 26.35, 77.35, 25.35, 129.35, 42.35, 68.35, 66.35, 50.35, 16.35, 47.35, 86.35, 39.35, 18.35, 141.35, 32.35, 99.35, 71.35, 30.35, 21.35, 32.35, 17.35, 26.35, 22.35, 81.35, 13.35, 69.35, 87.35, 35.35, 99.35, 19.35, 11.84, 9.84, 14.35, 100.35, 10.84, 26.35, 69.35, 71.35, 73.35, 16.35, 31.35, 31.35, 46.35, 34.35, 20.35, 14.35, 64.35, 141.35, 58.35, 97.35, 16.35, 95.35, 81.35, 75.35, 14.35, 52.35, 16.35, 6.95, 37.35, 14.35, 11.84];138.63;[2, 1, 1, 1, 1, 2, 1, 2, 2, 1, 1, 1, 1, 3, 1, 2, 1, 1, 1, 4, 1, 3, 3, 1, 1, 1, 1, 1, 2, 2, 2, 2, 1, 2, 1, 2, 2, 2];3;60;True
90;60;90;5;True;2000;1;0;0;0;0;0;0;173.68118476867676;61.271788120269775;3215724.4241546444;3207790.9418980842;3559.8430380321965;4373.749999999998;[38.54, 130.54, 25.54, 32.54, 16.35, 55.54, 37.54, 25.54, 54.54, 19.28, 97.54, 1.0, 17.35, 26.54, 29.54, 102.54, 12.35, 10.35, 29.54, 54.54, 74.54, 58.54, 85.54, 21.54, 3.12, 82.54, 8.35, 27.54, 130.54, 130.54, 29.54, 50.54, 75.54, 41.54, 41.54, 66.54, 8.35, 38.54, 130.54, 22.54, 26.54, 54.54, 21.54, 25.54, 46.54, 8.35, 99.54, 43.54, 130.54, 35.54, 39.54, 21.54, 107.54, 72.54, 15.35, 41.54, 60.54, 30.54, 21.54, 103.54, 68.54, 36.54, 68.54, 47.54, 43.54, 30.54, 53.54, 70.54, 70.54, 37.54, 39.54, 92.54, 37.54, 37.54, 41.54, 2.12, 43.54, 41.54, 8.35, 38.54, 77.54, 82.54, 46.54, 4.03, 27.54, 61.54, 110.54, 34.54, 19.55, 47.54];129.54;[1, 2, 2, 3, 1, 2, 2, 1, 2, 2, 1, 1, 1, 1, 1, 2, 2, 1, 1, 1, 2, 4, 2, 5, 1, 4, 1, 1, 2, 1, 2, 1, 3, 1];4;60;True
90;60;90;6;True;2000;1;0;0;0;0;0;0;170.8004629611969;61.79541325569153;5248486.940901411;5241199.956049952;3332.5989498609447;3954.2099999999946;[43.99, 29.31, 63.35, 56.58, 49.99, 80.74, 32.31, 89.52, 79.74, 17.31, 24.31, 30.31, 94.87, 66.74, 27.31, 8.97, 53.58, 37.99, 32.31, 117.87, 38.99, 35.31, 50.58, 13.31, 87.33, 73.74, 67.74, 21.31, 27.31, 16.31, 37.29, 51.58, 47.99, 65.74, 45.99, 59.92, 87.52, 18.31, 23.31, 59.92, 80.74, 20.31, 19.31, 39.99, 55.58, 35.31, 13.31, 12.31, 28.31, 78.74, 76.74, 9.29, 10.31, 27.31, 55.58, 25.31, 94.87, 22.31, 46.99, 14.75, 21.31, 20.31, 22.31, 22.31, 26.31, 84.33, 39.99, 67.74, 71.74, 38.99, 107.87, 41.99, 2.0, 29.31, 24.31, 13.75, 14.75, 63.74, 32.31, 13.31, 72.74, 64.74, 46.99, 28.31, 42.99, 40.99, 21.31, 12.31, 13.31, 117.87];115.87;[2, 2, 3, 4, 1, 1, 1, 4, 1, 3, 1, 1, 1, 1, 1, 1, 1, 1, 1, 2, 5, 1, 2, 1, 4, 1, 2, 2, 2, 2, 5];4;60;True
100;60;100;1;True;2000;1;0;0;0;0;0;0;134.8929078578949;77.32624125480652;3785133.26701156;3777762.674583755;3576.429418383767;3794.3100000000004;[43.73, 16.65, 21.75, 73.73, 79.73, 26.47, 27.47, 79.73, 43.73, 24.47, 10.94, 38.73, 58.73, 34.73, 59.73, 65.73, 11.28, 32.73, 58.73, 37.73, 48.73, 3.1, 48.73, 30.47, 43.73, 47.73, 17.65, 47.73, 20.75, 53.73, 50.73, 10.02, 28.47, 32.73, 36.73, 79.73, 64.73, 12.51, 14.65, 60.73, 20.75, 62.73, 17.65, 49.73, 15.65, 17.65, 17.65, 55.73, 79.73, 79.73, 19.65, 48.73, 26.47, 10.94, 45.73, 22.44, 79.73, 27.47, 79.73, 24.47, 27.47, 25.47, 58.73, 61.73, 18.65, 48.73, 23.47, 18.65, 12.51, 20.75, 22.47, 64.73, 33.73, 15.65, 3.68, 51.73, 65.73, 27.47, 39.73, 21.75, 34.73, 79.73, 55.73, 25.47, 79.73, 8.67, 16.65, 13.65, 38.73, 43.73, 14.65, 7.44, 10.94, 70.73, 12.51, 44.73, 36.73, 79.73, 23.47, 31.47];76.63000000000001;[1, 2, 2, 4, 3, 2, 1, 1, 3, 1, 3, 2, 3, 2, 5, 3, 2, 2, 1, 3, 1, 3, 2, 2, 1, 1, 4];4;60;True
100;60;100;2;True;2000;1;0;0;0;0;0;0;180.53658318519592;74.98288249969482;5387780.35724907;5379512.410879819;3702.60280164255;4565.100000000004;[29.44, 104.13, 75.13, 49.13, 28.44, 85.13, 24.65, 16.89, 15.95, 50.13, 21.17, 76.13, 18.95, 42.13, 33.46, 16.89, 11.95, 76.13, 62.13, 19.95, 64.13, 49.13, 33.46, 110.13, 66.13, 38.13, 21.17, 30.96, 20.69, 18.95, 57.13, 24.65, 45.13, 21.17, 62.13, 128.13, 85.13, 38.13, 15.95, 40.13, 42.13, 26.44, 43.13, 50.13, 30.96, 34.46, 35.73, 104.13, 37.73, 54.13, 92.13, 42.13, 47.13, 14.95, 94.13, 45.13, 45.13, 10.85, 17.82, 34.46, 24.65, 45.13, 33.46, 79.13, 57.13, 37.73, 66.13, 22.17, 39.13, 10.4, 38.13, 45.13, 56.13, 15.95, 66.13, 17.95, 33.46, 55.13, 34.46, 41.13, 47.13, 62.13, 22.17, 24.65, 61.13, 40.13, 27.44, 52.13, 15.95, 75.13, 74.13, 99.13, 34.73, 15.95, 50.13, 72.13, 73.13, 31.96, 98.13, 37.73];117.72999999999999;[2, 1, 3, 1, 2, 2, 1, 2, 3, 3, 1, 1, 1, 7, 2, 1, 1, 1, 4, 1, 1, 2, 2, 1, 1, 1, 1, 2, 4, 1, 1, 2, 1];6;60;True
100;60;100;3;True;2000;1;0;0;0;0;0;0;165.50422263145447;73.50584053993225;5317159.357667212;5310301.698077756;3529.956137514897;3327.4600000000064;[36.03, 28.03, 48.03, 36.03, 46.03, 12.51, 11.51, 38.03, 76.03, 34.03, 11.51, 20.03, 54.03, 32.03, 17.03, 22.03, 19.03, 14.03, 12.51, 77.03, 16.03, 43.03, 73.03, 13.03, 15.03, 16.03, 53.03, 14.03, 19.03, 62.03, 16.03, 46.03, 39.03, 41.03, 70.03, 30.03, 46.03, 28.03, 23.03, 39.03, 21.03, 56.03, 18.03, 13.03, 25.03, 18.03, 27.03, 62.03, 26.03, 13.03, 20.03, 9.91, 40.03, 61.03, 16.03, 85.03, 9.91, 68.03, 93.03, 41.03, 58.03, 33.03, 20.03, 3.84, 6.69, 22.03, 31.03, 19.03, 1.0, 17.03, 13.03, 13.03, 12.51, 39.03, 21.03, 33.03, 46.03, 50.03, 15.03, 24.03, 12.51, 97.03, 93.03, 13.03, 30.03, 11.51, 43.03, 38.03, 54.03, 83.03, 83.03, 60.03, 23.03, 38.03, 6.57, 9.91, 17.03, 21.03, 31.03, 12.51];96.03;[1, 1, 1, 1, 1, 2, 1, 1, 4, 2, 1, 2, 3, 1, 2, 1, 1, 1, 1, 1, 3, 1, 2, 3, 1, 2, 3, 5, 3, 1, 1, 4, 1, 1];4;60;True
100;60;100;4;True;2000;1;0;0;0;0;0;0;172.95185160636902;70.98198795318604;4638606.639576109;4630911.9735389855;3400.43335779231;4294.1100000000015;[10.67, 71.23, 10.24, 60.23, 62.23, 41.23, 30.23, 25.29, 15.01, 83.23, 9.63, 117.23, 10.67, 49.23, 90.23, 23.37, 49.23, 64.23, 57.23, 23.31, 71.23, 1.91, 19.76, 43.23, 14.02, 37.23, 39.23, 17.8, 36.23, 46.23, 58.23, 35.23, 80.23, 37.23, 57.23, 66.23, 40.23, 23.37, 53.23, 67.23, 43.23, 19.76, 117.23, 32.23, 49.23, 62.23, 27.36, 23.31, 26.29, 20.76, 39.23, 27.29, 89.23, 15.01, 55.23, 61.23, 38.23, 29.23, 23.31, 11.55, 9.63, 15.82, 64.23, 14.02, 35.23, 69.23, 83.23, 88.23, 57.23, 34.23, 33.23, 66.23, 37.23, 26.29, 19.76, 45.23, 117.23, 51.23, 82.23, 20.76, 74.23, 58.23, 100.23, 15.82, 54.23, 23.31, 6.35, 48.23, 22.31, 12.48, 70.23, 25.29, 33.23, 16.8, 61.23, 18.8, 31.23, 21.43, 27.29, 42.23];115.32000000000001;[2, 1, 2, 3, 2, 2, 2, 2, 1, 1, 2, 1, 1, 1, 4, 2, 1, 1, 1, 3, 1, 2, 1, 1, 5, 1, 1, 2, 1, 2, 5, 1, 1, 1];4;60;True
100;60;100;5;True;2000;1;0;0;0;0;0;0;146.5977702140808;56.275338649749756;2358533.208323732;2349724.6439114255;3682.5996560921053;5125.919999999998;[43.76, 88.86, 26.94, 31.94, 17.58, 62.86, 56.86, 26.45, 61.86, 21.24, 67.86, 1.0, 19.91, 30.94, 35.07, 78.86, 15.11, 13.54, 35.07, 60.86, 71.86, 62.86, 108.86, 23.75, 3.0, 83.86, 10.35, 28.94, 94.86, 101.86, 41.24, 56.86, 73.86, 34.07, 46.59, 82.86, 9.34, 51.86, 73.86, 25.09, 28.94, 51.86, 26.94, 28.94, 54.86, 10.35, 86.86, 50.36, 50.36, 27.94, 55.86, 23.07, 61.86, 56.86, 17.58, 48.36, 60.86, 36.07, 24.15, 73.86, 82.86, 27.94, 77.86, 62.86, 50.36, 32.97, 59.86, 59.86, 45.59, 43.24, 64.86, 73.86, 56.86, 42.24, 44.59, 2.0, 30.94, 43.76, 10.35, 42.24, 82.86, 85.86, 100.86, 4.13, 30.94, 66.86, 89.86, 50.86, 22.41, 74.86, 42.24, 70.86, 114.86, 84.86, 57.86, 114.86, 93.86, 74.86, 93.86, 54.86];113.86;[1, 1, 1, 3, 2, 1, 2, 1, 1, 1, 1, 3, 1, 1, 3, 1, 1, 1, 2, 2, 1, 2, 1, 2, 2, 2, 2, 3, 4, 1, 2, 2, 3, 3];3;60;True
100;60;100;6;True;2000;1;0;0;0;0;0;0;169.02354955673218;73.37707114219666;4403074.377015053;4395381.702709995;3321.1689207295126;4371.639999999999;[39.63, 30.71, 55.06, 75.06, 39.63, 122.06, 33.64, 106.06, 68.06, 16.99, 25.52, 28.37, 59.06, 44.48, 28.98, 8.85, 52.06, 30.19, 32.64, 58.06, 47.06, 36.02, 45.9, 12.96, 95.06, 108.06, 45.9, 23.52, 28.37, 16.99, 32.64, 50.06, 38.02, 65.06, 43.48, 60.06, 122.06, 23.52, 28.98, 56.06, 55.06, 20.66, 20.66, 41.06, 36.02, 35.34, 11.96, 9.99, 30.71, 80.06, 102.06, 9.22, 9.99, 28.98, 44.48, 29.98, 122.06, 25.52, 44.9, 15.18, 24.52, 22.33, 28.37, 25.52, 30.19, 62.06, 44.48, 55.06, 53.06, 40.63, 76.06, 36.02, 2.8, 32.64, 28.98, 12.96, 15.18, 43.48, 35.34, 12.96, 59.06, 81.06, 52.06, 31.64, 35.34, 48.06, 25.52, 9.99, 12.96, 70.06, 16.79, 89.06, 6.71, 66.06, 30.71, 70.06, 86.06, 96.06, 47.06, 45.9];119.26;[1, 4, 5, 5, 1, 2, 1, 1, 4, 1, 1, 1, 2, 1, 1, 4, 4, 4, 1, 1, 2, 1, 1, 1, 2, 2, 1, 2, 3];4;60;True
10;70;10;1;True;2000;1;0;0;0;0;0;0;175.77770376205444;1.847475528717041;17039813.17356717;17033502.30448381;4167.603534134434;2143.2999999999997;[214.33, 214.33, 214.33, 214.33, 214.33, 214.33, 214.33, 214.33, 214.33, 214.33];0.0;[8, 4, 5, 3, 14, 7, 3, 9, 12, 5];11;70;True
10;70;10;2;True;2000;1;0;0;0;0;0;0;225.32397890090942;1.9760818481445312;16198381.869596636;16191600.466354154;4159.572384313103;2621.82;[252.34, 282.34, 282.34, 282.34, 250.34, 281.34, 224.05, 202.05, 282.34, 282.34];80.28999999999996;[4, 9, 8, 8, 6, 10, 6, 6, 4, 9];6;70;True
10;70;10;3;True;2000;1;0;0;0;0;0;0;198.08525323867798;1.726496934890747;13582500.314168047;13576268.801668867;3965.1660394618225;2266.33;[243.06, 241.06, 221.06, 227.06, 243.06, 186.9, 174.95, 243.06, 243.06, 243.06];68.11000000000001;[4, 8, 5, 7, 13, 3, 4, 4, 9, 13];10;70;True
10;70;10;4;True;2000;1;0;0;0;0;0;0;191.7463538646698;1.6853935718536377;12143141.207439577;12136528.517261192;4373.837812474101;2238.81;[189.2, 238.2, 221.2, 235.2, 232.2, 238.2, 238.2, 238.2, 170.01, 238.2];68.19;[7, 8, 3, 6, 7, 7, 8, 8, 5, 11];8;70;True
10;70;10;5;True;2000;1;0;0;0;0;0;0;213.19247937202454;1.6432278156280518;14125544.979649356;14118778.775476577;4328.1250971806885;2438.1;[262.31, 202.31, 265.31, 265.31, 265.31, 265.31, 265.31, 211.31, 252.31, 183.31];82.0;[4, 8, 10, 9, 7, 6, 6, 7, 4, 9];6;70;True
10;70;10;6;True;2000;1;0;0;0;0;0;0;188.2593183517456;1.8819160461425781;14969568.58622416;14963223.503337577;4099.238280378466;2245.7999999999997;[200.48, 209.48, 229.48, 229.48, 229.48, 229.48, 229.48, 229.48, 229.48, 229.48];29.0;[4, 5, 7, 7, 7, 10, 6, 11, 6, 7];7;70;True
20;70;20;1;True;2000;1;0;0;0;0;0;0;154.80878114700317;5.199915170669556;6615649.287736995;6608434.860579666;4149.733603797673;3064.7700000000004;[171.07, 120.86, 135.07, 171.07, 171.07, 171.07, 144.07, 171.07, 171.07, 134.07, 119.86, 140.07, 171.07, 137.07, 135.07, 171.07, 116.86, 171.07, 171.07, 171.07];54.209999999999994;[6, 1, 2, 4, 3, 3, 5, 8, 6, 2, 1, 3, 4, 1, 1, 7, 2, 3, 6, 2];7;70;True
20;70;20;2;True;2000;1;0;0;0;0;0;0;206.27799487113953;5.254169464111328;7482317.433744845;7474668.182057526;4143.943413412715;3505.2999999999997;[166.35, 220.88, 214.88, 215.88, 148.35, 239.88, 124.35, 132.35, 109.35, 225.88, 123.35, 239.88, 141.35, 205.88, 147.35, 164.35, 94.35, 191.88, 218.88, 179.88];145.53;[4, 5, 3, 5, 4, 7, 4, 1, 2, 4, 4, 4, 2, 2, 4, 2, 2, 5, 3, 3];6;70;True
20;70;20;3;True;2000;1;0;0;0;0;0;0;135.21381402015686;5.571477890014648;6009666.900763644;6002716.33959063;4028.73437199731;2921.889999999999;[153.97, 153.97, 153.97, 153.97, 153.97, 103.8, 107.8, 153.97, 153.97, 153.97, 125.8, 153.97, 153.97, 150.97, 139.97, 153.97, 153.97, 153.97, 137.97, 153.97];50.17;[6, 5, 3, 5, 3, 1, 4, 3, 1, 5, 2, 5, 3, 4, 3, 2, 5, 4, 6];5;70;True
20;70;20;4;True;2000;1;0;0;0;0;0;0;141.6163513660431;5.548678636550903;7405822.571571781;7398474.832311772;4307.410362300876;3040.3999999999987;[118.12, 158.12, 156.12, 154.12, 158.12, 158.12, 158.12, 158.12, 145.12, 158.12, 119.12, 158.12, 134.12, 158.12, 158.12, 158.12, 158.12, 158.12, 158.12, 158.12];40.0;[2, 5, 1, 2, 2, 3, 2, 2, 4, 4, 2, 4, 4, 5, 4, 4, 6, 4, 6, 4];5;70;True
20;70;20;5;True;2000;1;0;0;0;0;0;0;123.21074271202087;4.716836214065552;5250150.305201919;5243251.073427143;4234.205428124415;2665.0000000000005;[137.8, 137.8, 137.8, 137.8, 95.8, 137.8, 137.8, 125.8, 137.8, 137.8, 137.8, 113.8, 137.8, 137.8, 137.8, 137.8, 124.8, 137.8, 137.8, 137.8];42.000000000000014;[2, 5, 5, 6, 4, 1, 2, 2, 2, 5, 4, 1, 2, 3, 7, 5, 6, 2, 5, 1];6;70;True
20;70;20;6;True;2000;1;0;0;0;0;0;0;183.7780659198761;5.599676609039307;7726806.776526625;7719232.475745633;4123.664391403284;3450.5899999999983;[150.47, 196.47, 195.47, 209.47, 206.47, 177.47, 189.47, 209.47, 209.47, 117.66, 130.47, 142.47, 209.47, 188.47, 144.47, 129.47, 209.47, 125.47, 154.47, 154.47];91.81;[2, 1, 6, 4, 6, 6, 1, 5, 5, 2, 2, 1, 5, 4, 5, 3, 7, 1, 2, 2];6;70;True
30;70;30;1;True;2000;1;0;0;0;0;0;0;144.76010990142822;9.777318954467773;4844511.627477521;4836434.96495387;4149.820056572876;3926.8599999999974;[153.72, 103.72, 96.72, 153.72, 153.72, 135.72, 108.72, 153.72, 125.72, 88.72, 81.98, 140.72, 153.72, 109.72, 146.72, 153.72, 87.72, 153.72, 146.72, 153.72, 153.72, 73.72, 153.72, 153.72, 153.72, 123.72, 98.72, 147.72, 131.72, 133.72];80.0;[5, 1, 3, 4, 4, 1, 2, 5, 1, 1, 2, 4, 1, 3, 4, 2, 2, 2, 2, 4, 2, 2, 2, 3, 2, 1, 3, 1, 1];4;70;True
30;70;30;2;True;2000;1;0;0;0;0;0;0;172.54764652252197;10.51494812965393;4563236.703687723;4555638.561571019;4120.058525773734;3478.0999999999976;[84.47, 173.47, 161.47, 115.47, 109.47, 174.47, 105.47, 84.47, 87.47, 174.47, 86.47, 174.47, 77.47, 123.47, 132.47, 99.47, 61.47, 100.47, 125.47, 80.47, 161.47, 129.47, 94.47, 145.47, 149.47, 111.47, 96.47, 110.47, 79.47, 67.47];113.0;[1, 6, 5, 2, 3, 2, 1, 3, 3, 2, 2, 2, 4, 2, 1, 1, 4, 2, 2, 2, 2, 6, 3, 2, 1, 3, 1, 2];5;70;True
30;70;30;3;True;2000;1;0;0;0;0;0;0;183.67790579795837;9.74229907989502;4855127.135619487;4847184.701679434;4063.2908206253096;3879.0300000000016;[106.9, 197.9, 128.9, 165.9, 138.9, 100.9, 61.46, 104.9, 197.9, 136.9, 55.37, 124.9, 197.9, 155.9, 97.9, 143.9, 90.9, 136.9, 85.9, 127.9, 110.9, 191.9, 152.9, 80.9, 136.9, 101.9, 197.9, 82.9, 101.9, 162.9];142.53;[3, 3, 2, 4, 5, 1, 3, 2, 1, 3, 3, 1, 5, 2, 3, 1, 2, 1, 1, 3, 2, 2, 2, 3, 6, 1, 1, 4];5;70;True
30;70;30;4;True;2000;1;0;0;0;0;0;0;132.45567274093628;11.194130659103394;5786909.894495899;5778888.843556622;4291.861709014961;3729.2599999999984;[135.18, 135.18, 103.16, 135.18, 135.18, 135.18, 135.18, 120.18, 107.16, 135.18, 78.16, 135.18, 89.16, 135.18, 135.18, 135.18, 135.18, 135.18, 135.18, 135.18, 135.18, 77.16, 135.18, 134.18, 104.16, 123.18, 135.18, 118.16, 122.18, 119.18];58.02000000000001;[1, 2, 1, 4, 2, 2, 3, 2, 2, 2, 2, 1, 3, 5, 4, 3, 2, 2, 4, 3, 1, 3, 2, 2, 2, 2, 1, 5, 2];4;70;True
30;70;30;5;True;2000;1;0;0;0;0;0;0;140.1913390159607;10.8499174118042;5592819.119537847;5584788.75213582;4218.1549922192025;3812.2399999999984;[146.7, 146.7, 138.7, 146.7, 87.1, 146.7, 137.7, 100.1, 136.7, 113.09, 146.7, 35.0, 112.09, 146.7, 110.09, 146.7, 136.7, 105.09, 146.7, 146.7, 146.7, 146.7, 146.7, 108.09, 80.1, 146.7, 94.1, 117.09, 146.7, 146.7];111.69999999999999;[3, 1, 3, 3, 1, 1, 1, 1, 3, 4, 4, 4, 4, 4, 2, 1, 3, 3, 3, 1, 2, 1, 5, 2, 5, 5];4;70;True
30;70;30;6;True;2000;1;0;0;0;0;0;0;156.66393303871155;9.307855367660522;4604301.169047161;4596816.098229743;4042.424891018836;3442.719999999999;[106.89, 102.89, 149.89, 149.89, 113.89, 149.89, 149.89, 149.89, 149.89, 66.89, 86.89, 88.89, 149.89, 99.89, 138.89, 66.89, 149.89, 74.89, 144.89, 111.89, 99.89, 109.89, 100.89, 68.89, 149.89, 131.89, 149.89, 89.89, 57.91, 80.89];91.97999999999999;[3, 1, 5, 3, 7, 5, 1, 3, 3, 1, 1, 4, 3, 2, 2, 6, 1, 2, 1, 3, 1, 2, 1, 2, 3, 3, 1];6;70;True
40;70;40;1;True;2000;1;0;0;0;0;0;0;139.21919345855713;15.519188404083252;5161840.650126359;5153476.576647676;4120.875675264702;4243.290000000001;[129.67, 96.2, 81.61, 129.67, 129.67, 94.2, 93.2, 129.67, 98.2, 68.04, 78.85, 89.2, 129.67, 96.2, 105.67, 129.67, 80.61, 129.67, 129.67, 116.67, 111.67, 48.04, 126.67, 112.67, 129.67, 105.67, 63.04, 129.67, 111.67, 129.67, 121.67, 53.04, 104.67, 125.67, 88.37, 120.67, 129.67, 77.04, 88.37, 129.67];81.63;[2, 2, 2, 6, 5, 1, 3, 1, 1, 1, 4, 1, 1, 5, 1, 3, 2, 2, 2, 1, 1, 1, 1, 1, 1, 1, 3, 1, 1, 1, 1, 1, 4, 4, 1, 1];5;70;True
40;70;40;2;True;2000;1;0;0;0;0;0;0;184.5893943309784;15.532766103744507;6671154.863802393;6662935.741117661;4110.01175769859;4109.200000000002;[77.34, 107.34, 156.34, 129.34, 90.34, 170.34, 81.34, 69.34, 77.34, 122.34, 75.34, 127.34, 70.34, 121.34, 99.34, 85.34, 51.94, 82.34, 117.34, 59.34, 170.34, 125.34, 90.34, 135.34, 149.34, 122.34, 75.34, 81.34, 69.34, 63.34, 113.34, 75.34, 105.34, 82.34, 148.34, 153.34, 137.34, 91.34, 54.34, 94.34];118.4;[1, 2, 2, 4, 1, 3, 2, 1, 2, 3, 1, 2, 1, 1, 1, 1, 3, 3, 2, 3, 4, 2, 3, 1, 1, 2, 1, 1, 4, 5, 4, 2, 1];4;70;True
40;70;40;3;True;2000;1;0;0;0;0;0;0;162.00445365905762;14.262720584869385;3484031.6457766453;3476013.28956824;3956.6515570129695;4061.8400000000024;[110.88, 109.88, 107.88, 149.88, 110.88, 65.88, 62.88, 85.88, 136.88, 131.88, 46.88, 91.88, 161.88, 102.88, 74.63, 81.88, 67.18, 101.88, 58.88, 158.88, 61.88, 110.88, 116.88, 61.88, 86.88, 77.63, 138.88, 56.88, 74.63, 128.88, 45.97, 130.88, 133.88, 118.88, 123.88, 94.88, 125.88, 118.88, 141.88, 91.88];115.91;[1, 1, 1, 3, 1, 2, 1, 3, 4, 3, 6, 2, 2, 2, 1, 1, 1, 5, 2, 4, 1, 2, 2, 1, 6, 2, 2, 1, 2, 2, 1, 1, 1];5;70;True
40;70;40;4;True;2000;1;0;0;0;0;0;0;171.40660572052002;15.892498254776001;4860971.163138512;4851819.98162846;4400.452284947875;4750.739999999998;[78.41, 126.87, 72.05, 109.87, 147.87, 173.87, 173.87, 102.87, 77.41, 131.87, 52.47, 112.87, 64.05, 105.87, 168.87, 173.87, 108.87, 125.87, 168.87, 91.87, 173.87, 53.47, 84.87, 92.87, 112.87, 83.87, 138.87, 81.87, 109.87, 90.87, 173.87, 146.87, 168.87, 173.87, 117.87, 131.87, 82.87, 79.17, 109.87, 173.87];121.4;[1, 3, 1, 3, 5, 1, 1, 4, 2, 1, 1, 3, 2, 4, 3, 3, 3, 2, 1, 2, 1, 1, 2, 1, 2, 1, 3, 2, 2, 2, 4, 1, 2];4;70;True
40;70;40;5;True;2000;1;0;0;0;0;0;0;141.99052786827087;12.117639541625977;2821461.7763700453;2813153.8054491836;4282.79847142632;4025.289999999999;[95.81, 130.81, 80.33, 111.81, 62.61, 136.81, 130.81, 69.36, 134.81, 74.36, 88.81, 59.61, 74.36, 83.81, 79.33, 136.81, 72.36, 65.61, 132.81, 95.81, 136.81, 119.81, 98.81, 76.07, 56.63, 129.81, 66.61, 75.36, 136.81, 136.81, 108.81, 108.81, 136.81, 104.81, 93.81, 136.81, 49.63, 136.81, 104.81, 93.81];87.18;[2, 3, 3, 2, 2, 2, 1, 1, 1, 3, 2, 3, 4, 1, 1, 4, 3, 2, 1, 3, 1, 1, 2, 3, 3, 1, 2, 1, 1, 4, 1, 4, 1, 1];3;70;True
40;70;40;6;True;2000;1;0;0;0;0;0;0;190.19852232933044;13.928748846054077;3987321.9000662942;3979099.151460721;4093.1078267098565;4129.73;[85.29, 77.29, 169.29, 195.29, 82.29, 148.29, 90.29, 173.29, 88.29, 53.13, 45.46, 75.18, 121.29, 86.29, 70.77, 42.46, 172.29, 75.73, 85.29, 78.29, 117.29, 103.29, 104.29, 56.74, 133.29, 164.29, 122.29, 65.58, 62.58, 61.58, 80.29, 120.29, 128.29, 143.29, 127.29, 117.29, 153.29, 67.11, 80.29, 105.29];152.82999999999998;[2, 3, 5, 1, 7, 1, 3, 1, 1, 2, 3, 1, 3, 1, 6, 1, 1, 3, 1, 2, 1, 3, 1, 1, 2, 3, 4, 1, 3, 2, 1];6;70;True
50;70;50;1;True;2000;1;0;0;0;0;0;0;164.02819085121155;23.36971950531006;4298566.312632057;4289857.976403323;4102.081542605087;4606.219999999998;[149.51, 63.12, 60.11, 142.51, 120.51, 108.86, 67.12, 149.51, 94.12, 63.12, 48.85, 94.12, 127.51, 69.12, 89.12, 104.86, 47.85, 70.12, 149.51, 148.51, 91.12, 32.85, 115.86, 80.12, 120.51, 89.12, 50.85, 149.51, 77.12, 137.51, 92.12, 32.85, 75.12, 149.51, 69.12, 105.86, 149.51, 38.85, 54.11, 79.12, 60.11, 90.12, 61.12, 71.12, 50.85, 55.11, 56.11, 104.86, 149.51, 148.51];116.66;[5, 1, 2, 2, 2, 1, 2, 1, 1, 1, 1, 1, 1, 6, 2, 2, 2, 1, 1, 3, 2, 1, 1, 3, 3, 1, 1, 2, 4, 3, 1, 1, 1, 1, 1, 1, 3, 2];5;70;True
50;70;50;2;True;2000;1;0;0;0;0;0;0;167.44338393211365;24.3903751373291;6572016.378276701;6563790.002657426;4077.870476854174;4148.420000000003;[76.78, 87.78, 109.78, 110.78, 63.9, 109.78, 46.79, 39.39, 30.86, 110.78, 53.1, 137.78, 57.9, 89.78, 75.78, 51.01, 29.86, 139.78, 141.78, 39.48, 137.78, 129.78, 67.73, 88.78, 119.78, 73.85, 56.9, 104.78, 44.47, 61.9, 114.78, 48.11, 93.78, 85.78, 79.78, 141.78, 94.78, 96.78, 39.48, 66.59, 63.9, 54.05, 81.78, 78.78, 71.73, 69.73, 85.78, 119.78, 73.85, 98.78];111.92;[4, 1, 3, 1, 2, 2, 2, 1, 1, 3, 3, 1, 4, 4, 4, 2, 2, 1, 3, 4, 2, 3, 5, 1, 1, 1, 1, 1, 1, 2, 3, 1];4;70;True
50;70;50;3;True;2000;1;0;0;0;0;0;0;193.14476013183594;30.9394748210907;6985506.092990557;6977044.848585546;4052.471923076802;4408.9699999999975;[83.43, 148.43, 113.43, 80.43, 157.43, 56.43, 50.35, 102.43, 100.43, 70.43, 40.27, 76.43, 141.43, 95.43, 52.35, 74.43, 51.35, 59.43, 42.27, 131.43, 70.43, 105.43, 151.43, 59.43, 61.43, 66.43, 161.43, 32.81, 62.43, 116.43, 42.27, 129.43, 94.43, 112.43, 170.43, 91.43, 124.43, 81.43, 82.43, 101.43, 64.43, 93.43, 67.43, 50.35, 75.43, 58.43, 77.43, 138.43, 84.43, 53.32];137.62;[1, 4, 1, 1, 3, 2, 3, 2, 1, 1, 1, 3, 1, 4, 2, 1, 4, 5, 2, 6, 2, 4, 3, 1, 2, 2, 1, 2, 1, 1, 2, 1];5;70;True
50;70;50;4;True;2000;1;0;0;0;0;0;0;178.96589422225952;20.2779643535614;3716394.489617023;3706839.550581313;4348.253322698812;5206.779999999999;[43.25, 121.04, 57.2, 122.04, 109.04, 176.04, 167.04, 74.04, 60.2, 139.04, 38.25, 98.04, 63.07, 101.04, 141.04, 143.04, 84.04, 101.04, 94.04, 100.04, 176.04, 30.25, 73.04, 89.04, 69.57, 75.04, 125.04, 31.25, 85.04, 102.04, 145.04, 104.04, 152.04, 147.04, 113.04, 113.04, 78.04, 78.04, 115.04, 133.04, 104.04, 68.57, 149.04, 162.04, 139.04, 171.04, 87.04, 70.57, 113.04, 75.04];145.79;[1, 2, 1, 5, 2, 3, 4, 2, 4, 1, 2, 2, 1, 1, 1, 1, 3, 1, 2, 1, 1, 2, 1, 4, 2, 2, 3, 1, 2, 1, 1, 4, 2, 3, 1];4;70;True
50;70;50;5;True;2000;1;0;0;0;0;0;0;144.5608675479889;20.448927640914917;3336257.753034251;3327556.4964853534;4302.069232385609;4399.089999999998;[76.18, 109.18, 81.18, 102.18, 52.21, 131.18, 94.18, 56.55, 101.18, 59.78, 131.18, 3.0, 62.1, 74.18, 66.18, 131.18, 52.21, 54.19, 122.18, 96.18, 131.18, 110.18, 110.18, 66.1, 29.24, 122.18, 46.21, 55.55, 131.18, 131.18, 74.18, 81.18, 130.18, 93.18, 82.18, 131.18, 49.21, 94.18, 131.18, 71.18, 74.18, 129.18, 72.18, 64.1, 117.18, 40.24, 131.18, 95.18, 82.18, 66.1];128.18;[1, 4, 4, 2, 1, 1, 1, 4, 1, 1, 3, 1, 1, 3, 1, 1, 3, 1, 2, 3, 1, 2, 2, 3, 1, 2, 3, 1, 2, 2, 2, 2, 5, 2, 1];4;70;True
50;70;50;6;True;2000;1;0;0;0;0;0;0;168.29974007606506;24.434402465820312;4340662.73109965;4332102.165428142;4049.8327102378275;4510.689999999996;[78.99, 80.99, 105.99, 134.99, 83.99, 145.99, 87.99, 140.99, 134.99, 49.22, 55.22, 61.87, 113.99, 88.99, 71.99, 41.28, 102.99, 64.99, 73.99, 60.87, 83.99, 76.99, 91.99, 51.22, 149.99, 115.99, 124.99, 65.99, 65.99, 60.87, 68.99, 124.99, 114.99, 127.99, 130.99, 93.99, 142.99, 58.87, 73.99, 99.99, 115.99, 40.28, 62.87, 122.99, 107.99, 71.99, 43.28, 49.22, 69.99, 119.99];109.71000000000001;[2, 2, 5, 2, 4, 5, 3, 2, 3, 2, 1, 1, 1, 1, 1, 1, 3, 1, 3, 2, 2, 2, 3, 2, 1, 4, 1, 1, 2, 2, 1, 1, 1, 1, 1];4;70;True
60;70;60;1;True;2000;1;0;0;0;0;0;0;163.0479052066803;35.366212606430054;4419391.359034471;4410601.936519089;4121.305933356078;4668.0300000000025;[96.28, 58.28, 48.28, 135.28, 116.28, 69.28, 88.28, 135.28, 64.28, 63.28, 12.66, 77.28, 86.28, 75.28, 79.28, 72.28, 50.28, 114.28, 135.28, 87.28, 79.28, 18.83, 94.28, 69.28, 70.28, 79.28, 37.34, 124.28, 67.28, 135.28, 79.28, 20.15, 71.28, 87.28, 60.28, 88.28, 135.28, 24.41, 46.34, 95.28, 49.28, 82.28, 53.28, 96.28, 44.34, 46.34, 49.28, 115.28, 126.28, 124.28, 57.28, 90.28, 63.28, 35.34, 85.28, 60.28, 120.28, 74.28, 87.28, 59.28];122.62;[2, 1, 2, 3, 1, 3, 1, 2, 1, 3, 1, 1, 2, 3, 1, 2, 1, 2, 5, 4, 1, 4, 1, 1, 3, 4, 3, 1, 1, 1, 2, 1, 3, 2, 1];4;70;True
60;70;60;2;True;2000;1;0;0;0;0;0;0;200.2532513141632;40.89914107322693;8974243.321827231;8966470.081321428;4092.4527970803774;3680.670000000002;[50.09, 89.09, 69.09, 68.09, 43.06, 78.09, 39.59, 29.6, 21.92, 94.09, 36.43, 125.09, 34.43, 57.09, 37.59, 42.06, 18.92, 125.09, 64.09, 21.92, 103.09, 78.09, 43.06, 83.09, 123.09, 68.09, 34.43, 47.09, 29.6, 36.43, 81.09, 33.43, 60.09, 49.09, 93.09, 145.09, 101.09, 61.09, 28.6, 48.09, 51.09, 38.59, 55.09, 77.09, 68.09, 47.06, 43.06, 103.09, 50.09, 69.09, 82.09, 56.09, 64.09, 24.64, 110.09, 85.09, 66.09, 11.27, 39.59, 47.06];133.82;[1, 1, 3, 1, 1, 5, 5, 1, 1, 2, 1, 4, 3, 1, 2, 1, 3, 7, 3, 1, 2, 1, 1, 1, 3, 3, 1, 1, 2, 1, 3, 3, 1];6;70;True
60;70;60;3;True;2000;1;0;0;0;0;0;0;165.56772828102112;38.96563410758972;5495092.447001843;5487138.574286736;4021.7159485604307;3932.2500000000005;[78.23, 88.23, 71.23, 91.23, 115.23, 36.57, 34.7, 89.23, 69.23, 69.23, 11.66, 47.58, 115.23, 81.23, 45.58, 85.23, 40.97, 42.34, 34.7, 84.23, 44.5, 60.23, 92.23, 37.57, 42.12, 41.12, 127.23, 25.51, 44.5, 63.23, 32.05, 106.23, 74.23, 95.23, 49.65, 68.23, 83.23, 49.65, 92.23, 72.23, 58.23, 73.23, 57.3, 33.7, 52.3, 38.97, 51.65, 83.23, 48.65, 27.45, 56.3, 33.7, 111.23, 100.23, 37.57, 127.23, 23.53, 107.23, 112.23, 65.23];115.57000000000001;[1, 2, 1, 2, 2, 1, 3, 2, 2, 1, 5, 2, 2, 1, 3, 2, 1, 2, 1, 3, 3, 2, 1, 2, 1, 1, 1, 1, 1, 1, 1, 1, 2, 1, 6, 2, 1, 3];5;70;True
60;70;60;4;True;2000;1;0;0;0;0;0;0;185.7609157562256;33.81414341926575;5275093.251821829;5266714.872985473;4285.9004412579525;4092.420000000003;[29.19, 98.19, 24.19, 80.19, 104.19, 144.19, 129.19, 41.19, 30.19, 84.19, 28.19, 64.19, 31.19, 71.19, 87.19, 119.19, 65.19, 79.19, 94.19, 42.19, 114.19, 22.19, 39.19, 54.19, 33.19, 39.19, 69.19, 22.19, 79.19, 66.19, 110.19, 54.19, 141.19, 83.19, 61.19, 80.19, 62.19, 46.19, 58.19, 115.19, 57.19, 39.19, 115.19, 108.19, 73.19, 60.19, 140.19, 44.19, 59.19, 33.19, 51.19, 43.19, 91.19, 35.19, 72.19, 78.19, 49.19, 82.19, 47.19, 15.21];128.98;[5, 1, 2, 6, 1, 3, 1, 2, 2, 1, 2, 4, 2, 1, 1, 1, 1, 1, 2, 3, 1, 2, 1, 2, 2, 1, 3, 4, 1, 4, 1, 1, 1, 1, 1, 2];5;70;True
60;70;60;5;True;2000;1;0;0;0;0;0;0;159.91860604286194;37.152459144592285;4987906.6306689;4979002.925454384;4202.124145113651;4701.570000000001;[61.56, 87.56, 47.66, 109.56, 34.67, 99.56, 106.56, 37.54, 92.56, 52.25, 73.56, 1.0, 57.25, 118.56, 52.25, 131.56, 35.67, 33.67, 81.56, 81.56, 131.56, 102.56, 131.56, 64.56, 2.43, 106.56, 27.3, 40.66, 131.56, 131.56, 64.56, 74.56, 99.56, 98.56, 82.56, 131.56, 23.1, 95.56, 131.56, 54.25, 47.66, 131.56, 81.56, 60.56, 68.56, 27.3, 129.56, 101.56, 87.56, 67.56, 59.25, 42.66, 128.56, 118.56, 42.66, 74.56, 62.56, 60.25, 57.25, 129.56];130.56;[1, 1, 2, 2, 2, 1, 2, 3, 4, 1, 1, 3, 2, 1, 3, 2, 2, 1, 4, 1, 1, 2, 3, 3, 1, 3, 2, 2, 1, 2, 2, 1, 2, 3, 1, 2];3;70;True
60;70;60;6;True;2000;1;0;0;0;0;0;0;187.29665732383728;39.03449749946594;6689019.945484197;6680130.819174298;4079.193385621569;4809.739999999997;[71.62, 62.62, 103.62, 89.62, 83.62, 148.62, 76.62, 102.62, 120.62, 35.09, 34.09, 66.62, 131.62, 93.62, 54.62, 19.91, 87.62, 57.62, 65.62, 121.62, 64.62, 80.62, 75.62, 36.31, 129.62, 90.62, 95.62, 54.62, 50.62, 48.62, 90.62, 98.62, 127.62, 126.62, 127.62, 88.62, 132.62, 44.62, 58.62, 104.62, 148.62, 21.76, 43.62, 118.62, 106.62, 64.62, 27.76, 31.85, 87.62, 95.62, 146.62, 9.59, 20.76, 43.62, 74.62, 80.62, 147.62, 60.62, 71.62, 52.62];139.03;[1, 3, 2, 4, 4, 1, 4, 1, 2, 3, 1, 1, 3, 2, 1, 2, 1, 2, 2, 3, 1, 1, 2, 2, 1, 2, 1, 3, 2, 1, 3, 1, 5, 2];4;70;True
70;70;70;1;True;2000;1;0;0;0;0;0;0;189.69795632362366;58.7439181804657;7001695.077988506;6992536.420552531;4236.7725908506645;4922.09;[89.68, 27.18, 26.18, 139.68, 91.68, 60.68, 103.68, 139.68, 69.68, 43.68, 11.81, 75.68, 103.68, 61.68, 57.68, 88.68, 19.1, 49.68, 66.68, 131.68, 48.68, 4.0, 109.68, 120.68, 62.68, 79.68, 35.18, 113.68, 62.68, 139.68, 79.68, 15.03, 69.68, 139.68, 75.68, 113.68, 99.68, 15.03, 31.18, 80.68, 29.18, 108.68, 35.18, 93.68, 25.18, 31.18, 29.18, 116.68, 139.68, 116.68, 40.68, 80.68, 47.68, 14.55, 55.68, 48.68, 139.68, 55.68, 103.68, 51.68, 139.68, 49.68, 70.68, 115.68, 34.18, 59.68, 52.68, 28.18, 16.73, 36.18];135.68;[3, 1, 2, 2, 2, 2, 5, 3, 1, 1, 1, 1, 1, 4, 1, 4, 1, 1, 2, 2, 1, 3, 1, 1, 1, 4, 2, 1, 1, 2, 2, 2, 1, 3, 2, 1, 2];4;70;True
70;70;70;2;True;2000;1;0;0;0;0;0;0;195.1545388698578;54.70151877403259;10776956.959831072;10769079.480741289;4153.963457243013;3723.810000000004;[41.57, 100.57, 123.57, 68.57, 30.57, 78.57, 29.57, 18.57, 13.57, 68.57, 28.57, 73.57, 31.57, 54.57, 25.57, 17.57, 13.57, 114.57, 60.57, 17.57, 90.57, 52.57, 48.57, 74.57, 123.57, 97.57, 25.57, 34.57, 22.57, 19.57, 85.57, 22.57, 58.57, 41.57, 71.57, 64.57, 72.57, 39.57, 14.57, 49.57, 53.57, 38.57, 53.57, 52.57, 33.57, 37.57, 41.57, 121.57, 42.57, 77.57, 80.57, 44.57, 46.57, 18.57, 66.57, 71.57, 58.57, 9.91, 22.57, 38.57, 35.57, 62.57, 43.57, 123.57, 82.57, 47.57, 103.57, 24.57, 56.57, 11.14];113.66;[1, 1, 1, 1, 1, 2, 1, 1, 4, 1, 2, 2, 2, 3, 4, 2, 4, 1, 1, 2, 1, 1, 1, 2, 2, 1, 1, 2, 1, 2, 1, 1, 1, 1, 8, 3, 4];7;70;True
70;70;70;3;True;2000;1;0;0;0;0;0;0;186.7267451286316;47.25277805328369;6119307.441387783;6112011.159317466;4056.5050963426665;3239.5100000000034;[41.03, 101.03, 57.03, 66.03, 47.03, 20.03, 19.03, 58.03, 81.03, 59.03, 8.77, 31.03, 119.03, 49.03, 27.03, 30.03, 20.03, 29.03, 16.03, 47.03, 37.03, 41.03, 99.03, 21.03, 30.03, 26.03, 91.03, 16.03, 27.03, 45.03, 12.77, 77.03, 81.03, 93.03, 45.03, 43.03, 55.03, 39.03, 54.03, 55.03, 44.03, 69.03, 38.03, 24.03, 35.03, 26.03, 29.03, 61.03, 34.03, 13.03, 40.03, 13.03, 111.03, 69.03, 21.03, 125.03, 5.77, 103.03, 94.03, 48.03, 69.03, 40.03, 67.03, 1.77, 3.77, 50.03, 42.03, 34.03, 1.0, 12.77];124.03;[5, 3, 1, 1, 2, 1, 3, 3, 2, 1, 2, 1, 2, 2, 1, 2, 2, 2, 1, 1, 1, 1, 1, 1, 1, 1, 8, 1, 1, 3, 4, 1, 2, 4, 1, 1];7;70;True
70;70;70;4;True;2000;1;0;0;0;0;0;0;174.70082664489746;50.45724058151245;7015142.554791977;7006269.9792786185;4252.930786849998;4619.669999999998;[25.34, 86.1, 17.69, 87.1, 100.1, 126.1, 64.1, 44.74, 17.27, 73.1, 20.59, 103.1, 27.56, 70.1, 100.1, 61.1, 67.1, 77.1, 74.1, 63.1, 83.1, 10.42, 33.09, 59.1, 35.42, 39.74, 65.1, 18.95, 72.1, 53.1, 126.1, 55.1, 126.1, 79.1, 58.1, 70.1, 86.1, 47.1, 63.1, 85.1, 60.1, 36.35, 125.1, 90.1, 82.1, 105.1, 108.1, 41.74, 63.1, 35.42, 54.1, 53.1, 105.1, 28.56, 87.1, 90.1, 78.1, 72.1, 45.74, 25.6, 11.62, 32.09, 90.1, 52.1, 59.1, 102.1, 60.1, 87.1, 120.1, 46.74];115.67999999999999;[3, 2, 5, 2, 1, 3, 3, 2, 1, 1, 3, 2, 2, 1, 1, 4, 4, 2, 1, 1, 3, 2, 3, 2, 2, 1, 2, 1, 1, 1, 1, 3, 1, 3];4;70;True
70;70;70;5;True;2000;1;0;0;0;0;0;0;173.99979877471924;46.703028440475464;4819270.53955325;4809769.218710283;4203.490024213682;5297.830000000003;[48.85, 117.93, 52.08, 68.55, 16.53, 105.93, 91.93, 27.33, 76.93, 45.85, 117.93, 1.0, 30.86, 54.08, 47.85, 123.93, 37.19, 27.68, 72.55, 71.55, 147.93, 97.93, 147.93, 41.13, 2.53, 122.93, 17.53, 35.19, 140.93, 126.93, 82.93, 73.55, 111.93, 80.93, 68.55, 137.93, 8.42, 93.93, 79.93, 43.13, 31.9, 101.93, 53.08, 44.85, 80.93, 9.48, 124.93, 74.55, 117.93, 65.08, 60.08, 29.26, 113.93, 100.93, 38.19, 60.08, 52.08, 56.08, 47.85, 124.93, 123.93, 108.93, 113.93, 135.93, 49.85, 43.13, 84.93, 136.93, 136.93, 76.55];146.93;[1, 1, 1, 2, 1, 1, 1, 1, 1, 2, 5, 4, 2, 2, 2, 2, 1, 2, 1, 1, 1, 3, 3, 3, 1, 2, 2, 2, 1, 1, 2, 2, 1, 1, 1, 3, 2, 1, 2, 2];4;70;True
70;70;70;6;True;2000;1;0;0;0;0;0;0;193.47868275642395;57.9315345287323;6691792.592487787;6682599.272253651;4094.2689741535346;5099.190000000003;[78.09, 47.7, 124.09, 94.09, 65.09, 71.09, 64.09, 109.09, 132.09, 22.13, 47.7, 56.52, 137.09, 86.09, 45.8, 9.35, 89.09, 119.09, 56.52, 124.09, 119.09, 58.52, 70.09, 28.62, 115.09, 122.09, 79.09, 41.09, 36.09, 28.7, 55.52, 82.09, 73.09, 143.09, 75.09, 78.09, 112.09, 39.09, 62.09, 93.09, 121.09, 22.13, 35.09, 78.09, 134.09, 64.09, 14.83, 16.66, 48.7, 68.09, 112.09, 9.77, 12.27, 29.07, 83.09, 53.36, 145.09, 47.7, 65.09, 22.57, 35.09, 28.62, 52.77, 80.09, 121.09, 160.09, 60.52, 117.09, 82.09, 88.09];150.74;[2, 4, 2, 1, 3, 3, 3, 3, 2, 2, 4, 1, 2, 1, 1, 3, 1, 1, 1, 1, 1, 3, 2, 1, 1, 1, 1, 2, 1, 2, 1, 3, 1, 1, 1, 1, 3, 2, 1];3;70;True
80;70;80;1;True;2000;1;0;0;0;0;0;0;161.21907234191895;53.06063795089722;5339146.770224385;5330518.984079069;4128.9896060520605;4498.680000000005;[70.55, 18.1, 35.55, 104.55, 82.55, 71.55, 48.55, 115.55, 50.55, 53.55, 10.38, 66.55, 84.55, 35.55, 52.55, 69.55, 12.02, 34.55, 59.55, 69.55, 54.55, 3.16, 92.55, 47.55, 42.55, 49.55, 18.1, 111.55, 45.55, 115.55, 70.55, 10.38, 74.55, 62.55, 57.55, 95.55, 115.55, 13.02, 20.92, 98.55, 20.92, 79.55, 23.55, 65.55, 15.98, 20.92, 18.1, 89.55, 112.55, 106.55, 34.55, 115.55, 39.55, 11.02, 58.55, 27.55, 96.55, 57.55, 100.55, 39.55, 96.55, 56.55, 75.55, 85.55, 20.92, 44.55, 36.55, 23.55, 13.02, 31.55, 54.55, 78.55, 55.55, 15.98, 4.09, 78.55, 88.55, 40.55, 91.55, 26.55];112.39;[1, 2, 1, 1, 1, 1, 2, 1, 1, 1, 1, 1, 3, 3, 1, 1, 3, 5, 4, 1, 3, 1, 2, 3, 1, 3, 1, 1, 4, 1, 2, 2, 1, 1, 2, 1, 2, 2, 2];4;70;True
80;70;80;2;True;2000;1;0;0;0;0;0;0;207.35727834701538;60.42912220954895;9654864.384448137;9646224.76680782;4192.359904542546;4447.469999999997;[29.13, 99.99, 151.99, 53.99, 33.13, 107.99, 31.13, 18.48, 18.48, 82.99, 32.13, 84.99, 21.07, 40.07, 45.83, 19.48, 12.77, 95.99, 73.99, 19.48, 67.99, 51.99, 36.13, 142.99, 78.99, 88.99, 27.13, 31.13, 20.07, 19.48, 110.99, 24.13, 56.99, 23.32, 71.99, 142.99, 154.99, 36.13, 16.36, 36.13, 60.99, 22.32, 56.99, 63.99, 34.13, 37.29, 35.13, 105.99, 54.99, 89.99, 71.99, 45.83, 57.99, 14.77, 74.99, 66.99, 66.99, 10.77, 19.48, 35.13, 30.13, 65.99, 41.07, 92.99, 69.99, 36.13, 115.99, 25.13, 53.99, 10.69, 44.83, 59.99, 102.99, 17.48, 55.99, 21.65, 39.11, 123.99, 47.6, 52.99];144.3;[2, 2, 1, 4, 1, 1, 1, 3, 1, 3, 1, 2, 2, 2, 3, 1, 1, 2, 5, 3, 1, 1, 1, 2, 1, 2, 2, 1, 1, 1, 4, 4, 3, 1, 2, 1, 1];4;70;True
80;70;80;3;True;2000;1;0;0;0;0;0;0;177.70380663871765;54.29924464225769;5446506.078729875;5438485.001677949;4035.1113626293545;3986.0500000000034;[43.61, 90.9, 66.9, 60.9, 108.9, 17.34, 16.55, 51.9, 90.9, 59.9, 12.41, 33.61, 93.9, 59.9, 19.47, 41.61, 28.13, 28.13, 18.34, 102.9, 33.3, 56.9, 72.9, 27.47, 35.61, 36.61, 52.9, 13.9, 19.47, 119.9, 18.34, 73.9, 104.9, 79.9, 77.9, 44.9, 59.9, 56.9, 66.9, 44.61, 31.36, 66.9, 37.61, 31.36, 33.3, 29.09, 42.61, 78.9, 37.61, 16.25, 36.61, 13.9, 79.9, 105.9, 25.45, 124.9, 12.41, 39.61, 83.9, 52.9, 114.9, 56.9, 42.61, 3.0, 6.58, 39.61, 52.9, 39.61, 2.0, 19.47, 21.47, 21.47, 15.34, 46.9, 68.9, 66.9, 74.9, 90.9, 33.3, 44.61];122.9;[3, 1, 3, 1, 2, 1, 2, 3, 2, 1, 2, 1, 1, 1, 3, 1, 3, 2, 4, 1, 1, 2, 1, 1, 1, 1, 1, 1, 2, 1, 6, 2, 2, 3, 1, 1, 1, 1, 2, 1];5;70;True
80;70;80;4;True;2000;1;0;0;0;0;0;0;179.11883807182312;58.4281165599823;5942456.135792095;5933731.958264691;4326.52236950367;4397.969999999996;[15.65, 103.43, 11.77, 78.43, 87.43, 68.43, 75.43, 33.43, 15.65, 91.43, 11.77, 79.43, 12.84, 55.43, 87.43, 113.43, 58.43, 69.43, 70.43, 39.43, 72.43, 2.37, 28.43, 49.43, 19.72, 39.43, 66.43, 18.72, 61.43, 42.43, 87.43, 47.43, 123.43, 57.43, 52.43, 69.43, 56.43, 31.43, 67.43, 81.43, 54.43, 20.73, 88.43, 36.43, 68.43, 70.43, 35.43, 29.43, 47.43, 31.43, 43.43, 38.43, 75.43, 25.14, 86.43, 74.43, 65.43, 63.43, 37.43, 13.31, 11.77, 17.72, 95.43, 18.72, 43.43, 77.43, 59.43, 122.43, 43.43, 35.43, 35.43, 58.43, 44.43, 66.43, 28.43, 65.43, 123.43, 82.43, 82.43, 26.14];121.06;[2, 1, 1, 4, 1, 1, 1, 1, 2, 2, 4, 3, 1, 1, 1, 1, 6, 1, 1, 2, 1, 2, 2, 3, 2, 1, 1, 1, 3, 1, 1, 5, 1, 2, 3, 1, 1, 1, 1];5;70;True
80;70;80;5;True;2000;1;0;0;0;0;0;0;189.35121774673462;70.29506516456604;8990072.289658744;8981357.3326135;4197.739360858655;4517.360000000002;[37.65, 102.65, 31.63, 35.63, 15.63, 91.65, 61.65, 24.63, 75.65, 22.63, 69.65, 1.0, 17.63, 44.65, 27.63, 109.65, 15.63, 9.63, 50.65, 55.65, 116.65, 93.65, 96.65, 24.63, 2.86, 83.65, 7.78, 25.63, 121.65, 123.65, 52.65, 53.65, 94.65, 74.65, 57.65, 125.65, 7.78, 51.65, 110.65, 33.63, 24.63, 86.65, 24.63, 29.63, 52.65, 7.78, 96.65, 74.65, 86.65, 26.63, 40.65, 20.63, 62.65, 88.65, 13.63, 42.65, 29.63, 41.65, 38.65, 115.65, 125.65, 30.63, 65.65, 96.65, 57.65, 27.63, 67.65, 94.65, 121.65, 66.65, 65.65, 116.65, 86.65, 39.65, 38.65, 2.37, 58.65, 45.65, 7.78, 35.63];124.65;[1, 3, 2, 3, 1, 1, 1, 1, 5, 2, 1, 3, 1, 1, 2, 3, 2, 2, 1, 3, 1, 1, 3, 1, 2, 4, 3, 2, 1, 1, 2, 1, 1, 3, 3, 2];4;70;True
80;70;80;6;True;2000;1;0;0;0;0;0;0;187.55042266845703;65.95260405540466;7874071.480814044;7866015.509354639;4187.455232645508;3868.2000000000007;[39.98, 32.98, 70.98, 89.98, 57.98, 76.98, 41.98, 76.98, 65.98, 15.98, 22.98, 33.98, 79.98, 104.98, 34.98, 8.15, 52.98, 45.98, 33.98, 113.98, 90.98, 36.98, 47.98, 12.04, 75.98, 113.98, 46.98, 22.98, 25.98, 19.98, 50.98, 55.98, 41.98, 80.98, 62.98, 43.98, 101.98, 16.98, 27.98, 99.98, 59.98, 19.98, 20.98, 71.98, 62.98, 37.98, 11.27, 10.25, 41.98, 66.98, 101.98, 8.86, 9.25, 26.98, 47.98, 29.98, 81.98, 29.98, 48.98, 14.98, 25.98, 27.98, 28.98, 24.98, 22.98, 64.98, 50.98, 57.98, 71.98, 46.98, 108.98, 49.98, 2.72, 66.98, 35.98, 12.04, 13.98, 115.98, 40.98, 12.04];113.26;[1, 2, 3, 2, 2, 3, 1, 3, 3, 3, 1, 3, 1, 1, 1, 1, 1, 1, 3, 3, 1, 1, 2, 1, 4, 1, 1, 1, 2, 1, 2, 4, 4, 1, 1, 4];3;70;True
90;70;90;1;True;2000;1;0;0;0;0;0;0;236.78229546546936;108.95229911804199;13285399.709322836;13276450.456875145;4239.006814435981;4710.139999999999;[74.9, 16.79, 21.93, 118.9, 63.17, 47.29, 51.17, 72.9, 51.17, 39.8, 11.64, 56.17, 108.9, 50.17, 62.17, 72.9, 13.55, 29.44, 59.17, 56.17, 50.17, 3.58, 66.9, 38.8, 38.8, 48.29, 18.79, 63.17, 23.94, 84.9, 70.9, 11.8, 57.17, 46.29, 52.17, 107.9, 109.9, 13.8, 16.79, 85.9, 21.93, 81.9, 18.79, 79.9, 15.79, 18.79, 18.79, 80.9, 79.9, 91.9, 29.44, 128.9, 27.56, 12.8, 63.9, 22.79, 109.9, 47.29, 95.9, 31.44, 44.29, 37.64, 59.17, 84.9, 19.79, 42.29, 31.44, 20.79, 13.8, 21.93, 38.8, 75.9, 45.29, 16.79, 4.26, 91.9, 95.9, 66.9, 62.17, 23.79, 54.17, 126.9, 93.9, 31.44, 156.9, 10.67, 16.79, 15.79, 63.17, 75.9];153.32;[1, 1, 1, 1, 1, 1, 2, 1, 2, 2, 2, 1, 1, 7, 3, 3, 3, 2, 4, 5, 2, 1, 2, 1, 2, 2, 1, 1, 1, 5, 3, 1, 4];6;70;True
90;70;90;2;True;2000;1;0;0;0;0;0;0;236.31344532966614;88.36860871315002;12136206.73731439;12127863.49792489;4177.125315440118;4166.069999999996;[27.82, 60.43, 107.43, 70.43, 26.83, 88.43, 22.84, 15.74, 14.6, 58.43, 26.83, 79.43, 17.84, 43.43, 33.43, 17.84, 11.52, 115.43, 66.43, 15.74, 101.43, 96.43, 36.43, 56.43, 150.43, 37.43, 17.84, 26.83, 17.84, 17.84, 98.43, 21.84, 49.43, 19.84, 59.43, 123.43, 73.43, 35.43, 15.47, 33.43, 48.43, 19.84, 45.43, 47.43, 27.82, 32.2, 29.82, 67.43, 43.43, 70.43, 44.43, 40.43, 38.43, 13.27, 71.43, 64.43, 59.43, 10.49, 16.74, 28.82, 30.82, 54.43, 43.43, 96.43, 90.43, 35.43, 99.43, 20.84, 41.43, 9.54, 31.2, 41.43, 52.43, 13.9, 52.43, 16.74, 26.83, 57.43, 32.2, 38.43, 49.43, 77.43, 22.84, 23.83, 72.43, 44.43, 22.84, 47.43, 14.6, 75.43];140.89000000000001;[1, 1, 1, 2, 1, 1, 3, 1, 5, 2, 1, 1, 5, 2, 2, 1, 2, 3, 3, 4, 1, 3, 1, 1, 2, 1, 1, 2, 2, 1, 3, 3, 1, 2, 1, 1, 1, 1];4;70;True
90;70;90;3;True;2000;1;0;0;0;0;0;0;199.06318640708923;79.06543493270874;7477630.201709977;7469318.974702213;4084.927854473769;4226.329999999998;[41.28, 80.39, 52.7, 69.2, 90.39, 19.26, 19.26, 48.68, 64.2, 49.68, 12.76, 28.54, 130.39, 44.51, 22.71, 33.83, 24.71, 25.0, 19.26, 92.39, 26.0, 69.2, 82.39, 21.71, 29.71, 21.71, 60.2, 14.72, 20.68, 109.39, 19.26, 59.2, 53.7, 98.39, 52.7, 44.51, 61.2, 35.95, 39.28, 52.7, 26.0, 63.2, 32.31, 24.71, 28.54, 28.54, 42.35, 57.2, 35.95, 18.88, 33.83, 14.72, 43.51, 70.2, 22.71, 74.2, 14.24, 139.39, 96.39, 59.2, 107.39, 48.68, 139.39, 3.6, 7.32, 36.77, 50.68, 28.54, 2.0, 19.68, 20.68, 21.71, 18.04, 42.35, 29.12, 41.35, 47.68, 93.39, 27.54, 29.71, 15.4, 75.2, 51.7, 21.71, 35.95, 12.76, 87.39, 78.2, 60.2, 104.39];137.39;[2, 1, 3, 1, 3, 5, 1, 4, 4, 1, 1, 2, 3, 1, 1, 1, 1, 1, 1, 1, 1, 2, 3, 1, 4, 3, 1, 1, 1, 1, 3, 3, 1, 1, 3, 1, 1, 1];4;70;True
90;70;90;4;True;2000;1;0;0;0;0;0;0;211.39309406280518;71.06528306007385;4371300.6124312645;4362824.203171243;4358.200696744444;4118.119999999998;[12.29, 64.79, 10.36, 66.79, 59.79, 57.79, 26.79, 19.79, 14.79, 82.79, 8.42, 85.79, 11.29, 56.79, 79.79, 66.79, 58.79, 59.79, 38.79, 27.79, 71.79, 2.32, 17.79, 37.79, 14.79, 36.79, 44.79, 17.79, 44.79, 32.79, 61.79, 45.79, 86.79, 43.79, 38.79, 65.79, 43.79, 29.79, 59.79, 75.79, 45.79, 19.79, 138.79, 43.79, 58.79, 67.79, 22.79, 22.79, 35.79, 21.79, 48.79, 28.79, 78.79, 15.79, 73.79, 55.79, 38.79, 60.79, 24.79, 12.29, 9.42, 16.79, 97.79, 14.79, 30.79, 78.79, 63.79, 76.79, 20.79, 34.79, 32.79, 50.79, 34.79, 23.79, 18.79, 49.79, 149.79, 49.79, 76.79, 19.79, 81.79, 77.79, 67.79, 16.79, 75.79, 39.79, 6.45, 56.79, 30.79, 13.29];147.47;[3, 1, 1, 2, 2, 1, 1, 2, 1, 1, 2, 1, 1, 1, 3, 3, 1, 2, 3, 3, 3, 1, 1, 1, 1, 1, 1, 1, 4, 2, 1, 5, 1, 2, 2, 3, 2, 3];4;70;True
90;70;90;5;True;2000;1;0;0;0;0;0;0;180.3165466785431;77.39790773391724;4219709.7480533;4210118.135104138;4244.345973377632;5347.300000000003;[39.99, 109.8, 31.17, 40.99, 16.72, 82.8, 58.8, 25.75, 57.8, 23.82, 73.8, 1.0, 18.15, 27.8, 52.8, 109.8, 18.53, 12.24, 71.8, 56.8, 140.8, 98.8, 118.8, 22.49, 3.88, 116.8, 9.48, 27.8, 133.8, 140.8, 58.8, 53.8, 92.8, 67.8, 50.8, 101.8, 8.72, 66.8, 91.8, 26.8, 27.8, 109.8, 31.17, 27.8, 52.8, 9.48, 106.8, 78.8, 116.8, 34.17, 70.8, 22.49, 83.8, 80.8, 15.85, 42.99, 85.8, 35.17, 45.8, 97.8, 114.8, 35.99, 67.8, 61.8, 45.8, 30.17, 66.8, 89.8, 85.8, 39.99, 45.8, 82.8, 69.8, 38.99, 42.99, 2.0, 35.99, 39.99, 9.48, 39.99, 96.8, 134.8, 117.8, 3.88, 28.8, 90.8, 113.8, 50.8, 43.99, 78.8];139.8;[1, 1, 2, 2, 3, 2, 1, 2, 2, 3, 1, 2, 2, 3, 1, 1, 2, 2, 1, 1, 1, 2, 2, 1, 1, 2, 1, 3, 3, 2, 1, 3, 1, 2, 1, 1, 1, 3, 1, 1, 1, 1];2;70;True
90;70;90;6;True;2000;1;0;0;0;0;0;0;182.0276575088501;88.75612354278564;8039546.864075055;8030909.015596522;4246.939706184245;4390.759999999998;[59.86, 30.1, 78.12, 109.19, 57.53, 119.19, 38.1, 91.19, 80.12, 18.11, 25.1, 40.1, 107.19, 71.99, 35.1, 7.45, 69.33, 44.1, 34.1, 57.86, 45.1, 56.53, 52.29, 15.51, 80.12, 86.19, 54.53, 29.1, 28.1, 19.11, 41.1, 63.33, 48.1, 67.33, 77.12, 69.99, 96.19, 21.11, 28.1, 58.86, 85.12, 21.11, 22.11, 41.1, 53.0, 48.1, 13.29, 11.55, 38.1, 89.19, 72.99, 9.11, 10.35, 28.1, 51.1, 38.1, 96.19, 25.1, 71.99, 17.11, 23.1, 22.11, 24.1, 24.1, 41.1, 98.19, 53.0, 99.19, 67.33, 70.99, 60.33, 42.1, 2.72, 52.29, 25.1, 15.51, 17.11, 48.1, 41.1, 15.51, 55.53, 68.33, 58.86, 32.1, 56.53, 55.53, 23.1, 11.55, 15.51, 116.19];116.47;[1, 2, 6, 7, 3, 5, 1, 1, 1, 2, 1, 1, 1, 2, 1, 2, 1, 1, 2, 3, 1, 3, 1, 4, 2, 1, 2, 1, 2, 2, 2, 5];6;70;True
100;70;100;1;True;2000;1;0;0;0;0;0;0;177.13009238243103;104.31627941131592;6984366.02335956;6975780.488826478;4154.624094969013;4431.100000000003;[62.52, 20.02, 23.51, 107.52, 71.52, 31.03, 40.52, 74.52, 45.52, 26.54, 10.83, 53.52, 57.52, 41.52, 64.52, 63.52, 12.44, 25.54, 63.52, 38.52, 51.52, 3.08, 47.52, 51.52, 50.52, 45.52, 19.02, 67.52, 23.51, 102.52, 50.52, 11.69, 30.03, 33.92, 36.92, 81.52, 54.52, 13.36, 17.02, 54.52, 21.4, 78.52, 20.4, 93.52, 17.02, 20.02, 19.02, 79.52, 85.52, 62.52, 21.51, 57.52, 41.52, 12.44, 47.52, 24.51, 73.52, 31.03, 95.52, 25.54, 49.52, 27.54, 59.52, 51.52, 20.4, 56.52, 30.03, 20.4, 15.07, 26.54, 26.54, 64.52, 35.92, 19.02, 4.13, 75.52, 69.52, 78.52, 78.52, 24.51, 95.52, 97.52, 104.52, 27.54, 66.52, 8.96, 16.52, 16.52, 46.52, 48.52, 17.02, 7.08, 10.83, 69.52, 15.07, 45.52, 42.52, 75.52, 32.03, 44.52];104.44;[2, 4, 5, 2, 1, 2, 1, 4, 3, 1, 1, 1, 1, 2, 1, 1, 2, 3, 1, 2, 2, 1, 1, 1, 4, 2, 2, 1, 3, 1, 3, 1, 3, 3, 2];4;70;True
100;70;100;2;True;2000;1;0;0;0;0;0;0;235.54065322875977;108.57230877876282;12373416.495049637;12364296.038872518;4151.384848582342;4968.969999999993;[28.59, 57.24, 72.24, 80.24, 27.4, 92.24, 23.63, 15.8, 15.54, 48.24, 19.47, 77.24, 17.48, 39.24, 39.24, 16.45, 11.98, 94.24, 54.24, 16.48, 94.24, 46.24, 30.91, 94.24, 81.24, 78.24, 17.63, 28.59, 17.63, 18.63, 95.24, 23.63, 38.24, 19.47, 85.24, 67.24, 85.24, 36.67, 15.54, 36.67, 63.24, 24.63, 45.24, 50.24, 30.96, 32.93, 45.24, 75.24, 36.67, 68.24, 68.24, 52.24, 54.24, 13.89, 130.24, 68.24, 54.24, 10.32, 16.45, 29.59, 28.37, 69.24, 31.96, 116.24, 59.24, 36.67, 103.24, 21.63, 42.24, 9.49, 33.93, 48.24, 54.24, 14.74, 63.24, 16.48, 30.59, 54.24, 33.93, 40.24, 70.24, 153.24, 19.47, 24.63, 88.24, 36.67, 26.63, 50.24, 15.54, 77.24, 79.24, 113.24, 47.24, 14.74, 63.24, 84.24, 92.24, 38.24, 101.24, 36.67];143.75;[2, 1, 1, 4, 3, 1, 1, 2, 1, 1, 2, 2, 3, 3, 1, 2, 2, 2, 1, 1, 1, 2, 1, 1, 2, 2, 6, 1, 1, 3, 1, 1, 1, 3, 1, 2, 3, 2];5;70;True
100;70;100;3;True;2000;1;0;0;0;0;0;0;207.50069332122803;102.8238582611084;9333806.814717188;9326055.060200602;3988.0593272731962;3763.6300000000037;[42.69, 55.69, 66.69, 37.69, 61.69, 12.84, 11.84, 51.69, 77.69, 44.69, 10.84, 20.69, 108.69, 36.69, 16.69, 22.69, 18.69, 15.69, 12.84, 52.69, 16.69, 51.69, 73.69, 13.69, 16.69, 15.69, 74.69, 13.69, 18.69, 53.69, 16.69, 60.69, 54.69, 53.69, 50.69, 37.69, 42.69, 28.69, 47.69, 39.69, 22.69, 55.69, 22.69, 14.69, 25.69, 19.69, 27.69, 77.69, 29.69, 13.69, 22.69, 10.24, 41.69, 112.69, 16.69, 59.69, 9.24, 90.69, 71.69, 61.69, 61.69, 37.69, 19.69, 2.84, 5.99, 26.69, 31.69, 18.69, 1.0, 16.69, 13.69, 14.69, 12.84, 32.69, 19.69, 35.69, 46.69, 86.69, 16.69, 31.69, 11.84, 88.69, 67.69, 14.69, 40.69, 10.84, 56.69, 54.69, 62.69, 125.69, 113.69, 60.69, 19.69, 37.69, 5.71, 10.24, 19.69, 21.69, 25.69, 12.84];124.69;[1, 1, 1, 2, 6, 1, 2, 1, 1, 2, 2, 2, 1, 3, 1, 1, 1, 1, 1, 2, 1, 1, 1, 4, 1, 1, 1, 2, 5, 2, 1, 2, 1, 3, 3, 6, 1, 1];5;70;True
100;70;100;4;True;2000;1;0;0;0;0;0;0;195.8464479446411;86.97136545181274;4906303.0957351355;4897347.142690949;4249.553776482248;4706.420000000003;[14.04, 65.54, 12.16, 63.54, 64.54, 55.18, 34.63, 26.15, 16.35, 97.54, 12.16, 111.54, 13.42, 40.63, 65.54, 56.18, 49.18, 89.54, 54.18, 27.15, 67.54, 1.91, 24.15, 47.94, 18.09, 39.63, 53.18, 19.27, 43.63, 40.63, 58.18, 36.63, 80.54, 55.18, 54.18, 52.18, 48.18, 26.15, 69.54, 60.37, 49.18, 21.28, 133.54, 53.18, 66.54, 75.54, 33.63, 26.15, 42.63, 24.15, 45.94, 34.63, 62.54, 17.93, 60.37, 55.18, 40.63, 58.18, 26.15, 13.42, 11.8, 18.09, 110.54, 16.93, 38.63, 88.54, 70.54, 85.54, 27.19, 36.63, 35.63, 56.18, 38.63, 32.63, 23.15, 45.71, 133.54, 46.94, 58.18, 24.15, 72.54, 91.54, 49.18, 19.27, 76.54, 31.63, 8.29, 49.18, 38.63, 14.96, 61.54, 30.14, 43.63, 20.58, 77.54, 22.52, 42.63, 27.15, 30.14, 92.54];131.63;[1, 2, 5, 3, 1, 1, 2, 2, 1, 1, 4, 2, 1, 1, 2, 2, 3, 1, 2, 2, 1, 1, 1, 3, 2, 5, 1, 1, 2, 1, 1, 3, 1, 1, 1, 1, 1, 1, 3];4;70;True
100;70;100;5;True;2000;1;0;0;0;0;0;0;169.33352041244507;83.03082847595215;4425448.035555266;4415526.294593;4288.540959933087;5633.400000000008;[43.26, 127.27, 35.37, 37.38, 18.04, 62.27, 53.93, 27.77, 61.27, 31.08, 76.27, 1.0, 20.61, 35.37, 43.26, 72.27, 15.04, 15.04, 41.56, 60.27, 127.27, 61.27, 99.27, 25.77, 3.0, 84.27, 11.03, 30.46, 127.27, 103.27, 50.34, 56.27, 71.27, 41.56, 47.34, 78.27, 10.18, 53.93, 111.27, 31.62, 30.46, 54.93, 40.56, 33.38, 46.17, 11.04, 78.27, 53.93, 101.27, 31.08, 53.93, 23.77, 82.27, 75.27, 18.04, 49.34, 60.27, 41.56, 26.77, 73.27, 79.27, 52.34, 75.27, 60.27, 52.34, 40.29, 60.27, 61.27, 65.27, 46.17, 66.27, 107.27, 60.27, 43.26, 45.26, 2.0, 49.34, 55.27, 11.03, 42.26, 116.27, 102.27, 61.27, 4.06, 32.49, 69.27, 124.27, 57.27, 25.77, 71.27, 68.27, 76.27, 127.27, 62.27, 61.27, 91.27, 100.27, 88.27, 75.27, 54.93];126.27;[1, 1, 2, 2, 1, 3, 2, 1, 1, 2, 2, 1, 3, 1, 2, 1, 4, 1, 2, 1, 2, 1, 1, 1, 1, 2, 4, 2, 4, 1, 1, 2, 2, 4, 3, 2, 1, 2];3;70;True
100;70;100;6;True;2000;1;0;0;0;0;0;0;178.92611289024353;103.12214589118958;8602435.314397749;8593348.10284151;4161.190972219645;4926.100000000002;[43.98, 28.77, 59.78, 76.78, 46.04, 110.78, 37.26, 109.78, 76.78, 16.69, 24.49, 28.77, 100.78, 89.78, 26.75, 8.25, 61.78, 23.42, 28.77, 56.5, 35.5, 32.49, 41.26, 12.41, 112.78, 113.78, 77.78, 21.28, 26.75, 15.69, 27.69, 61.78, 52.13, 72.78, 53.13, 55.3, 113.78, 18.62, 24.49, 70.78, 89.78, 19.62, 19.62, 39.26, 47.13, 33.49, 9.67, 9.25, 24.49, 81.78, 99.78, 9.25, 7.82, 27.69, 45.04, 24.49, 102.78, 23.28, 71.78, 14.65, 20.78, 20.78, 20.78, 23.28, 24.49, 94.78, 42.95, 99.78, 113.78, 38.26, 113.78, 36.26, 2.8, 110.78, 22.28, 12.66, 14.65, 94.78, 37.26, 12.66, 68.78, 85.78, 92.78, 26.75, 29.49, 55.3, 19.78, 8.25, 12.66, 103.78, 15.65, 85.78, 6.79, 73.78, 36.26, 61.78, 94.78, 79.78, 55.3, 58.5];110.98;[1, 2, 5, 3, 1, 1, 1, 3, 2, 3, 2, 1, 1, 3, 2, 2, 1, 2, 2, 1, 1, 3, 2, 2, 4, 1, 1, 1, 1, 2, 1, 1, 2, 2, 3, 1, 2, 1];4;70;True
10;80;10;1;True;2000;1;0;0;0;0;0;0;224.63012146949768;2.1810832023620605;30466091.773372468;30458975.77936875;4565.262950601792;2550.7;[255.07, 255.07, 255.07, 255.07, 255.07, 255.07, 255.07, 255.07, 255.07, 255.07];0.0;[5, 3, 4, 9, 11, 7, 9, 13, 11, 8];10;80;True
10;80;10;2;True;2000;1;0;0;0;0;0;0;208.91728281974792;2.236802339553833;26828634.00277244;26821453.860308602;4853.978361854249;2326.17;[235.24, 235.24, 235.24, 235.24, 219.01, 235.24, 227.24, 233.24, 235.24, 235.24];16.230000000000018;[5, 10, 8, 11, 7, 14, 5, 6, 7, 7];9;80;True
10;80;10;3;True;2000;1;0;0;0;0;0;0;243.72951102256775;2.2186219692230225;31179871.154703096;31172404.354898635;4790.9663743923475;2675.8599999999997;[275.58, 275.58, 275.58, 274.58, 275.58, 243.41, 228.81, 275.58, 275.58, 275.58];46.76999999999998;[7, 6, 9, 6, 13, 5, 5, 7, 5, 17];12;80;True
10;80;10;4;True;2000;1;0;0;0;0;0;0;217.00083994865417;2.169175624847412;28131877.667233586;28124344.28095511;5133.087512109825;2400.3;[242.43, 242.43, 242.43, 242.43, 242.43, 242.43, 242.43, 236.43, 224.43, 242.43];18.0;[8, 9, 4, 9, 6, 12, 12, 7, 3, 10];9;80;True
10;80;10;5;True;2000;1;0;0;0;0;0;0;267.35262656211853;2.330453872680664;41689321.51603582;41681597.26345254;4938.626746771874;2785.6;[301.06, 291.06, 232.06, 301.06, 285.06, 295.06, 301.06, 266.06, 270.06, 243.06];69.0;[5, 9, 9, 9, 8, 7, 10, 9, 5, 9];5;80;True
10;80;10;6;True;2000;1;0;0;0;0;0;0;189.4952118396759;2.1081786155700684;21647663.92867798;21640840.646228403;4763.889692654728;2059.399999999999;[206.64, 199.64, 206.64, 206.64, 206.64, 206.64, 206.64, 206.64, 206.64, 206.64];7.0;[6, 5, 13, 7, 6, 10, 7, 10, 6, 10];8;80;True
20;80;20;1;True;2000;1;0;0;0;0;0;0;172.33531069755554;6.550053358078003;13809706.768300483;13801807.29471308;4580.441496101913;3319.0000000000005;[174.84, 139.46, 152.84, 174.84, 174.84, 165.84, 174.84, 174.84, 174.84, 154.84, 143.8, 174.84, 174.84, 157.84, 174.84, 174.84, 131.46, 174.84, 174.84, 174.84];43.379999999999995;[5, 1, 3, 5, 6, 2, 5, 8, 5, 2, 1, 3, 6, 2, 2, 4, 2, 5, 8, 5];7;80;True
20;80;20;2;True;2000;1;0;0;0;0;0;0;212.5596263408661;6.808379650115967;15873837.845494438;15865433.170533707;4964.140428190012;3440.5599999999995;[158.41, 214.41, 215.41, 182.41, 215.41, 215.41, 125.41, 136.41, 123.41, 174.41, 168.41, 215.41, 142.41, 215.41, 166.41, 137.41, 116.77, 159.41, 201.41, 156.41];98.64;[3, 6, 5, 4, 6, 4, 5, 1, 2, 5, 3, 8, 3, 4, 5, 2, 4, 5, 3, 2];7;80;True
20;80;20;3;True;2000;1;0;0;0;0;0;0;180.41554760932922;6.028255224227905;10012060.342624161;10003778.291698266;4803.40324172073;3478.680000000001;[192.38, 192.38, 192.38, 192.38, 183.38, 115.46, 143.38, 192.38, 192.38, 191.38, 137.38, 157.38, 192.38, 172.38, 163.38, 192.38, 141.38, 192.38, 149.38, 192.38];76.92;[4, 4, 4, 8, 5, 2, 3, 3, 2, 6, 2, 5, 2, 3, 3, 6, 2, 4, 5, 7];6;80;True
20;80;20;4;True;2000;1;0;0;0;0;0;0;163.85507774353027;6.2816162109375;13159465.037797846;13151180.923478229;5095.179189159556;3188.999999999999;[135.7, 163.7, 155.7, 163.7, 163.7, 163.7, 163.7, 163.7, 163.7, 163.7, 133.7, 163.7, 144.7, 163.7, 163.7, 163.7, 163.7, 163.7, 163.7, 163.7];30.0;[3, 6, 3, 2, 5, 2, 7, 3, 4, 3, 2, 4, 4, 5, 3, 4, 5, 3, 8, 4];6;80;True
20;80;20;5;True;2000;1;0;0;0;0;0;0;211.7833788394928;6.3046205043792725;14133502.347827144;14125121.382602913;4793.786562168743;3587.1799999999994;[146.47, 222.53, 201.53, 222.53, 116.79, 193.53, 195.53, 132.79, 176.47, 222.53, 205.53, 137.47, 148.47, 179.01, 148.47, 209.53, 138.47, 178.47, 222.53, 188.53];105.74;[2, 8, 5, 9, 3, 2, 2, 1, 2, 5, 5, 2, 2, 3, 8, 5, 6, 2, 7, 1];8;80;True
20;80;20;6;True;2000;1;0;0;0;0;0;0;182.82263374328613;6.0469677448272705;11710574.921959551;11702590.43330582;4621.198228928025;3363.2000000000016;[186.61, 186.61, 186.61, 186.61, 156.61, 162.61, 186.61, 186.61, 186.61, 130.61, 139.61, 152.61, 186.61, 175.61, 154.61, 127.61, 186.61, 135.61, 168.61, 179.61];59.000000000000014;[4, 2, 6, 5, 8, 7, 4, 7, 2, 2, 1, 4, 5, 7, 4, 6, 2, 1, 3];7;80;True
30;80;30;1;True;2000;1;0;0;0;0;0;0;129.9623794555664;12.865340948104858;7590226.934952587;7582102.876542399;4647.192307365502;3476.7199999999993;[123.14, 94.5, 103.5, 123.14, 123.14, 123.14, 123.14, 123.14, 117.14, 104.5, 102.5, 123.14, 123.14, 123.14, 123.14, 123.14, 84.5, 113.14, 123.14, 123.14, 123.14, 73.5, 123.14, 123.14, 123.14, 123.14, 97.5, 123.14, 123.14, 123.14];49.64;[5, 2, 3, 3, 5, 4, 3, 5, 1, 1, 4, 2, 2, 2, 5, 3, 2, 2, 6, 2, 2, 2, 4, 3, 1, 2, 3, 1];5;80;True
30;80;30;2;True;2000;1;0;0;0;0;0;0;195.67849588394165;13.94127893447876;9259346.23755945;9250411.482732916;4871.166498326576;4063.6600000000026;[137.51, 160.51, 179.51, 118.51, 146.51, 175.51, 150.51, 95.51, 101.51, 185.51, 111.51, 152.51, 103.51, 160.51, 126.51, 125.51, 86.51, 106.51, 185.51, 87.51, 185.51, 162.51, 111.51, 142.51, 131.51, 185.51, 105.51, 158.51, 99.51, 83.87];101.63999999999999;[2, 3, 4, 3, 2, 5, 1, 2, 2, 2, 2, 4, 3, 4, 2, 1, 2, 2, 3, 8, 2, 2, 2, 3, 5, 1, 5, 1, 2];7;80;True
30;80;30;3;True;2000;1;0;0;0;0;0;0;212.9298541545868;11.729460000991821;7439835.5988653675;7431027.009280503;4799.318014716506;4009.18;[121.51, 147.51, 132.51, 157.84, 171.84, 104.45, 70.64, 118.51, 132.51, 208.84, 59.8, 112.51, 160.84, 178.84, 95.27, 165.84, 84.27, 113.51, 89.27, 208.84, 129.51, 208.84, 141.51, 99.27, 135.51, 110.45, 208.84, 77.99, 101.27, 160.84];149.04000000000002;[3, 4, 2, 4, 3, 2, 3, 2, 2, 6, 1, 4, 2, 4, 3, 5, 1, 1, 4, 2, 1, 2, 1, 1, 1, 3, 6, 1, 1, 5];5;80;True
30;80;30;4;True;2000;1;0;0;0;0;0;0;190.21135997772217;11.227088212966919;7152654.116639895;7143081.235288544;5108.0744849436915;4464.750000000001;[100.63, 192.71, 109.3, 145.71, 176.71, 156.71, 186.71, 116.71, 109.3, 156.71, 82.63, 155.71, 93.63, 190.71, 180.71, 192.71, 182.71, 161.71, 162.71, 123.71, 192.71, 79.63, 192.71, 160.71, 179.71, 131.71, 169.71, 119.71, 150.71, 109.3];113.08000000000001;[4, 3, 1, 1, 4, 3, 3, 2, 1, 2, 1, 1, 3, 4, 5, 3, 4, 5, 2, 1, 1, 4, 5, 3, 2, 4, 2, 4, 2];4;80;True
30;80;30;5;True;2000;1;0;0;0;0;0;0;130.88811588287354;11.223105430603027;5548777.156334061;5540648.612090997;4828.2089171418065;3300.3100000000013;[122.55, 122.55, 122.55, 122.55, 83.39, 122.55, 122.55, 117.55, 122.55, 118.55, 122.55, 7.0, 97.55, 122.55, 103.55, 122.55, 112.55, 93.39, 122.55, 122.55, 122.55, 122.55, 122.55, 103.55, 70.39, 122.55, 89.39, 97.55, 122.55, 122.55];115.55;[1, 2, 2, 2, 3, 2, 2, 1, 3, 4, 4, 4, 6, 3, 1, 2, 4, 1, 4, 2, 4, 2, 2, 4, 2, 2, 7, 4];6;80;True
30;80;30;6;True;2000;1;0;0;0;0;0;0;154.03098344802856;12.376256942749023;6849912.090052601;6841723.645539587;4636.190665421332;3552.3999999999987;[124.58, 119.58, 139.58, 139.58, 130.58, 116.58, 139.58, 139.58, 139.58, 92.58, 109.58, 100.58, 139.58, 120.58, 139.58, 83.58, 139.58, 89.58, 105.58, 126.58, 105.58, 139.58, 107.58, 89.58, 139.58, 124.58, 139.58, 100.58, 74.58, 94.58];65.00000000000001;[4, 4, 4, 2, 5, 3, 2, 4, 2, 1, 4, 4, 3, 2, 2, 4, 4, 2, 1, 7, 2, 2, 4, 5, 1, 1, 1];6;80;True
40;80;40;1;True;2000;1;0;0;0;0;0;0;128.7237524986267;15.487019300460815;4320719.659481253;4312392.741951904;4549.845334224812;3777.0399999999995;[109.39, 94.39, 74.39, 109.39, 109.39, 81.39, 86.39, 109.39, 89.39, 70.82, 71.82, 73.39, 109.39, 109.39, 109.39, 109.39, 68.82, 83.39, 109.39, 109.39, 107.39, 50.82, 109.39, 109.39, 109.39, 101.39, 69.82, 109.39, 93.39, 109.39, 109.39, 48.82, 101.39, 109.39, 85.39, 109.39, 109.39, 64.82, 71.82, 109.39];60.57;[4, 2, 2, 3, 4, 3, 2, 3, 1, 1, 1, 3, 2, 1, 4, 1, 2, 2, 3, 2, 1, 2, 1, 1, 1, 1, 2, 4, 4, 1, 4, 1, 4, 4, 1, 2];3;80;True
40;80;40;2;True;2000;1;0;0;0;0;0;0;179.3315703868866;19.098654747009277;7546151.928570646;7537429.193027007;4821.8815437177645;3900.7999999999997;[102.27, 109.27, 132.27, 101.27, 86.27, 150.27, 72.27, 56.27, 70.27, 150.27, 67.27, 121.27, 58.27, 93.27, 121.27, 78.27, 52.27, 77.27, 107.27, 57.27, 145.27, 101.27, 84.27, 150.27, 148.27, 89.27, 68.27, 74.27, 60.27, 63.27, 141.27, 63.27, 117.27, 72.27, 99.27, 150.27, 143.27, 130.27, 52.27, 82.27];98.0;[2, 1, 1, 3, 2, 4, 2, 1, 1, 3, 2, 3, 2, 2, 1, 1, 3, 2, 2, 3, 3, 3, 5, 1, 1, 3, 1, 2, 5, 3, 1, 1, 6, 2, 1, 1];5;80;True
40;80;40;3;True;2000;1;0;0;0;0;0;0;180.75338983535767;17.808871269226074;5388834.397682413;5379533.50265924;4783.371160185145;4517.4800000000005;[137.35, 89.84, 122.84, 150.35, 149.35, 74.25, 68.42, 99.84, 152.35, 116.84, 60.42, 93.84, 176.35, 93.84, 81.84, 117.84, 74.11, 115.84, 67.42, 176.35, 70.42, 131.35, 158.35, 69.42, 97.84, 47.42, 145.35, 61.42, 89.84, 176.35, 82.84, 99.84, 144.35, 117.84, 124.84, 90.84, 152.35, 142.35, 169.35, 125.84];128.93;[2, 2, 2, 1, 4, 1, 1, 1, 2, 3, 1, 1, 4, 1, 3, 2, 2, 1, 2, 6, 1, 5, 2, 2, 4, 1, 1, 3, 1, 2, 4, 1, 1, 2, 3, 1, 3, 1];5;80;True
40;80;40;4;True;2000;1;0;0;0;0;0;0;185.46381306648254;17.690295696258545;7827305.250815477;7817534.875544889;5221.9937087391;4548.51;[86.3, 107.73, 66.76, 103.42, 126.73, 166.73, 166.73, 101.42, 75.83, 118.73, 57.76, 155.73, 50.03, 108.73, 166.73, 162.73, 115.73, 140.73, 145.73, 83.11, 166.73, 48.03, 104.42, 99.42, 90.67, 83.11, 144.73, 79.83, 109.73, 77.83, 113.73, 137.73, 166.73, 141.73, 114.73, 118.73, 93.42, 90.67, 106.42, 152.73];118.69999999999999;[2, 2, 1, 3, 4, 3, 1, 3, 1, 1, 1, 5, 3, 5, 3, 1, 3, 5, 1, 2, 1, 1, 1, 5, 4, 1, 1, 1, 3, 1, 2, 2, 4, 1, 2];4;80;True
40;80;40;5;True;2000;1;0;0;0;0;0;0;177.34154963493347;13.638647079467773;4805625.037192074;4796302.162357235;4832.448485024226;4490.5599999999995;[100.89, 139.89, 92.89, 134.89, 57.63, 167.89, 122.89, 62.63, 133.89, 87.89, 148.89, 59.63, 96.89, 87.89, 80.89, 167.89, 74.89, 72.89, 134.89, 92.89, 158.89, 121.89, 150.89, 79.89, 47.15, 167.89, 70.63, 73.89, 157.89, 159.89, 122.89, 109.89, 167.89, 116.89, 81.89, 167.89, 62.63, 134.89, 120.89, 96.89];120.73999999999998;[1, 3, 4, 1, 2, 1, 3, 1, 4, 2, 2, 2, 2, 3, 2, 2, 2, 1, 4, 1, 2, 2, 1, 6, 1, 4, 4, 1, 1, 2, 5, 1, 4, 1, 2];5;80;True
40;80;40;6;True;2000;1;0;0;0;0;0;0;183.74261474609375;18.124680519104004;6566365.90211884;6557383.036392004;4555.401036508873;4427.520000000001;[101.01, 101.01, 164.46, 150.46, 127.46, 164.46, 137.46, 163.46, 142.46, 66.72, 59.36, 79.54, 142.46, 98.01, 88.54, 56.24, 113.01, 80.54, 94.54, 82.54, 111.01, 116.01, 101.01, 66.72, 133.46, 117.01, 154.46, 69.72, 82.54, 73.72, 88.54, 128.46, 131.46, 159.46, 122.46, 105.01, 164.46, 73.72, 94.54, 120.01];108.22;[4, 6, 3, 2, 6, 4, 2, 3, 3, 2, 1, 1, 3, 3, 2, 2, 1, 1, 2, 3, 1, 1, 1, 1, 2, 5, 5, 2, 1, 4, 1, 1, 1];5;80;True
50;80;50;1;True;2000;1;0;0;0;0;0;0;175.57986617088318;29.221012115478516;5391162.871665573;5382091.229423791;4541.199801723343;4530.42;[129.19, 67.74, 63.58, 110.19, 99.11, 73.94, 77.11, 144.67, 80.11, 69.74, 46.55, 78.11, 146.67, 101.11, 101.11, 92.11, 65.58, 67.74, 145.67, 89.11, 99.11, 42.55, 85.11, 81.11, 112.19, 85.11, 66.74, 123.19, 83.11, 105.11, 86.11, 63.58, 78.11, 107.11, 64.58, 119.19, 147.67, 52.55, 62.58, 125.19, 71.94, 97.11, 64.58, 74.94, 59.26, 70.74, 66.74, 95.11, 147.67, 143.19];105.11999999999999;[3, 2, 1, 3, 2, 3, 2, 1, 4, 2, 1, 1, 3, 2, 1, 2, 1, 2, 1, 3, 1, 2, 2, 1, 2, 1, 3, 5, 5, 3, 1, 1, 1, 1, 1, 1, 1, 6, 2];5;80;True
50;80;50;2;True;2000;1;0;0;0;0;0;0;200.2008490562439;29.982305765151978;9111623.14896002;9102119.01142692;4704.801862689982;4799.260000000001;[80.9, 102.67, 125.67, 114.67, 68.9, 132.67, 58.63, 55.79, 40.74, 158.67, 67.9, 153.67, 72.9, 99.67, 71.9, 68.9, 42.75, 78.9, 112.67, 51.58, 116.67, 111.67, 90.72, 153.67, 136.67, 128.67, 72.9, 100.67, 58.63, 74.9, 132.67, 68.9, 111.67, 76.9, 88.72, 170.67, 114.67, 104.67, 52.73, 81.9, 121.67, 69.9, 102.67, 84.72, 93.67, 79.9, 72.9, 128.67, 96.67, 139.67];129.92999999999998;[1, 1, 3, 1, 3, 1, 2, 2, 3, 1, 1, 1, 3, 1, 1, 2, 1, 2, 5, 4, 3, 1, 2, 1, 3, 3, 1, 3, 7, 1, 3, 1, 1, 1, 3, 1, 1, 1, 2, 2];6;80;True
50;80;50;3;True;2000;1;0;0;0;0;0;0;179.4372525215149;26.471619129180908;7835817.484297073;7826877.818482687;4784.033997597426;4155.839999999998;[102.89, 102.89, 106.89, 129.89, 102.89, 47.33, 47.32, 80.89, 128.89, 105.89, 32.79, 65.89, 121.89, 80.89, 50.89, 69.89, 49.89, 78.89, 43.65, 133.89, 77.89, 92.89, 135.89, 54.89, 60.89, 60.89, 140.89, 40.74, 62.89, 116.89, 45.65, 130.89, 94.89, 120.89, 85.89, 75.89, 76.89, 81.89, 115.89, 113.89, 61.89, 90.89, 62.89, 45.65, 71.89, 56.89, 62.89, 110.89, 70.89, 49.33];108.1;[4, 2, 2, 4, 2, 1, 1, 3, 2, 3, 2, 3, 1, 1, 2, 1, 1, 5, 1, 3, 3, 1, 4, 1, 3, 4, 3, 1, 2, 1, 1, 1, 1, 2, 1, 1, 2, 1, 2, 1];4;80;True
50;80;50;4;True;2000;1;0;0;0;0;0;0;187.81979393959045;22.787405014038086;6040864.017740101;6030719.69227102;5092.664375482572;5051.599999999997;[48.66, 124.62, 61.88, 105.62, 115.62, 162.62, 79.62, 92.62, 67.88, 89.62, 43.66, 129.62, 58.88, 100.62, 127.62, 105.62, 111.62, 116.62, 92.62, 72.37, 144.62, 38.66, 78.62, 91.62, 68.88, 81.62, 121.62, 40.66, 98.62, 98.62, 162.62, 91.62, 120.62, 114.62, 101.62, 97.62, 73.37, 69.02, 98.62, 121.62, 85.62, 80.62, 162.62, 162.62, 121.62, 162.62, 162.62, 73.37, 143.62, 73.37];123.96000000000001;[1, 3, 1, 2, 2, 5, 1, 1, 1, 2, 2, 1, 1, 3, 2, 5, 2, 1, 1, 2, 1, 3, 1, 1, 4, 2, 3, 2, 1, 1, 1, 2, 1, 1, 2, 1, 6, 2, 2, 3, 1];5;80;True
50;80;50;5;True;2000;1;0;0;0;0;0;0;189.54679203033447;22.567179203033447;5123373.4679315295;5113533.8188417405;4855.393447530747;4984.309999999996;[83.45, 154.45, 83.45, 102.45, 56.48, 123.45, 95.45, 55.48, 113.45, 70.85, 154.45, 3.0, 72.45, 83.45, 78.45, 170.45, 68.04, 68.04, 110.45, 93.45, 155.45, 171.45, 125.45, 79.45, 37.48, 113.45, 55.48, 56.95, 171.45, 171.45, 100.45, 101.45, 119.45, 93.45, 86.45, 148.45, 42.48, 148.45, 161.45, 83.45, 91.45, 105.45, 78.45, 74.45, 101.45, 55.48, 136.45, 114.45, 84.45, 77.45];168.45;[3, 4, 1, 1, 1, 1, 1, 1, 4, 1, 2, 2, 1, 2, 1, 4, 1, 2, 3, 1, 1, 1, 3, 2, 2, 1, 2, 2, 5, 1, 3, 2, 2, 1, 1, 2, 1, 2, 4, 2, 2, 1];4;80;True
50;80;50;6;True;2000;1;0;0;0;0;0;0;200.55915570259094;34.51371955871582;8827784.452725098;8818421.818585668;4647.465810918214;4715.270000000002;[85.77, 80.77, 148.77, 155.77, 97.77, 122.77, 85.77, 138.77, 131.77, 53.43, 59.76, 69.77, 155.77, 77.77, 72.77, 45.42, 120.77, 62.77, 75.77, 97.77, 81.77, 96.77, 79.77, 56.25, 131.77, 96.77, 111.77, 70.77, 64.77, 62.77, 74.77, 95.77, 93.77, 144.77, 144.77, 83.77, 160.77, 62.77, 68.77, 123.77, 114.77, 28.42, 63.77, 130.77, 147.77, 78.77, 48.45, 54.43, 75.77, 125.77];132.35000000000002;[2, 2, 2, 2, 5, 3, 5, 4, 1, 3, 4, 2, 3, 1, 1, 1, 4, 2, 1, 1, 3, 1, 3, 2, 1, 5, 1, 1, 1, 3, 1, 1, 1, 2, 3, 1, 1];4;80;True
60;80;60;1;True;2000;1;0;0;0;0;0;0;138.33651685714722;40.365991830825806;5308119.868876447;5299156.545885379;4613.489737314408;4349.809999999997;[96.41, 54.9, 49.91, 96.41, 81.41, 62.41, 75.41, 96.41, 65.41, 62.41, 45.48, 68.41, 96.41, 96.41, 88.41, 74.41, 49.91, 53.9, 96.41, 76.41, 81.41, 28.21, 84.41, 96.41, 68.41, 79.41, 46.48, 96.41, 59.41, 96.41, 75.41, 29.21, 70.41, 96.41, 60.41, 87.41, 96.41, 36.21, 47.66, 96.41, 53.09, 90.41, 52.5, 68.41, 44.48, 47.66, 48.91, 96.41, 96.41, 96.41, 66.41, 96.41, 60.41, 41.19, 82.41, 51.91, 96.41, 85.41, 96.41, 57.98];68.19999999999999;[3, 1, 2, 1, 1, 1, 1, 2, 3, 2, 1, 1, 3, 1, 1, 1, 2, 1, 3, 3, 4, 1, 3, 3, 3, 1, 2, 1, 2, 1, 3, 4, 3, 1, 2, 1, 2, 2, 2, 2, 2, 1];3;80;True
60;80;60;2;True;2000;1;0;0;0;0;0;0;213.93760013580322;55.14455056190491;14075866.551123437;14066754.80512909;4697.286869873833;4414.3600000000015;[67.65, 121.65, 90.65, 60.65, 56.65, 115.65, 54.32, 39.4, 36.18, 100.65, 47.4, 110.65, 45.4, 82.65, 90.65, 62.65, 29.22, 75.65, 103.65, 32.12, 134.65, 110.65, 79.65, 71.65, 144.65, 115.65, 43.4, 48.4, 37.4, 49.4, 113.65, 42.4, 64.65, 68.65, 76.65, 139.65, 104.65, 73.65, 39.4, 59.65, 47.4, 42.4, 68.65, 87.65, 57.65, 62.65, 53.32, 96.65, 56.65, 111.65, 93.65, 59.65, 68.65, 35.18, 144.65, 87.65, 83.65, 10.9, 49.4, 54.32];133.75;[2, 2, 2, 3, 1, 1, 1, 2, 2, 1, 2, 1, 3, 2, 1, 2, 3, 4, 2, 1, 3, 1, 1, 2, 5, 2, 3, 1, 2, 2, 1, 1, 1, 3, 2, 1, 3, 1, 3, 2, 1, 1];4;80;True
60;80;60;3;True;2000;1;0;0;0;0;0;0;169.26480674743652;45.018548250198364;8577273.400007753;8568082.22498789;4745.940785141697;4445.260000000001;[78.14, 94.01, 84.11, 118.01, 96.01, 35.71, 36.71, 93.01, 109.01, 78.14, 31.3, 58.93, 118.01, 69.96, 42.64, 57.93, 45.64, 57.93, 40.64, 100.01, 62.93, 71.83, 118.01, 46.64, 60.93, 54.93, 118.01, 35.11, 49.92, 87.11, 35.11, 103.01, 83.11, 118.01, 83.11, 78.14, 66.93, 74.83, 98.01, 82.11, 62.93, 98.01, 70.83, 40.64, 60.93, 51.93, 59.93, 88.11, 53.93, 47.64, 67.93, 35.71, 118.01, 102.01, 41.64, 118.01, 27.3, 118.01, 117.01, 91.11];90.71000000000001;[2, 4, 1, 2, 1, 4, 3, 6, 1, 1, 7, 2, 3, 1, 3, 1, 2, 1, 1, 3, 2, 2, 1, 2, 1, 1, 1, 1, 2, 2, 1, 1, 4, 3, 2, 5];6;80;True
60;80;60;4;True;2000;1;0;0;0;0;0;0;223.53006505966187;45.13345289230347;10472167.562650135;10461955.923818419;5118.186395695815;5093.269999999995;[44.12, 111.12, 41.12, 91.12, 123.12, 170.12, 154.12, 51.12, 47.12, 101.12, 41.12, 83.12, 47.12, 78.12, 130.12, 94.12, 72.12, 99.12, 88.12, 58.12, 155.12, 35.12, 72.12, 68.12, 61.12, 65.12, 86.12, 41.12, 104.12, 62.12, 91.12, 74.12, 131.12, 125.12, 78.12, 77.12, 83.12, 54.12, 73.12, 120.12, 68.12, 59.12, 129.12, 133.12, 126.12, 112.12, 147.12, 55.12, 66.12, 50.12, 69.12, 56.12, 123.12, 49.12, 85.12, 75.12, 60.12, 156.12, 56.12, 34.19];135.93;[3, 3, 6, 1, 3, 2, 1, 3, 1, 2, 4, 4, 2, 3, 2, 1, 2, 2, 1, 3, 1, 1, 1, 1, 1, 2, 1, 5, 2, 2, 1, 1, 1, 3, 2, 2, 1, 2, 1];5;80;True
60;80;60;5;True;2000;1;0;0;0;0;0;0;186.41122841835022;43.86829471588135;6697706.805162354;6687685.882275261;4876.130962257408;5144.8600000000015;[70.79, 91.88, 62.14, 96.88, 41.73, 113.88, 88.79, 45.73, 118.88, 58.24, 150.88, 1.0, 66.79, 110.88, 69.79, 140.88, 46.73, 48.73, 126.88, 90.79, 121.88, 102.88, 150.88, 67.79, 27.98, 116.88, 45.73, 44.73, 150.88, 145.88, 72.79, 83.79, 110.88, 80.79, 86.79, 139.88, 31.81, 94.88, 150.88, 60.14, 60.14, 112.88, 75.79, 65.85, 73.79, 37.73, 109.88, 103.88, 81.79, 86.79, 86.79, 52.12, 95.88, 100.88, 63.14, 81.79, 66.79, 67.79, 65.85, 124.88];149.88;[2, 2, 1, 1, 1, 1, 4, 1, 2, 1, 3, 1, 3, 2, 3, 1, 1, 1, 1, 1, 6, 2, 1, 2, 1, 1, 3, 1, 2, 2, 2, 1, 1, 2, 3, 3, 2, 3, 2, 3, 1, 1, 2];5;80;True
60;80;60;6;True;2000;1;0;0;0;0;0;0;203.27644991874695;60.5522620677948;13514934.06722935;13505087.231207233;4684.642290604416;5161.979999999999;[86.72, 77.72, 112.72, 106.72, 94.72, 141.72, 75.72, 140.72, 117.72, 46.05, 49.37, 70.72, 135.72, 85.72, 63.72, 35.58, 97.72, 60.72, 78.72, 122.72, 68.72, 115.72, 85.72, 45.4, 141.72, 101.72, 104.72, 65.72, 63.72, 61.72, 76.72, 115.72, 98.72, 133.72, 132.72, 83.72, 141.72, 49.37, 66.72, 107.72, 133.72, 22.02, 58.68, 90.72, 108.72, 71.72, 35.58, 43.32, 91.72, 112.72, 125.72, 9.59, 27.82, 56.68, 83.72, 69.72, 141.72, 78.72, 77.72, 58.68];132.13;[3, 3, 4, 2, 5, 2, 1, 3, 3, 1, 1, 2, 2, 4, 1, 1, 1, 2, 1, 1, 1, 2, 2, 2, 1, 2, 1, 3, 1, 2, 2, 1, 1, 3, 1, 1, 5, 3, 3];4;80;True
70;80;70;1;True;2000;1;0;0;0;0;0;0;218.91115164756775;58.15503215789795;8860803.033483725;8851177.969689475;4638.234936395797;4986.610000000004;[80.27, 31.8, 44.8, 101.27, 79.27, 65.27, 96.27, 141.27, 74.27, 65.27, 13.37, 67.27, 100.27, 67.27, 52.27, 88.27, 30.76, 56.27, 102.27, 118.27, 72.27, 4.0, 84.27, 85.27, 90.27, 64.27, 35.8, 62.27, 49.27, 102.27, 89.27, 23.79, 75.27, 132.27, 80.27, 84.27, 124.27, 22.78, 34.8, 89.27, 35.8, 106.27, 40.8, 60.27, 23.79, 36.8, 34.8, 129.27, 123.27, 129.27, 51.27, 95.27, 46.8, 25.79, 65.27, 54.27, 112.27, 78.27, 107.27, 46.8, 92.27, 59.27, 157.27, 147.27, 35.8, 54.27, 46.8, 39.8, 21.17, 46.8];153.27;[1, 4, 1, 4, 1, 1, 2, 3, 1, 2, 1, 2, 2, 2, 1, 1, 2, 2, 4, 1, 1, 3, 1, 2, 1, 3, 5, 4, 2, 3, 1, 1, 2, 1, 1, 1, 2, 5, 1, 2];4;80;True
70;80;70;2;True;2000;1;0;0;0;0;0;0;216.05551958084106;60.33320188522339;16476223.26805983;16467362.361357315;4792.735853921741;4067.9399999999996;[55.5, 125.5, 99.5, 70.5, 37.5, 95.5, 38.5, 18.5, 15.5, 83.5, 29.5, 98.5, 34.5, 89.5, 29.5, 24.5, 15.5, 79.5, 58.5, 19.5, 126.5, 86.5, 45.5, 75.5, 110.5, 96.5, 24.5, 40.5, 22.5, 29.5, 101.5, 23.5, 56.5, 38.5, 99.5, 70.5, 120.5, 41.5, 24.5, 49.5, 34.5, 24.5, 48.5, 51.5, 42.5, 54.5, 53.5, 109.5, 44.5, 72.5, 72.5, 48.5, 49.5, 18.5, 65.5, 72.5, 77.5, 10.7, 29.5, 31.5, 32.5, 78.5, 43.5, 103.5, 126.5, 61.5, 93.5, 35.5, 64.5, 13.24];115.8;[3, 1, 3, 1, 1, 1, 1, 2, 1, 2, 1, 2, 1, 5, 1, 2, 2, 3, 4, 1, 3, 1, 1, 2, 3, 3, 1, 1, 1, 2, 3, 1, 2, 3, 1, 1, 1, 2, 3, 4, 2, 1];4;80;True
70;80;70;3;True;2000;1;0;0;0;0;0;0;205.27229595184326;58.726311683654785;10258838.207818672;10250429.687452976;4781.267253895839;3627.4199999999973;[44.06, 47.06, 61.06, 62.06, 74.06, 25.91, 23.91, 81.06, 70.06, 57.06, 24.91, 37.06, 88.06, 50.06, 35.06, 37.06, 36.06, 36.06, 24.91, 67.06, 27.91, 57.06, 84.06, 23.91, 34.06, 29.91, 90.06, 18.91, 44.06, 48.06, 20.91, 50.06, 62.06, 124.06, 84.06, 49.06, 78.06, 40.06, 89.06, 60.06, 38.06, 82.06, 35.06, 28.91, 48.06, 38.06, 45.06, 67.06, 44.06, 17.91, 39.06, 21.91, 115.06, 98.06, 30.91, 124.06, 13.29, 101.06, 124.06, 48.06, 63.06, 50.06, 62.06, 1.77, 3.5, 40.06, 76.06, 40.06, 1.0, 31.91];123.06;[2, 1, 1, 1, 2, 1, 2, 2, 4, 1, 1, 3, 2, 2, 2, 3, 1, 2, 2, 4, 1, 2, 1, 2, 1, 1, 1, 2, 2, 1, 2, 2, 5, 1, 3, 6, 2, 1, 2, 2, 1];5;80;True
70;80;70;4;True;2000;1;0;0;0;0;0;0;222.75505018234253;59.45173645019531;9768223.665919874;9758025.613620797;5014.648873501386;5183.449999999993;[34.25, 89.49, 26.58, 101.49, 108.49, 89.49, 78.49, 59.49, 42.66, 79.49, 38.69, 105.49, 38.24, 60.49, 141.49, 67.49, 65.49, 84.49, 68.49, 53.33, 112.49, 17.54, 46.5, 61.49, 62.49, 89.49, 70.49, 23.81, 89.49, 57.49, 136.49, 67.49, 94.49, 71.49, 110.49, 100.49, 87.49, 50.7, 64.49, 135.49, 62.49, 57.49, 110.49, 152.49, 73.49, 68.49, 73.49, 49.93, 61.49, 46.5, 55.33, 57.49, 103.49, 47.5, 90.49, 78.49, 79.49, 82.49, 50.7, 39.51, 19.54, 42.19, 164.49, 45.79, 51.82, 112.49, 74.49, 81.49, 110.49, 55.33];146.95000000000002;[3, 4, 2, 5, 2, 1, 1, 3, 2, 1, 5, 2, 2, 1, 3, 1, 1, 1, 2, 3, 1, 1, 2, 1, 1, 1, 2, 4, 4, 1, 1, 1, 1, 1, 1, 1, 1, 2, 1, 3, 1, 3];4;80;True
70;80;70;5;True;2000;1;0;0;0;0;0;0;185.64203357696533;60.481910943984985;11154869.725811442;11144587.969791707;4750.623230247839;5531.139999999999;[59.15, 113.79, 54.15, 84.79, 35.4, 102.79, 95.79, 39.9, 82.79, 48.7, 108.79, 1.0, 41.91, 63.72, 64.62, 135.79, 39.06, 40.79, 77.79, 80.79, 135.79, 109.79, 135.79, 57.15, 2.43, 117.79, 29.96, 43.91, 102.79, 110.79, 83.79, 82.79, 132.79, 70.56, 56.15, 135.79, 25.96, 78.79, 102.79, 71.86, 42.91, 94.79, 56.15, 60.15, 72.86, 24.96, 101.79, 91.79, 100.79, 89.79, 67.56, 35.4, 96.79, 102.79, 56.15, 67.56, 69.56, 66.56, 63.15, 131.79, 111.79, 81.79, 112.79, 124.79, 86.79, 51.7, 87.79, 135.79, 112.79, 72.86];134.79;[2, 2, 1, 1, 1, 2, 2, 3, 1, 1, 3, 1, 3, 1, 2, 2, 2, 5, 1, 3, 2, 3, 1, 1, 2, 3, 1, 1, 1, 3, 1, 2, 1, 2, 3, 3, 1, 3, 3, 3, 1];4;80;True
70;80;70;6;True;2000;1;0;0;0;0;0;0;193.54256105422974;66.94223690032959;10980814.746203745;10970779.438737173;4715.165355881132;5320.320000000001;[72.48, 60.05, 129.46, 110.46, 79.46, 86.46, 72.48, 108.46, 133.46, 33.28, 50.99, 65.77, 128.46, 87.46, 52.99, 8.73, 90.46, 95.46, 68.63, 103.46, 79.46, 71.48, 82.46, 37.28, 110.46, 93.46, 84.46, 51.99, 47.99, 41.9, 61.05, 89.46, 74.48, 100.46, 84.46, 105.46, 95.46, 62.77, 69.63, 98.46, 133.46, 21.97, 46.58, 83.46, 89.46, 86.46, 21.02, 26.36, 64.38, 122.46, 106.46, 9.12, 18.02, 33.28, 100.46, 67.14, 133.46, 61.77, 67.14, 31.1, 50.99, 37.28, 50.99, 80.46, 120.46, 133.46, 69.63, 105.46, 88.46, 78.48];124.73;[1, 4, 4, 1, 5, 3, 6, 2, 2, 3, 3, 2, 4, 1, 2, 1, 4, 1, 1, 1, 1, 1, 2, 2, 1, 1, 3, 2, 1, 1, 1, 1, 3, 1, 1, 1, 1, 3, 2];5;80;True
80;80;80;1;True;2000;1;0;0;0;0;0;0;203.9356565475464;73.99124240875244;9367784.029552044;9358426.172332872;4639.0862912389075;4718.909999999997;[71.23, 26.95, 29.49, 87.23, 63.23, 64.23, 55.23, 131.23, 59.23, 55.23, 10.49, 61.23, 80.23, 50.23, 67.23, 78.23, 22.03, 36.44, 131.23, 76.23, 65.23, 3.54, 88.23, 45.23, 51.23, 64.23, 30.59, 121.23, 44.23, 65.23, 83.23, 12.97, 73.23, 66.23, 65.23, 79.23, 131.23, 13.63, 24.44, 83.23, 31.22, 103.23, 30.59, 95.23, 19.63, 36.44, 30.59, 83.23, 111.23, 81.23, 35.44, 80.23, 42.23, 26.95, 58.23, 41.23, 73.23, 59.23, 81.23, 47.23, 63.23, 53.23, 58.23, 105.23, 39.23, 48.23, 39.23, 26.95, 13.63, 31.22, 41.23, 129.23, 79.23, 23.03, 4.1, 74.23, 115.23, 40.23, 61.23, 36.44];127.68999999999998;[1, 1, 1, 4, 2, 1, 2, 1, 2, 1, 2, 2, 1, 3, 1, 2, 3, 1, 1, 1, 2, 4, 4, 2, 4, 1, 1, 1, 5, 4, 1, 1, 2, 2, 2, 1, 1, 1, 1, 3, 1, 3];4;80;True
80;80;80;2;True;2000;1;0;0;0;0;0;0;229.63934326171875;60.40875744819641;10748406.385804094;10739210.578778299;4877.287735055899;4318.380000000006;[32.07, 74.51, 117.51, 60.51, 33.07, 113.51, 32.07, 20.74, 13.74, 64.51, 31.07, 90.51, 35.07, 41.51, 40.51, 17.74, 12.71, 122.51, 64.51, 22.77, 82.51, 57.51, 39.07, 66.51, 156.51, 90.51, 32.07, 37.07, 25.77, 18.74, 63.51, 28.07, 51.51, 41.51, 83.51, 80.51, 73.51, 38.07, 15.74, 39.07, 44.51, 33.07, 58.51, 52.51, 41.51, 47.51, 40.51, 110.51, 48.51, 107.51, 92.51, 42.51, 49.51, 19.74, 88.51, 63.51, 58.51, 11.57, 19.74, 36.07, 32.07, 57.51, 44.51, 150.51, 97.51, 49.51, 117.51, 25.77, 52.51, 11.57, 45.51, 49.51, 60.51, 13.72, 54.51, 23.77, 40.51, 65.51, 57.51, 39.07];144.94;[1, 2, 1, 1, 1, 3, 1, 3, 3, 1, 1, 2, 2, 5, 2, 2, 1, 1, 2, 3, 3, 1, 2, 2, 4, 1, 3, 3, 2, 2, 1, 2, 1, 1, 1, 1, 1, 3, 1, 5, 1, 1];4;80;True
80;80;80;3;True;2000;1;0;0;0;0;0;0;199.82676029205322;84.50933384895325;11794592.32161427;11785232.115767727;4817.332021868875;4542.850000000004;[57.55, 64.55, 79.55, 62.55, 66.55, 27.62, 18.95, 65.55, 101.55, 75.55, 15.08, 50.55, 94.55, 67.55, 37.45, 51.55, 36.21, 21.2, 23.2, 100.55, 48.55, 60.55, 91.55, 22.2, 44.55, 56.55, 89.55, 17.0, 35.62, 85.55, 18.31, 78.55, 118.55, 113.55, 66.55, 53.55, 73.55, 55.55, 54.55, 76.55, 51.55, 74.55, 48.55, 41.44, 42.55, 44.55, 47.55, 85.55, 44.55, 21.2, 52.55, 13.06, 105.55, 93.55, 38.69, 124.55, 12.0, 113.55, 84.55, 70.55, 69.55, 71.55, 49.55, 2.84, 3.85, 54.55, 60.55, 50.55, 1.0, 23.2, 35.62, 30.62, 17.0, 63.55, 66.55, 69.55, 79.55, 104.55, 38.69, 60.55];123.55;[1, 1, 2, 3, 3, 3, 2, 1, 3, 2, 1, 2, 1, 1, 1, 5, 3, 4, 1, 1, 1, 1, 2, 1, 2, 1, 2, 1, 7, 2, 2, 1, 1, 1, 1, 1, 2, 1, 1, 4, 3, 1];6;80;True
80;80;80;4;True;2000;1;0;0;0;0;0;0;219.80650210380554;66.53389501571655;8990912.718324205;8980530.03655571;5086.226747015288;5296.410000000002;[29.57, 71.96, 20.51, 78.96, 82.96, 40.91, 86.96, 79.96, 17.51, 76.96, 24.81, 88.96, 34.8, 55.96, 95.96, 48.01, 57.96, 70.96, 63.96, 46.73, 101.96, 6.43, 43.13, 55.96, 40.52, 61.96, 65.96, 19.51, 67.96, 49.96, 116.96, 59.96, 101.96, 63.96, 59.96, 63.96, 78.96, 54.96, 64.96, 117.96, 70.96, 32.8, 153.96, 92.96, 72.96, 61.96, 98.96, 40.91, 56.96, 49.01, 54.96, 47.97, 114.96, 35.8, 75.96, 68.96, 53.96, 92.96, 45.73, 27.81, 12.56, 37.43, 95.96, 38.07, 45.73, 91.96, 73.96, 105.96, 132.96, 49.01, 40.52, 69.96, 73.96, 71.96, 45.73, 82.96, 153.96, 72.96, 129.96, 49.01];147.53;[2, 1, 2, 3, 1, 1, 1, 1, 1, 1, 1, 2, 1, 1, 1, 1, 1, 1, 3, 2, 2, 1, 1, 1, 2, 3, 2, 1, 4, 1, 2, 1, 1, 4, 1, 5, 1, 4, 2, 1, 2, 1, 1, 2, 1, 3, 1, 1];4;80;True
80;80;80;5;True;2000;1;0;0;0;0;0;0;229.47609496116638;92.82684636116028;18548806.551301114;18538781.48886199;4798.212343149948;5227.090000000004;[47.27, 131.27, 45.29, 39.29, 13.31, 93.27, 75.27, 32.29, 81.27, 30.29, 111.27, 1.0, 25.29, 41.29, 53.27, 94.27, 26.29, 25.29, 56.27, 73.27, 112.27, 99.27, 107.27, 33.29, 2.86, 99.27, 8.96, 34.29, 118.27, 111.27, 85.27, 71.27, 95.27, 80.27, 65.27, 127.27, 7.73, 53.27, 138.27, 50.27, 29.29, 87.27, 41.29, 33.29, 64.27, 15.31, 94.27, 102.27, 97.27, 37.29, 79.27, 20.29, 86.27, 69.27, 20.29, 61.27, 66.27, 54.27, 48.27, 131.27, 98.27, 58.27, 116.27, 99.27, 97.27, 31.29, 83.27, 92.27, 95.27, 45.29, 92.27, 102.27, 82.27, 66.27, 55.27, 2.37, 62.27, 58.27, 7.73, 45.29];137.27;[2, 1, 3, 1, 2, 1, 1, 1, 1, 1, 1, 1, 1, 1, 1, 2, 2, 2, 6, 1, 3, 1, 1, 2, 2, 5, 2, 1, 1, 1, 3, 1, 3, 3, 1, 2, 4, 2, 1, 1, 1, 2, 3, 1, 1];5;80;True
80;80;80;6;True;2000;1;0;0;0;0;0;0;211.64319396018982;75.74122405052185;10140559.311319256;10131148.751464473;4769.023149695721;4641.860000000003;[55.52, 42.52, 71.52, 63.52, 77.52, 100.52, 54.52, 119.52, 90.52, 22.18, 33.52, 51.52, 70.52, 102.52, 45.52, 7.37, 68.52, 59.52, 45.52, 111.52, 89.52, 65.52, 56.52, 12.36, 103.52, 110.52, 54.52, 33.52, 39.52, 28.52, 46.52, 83.52, 71.52, 98.52, 65.52, 70.52, 136.52, 26.52, 41.52, 84.52, 61.52, 20.18, 31.52, 88.52, 87.52, 59.52, 10.84, 12.59, 44.52, 102.52, 96.52, 8.59, 8.59, 43.52, 77.52, 39.52, 78.52, 50.52, 49.52, 18.23, 31.52, 36.52, 33.52, 28.52, 32.52, 68.52, 63.52, 59.52, 94.52, 89.52, 75.52, 62.52, 2.8, 82.52, 38.52, 17.59, 26.52, 121.52, 48.52, 24.18];133.72;[2, 1, 1, 3, 2, 5, 2, 3, 1, 1, 2, 3, 2, 2, 4, 2, 1, 1, 1, 1, 4, 1, 1, 2, 2, 1, 1, 1, 2, 1, 2, 2, 1, 3, 2, 1, 3, 1, 1, 1, 1, 5, 1];4;80;True
90;80;90;1;True;2000;1;0;0;0;0;0;0;223.07275199890137;106.22893595695496;13653983.351177769;13644595.11463403;4687.892327083337;4700.37;[66.3, 15.19, 37.88, 119.96, 75.63, 47.3, 60.3, 107.96, 51.3, 50.3, 10.75, 67.3, 102.96, 41.6, 55.3, 91.96, 12.75, 25.35, 77.63, 49.3, 45.3, 3.13, 59.3, 35.24, 36.24, 54.3, 18.46, 84.96, 35.24, 85.96, 91.96, 10.75, 58.3, 51.3, 54.3, 70.63, 125.96, 11.75, 15.46, 132.96, 20.41, 68.3, 20.41, 73.63, 14.19, 23.41, 18.46, 82.96, 81.96, 103.96, 35.24, 78.96, 41.6, 11.75, 42.3, 32.24, 71.63, 44.3, 100.96, 41.6, 51.3, 62.3, 74.63, 77.63, 20.41, 61.3, 39.88, 22.41, 11.75, 26.29, 33.24, 73.63, 59.3, 14.19, 3.8, 78.63, 91.96, 28.24, 44.3, 28.23, 42.3, 84.96, 110.96, 28.23, 85.96, 7.83, 16.46, 16.53, 68.3, 78.63];129.83;[1, 1, 1, 1, 1, 3, 2, 2, 1, 1, 1, 6, 3, 2, 1, 3, 3, 7, 3, 1, 2, 2, 1, 2, 1, 2, 2, 1, 1, 1, 2, 2, 2, 1, 4, 5, 1, 2, 1, 1];6;80;True
90;80;90;2;True;2000;1;0;0;0;0;0;0;246.177551984787;110.69384694099426;20724711.902221736;20714746.692027867;4860.966587053625;5104.31;[29.19, 127.52, 102.43, 54.16, 27.19, 74.65, 29.19, 17.35, 16.35, 59.16, 29.19, 103.59, 26.19, 38.18, 42.18, 18.35, 12.34, 109.59, 76.65, 18.35, 67.65, 73.65, 54.16, 80.04, 156.52, 81.43, 25.19, 35.19, 20.35, 18.35, 86.43, 24.19, 58.16, 21.35, 102.43, 131.52, 102.59, 36.18, 15.35, 35.19, 74.65, 31.19, 58.16, 53.16, 57.16, 36.18, 44.18, 102.43, 40.18, 72.65, 74.65, 54.16, 48.17, 14.22, 65.65, 82.43, 96.43, 10.57, 19.35, 40.18, 33.19, 72.65, 42.18, 112.52, 68.65, 36.18, 120.52, 22.19, 49.17, 9.21, 43.18, 44.18, 54.16, 15.35, 63.08, 22.19, 49.17, 87.43, 51.16, 40.18, 62.08, 153.52, 31.19, 24.19, 118.52, 52.16, 36.18, 104.59, 15.35, 156.52];147.31;[2, 2, 1, 1, 3, 1, 4, 2, 2, 2, 5, 2, 1, 1, 1, 1, 3, 3, 3, 2, 1, 2, 1, 3, 1, 2, 2, 1, 1, 1, 2, 3, 2, 4, 1, 3, 1, 1, 1, 2, 3];4;80;True
90;80;90;3;True;2000;1;0;0;0;0;0;0;188.29338765144348;88.6275565624237;7581026.506802897;7571994.785849411;4863.520261950717;4168.2;[39.41, 71.0, 54.0, 53.0, 60.0, 22.22, 16.84, 50.0, 71.0, 52.0, 13.76, 36.41, 79.0, 44.58, 27.61, 35.07, 29.33, 22.52, 17.84, 58.0, 30.88, 62.0, 107.0, 24.78, 30.88, 27.61, 97.0, 15.84, 21.22, 58.0, 19.22, 78.0, 58.0, 60.0, 51.0, 43.58, 44.58, 47.0, 38.78, 47.0, 29.33, 71.0, 34.07, 26.61, 33.36, 30.88, 39.41, 74.0, 35.72, 23.52, 35.07, 14.84, 50.0, 64.0, 26.61, 113.0, 14.76, 103.0, 80.0, 66.0, 65.0, 48.0, 71.0, 3.96, 9.14, 41.58, 41.58, 36.41, 2.0, 20.22, 19.22, 24.78, 18.22, 44.58, 96.0, 73.0, 80.0, 100.0, 27.61, 33.36, 15.84, 76.0, 110.0, 21.22, 50.0, 13.76, 79.0, 69.0, 52.0, 44.58];111.0;[3, 1, 1, 2, 4, 2, 2, 1, 1, 3, 2, 2, 3, 1, 1, 3, 1, 1, 1, 1, 1, 1, 1, 1, 1, 7, 2, 1, 4, 1, 1, 1, 2, 3, 2, 2, 4, 3, 3, 1, 1, 1];6;80;True
90;80;90;4;True;2000;1;0;0;0;0;0;0;204.90431571006775;80.22223567962646;10651423.714941794;10641953.99791323;5122.791003422131;4346.739999999996;[14.93, 118.93, 10.72, 54.93, 74.93, 92.93, 59.93, 41.93, 14.93, 98.93, 10.13, 83.93, 12.22, 36.93, 62.93, 53.93, 40.93, 72.93, 33.93, 25.93, 76.93, 2.32, 18.93, 56.93, 16.93, 34.93, 33.93, 17.93, 52.93, 31.93, 59.93, 70.93, 100.93, 41.93, 39.93, 93.93, 46.93, 22.93, 65.93, 97.93, 43.93, 20.93, 95.93, 29.93, 38.93, 36.93, 22.93, 23.93, 35.93, 21.93, 32.93, 27.93, 83.93, 20.93, 69.93, 59.93, 71.93, 48.93, 29.93, 12.22, 10.72, 17.93, 106.93, 14.93, 28.93, 80.93, 58.93, 45.93, 34.93, 36.93, 32.93, 60.93, 39.93, 49.93, 20.93, 71.93, 118.93, 95.93, 102.93, 18.93, 67.93, 46.93, 118.93, 22.93, 66.93, 30.93, 7.93, 65.93, 22.93, 13.22];116.61000000000001;[4, 1, 4, 2, 2, 3, 1, 1, 1, 1, 1, 2, 1, 1, 2, 3, 2, 1, 1, 2, 1, 1, 1, 1, 2, 1, 2, 1, 4, 1, 1, 2, 4, 1, 2, 2, 1, 2, 3, 4, 2, 1, 1, 2, 1];3;80;True
90;80;90;5;True;2000;1;0;0;0;0;0;0;213.2718689441681;86.18969893455505;11959863.616665784;11950253.260376412;4871.030918007365;4739.3099999999995;[40.84, 85.7, 34.54, 48.84, 16.69, 68.7, 95.7, 25.71, 70.7, 29.65, 98.7, 1.0, 22.76, 38.84, 34.84, 68.7, 20.76, 22.76, 50.84, 62.7, 127.7, 80.7, 106.7, 31.65, 2.41, 85.7, 8.77, 27.71, 83.7, 94.7, 50.84, 53.84, 75.7, 50.84, 44.84, 117.7, 7.77, 48.84, 95.7, 30.65, 26.71, 56.84, 33.44, 34.44, 50.84, 8.77, 61.7, 83.7, 84.7, 36.84, 43.84, 21.76, 80.7, 70.7, 17.55, 42.84, 37.84, 40.84, 44.84, 66.7, 75.7, 36.84, 66.7, 48.84, 51.84, 37.84, 67.7, 109.7, 63.7, 43.84, 77.7, 65.7, 68.7, 44.84, 42.84, 2.41, 41.84, 48.84, 8.77, 38.84, 85.7, 75.7, 73.7, 3.65, 34.44, 78.7, 89.7, 47.84, 38.84, 56.84];126.7;[1, 1, 3, 2, 1, 2, 1, 1, 6, 2, 4, 2, 1, 1, 3, 3, 2, 2, 1, 1, 2, 2, 1, 2, 4, 1, 1, 2, 1, 2, 2, 1, 3, 2, 1, 2, 1, 2, 1, 4, 3];5;80;True
90;80;90;6;True;2000;1;0;0;0;0;0;0;216.86406302452087;130.81050276756287;16537605.142558001;16527936.774037672;4700.038746901246;4968.309999999997;[55.61, 37.59, 74.2, 88.69, 62.12, 101.69, 46.62, 117.7, 106.7, 17.16, 30.45, 47.15, 72.2, 62.12, 45.62, 8.77, 70.2, 46.62, 41.49, 106.7, 41.49, 56.61, 67.2, 12.77, 111.7, 86.69, 57.61, 26.34, 41.49, 23.16, 46.62, 69.2, 68.2, 91.69, 76.17, 61.12, 93.69, 22.16, 31.61, 83.69, 71.2, 21.16, 21.16, 64.2, 61.12, 52.15, 12.77, 12.16, 30.45, 92.69, 98.69, 9.7, 10.16, 38.49, 58.61, 36.59, 128.7, 25.16, 48.15, 15.16, 28.34, 36.59, 25.16, 28.34, 28.38, 127.7, 54.61, 101.69, 56.61, 90.69, 78.17, 54.15, 2.8, 93.69, 41.49, 13.77, 15.16, 90.69, 48.15, 13.77, 92.69, 94.69, 93.69, 33.61, 69.2, 59.61, 23.16, 12.16, 13.77, 128.7];125.89999999999999;[2, 1, 1, 5, 3, 2, 1, 4, 1, 3, 2, 1, 1, 6, 2, 1, 2, 1, 1, 1, 1, 3, 1, 1, 3, 1, 6, 4, 1, 2, 3, 1, 1, 1, 3, 3, 1, 1, 2];5;80;True
100;80;100;1;True;2000;1;0;0;0;0;0;0;216.78233766555786;120.22223210334778;12684369.278240778;12674881.188222587;4611.978601083163;4876.32;[71.69, 20.47, 24.01, 80.69, 67.69, 41.15, 49.69, 96.69, 45.15, 29.42, 11.12, 56.69, 62.69, 40.15, 57.69, 63.69, 15.62, 29.42, 62.69, 40.15, 50.69, 3.77, 46.15, 41.15, 37.15, 49.69, 20.47, 125.69, 27.02, 72.69, 59.69, 14.62, 45.15, 40.15, 53.69, 75.69, 52.69, 17.13, 19.14, 119.69, 24.01, 90.69, 20.75, 74.69, 19.14, 21.75, 21.75, 113.69, 98.69, 87.69, 27.02, 130.69, 40.15, 15.62, 50.69, 26.02, 130.69, 51.69, 94.69, 33.15, 44.15, 35.15, 58.69, 46.15, 22.04, 44.15, 32.15, 21.75, 17.62, 31.15, 28.42, 77.69, 43.15, 20.14, 3.77, 58.69, 75.69, 36.15, 108.69, 27.02, 34.15, 63.69, 78.69, 34.15, 75.69, 10.85, 17.62, 19.14, 55.69, 55.69, 19.14, 9.81, 11.72, 124.69, 17.62, 47.69, 47.69, 130.69, 30.42, 47.15];126.92;[1, 1, 3, 1, 1, 2, 1, 1, 1, 5, 1, 2, 1, 3, 4, 2, 2, 4, 3, 3, 4, 4, 1, 2, 2, 3, 2, 2, 1, 1, 1, 1, 1, 3, 4, 2, 1, 2, 1];4;80;True
100;80;100;2;True;2000;1;0;0;0;0;0;0;259.96854162216187;123.62447047233582;14415548.749678861;14405525.680359734;4907.2582916726;5115.820000000007;[28.92, 92.01, 75.01, 79.01, 27.13, 84.01, 23.86, 17.5, 16.23, 62.01, 27.92, 67.01, 18.5, 46.01, 40.01, 18.5, 12.39, 109.01, 64.01, 17.5, 63.01, 48.01, 30.86, 95.01, 61.01, 49.01, 18.5, 46.01, 20.2, 19.2, 71.01, 24.92, 55.01, 20.2, 53.01, 70.01, 71.01, 44.01, 16.22, 38.01, 55.01, 24.65, 41.01, 51.01, 35.01, 33.01, 45.01, 108.01, 42.01, 75.01, 61.01, 40.01, 44.01, 15.02, 65.01, 68.01, 45.01, 10.88, 17.5, 32.8, 36.01, 57.01, 30.86, 138.01, 114.01, 37.01, 117.01, 22.2, 51.01, 10.88, 38.01, 47.01, 54.01, 16.23, 88.01, 18.5, 34.01, 78.01, 34.01, 40.01, 59.01, 142.01, 21.2, 24.65, 93.01, 46.01, 29.92, 59.01, 16.22, 79.01, 66.01, 170.01, 36.01, 16.23, 72.01, 100.01, 95.01, 30.86, 111.01, 37.01];159.13;[5, 1, 3, 1, 1, 1, 4, 1, 2, 2, 1, 1, 2, 2, 2, 1, 3, 1, 3, 1, 3, 2, 1, 2, 2, 1, 1, 2, 3, 2, 1, 1, 1, 1, 2, 3, 1, 4, 1, 2, 3, 1, 2];4;80;True
100;80;100;3;True;2000;1;0;0;0;0;0;0;211.691645860672;102.5101854801178;9780223.75361913;9771697.90957266;4828.363206353169;3697.7399999999975;[27.54, 47.54, 51.54, 66.54, 61.54, 13.54, 12.54, 37.54, 101.54, 37.54, 12.54, 26.54, 57.54, 39.54, 19.54, 22.54, 21.54, 16.54, 13.54, 43.54, 20.54, 41.54, 85.54, 15.54, 17.54, 17.54, 60.54, 14.54, 19.54, 58.54, 17.54, 73.54, 68.54, 58.54, 52.54, 38.54, 46.54, 41.54, 43.54, 50.54, 25.54, 74.54, 30.54, 15.54, 29.54, 22.54, 31.54, 51.54, 29.54, 14.54, 29.54, 10.4, 33.54, 57.54, 18.54, 85.54, 10.4, 118.54, 66.54, 44.54, 80.54, 40.54, 42.54, 4.24, 8.83, 24.54, 35.54, 25.54, 2.0, 17.54, 15.54, 15.54, 13.54, 34.54, 118.54, 41.54, 99.54, 51.54, 17.54, 29.54, 13.54, 47.54, 39.54, 15.54, 31.54, 12.54, 48.54, 20.54, 44.54, 40.54, 54.54, 57.54, 25.54, 41.54, 8.25, 11.4, 22.54, 21.54, 33.54, 13.54];116.54;[2, 4, 2, 4, 2, 1, 1, 1, 1, 1, 2, 1, 1, 2, 4, 1, 2, 1, 1, 1, 1, 1, 1, 2, 5, 3, 2, 3, 2, 1, 1, 1, 2, 1, 4, 1, 1, 1, 2, 2, 2, 3, 1, 1, 1];4;80;True
100;80;100;4;True;2000;1;0;0;0;0;0;0;261.0165476799011;123.84382271766663;15693266.446254896;15682532.6015115;5161.761140969158;5572.080000000001;[10.72, 78.12, 10.18, 55.93, 123.12, 90.12, 37.5, 26.51, 14.51, 103.12, 9.18, 84.12, 10.72, 53.15, 88.12, 26.51, 50.27, 65.93, 46.5, 45.5, 119.12, 1.91, 24.51, 36.5, 14.51, 38.5, 84.12, 17.5, 45.5, 47.5, 64.93, 52.15, 95.12, 67.93, 53.91, 91.12, 60.93, 29.51, 66.93, 107.12, 52.15, 19.51, 173.12, 75.12, 72.12, 62.93, 31.14, 24.04, 57.93, 24.04, 44.5, 32.14, 77.12, 14.51, 56.93, 55.93, 38.5, 86.12, 27.51, 11.78, 10.18, 15.76, 124.12, 13.53, 41.5, 131.12, 78.12, 111.12, 79.12, 38.5, 34.5, 72.12, 37.5, 58.93, 23.04, 115.12, 173.12, 67.93, 95.12, 22.51, 61.93, 78.12, 99.12, 15.76, 81.12, 49.27, 6.34, 69.12, 52.15, 12.51, 84.12, 29.51, 51.12, 18.32, 76.12, 25.51, 57.93, 41.5, 32.14, 101.12];171.21;[1, 1, 2, 2, 2, 2, 3, 4, 4, 3, 1, 2, 1, 1, 2, 1, 4, 2, 2, 2, 1, 1, 1, 1, 1, 4, 3, 2, 4, 1, 1, 1, 1, 2, 1, 1, 1, 1, 4, 1, 2, 1, 2];3;80;True
100;80;100;5;True;2000;1;0;0;0;0;0;0;215.55761885643005;115.52258276939392;12404289.207951559;12393823.637665182;4832.99020928834;5632.540000000007;[40.5, 117.8, 37.37, 32.17, 16.73, 78.8, 46.5, 25.89, 58.8, 31.33, 72.8, 1.0, 19.59, 34.86, 39.5, 80.8, 25.89, 11.55, 44.5, 57.8, 75.8, 59.8, 102.8, 26.89, 3.12, 66.8, 10.14, 28.26, 99.8, 97.8, 52.8, 52.8, 97.8, 41.5, 44.5, 105.8, 9.16, 53.8, 84.8, 44.5, 27.89, 65.8, 44.55, 30.86, 51.8, 10.14, 80.8, 70.8, 93.8, 37.37, 60.8, 22.43, 68.8, 68.8, 15.59, 47.3, 69.8, 45.5, 23.01, 82.8, 74.8, 69.8, 73.8, 52.8, 54.8, 32.86, 58.8, 89.8, 63.8, 60.8, 81.8, 87.8, 49.8, 40.5, 43.5, 2.0, 46.88, 43.5, 10.14, 41.5, 81.8, 105.8, 58.8, 3.88, 29.85, 64.8, 119.8, 55.8, 33.24, 51.8, 62.8, 133.8, 96.8, 74.8, 57.8, 137.8, 97.8, 109.8, 72.8, 51.8];136.8;[2, 2, 1, 3, 1, 1, 1, 2, 1, 2, 3, 1, 3, 1, 2, 2, 1, 3, 1, 2, 1, 3, 1, 1, 1, 3, 1, 1, 1, 1, 4, 4, 2, 3, 6, 2, 1, 3, 1, 2, 3];5;80;True
100;80;100;6;True;2000;1;0;0;0;0;0;0;206.21619200706482;117.59776711463928;12333160.540755024;12323650.156940501;4635.94509750809;4874.610000000002;[56.02, 34.34, 62.02, 71.02, 54.23, 122.02, 30.51, 122.02, 74.02, 16.62, 24.25, 36.43, 87.02, 107.02, 41.53, 7.56, 64.02, 30.87, 34.34, 122.02, 55.28, 42.2, 56.02, 11.23, 87.02, 65.02, 51.31, 26.09, 26.49, 14.62, 29.51, 57.02, 43.2, 88.02, 59.02, 54.28, 122.02, 21.25, 26.49, 67.02, 73.02, 19.25, 19.25, 40.53, 52.31, 47.31, 11.12, 10.96, 32.31, 80.02, 69.02, 8.8, 8.8, 27.1, 48.31, 33.34, 74.02, 23.25, 57.02, 13.07, 23.25, 20.25, 24.25, 24.25, 28.72, 86.02, 49.31, 88.02, 117.02, 59.02, 76.02, 48.31, 2.8, 47.31, 25.25, 12.23, 13.07, 68.02, 39.53, 11.23, 74.02, 62.02, 45.31, 28.72, 40.53, 61.02, 23.25, 10.96, 11.23, 98.02, 13.99, 107.02, 6.86, 58.02, 37.6, 70.02, 104.02, 90.02, 55.28, 63.02];119.22;[1, 1, 2, 7, 4, 1, 4, 1, 2, 2, 1, 2, 2, 1, 1, 1, 1, 2, 1, 3, 1, 3, 1, 3, 2, 1, 2, 1, 3, 3, 2, 2, 2, 3, 3, 1, 4, 3];6;80;True
10;90;10;1;True;2000;1;0;0;0;0;0;0;245.02940702438354;2.499260425567627;46840465.520186976;46832744.861853965;5186.594317235591;2534.1;[255.41, 235.41, 255.41, 255.41, 255.41, 255.41, 255.41, 255.41, 255.41, 255.41];20.0;[8, 4, 6, 4, 15, 8, 12, 12, 14, 7];11;90;True
10;90;10;2;True;2000;1;0;0;0;0;0;0;267.16566014289856;2.5246572494506836;36937611.429209694;36929257.24700782;5747.189131779676;2607.0;[215.3, 280.3, 251.3, 280.3, 278.3, 280.3, 263.3, 197.3, 280.3, 280.3];83.0;[8, 9, 12, 13, 9, 10, 6, 8, 7, 8];7;90;True
10;90;10;3;True;2000;1;0;0;0;0;0;0;339.27834916114807;3.0613698959350586;73698282.7600284;73689440.71030235;5415.854787011256;3426.2;[359.02, 323.02, 359.02, 342.02, 359.02, 295.02, 312.02, 359.02, 359.02, 359.02];64.0;[7, 9, 16, 4, 15, 5, 5, 14, 8, 7];12;90;True
10;90;10;4;True;2000;1;0;0;0;0;0;0;250.19503092765808;2.5375545024871826;44620139.089520924;44611799.36401425;5703.450756439386;2636.2999999999997;[265.83, 265.83, 263.83, 265.83, 265.83, 265.83, 265.83, 265.83, 245.83, 265.83];19.99999999999997;[7, 12, 3, 7, 9, 22, 7, 8, 4, 11];19;90;True
10;90;10;5;True;2000;1;0;0;0;0;0;0;256.9845790863037;2.6868128776550293;46807310.92402729;46799333.71012729;5460.701040777691;2516.48;[264.68, 236.68, 264.68, 264.68, 264.68, 264.68, 234.68, 211.36, 254.68, 255.68];53.31999999999999;[7, 9, 10, 11, 7, 10, 10, 9, 9, 8];4;90;True
10;90;10;6;True;2000;1;0;0;0;0;0;0;218.41497945785522;2.5722906589508057;38291161.86081453;38283686.164536595;5236.809926351278;2238.9199999999996;[224.87, 215.09, 224.87, 224.87, 224.87, 224.87, 224.87, 224.87, 224.87, 224.87];9.780000000000001;[7, 6, 9, 6, 10, 12, 5, 13, 10, 12];8;90;True
20;90;20;1;True;2000;1;0;0;0;0;0;0;182.15333652496338;7.895040512084961;18722128.872943744;18713604.58096423;5153.019930967383;3371.2400000000016;[173.01, 145.01, 173.01, 173.01, 173.01, 173.01, 173.01, 173.01, 173.01, 154.01, 168.01, 173.01, 173.01, 173.01, 173.01, 173.01, 136.05, 173.01, 173.01, 173.01];36.95999999999998;[6, 2, 4, 6, 6, 5, 5, 8, 4, 2, 1, 5, 4, 4, 3, 7, 1, 6, 8, 3];7;90;True
20;90;20;2;True;2000;1;0;0;0;0;0;0;268.65564465522766;8.43729305267334;26413810.649492417;26404039.647833124;5706.755064578059;4064.199999999999;[193.41, 227.41, 265.41, 230.41, 180.41, 233.41, 213.41, 185.41, 140.41, 235.41, 150.41, 268.41, 152.41, 212.41, 217.41, 233.41, 141.41, 186.41, 218.41, 178.41];128.00000000000003;[7, 5, 4, 5, 3, 5, 5, 2, 2, 6, 6, 7, 4, 3, 5, 6, 4, 6, 3, 2];5;90;True
20;90;20;3;True;2000;1;0;0;0;0;0;0;186.83357977867126;7.524038791656494;17683232.64470693;17674546.280533366;5387.805931029601;3298.6;[176.48, 176.48, 176.48, 176.48, 176.48, 130.48, 115.48, 176.48, 176.48, 176.48, 106.48, 176.48, 176.48, 176.48, 137.48, 176.48, 172.48, 176.48, 165.48, 176.48];69.99999999999999;[4, 4, 3, 10, 5, 2, 5, 2, 4, 9, 2, 4, 6, 4, 3, 3, 1, 6, 5, 8];9;90;True
20;90;20;4;True;2000;1;0;0;0;0;0;0;203.3592631816864;8.676113367080688;22615973.902450774;22606682.79217401;5574.133214277591;3717.0399999999995;[143.04, 196.04, 153.28, 196.04, 196.04, 196.04, 196.04, 169.04, 196.04, 196.04, 165.04, 196.04, 146.04, 196.04, 196.04, 196.04, 196.04, 196.04, 196.04, 196.04];53.0;[3, 5, 2, 1, 2, 3, 4, 4, 5, 2, 2, 3, 5, 9, 5, 5, 12, 5, 6, 7];11;90;True
20;90;20;5;True;2000;1;0;0;0;0;0;0;243.46684741973877;7.355245590209961;19313949.499299515;19304763.804112453;5296.887767953906;3888.7700000000004;[154.0, 242.98, 242.98, 223.98, 125.0, 183.0, 224.98, 135.0, 199.98, 242.98, 216.98, 137.99, 176.0, 225.98, 144.0, 234.98, 172.0, 167.0, 242.98, 195.98];117.97999999999999;[2, 9, 9, 7, 4, 1, 3, 2, 2, 6, 7, 2, 3, 4, 8, 4, 4, 6, 6, 1];8;90;True
20;90;20;6;True;2000;1;0;0;0;0;0;0;186.3169288635254;7.467627048492432;17711760.763833348;17703294.444169126;5158.412607788059;3307.999999999999;[175.45, 175.45, 175.45, 175.45, 155.45, 175.45, 175.45, 175.45, 175.45, 135.45, 141.45, 163.45, 175.45, 175.45, 155.45, 140.45, 175.45, 135.45, 175.45, 175.45];40.0;[4, 3, 4, 4, 10, 7, 1, 5, 8, 2, 3, 1, 4, 6, 9, 4, 8, 2, 3, 2];9;90;True
30;90;30;1;True;2000;1;0;0;0;0;0;0;161.5305597782135;14.724480628967285;11944919.110182127;11935785.669678845;5174.610152497254;3958.8700000000026;[141.36, 101.51, 113.38, 141.36, 141.36, 124.88, 141.36, 141.36, 141.36, 115.38, 97.51, 141.36, 141.36, 133.36, 141.36, 141.36, 122.88, 113.38, 141.36, 141.36, 141.36, 88.51, 141.36, 141.36, 141.36, 141.36, 126.88, 136.36, 141.36, 140.36];52.85000000000001;[6, 2, 1, 4, 4, 2, 2, 5, 3, 2, 4, 4, 1, 2, 7, 4, 3, 3, 4, 4, 2, 3, 4, 1, 5, 2, 2, 2, 2];6;90;True
30;90;30;2;True;2000;1;0;0;0;0;0;0;203.6268286705017;15.462388515472412;12855709.935171971;12845686.176655587;5719.7000176764295;4304.000000000003;[105.8, 181.8, 181.8, 176.8, 164.8, 181.8, 135.8, 109.8, 119.8, 181.8, 151.8, 181.8, 114.8, 166.8, 138.8, 150.8, 88.8, 136.8, 181.8, 96.8, 170.8, 144.8, 123.8, 168.8, 141.8, 181.8, 114.8, 116.8, 97.8, 93.8];93.00000000000001;[2, 5, 4, 6, 2, 2, 5, 1, 4, 1, 4, 4, 2, 5, 2, 1, 2, 4, 3, 3, 5, 3, 3, 2, 3, 3, 2, 3, 2, 2];5;90;True
30;90;30;3;True;2000;1;0;0;0;0;0;0;206.80771231651306;13.225570917129517;9181811.917476311;9172163.761200525;5425.320414190799;4222.86;[189.02, 189.02, 134.02, 189.02, 149.02, 101.35, 85.45, 140.02, 150.02, 186.02, 68.57, 141.02, 189.02, 149.02, 98.35, 189.02, 93.45, 112.02, 93.45, 173.02, 110.02, 185.02, 175.02, 114.02, 151.02, 115.02, 189.02, 74.45, 105.35, 184.02];120.45000000000002;[3, 4, 2, 3, 3, 1, 3, 2, 2, 3, 3, 2, 2, 2, 4, 6, 1, 1, 4, 4, 3, 3, 3, 2, 2, 3, 8, 2, 2, 7];7;90;True
30;90;30;4;True;2000;1;0;0;0;0;0;0;213.69723749160767;17.870960235595703;18581263.330423154;18570868.76886473;5593.113636840781;4801.459999999999;[145.87, 185.87, 128.97, 157.87, 186.87, 187.87, 187.87, 156.87, 116.66, 187.87, 105.66, 163.87, 123.66, 187.87, 187.87, 187.87, 164.87, 160.87, 187.87, 144.87, 187.87, 103.66, 187.87, 163.87, 139.87, 138.87, 174.87, 175.87, 140.87, 129.97];84.21000000000001;[3, 3, 3, 4, 1, 3, 4, 1, 3, 1, 2, 2, 2, 4, 5, 5, 3, 3, 2, 3, 3, 5, 5, 3, 1, 7, 2, 3, 4];6;90;True
30;90;30;5;True;2000;1;0;0;0;0;0;0;174.80721020698547;14.962620973587036;12220322.72391004;12211070.142719647;5277.282360219269;3975.26;[133.17, 154.17, 154.17, 154.17, 93.2, 154.17, 154.17, 123.17, 129.17, 141.17, 154.17, 3.0, 106.2, 154.17, 154.17, 154.17, 118.17, 106.2, 154.17, 154.17, 154.17, 154.17, 154.17, 114.32, 82.2, 154.17, 96.2, 108.2, 154.17, 154.17];151.17;[2, 3, 3, 4, 3, 1, 3, 1, 1, 4, 7, 6, 3, 5, 3, 2, 3, 2, 1, 4, 2, 2, 2, 2, 5, 2, 1, 6, 7];6;90;True
30;90;30;6;True;2000;1;0;0;0;0;0;0;179.25739121437073;13.623896837234497;9617449.003265684;9608512.067913277;5170.574227588116;3766.4000000000024;[129.28, 111.28, 121.28, 151.28, 151.28, 151.28, 148.28, 151.28, 151.28, 93.28, 88.28, 109.28, 144.28, 110.28, 151.28, 84.28, 151.28, 100.28, 111.28, 151.28, 110.28, 151.28, 134.28, 83.28, 151.28, 151.28, 151.28, 102.28, 78.28, 91.28];73.0;[1, 5, 2, 4, 2, 6, 1, 4, 8, 3, 3, 3, 4, 2, 1, 2, 6, 4, 2, 2, 1, 7, 2, 4, 5, 4, 1, 1];7;90;True
40;90;40;1;True;2000;1;0;0;0;0;0;0;206.9237220287323;23.423710346221924;15552838.807217838;15542799.447167676;5054.216565633175;4985.14;[165.46, 158.46, 87.46, 165.46, 148.46, 92.46, 101.46, 165.46, 105.46, 95.46, 85.46, 134.46, 148.46, 108.46, 133.46, 163.46, 88.46, 110.46, 134.46, 140.46, 119.46, 71.46, 118.46, 165.46, 110.46, 121.46, 106.46, 165.46, 94.46, 165.46, 143.46, 71.46, 115.46, 165.46, 97.46, 137.46, 165.46, 82.2, 103.46, 131.46];94.00000000000001;[5, 2, 1, 5, 1, 1, 2, 3, 2, 1, 1, 4, 1, 2, 4, 1, 2, 2, 1, 2, 1, 1, 5, 3, 1, 1, 3, 3, 6, 3, 1, 1, 3, 1, 4, 3, 1, 1, 5];5;90;True
40;90;40;2;True;2000;1;0;0;0;0;0;0;207.6464102268219;24.109785795211792;14423323.239167755;14413116.588080104;5698.6153256613825;4507.88;[111.25, 118.25, 149.25, 155.25, 112.25, 161.25, 95.25, 75.25, 89.25, 133.25, 85.25, 128.25, 80.25, 128.25, 99.25, 86.25, 63.19, 116.25, 161.25, 69.25, 161.25, 127.25, 105.25, 152.25, 161.25, 97.25, 81.25, 84.25, 75.25, 68.25, 137.25, 78.25, 135.25, 104.25, 118.25, 161.25, 161.25, 127.25, 61.19, 92.25];100.06;[2, 2, 2, 4, 2, 3, 2, 1, 1, 2, 2, 2, 1, 2, 2, 2, 2, 3, 2, 2, 5, 3, 4, 5, 3, 2, 1, 2, 4, 3, 3, 2, 5, 3, 1, 1, 2];4;90;True
40;90;40;3;True;2000;1;0;0;0;0;0;0;206.25249004364014;20.958670139312744;11485675.169748709;11475597.97645467;5431.626823479961;4645.4900000000025;[152.01, 147.01, 118.01, 153.01, 162.01, 91.02, 64.3, 87.02, 145.01, 122.01, 59.36, 95.02, 158.01, 93.02, 106.01, 96.02, 79.02, 106.01, 73.23, 162.01, 74.23, 126.01, 151.01, 72.23, 119.01, 56.36, 176.01, 53.36, 94.02, 149.01, 89.02, 101.02, 157.01, 172.01, 130.01, 112.01, 140.01, 143.01, 147.01, 114.01];122.64999999999999;[5, 2, 2, 4, 3, 2, 1, 2, 4, 2, 2, 4, 3, 2, 1, 1, 2, 6, 2, 3, 4, 1, 2, 3, 1, 2, 2, 3, 5, 2, 2, 3, 2, 2, 1, 2];5;90;True
40;90;40;4;True;2000;1;0;0;0;0;0;0;187.98139786720276;25.223190784454346;11175924.970724259;11165435.977329174;5664.829064044215;4824.030000000001;[83.03, 134.17, 77.68, 122.79, 129.17, 144.17, 154.17, 154.17, 86.33, 151.17, 61.43, 134.17, 71.43, 109.79, 154.17, 154.17, 118.79, 137.17, 124.79, 91.33, 150.17, 62.43, 154.17, 109.79, 85.33, 94.79, 130.17, 97.79, 122.79, 99.79, 147.17, 154.17, 150.17, 143.17, 122.79, 132.17, 106.79, 93.33, 118.79, 154.17];92.73999999999998;[3, 3, 1, 1, 2, 2, 2, 6, 1, 4, 2, 1, 1, 1, 4, 2, 4, 3, 2, 2, 1, 4, 2, 2, 1, 4, 1, 3, 2, 2, 3, 2, 3, 2, 3, 1, 4, 3];5;90;True
40;90;40;5;True;2000;1;0;0;0;0;0;0;158.5160059928894;21.23616671562195;9757878.80775702;9748183.389869267;5322.79755729595;4372.6900000000005;[117.94, 124.94, 95.1, 124.94, 76.27, 124.94, 124.94, 84.1, 124.94, 89.1, 124.94, 68.27, 94.1, 116.94, 116.94, 124.94, 84.1, 80.27, 124.94, 109.94, 124.94, 124.94, 115.94, 101.1, 65.27, 124.94, 83.1, 93.1, 124.94, 124.94, 124.94, 124.94, 124.94, 124.94, 108.94, 124.94, 76.27, 124.94, 102.1, 119.94];59.67;[2, 3, 3, 4, 2, 2, 1, 1, 3, 2, 5, 4, 2, 1, 1, 4, 1, 4, 2, 2, 7, 1, 1, 4, 4, 4, 2, 2, 1, 2, 5, 1, 3, 1, 3];6;90;True
40;90;40;6;True;2000;1;0;0;0;0;0;0;193.12678837776184;20.97668957710266;8702096.832445523;8691869.404152893;5128.593876699846;5098.850000000001;[122.4, 133.31, 172.31, 168.31, 127.4, 172.31, 168.31, 165.31, 154.31, 67.39, 62.39, 87.4, 172.31, 109.4, 96.4, 60.39, 172.31, 92.4, 108.4, 101.4, 144.31, 109.4, 116.4, 75.02, 165.31, 172.31, 172.31, 82.39, 81.39, 80.39, 103.4, 152.31, 128.4, 172.31, 140.31, 143.31, 172.31, 86.4, 129.4, 157.31];111.92;[2, 4, 4, 4, 6, 1, 2, 1, 3, 4, 3, 2, 1, 1, 6, 3, 2, 2, 3, 1, 2, 2, 2, 2, 1, 1, 3, 5, 5, 1, 2, 4, 1, 2, 2];5;90;True
50;90;50;1;True;2000;1;0;0;0;0;0;0;173.36184287071228;33.82278227806091;8424960.305121368;8414943.839413874;5099.473540548919;4916.959999999999;[135.4, 77.08, 67.08, 135.4, 135.4, 85.08, 82.08, 135.4, 87.08, 88.08, 47.98, 92.08, 115.4, 89.08, 104.4, 98.08, 68.08, 80.08, 132.4, 99.4, 104.4, 48.98, 102.4, 87.08, 135.4, 93.08, 72.08, 135.4, 96.08, 135.4, 133.4, 64.98, 97.08, 135.4, 73.08, 119.4, 135.4, 52.92, 64.98, 135.4, 64.98, 107.4, 66.08, 94.08, 59.98, 67.22, 73.62, 135.4, 135.4, 135.4];87.42000000000002;[4, 1, 1, 5, 2, 1, 3, 1, 1, 1, 3, 1, 1, 1, 2, 2, 3, 2, 2, 1, 2, 2, 2, 1, 1, 2, 2, 2, 2, 4, 2, 5, 3, 1, 5, 3, 1, 2, 1, 1, 1, 3, 4];4;90;True
50;90;50;2;True;2000;1;0;0;0;0;0;0;184.41046500205994;32.58312511444092;8963307.083149085;8952964.634878114;5586.247533061518;4756.2999999999965;[74.45, 123.45, 134.45, 87.45, 89.45, 134.45, 68.45, 59.2, 46.26, 140.45, 72.45, 140.45, 60.2, 109.45, 73.45, 79.95, 44.26, 87.45, 109.45, 56.97, 140.45, 121.45, 74.45, 140.45, 138.45, 113.45, 76.45, 88.45, 61.2, 69.45, 130.45, 64.55, 97.45, 86.45, 88.45, 140.45, 140.45, 100.45, 52.26, 92.45, 123.45, 71.45, 87.45, 97.45, 74.45, 82.95, 82.95, 110.45, 108.45, 107.45];96.19;[1, 2, 1, 4, 1, 1, 2, 2, 2, 4, 1, 1, 1, 1, 1, 2, 1, 1, 5, 2, 4, 4, 2, 1, 1, 1, 2, 1, 2, 1, 3, 4, 4, 3, 2, 3, 5, 2, 2, 1, 2, 1, 1, 2];4;90;True
50;90;50;3;True;2000;1;0;0;0;0;0;0;205.92582964897156;33.056798696517944;10310997.35334403;10300978.801130231;5436.1522552849365;4582.579999999997;[101.97, 89.97, 90.97, 125.97, 88.97, 62.97, 51.3, 94.97, 139.97, 116.97, 49.27, 84.97, 159.97, 85.97, 61.97, 79.97, 57.9, 90.97, 55.26, 152.97, 82.97, 106.97, 151.97, 65.97, 79.97, 74.97, 159.97, 45.27, 68.97, 106.97, 51.72, 117.97, 159.97, 123.97, 85.97, 84.97, 85.97, 90.97, 117.97, 100.97, 73.97, 102.97, 75.97, 63.97, 72.97, 68.97, 69.97, 106.97, 79.97, 59.15];114.69999999999999;[2, 1, 1, 3, 1, 1, 2, 4, 3, 6, 2, 3, 1, 1, 1, 1, 1, 5, 2, 4, 4, 1, 4, 1, 1, 1, 3, 5, 5, 2, 1, 2, 1, 2, 2, 1, 2, 1, 1, 1, 1, 2, 1];5;90;True
50;90;50;4;True;2000;1;0;0;0;0;0;0;252.774409532547;40.83053493499756;15917466.001387358;15905945.299562732;5582.832429939114;5937.950000000003;[71.32, 128.05, 71.32, 112.05, 129.05, 212.05, 101.05, 106.05, 60.2, 147.05, 61.2, 106.05, 58.2, 110.05, 132.05, 180.05, 107.05, 116.05, 146.05, 95.05, 155.05, 49.2, 88.32, 107.05, 80.32, 85.32, 187.05, 54.2, 103.05, 85.32, 127.05, 123.05, 170.05, 175.05, 123.05, 125.05, 99.05, 87.32, 115.05, 137.05, 110.05, 84.32, 212.05, 191.05, 189.05, 138.05, 195.05, 78.32, 123.05, 90.32];162.85000000000002;[1, 1, 1, 3, 3, 4, 2, 3, 1, 1, 2, 2, 1, 1, 3, 3, 2, 2, 3, 1, 1, 1, 1, 2, 2, 1, 3, 2, 3, 1, 1, 3, 1, 3, 5, 1, 5, 3, 1, 1, 7, 1, 1];6;90;True
50;90;50;5;True;2000;1;0;0;0;0;0;0;164.64009857177734;31.356247186660767;8388081.531473362;8377686.291095835;5293.738452867504;5101.700000000002;[85.31, 133.1, 93.31, 121.31, 64.81, 133.1, 98.31, 65.81, 133.1, 74.81, 133.1, 3.0, 75.81, 84.31, 81.31, 133.1, 65.81, 66.81, 126.31, 102.31, 133.1, 129.1, 133.1, 79.31, 44.81, 133.1, 62.81, 71.81, 133.1, 133.1, 110.31, 115.31, 133.1, 103.31, 95.31, 133.1, 49.81, 133.1, 133.1, 84.31, 91.31, 117.31, 96.31, 78.31, 113.31, 54.81, 133.1, 133.1, 133.1, 132.1];130.1;[1, 3, 2, 2, 1, 1, 3, 2, 2, 2, 3, 3, 2, 3, 1, 2, 3, 2, 1, 1, 1, 1, 3, 6, 1, 2, 4, 1, 4, 2, 2, 1, 4, 1, 3, 6, 4, 2, 2];5;90;True
50;90;50;6;True;2000;1;0;0;0;0;0;0;200.02083611488342;39.8362717628479;11272552.04711927;11262503.219330702;5196.4080292979415;4852.56;[96.31, 102.31, 148.31, 122.31, 93.31, 123.31, 84.31, 148.31, 97.31, 54.27, 63.31, 69.31, 147.31, 134.31, 69.31, 45.82, 122.31, 78.31, 74.31, 66.31, 102.31, 108.31, 104.31, 53.13, 125.31, 138.31, 109.31, 71.31, 64.31, 68.31, 75.31, 144.31, 99.31, 144.31, 132.31, 84.31, 137.31, 68.31, 77.31, 109.31, 126.31, 42.2, 64.31, 134.31, 125.31, 83.31, 47.17, 55.33, 89.31, 127.31];106.11;[1, 1, 6, 2, 1, 4, 5, 5, 2, 1, 1, 3, 5, 1, 1, 3, 2, 1, 1, 1, 1, 2, 2, 3, 1, 2, 1, 2, 4, 1, 4, 1, 1, 3, 2, 1, 2, 1, 3, 3, 1, 1, 1];5;90;True
60;90;60;1;True;2000;1;0;0;0;0;0;0;164.96555304527283;50.045414447784424;9063117.025108082;9052497.101928448;5143.069253801914;5476.679999999999;[122.0, 71.98, 86.0, 122.0, 114.0, 77.17, 57.9, 122.0, 83.0, 66.99, 59.73, 99.0, 109.0, 95.0, 103.0, 94.0, 66.99, 71.98, 97.0, 97.0, 97.0, 39.36, 90.0, 122.0, 88.0, 102.0, 54.6, 122.0, 93.0, 122.0, 105.0, 40.2, 85.0, 122.0, 71.98, 112.0, 122.0, 43.6, 61.47, 122.0, 68.99, 122.0, 82.0, 101.0, 52.6, 59.73, 61.47, 122.0, 118.0, 122.0, 105.0, 110.0, 78.0, 54.6, 104.0, 75.17, 122.0, 88.0, 122.0, 77.17];82.64;[2, 1, 1, 2, 3, 1, 3, 1, 1, 1, 2, 1, 1, 1, 3, 2, 1, 1, 2, 1, 1, 3, 2, 2, 3, 1, 2, 3, 4, 2, 4, 4, 1, 1, 1, 2, 3, 3, 1, 3, 1, 2, 1, 3, 3, 2, 1];3;90;True
60;90;60;2;True;2000;1;0;0;0;0;0;0;236.17443180084229;52.60226249694824;14834227.046953373;14823925.873919649;5490.650553111576;4810.339999999999;[68.04, 114.04, 78.04, 66.04, 85.04, 162.04, 51.5, 45.5, 39.54, 81.04, 61.04, 110.04, 53.5, 74.04, 52.5, 60.04, 40.54, 121.04, 111.04, 49.5, 140.04, 93.04, 68.04, 80.04, 162.04, 105.04, 52.5, 60.04, 43.5, 54.5, 121.04, 46.5, 69.04, 75.04, 138.04, 156.04, 104.04, 76.04, 46.5, 84.04, 53.5, 46.5, 67.04, 77.04, 95.04, 66.04, 56.04, 134.04, 60.04, 124.04, 125.04, 63.04, 86.04, 41.5, 99.04, 94.04, 76.04, 34.54, 57.04, 55.5];127.5;[2, 1, 4, 2, 1, 2, 2, 1, 1, 1, 1, 2, 1, 3, 2, 2, 2, 5, 3, 1, 1, 3, 1, 3, 6, 3, 2, 2, 1, 1, 3, 2, 2, 2, 3, 1, 2, 4, 2, 2, 3, 1, 1];5;90;True
60;90;60;3;True;2000;1;0;0;0;0;0;0;200.38736057281494;57.55587577819824;12681744.69884911;12671305.548274085;5381.121952512675;5058.130000000002;[68.57, 98.77, 94.77, 88.77, 93.77, 52.3, 51.96, 94.77, 108.77, 111.77, 52.3, 64.57, 141.77, 74.57, 56.73, 71.57, 56.73, 73.57, 54.73, 141.77, 70.57, 89.77, 120.77, 54.73, 64.57, 63.57, 119.77, 42.4, 63.57, 85.87, 46.4, 95.77, 104.77, 101.77, 128.77, 76.57, 89.77, 85.87, 127.77, 107.77, 77.57, 90.77, 79.09, 55.73, 75.57, 60.73, 79.87, 96.77, 67.57, 52.3, 74.57, 48.4, 102.77, 103.77, 54.73, 122.77, 41.49, 134.77, 141.77, 103.77];100.28;[1, 1, 2, 1, 2, 1, 7, 6, 1, 1, 3, 2, 2, 1, 1, 2, 2, 3, 1, 4, 3, 4, 1, 1, 2, 1, 2, 1, 2, 4, 1, 2, 1, 1, 1, 5, 3, 4, 7];6;90;True
60;90;60;4;True;2000;1;0;0;0;0;0;0;223.14973425865173;62.61199402809143;19503395.404996652;19492324.801037923;5565.83354014358;5504.900000000003;[45.42, 99.42, 42.42, 97.42, 127.42, 147.42, 147.42, 103.42, 51.42, 102.42, 44.42, 88.42, 47.42, 87.42, 107.42, 146.42, 101.42, 100.42, 91.42, 59.42, 147.42, 35.27, 79.42, 70.42, 52.42, 61.42, 135.42, 42.42, 75.42, 67.42, 101.42, 99.42, 124.42, 108.42, 95.42, 91.42, 95.42, 54.42, 81.42, 127.42, 78.42, 61.42, 144.42, 147.42, 133.42, 108.42, 147.42, 59.42, 147.42, 50.42, 79.42, 67.42, 111.42, 68.42, 83.42, 97.42, 93.42, 136.42, 66.42, 38.27];112.14999999999998;[2, 2, 3, 2, 2, 1, 5, 1, 3, 1, 4, 1, 3, 3, 2, 1, 4, 1, 3, 1, 2, 2, 3, 2, 2, 1, 3, 2, 2, 3, 3, 6, 3, 1, 1, 1, 2, 1, 1, 1, 1, 2];5;90;True
60;90;60;5;True;2000;1;0;0;0;0;0;0;234.32112956047058;57.83286380767822;13330299.252364276;13318659.290090859;5325.694023426392;6314.449999999997;[80.66, 156.54, 87.66, 108.52, 55.66, 115.54, 105.52, 61.66, 117.54, 70.66, 183.54, 1.0, 87.66, 149.54, 75.66, 137.54, 53.66, 63.66, 99.66, 99.66, 143.54, 134.54, 167.54, 80.66, 38.71, 153.54, 56.66, 58.66, 115.54, 161.54, 115.54, 105.52, 142.54, 101.66, 98.66, 183.54, 42.7, 127.54, 183.54, 73.46, 75.66, 130.54, 84.66, 81.66, 126.54, 48.7, 149.54, 94.66, 122.54, 84.66, 144.54, 65.66, 181.54, 127.54, 95.66, 92.66, 85.66, 79.66, 79.66, 165.54];182.54;[2, 2, 2, 1, 3, 1, 2, 1, 1, 3, 3, 1, 2, 3, 3, 1, 1, 2, 2, 4, 3, 2, 1, 2, 1, 3, 3, 1, 1, 1, 1, 4, 1, 1, 2, 5, 3, 1, 2, 1, 4, 1, 2, 4];4;90;True
60;90;60;6;True;2000;1;0;0;0;0;0;0;221.49223446846008;62.111457109451294;17207588.641956486;17196549.697766248;5220.575619162903;5818.569999999997;[84.36, 86.36, 123.36, 102.36, 91.36, 146.36, 81.36, 155.36, 118.36, 46.28, 56.64, 73.36, 155.36, 105.36, 63.64, 24.3, 113.36, 70.36, 77.36, 155.36, 114.36, 103.36, 102.36, 48.64, 124.36, 155.36, 132.36, 69.36, 66.21, 59.64, 84.36, 138.36, 110.36, 141.36, 142.36, 86.36, 132.36, 58.64, 71.36, 103.36, 145.36, 35.53, 61.64, 146.36, 155.36, 85.36, 81.36, 49.76, 89.36, 143.36, 155.36, 9.71, 39.53, 58.64, 117.36, 99.36, 149.36, 75.36, 77.36, 67.57];145.65;[3, 2, 1, 5, 5, 4, 2, 3, 4, 1, 3, 1, 2, 1, 1, 1, 1, 1, 2, 2, 1, 2, 2, 1, 1, 1, 2, 2, 1, 1, 2, 2, 1, 2, 3, 2, 1, 1, 6, 1, 1, 4, 2, 3];5;90;True
70;90;70;1;True;2000;1;0;0;0;0;0;0;215.59603571891785;59.98183250427246;10912871.186040223;10902652.107505685;5200.500948726685;5018.850000000002;[93.89, 39.89, 42.89, 108.89, 76.89, 69.89, 73.89, 128.89, 68.89, 52.89, 39.89, 65.89, 139.89, 77.89, 61.89, 84.89, 56.89, 57.89, 81.89, 69.89, 71.89, 19.56, 67.89, 54.89, 61.89, 76.89, 45.89, 99.89, 53.89, 139.89, 82.89, 31.33, 85.89, 113.89, 71.89, 86.89, 135.89, 27.33, 50.89, 102.89, 46.89, 95.89, 48.89, 50.89, 38.89, 44.89, 44.89, 95.89, 103.89, 122.89, 47.89, 134.89, 59.89, 39.89, 79.89, 62.89, 111.89, 60.89, 93.89, 64.89, 78.89, 70.89, 76.89, 77.89, 45.89, 54.89, 58.89, 48.89, 34.89, 43.89];120.32999999999998;[3, 1, 2, 1, 3, 2, 2, 4, 1, 2, 1, 1, 1, 2, 1, 4, 2, 3, 1, 3, 2, 3, 2, 1, 2, 3, 2, 1, 2, 1, 1, 4, 4, 2, 3, 2, 3, 1, 2, 1, 4, 2, 1, 1];3;90;True
70;90;70;2;True;2000;1;0;0;0;0;0;0;221.42996072769165;72.53813362121582;16033302.485937092;16022530.444068812;5576.89472375616;5195.410000000006;[53.52, 123.52, 99.52, 98.52, 51.52, 119.52, 45.52, 31.52, 26.52, 83.52, 40.52, 120.52, 36.52, 87.52, 85.52, 46.52, 28.52, 134.52, 74.52, 29.52, 102.52, 72.52, 47.52, 123.52, 138.52, 114.52, 37.52, 44.52, 33.52, 40.52, 133.52, 37.52, 81.52, 52.52, 109.52, 91.52, 121.52, 73.52, 30.52, 60.52, 43.52, 108.52, 74.52, 110.52, 138.52, 44.52, 49.52, 138.52, 58.52, 121.52, 129.52, 52.52, 65.52, 30.52, 85.52, 71.52, 86.52, 10.92, 38.52, 44.52, 43.52, 76.52, 52.52, 122.52, 100.52, 62.52, 134.52, 49.52, 62.52, 22.13];127.60000000000001;[5, 1, 2, 2, 1, 1, 1, 1, 1, 2, 1, 1, 1, 1, 4, 1, 3, 1, 5, 1, 1, 1, 1, 4, 1, 1, 1, 1, 1, 1, 2, 2, 3, 2, 2, 2, 1, 1, 3, 1, 1, 3, 1, 1, 3, 1, 5, 3, 2, 1, 1];4;90;True
70;90;70;3;True;2000;1;0;0;0;0;0;0;231.93017864227295;77.05841779708862;22578971.045087807;22569289.195289344;5410.811042625679;4271.140000000006;[61.76, 117.76, 68.76, 79.76, 53.76, 24.65, 30.65, 72.76, 105.76, 84.76, 26.65, 44.76, 127.76, 66.76, 38.76, 52.76, 53.76, 44.76, 30.65, 79.76, 47.76, 59.76, 94.76, 40.76, 45.76, 41.76, 103.76, 25.65, 37.76, 66.76, 25.65, 81.76, 127.76, 89.76, 105.76, 56.76, 67.76, 65.76, 64.76, 72.76, 47.76, 78.76, 47.76, 33.65, 46.76, 34.65, 40.76, 74.76, 50.76, 34.65, 42.76, 26.65, 110.76, 102.76, 30.65, 127.76, 18.65, 98.76, 110.76, 82.76, 78.76, 63.76, 70.76, 2.0, 23.65, 58.76, 50.76, 52.76, 1.0, 36.65];126.76;[2, 3, 3, 1, 1, 3, 1, 4, 5, 2, 2, 1, 3, 1, 2, 3, 1, 1, 3, 3, 1, 4, 3, 1, 2, 1, 1, 1, 1, 1, 1, 2, 2, 2, 1, 6, 2, 2, 4, 2, 1, 1, 2, 1];5;90;True
70;90;70;4;True;2000;1;0;0;0;0;0;0;218.89273262023926;61.87548613548279;11168446.76930984;11157345.503830183;5494.384151320777;5607.040000000005;[35.83, 101.34, 31.67, 112.34, 144.34, 153.34, 125.34, 60.36, 48.1, 94.34, 34.84, 84.34, 41.1, 63.68, 111.34, 116.34, 81.34, 96.34, 78.34, 57.36, 95.34, 19.8, 55.36, 75.34, 44.1, 93.34, 80.34, 28.55, 68.34, 68.34, 104.34, 69.34, 140.34, 74.34, 86.34, 116.34, 103.34, 66.68, 84.34, 109.34, 72.34, 62.68, 153.34, 90.34, 89.34, 111.34, 79.34, 53.6, 70.34, 44.1, 72.34, 66.68, 99.34, 43.1, 129.34, 94.34, 97.34, 86.34, 51.1, 38.1, 24.47, 42.1, 117.34, 67.34, 55.36, 108.34, 89.34, 98.34, 77.34, 66.68];133.54;[3, 2, 3, 5, 4, 1, 2, 3, 2, 2, 1, 3, 3, 2, 1, 3, 1, 1, 1, 3, 2, 2, 2, 1, 2, 1, 2, 7, 5, 2, 1, 1, 1, 1, 1, 3, 1, 1, 2, 1, 1, 1, 1, 1, 1];6;90;True
70;90;70;5;True;2000;1;0;0;0;0;0;0;217.68861865997314;71.76060652732849;12251516.540165884;12239533.60097694;5367.246863508382;6615.630000000005;[70.27, 109.93, 84.4, 117.93, 43.11, 116.93, 105.93, 41.11, 103.93, 56.1, 161.93, 1.0, 50.1, 74.27, 66.38, 153.93, 45.11, 46.11, 103.93, 94.93, 133.93, 128.93, 161.93, 66.1, 26.11, 154.93, 40.11, 43.11, 124.93, 140.93, 92.28, 97.93, 133.93, 104.93, 98.93, 158.93, 30.11, 115.93, 161.93, 66.38, 56.1, 114.93, 69.27, 69.27, 91.19, 37.11, 121.93, 97.93, 112.93, 74.27, 107.93, 44.11, 120.93, 123.93, 70.27, 70.27, 92.28, 81.27, 80.27, 132.93, 161.93, 83.01, 144.93, 115.93, 79.27, 66.1, 114.93, 118.93, 136.93, 94.93];160.93;[1, 1, 2, 1, 2, 1, 5, 1, 1, 1, 1, 1, 2, 2, 1, 3, 2, 1, 5, 1, 1, 3, 1, 2, 3, 1, 1, 2, 2, 2, 1, 2, 2, 4, 1, 1, 2, 1, 3, 2, 2, 5, 1, 1, 1, 2, 4, 2];4;90;True
70;90;70;6;True;2000;1;0;0;0;0;0;0;183.89962005615234;70.6506736278534;11700415.272712586;11689317.521120632;5222.917119969074;5874.779999999996;[82.5, 64.12, 108.58, 89.58, 88.58, 120.97, 71.94, 125.97, 125.97, 39.56, 54.63, 65.12, 125.97, 103.58, 59.12, 23.7, 83.5, 106.58, 61.12, 125.97, 117.97, 79.5, 90.58, 42.12, 121.97, 125.97, 110.58, 61.12, 52.72, 48.72, 82.5, 83.5, 85.58, 104.58, 76.5, 84.5, 124.97, 48.72, 99.58, 109.58, 125.97, 21.7, 50.72, 88.58, 124.97, 83.5, 33.2, 40.12, 77.5, 125.97, 125.97, 9.63, 30.7, 36.7, 110.58, 92.58, 125.97, 57.08, 81.5, 61.12, 59.12, 47.23, 71.94, 68.1, 115.97, 95.58, 70.94, 125.97, 111.58, 125.97];116.34;[2, 3, 4, 3, 6, 1, 2, 2, 3, 1, 1, 1, 1, 1, 6, 1, 3, 1, 5, 1, 2, 1, 2, 1, 1, 2, 2, 2, 2, 1, 2, 2, 1, 2, 2, 1, 2, 4, 2, 1, 1, 2, 2, 1, 1];5;90;True
80;90;80;1;True;2000;1;0;0;0;0;0;0;198.09518098831177;66.71939706802368;9885876.870435817;9875524.48165145;5152.696511724257;5199.759999999996;[72.41, 33.97, 45.41, 107.41, 87.41, 59.41, 62.41, 124.41, 71.41, 58.41, 28.97, 71.41, 103.41, 51.41, 52.41, 98.41, 28.03, 40.93, 87.41, 99.41, 70.41, 3.8, 77.41, 43.47, 58.41, 72.41, 35.62, 124.41, 48.41, 96.41, 67.41, 19.97, 75.41, 64.41, 76.41, 91.41, 124.41, 18.97, 32.97, 120.41, 38.93, 79.41, 43.11, 104.41, 31.97, 56.41, 38.16, 81.41, 113.41, 90.41, 42.11, 75.41, 49.41, 16.97, 71.41, 32.97, 108.41, 59.41, 109.41, 47.41, 71.41, 63.41, 84.41, 111.41, 48.41, 55.41, 51.41, 34.62, 13.97, 40.93, 50.41, 117.41, 64.41, 21.97, 4.14, 96.41, 124.41, 47.41, 55.41, 44.84];120.61;[2, 1, 1, 1, 2, 2, 2, 1, 1, 2, 1, 1, 1, 1, 1, 1, 4, 3, 2, 2, 5, 2, 3, 2, 3, 1, 3, 1, 4, 1, 1, 3, 3, 1, 1, 3, 1, 3, 1, 2, 1, 1, 1, 1, 2, 2, 1, 3, 1, 1];4;90;True
80;90;80;2;True;2000;1;0;0;0;0;0;0;217.63377141952515;75.15789580345154;16562078.331981864;16551982.429440988;5614.703749335133;4481.139999999996;[65.24, 67.24, 124.24, 49.24, 35.86, 107.24, 33.86, 28.86, 21.65, 57.24, 30.86, 75.24, 32.86, 50.24, 39.86, 26.86, 17.38, 60.24, 62.24, 25.86, 98.24, 56.24, 40.86, 85.24, 94.24, 44.1, 32.86, 36.86, 31.86, 31.86, 123.24, 31.86, 49.24, 44.1, 124.24, 88.24, 82.24, 42.86, 16.53, 47.1, 63.24, 34.86, 47.1, 59.24, 51.24, 50.24, 45.1, 124.24, 52.24, 97.24, 110.24, 42.86, 48.24, 24.37, 81.24, 61.24, 54.24, 10.76, 24.37, 35.86, 39.86, 72.24, 42.86, 112.24, 75.24, 67.24, 101.24, 38.86, 54.24, 10.76, 41.86, 62.24, 79.24, 20.38, 99.24, 26.86, 37.86, 76.24, 42.86, 47.1];113.47999999999999;[1, 1, 2, 1, 3, 2, 1, 1, 1, 1, 1, 1, 4, 1, 2, 3, 1, 5, 1, 4, 1, 3, 1, 2, 4, 3, 2, 8, 3, 1, 4, 1, 2, 1, 1, 1, 2, 3, 1, 4, 1, 1, 2, 1];7;90;True
80;90;80;3;True;2000;1;0;0;0;0;0;0;244.31262183189392;108.24250102043152;20557360.79813459;20546924.111003228;5459.903531305822;4976.599999999994;[56.24, 78.24, 78.24, 74.24, 80.24, 36.68, 30.79, 72.24, 109.24, 67.24, 21.24, 49.24, 98.24, 61.24, 39.72, 53.24, 40.93, 32.78, 34.68, 84.24, 44.34, 85.24, 127.24, 31.77, 58.24, 50.24, 89.24, 24.3, 58.24, 83.24, 25.56, 106.24, 74.24, 87.24, 140.24, 59.24, 77.24, 53.24, 86.24, 77.24, 56.24, 85.24, 51.24, 42.53, 54.24, 43.53, 61.24, 81.24, 52.24, 25.3, 49.24, 26.3, 104.24, 70.24, 39.72, 121.24, 19.61, 111.24, 91.24, 93.24, 90.24, 71.24, 49.24, 2.84, 16.76, 57.24, 63.24, 63.24, 1.0, 40.72, 38.5, 41.8, 22.19, 65.24, 101.24, 86.24, 65.24, 80.24, 46.81, 56.24];139.24;[1, 1, 1, 2, 2, 4, 2, 2, 1, 1, 1, 2, 4, 4, 1, 1, 3, 4, 4, 1, 1, 1, 1, 2, 1, 2, 2, 1, 6, 3, 3, 3, 4, 2, 2, 1, 1, 1, 2, 4, 3, 2];5;90;True
80;90;80;4;True;2000;1;0;0;0;0;0;0;194.86377143859863;75.7280650138855;10951298.926406926;10939790.503590021;5651.334075570297;5857.390000000002;[33.4, 78.1, 26.82, 96.1, 120.1, 46.74, 122.1, 109.1, 40.07, 120.1, 28.82, 111.1, 31.82, 62.1, 104.1, 120.1, 66.1, 80.1, 63.1, 53.08, 103.1, 11.4, 42.09, 65.1, 43.09, 63.1, 80.1, 23.82, 59.1, 63.1, 90.1, 60.1, 116.1, 70.1, 68.1, 95.1, 86.1, 59.1, 78.1, 105.1, 70.1, 44.9, 126.1, 92.1, 79.1, 73.1, 106.1, 47.4, 72.1, 43.09, 56.1, 54.08, 107.1, 43.09, 93.1, 78.1, 73.1, 109.1, 58.1, 32.28, 20.12, 44.9, 100.1, 37.3, 55.1, 119.1, 79.1, 120.1, 67.1, 52.08, 48.24, 97.1, 84.1, 83.1, 53.08, 84.1, 104.1, 75.1, 126.1, 54.08];114.69999999999999;[2, 3, 2, 7, 2, 2, 3, 2, 3, 1, 1, 2, 1, 1, 1, 2, 1, 1, 1, 4, 1, 1, 1, 2, 2, 1, 3, 4, 2, 2, 1, 1, 1, 2, 1, 1, 4, 1, 3, 2, 1, 2, 1, 1, 2, 1, 1, 3];6;90;True
80;90;80;5;True;2000;1;0;0;0;0;0;0;255.79710030555725;97.85413908958435;23711795.46610729;23700362.98639745;5361.868526100386;6070.63999999999;[54.98, 114.98, 43.98, 88.98, 23.67, 101.98, 98.98, 35.98, 75.98, 46.98, 81.98, 1.0, 37.98, 54.98, 51.98, 129.98, 39.98, 36.98, 68.98, 75.98, 116.98, 105.98, 147.98, 59.98, 2.86, 118.98, 30.98, 37.98, 115.98, 106.98, 70.98, 83.98, 126.98, 73.98, 67.98, 121.98, 19.73, 135.98, 160.98, 52.98, 38.98, 111.98, 43.98, 48.98, 77.98, 25.67, 88.98, 76.98, 97.98, 57.98, 109.98, 33.98, 128.98, 93.98, 45.98, 64.98, 59.98, 49.98, 46.98, 113.98, 116.98, 91.98, 125.98, 96.98, 106.98, 43.98, 77.98, 138.98, 90.98, 70.98, 68.98, 145.98, 101.98, 59.98, 64.98, 2.37, 60.98, 75.98, 28.8, 53.98];159.98;[1, 2, 2, 2, 1, 2, 2, 2, 2, 3, 2, 1, 1, 1, 1, 1, 3, 1, 3, 3, 4, 2, 2, 4, 1, 2, 3, 1, 4, 3, 1, 2, 1, 1, 2, 1, 2, 2, 1, 1, 1, 3, 1, 4, 2, 2, 1];3;90;True
80;90;80;6;True;2000;1;0;0;0;0;0;0;223.9109501838684;99.54429125785828;14346034.361534934;14335650.151572099;5279.591249709948;5104.639999999994;[76.45, 54.45, 100.45, 68.45, 80.45, 136.45, 54.45, 112.45, 78.45, 27.19, 37.45, 43.45, 111.45, 94.45, 48.45, 7.51, 65.45, 59.45, 49.45, 128.45, 82.45, 60.45, 53.45, 26.19, 79.45, 136.45, 72.45, 37.45, 42.45, 31.45, 43.45, 117.45, 86.45, 96.45, 101.45, 72.45, 136.45, 28.45, 40.45, 85.45, 66.45, 23.05, 34.45, 73.45, 95.45, 60.45, 18.0, 14.02, 48.45, 109.45, 120.45, 8.83, 11.02, 44.45, 61.45, 44.45, 134.45, 45.45, 59.45, 26.19, 34.45, 37.45, 36.45, 35.45, 31.45, 86.45, 81.45, 74.45, 62.45, 79.45, 111.45, 57.45, 2.8, 104.45, 39.45, 23.05, 30.45, 136.45, 47.45, 27.19];133.64999999999998;[1, 2, 2, 2, 2, 3, 2, 3, 3, 3, 2, 2, 1, 1, 3, 2, 1, 1, 4, 1, 1, 1, 1, 1, 1, 2, 1, 1, 1, 1, 1, 3, 2, 1, 4, 2, 3, 2, 1, 1, 1, 1, 1, 4, 2, 2, 1, 1, 3, 2];3;90;True
90;90;90;1;True;2000;1;0;0;0;0;0;0;224.25337290763855;138.95138669013977;15801559.226302247;15790699.29977984;5278.189933512362;5581.790000000003;[70.44, 53.76, 33.44, 82.44, 64.82, 58.82, 61.82, 124.26, 61.82, 57.82, 11.25, 79.44, 94.26, 53.91, 68.44, 80.44, 20.69, 49.51, 103.26, 58.82, 52.76, 3.13, 66.44, 56.82, 53.91, 63.82, 31.44, 72.44, 52.76, 131.26, 74.44, 19.17, 67.44, 78.44, 65.82, 75.44, 108.26, 15.25, 23.93, 89.26, 34.25, 92.26, 44.51, 102.26, 38.1, 46.51, 29.44, 75.44, 114.26, 85.26, 52.28, 118.26, 51.51, 20.17, 71.44, 50.51, 85.26, 63.82, 98.26, 49.51, 78.44, 65.82, 131.26, 73.44, 42.51, 49.51, 54.91, 25.59, 15.25, 39.1, 51.51, 81.44, 61.82, 19.17, 4.31, 73.44, 126.26, 56.82, 56.82, 45.51, 61.82, 85.26, 130.26, 43.51, 77.44, 10.25, 22.62, 33.44, 65.82, 83.44];128.13;[1, 1, 3, 2, 1, 1, 1, 1, 1, 1, 1, 3, 4, 4, 1, 1, 2, 4, 4, 1, 3, 1, 1, 1, 5, 1, 2, 1, 3, 1, 1, 3, 2, 1, 1, 1, 1, 1, 1, 3, 2, 1, 4, 2, 4, 2, 1, 2];4;90;True
90;90;90;2;True;2000;1;0;0;0;0;0;0;262.2982940673828;136.01432633399963;33220464.2538579;33209014.845858306;5656.470233480707;5792.990000000001;[32.73, 101.53, 141.42, 58.15, 37.73, 106.76, 31.73, 23.74, 18.77, 60.15, 30.73, 80.83, 22.74, 46.64, 45.64, 23.74, 12.34, 116.76, 71.98, 22.74, 96.53, 86.83, 49.16, 102.53, 153.42, 64.14, 39.7, 40.7, 30.73, 25.74, 117.76, 28.74, 69.14, 40.7, 102.53, 106.76, 106.76, 41.7, 15.34, 40.7, 57.15, 34.73, 99.53, 67.14, 41.7, 52.16, 77.98, 123.4, 66.14, 132.4, 107.76, 51.16, 80.83, 22.74, 91.53, 80.83, 107.76, 10.24, 20.77, 36.73, 34.73, 52.16, 46.64, 127.4, 97.53, 38.7, 135.42, 33.73, 49.16, 10.24, 61.14, 51.16, 83.83, 18.77, 66.14, 26.74, 43.63, 87.83, 70.14, 67.14, 55.15, 153.42, 34.73, 24.74, 112.76, 62.14, 49.16, 117.76, 18.34, 153.42];143.17999999999998;[3, 2, 2, 1, 1, 2, 3, 1, 4, 4, 2, 2, 1, 1, 1, 2, 1, 2, 1, 1, 3, 2, 1, 3, 1, 3, 4, 1, 3, 1, 1, 1, 2, 5, 1, 5, 1, 1, 1, 1, 1, 1, 2, 2, 6];5;90;True
90;90;90;3;True;2000;1;0;0;0;0;0;0;223.72121286392212;123.27933144569397;18465632.49171056;18455297.622988954;5475.354398716213;4859.449999999999;[51.04, 77.94, 60.52, 55.04, 67.97, 20.77, 19.58, 56.04, 83.94, 60.52, 19.57, 34.74, 101.94, 52.04, 33.2, 45.15, 54.04, 19.77, 17.65, 81.94, 32.06, 76.94, 110.94, 29.46, 38.67, 26.9, 110.94, 16.8, 34.74, 84.94, 33.2, 91.94, 69.97, 116.94, 58.52, 54.04, 70.97, 52.04, 45.15, 68.97, 42.2, 77.94, 47.11, 32.06, 46.11, 32.06, 51.04, 70.97, 45.15, 22.52, 36.71, 14.27, 55.04, 64.97, 29.46, 114.94, 11.95, 120.94, 91.94, 87.94, 84.94, 47.11, 122.94, 2.83, 7.43, 39.2, 47.11, 46.11, 1.0, 25.52, 19.77, 28.45, 15.72, 52.04, 91.94, 68.97, 88.94, 101.94, 36.71, 38.67, 16.8, 98.94, 81.94, 19.58, 56.04, 15.36, 70.97, 60.52, 64.14, 74.97];121.94;[1, 2, 3, 1, 4, 3, 2, 3, 4, 1, 2, 1, 3, 3, 5, 1, 1, 1, 1, 1, 1, 2, 1, 1, 2, 1, 1, 6, 1, 1, 2, 3, 2, 1, 1, 1, 2, 1, 3, 5, 1, 3, 2, 1, 2];5;90;True
90;90;90;4;True;2000;1;0;0;0;0;0;0;242.89458775520325;104.96198868751526;23244867.519205324;23234524.55507379;5616.110635491004;4726.989999999999;[15.44, 63.18, 13.02, 61.18, 92.18, 73.18, 100.18, 53.18, 23.18, 113.18, 14.02, 70.18, 15.44, 35.18, 76.18, 43.18, 71.18, 63.18, 42.18, 36.18, 85.18, 6.58, 21.18, 39.18, 22.18, 44.18, 45.18, 18.44, 53.18, 31.18, 56.18, 49.18, 114.18, 37.18, 43.18, 53.18, 60.18, 43.18, 59.18, 117.18, 45.18, 30.18, 104.18, 63.18, 66.18, 52.18, 27.18, 26.18, 50.18, 24.18, 33.18, 45.18, 103.18, 22.18, 86.18, 49.18, 40.18, 48.18, 32.18, 12.02, 10.52, 21.18, 87.18, 17.44, 30.18, 74.18, 68.18, 100.18, 115.18, 36.18, 32.18, 57.18, 50.18, 65.18, 32.18, 85.18, 128.18, 53.18, 128.18, 30.18, 56.18, 63.18, 114.18, 27.18, 66.18, 40.18, 7.59, 51.18, 25.18, 19.26];121.60000000000001;[4, 1, 1, 1, 1, 1, 3, 1, 1, 1, 3, 1, 1, 2, 1, 1, 3, 2, 1, 1, 2, 2, 3, 1, 1, 2, 3, 2, 1, 6, 1, 1, 1, 4, 4, 1, 3, 1, 3, 2, 2, 2, 4, 2, 1, 4];5;90;True
90;90;90;5;True;2000;1;0;0;0;0;0;0;250.89011311531067;122.81165766716003;22452084.039050937;22440867.978241533;5221.876844822002;5994.380000000001;[47.16, 137.22, 43.54, 72.22, 17.73, 86.22, 71.22, 29.91, 85.22, 31.03, 101.22, 1.0, 28.91, 32.03, 47.16, 100.22, 26.19, 26.91, 61.62, 69.22, 152.22, 88.22, 136.22, 37.59, 2.46, 77.22, 14.73, 30.91, 134.22, 96.22, 54.08, 74.22, 121.22, 67.62, 56.08, 152.22, 6.39, 66.62, 77.22, 32.7, 30.91, 89.22, 46.16, 42.92, 64.62, 6.39, 128.22, 67.62, 103.22, 39.92, 89.22, 25.86, 113.22, 106.22, 21.27, 56.08, 49.77, 52.38, 38.35, 116.22, 105.22, 60.62, 92.22, 66.62, 70.22, 40.92, 69.22, 108.22, 91.22, 57.08, 83.22, 115.22, 72.22, 51.38, 61.62, 2.46, 50.77, 52.99, 7.39, 46.16, 130.22, 87.22, 110.22, 3.54, 38.35, 93.22, 145.22, 52.38, 37.68, 109.22];151.22;[2, 1, 1, 1, 1, 2, 1, 2, 3, 1, 3, 3, 2, 1, 5, 1, 2, 1, 3, 3, 2, 1, 3, 3, 2, 3, 3, 1, 1, 2, 4, 2, 1, 1, 1, 2, 1, 1, 2, 2, 2, 2, 1, 3, 1, 3, 1];4;90;True
90;90;90;6;True;2000;1;0;0;0;0;0;0;255.7104082107544;137.10029315948486;25805560.259839054;25794655.43897979;5233.41487482285;5671.359999999997;[49.47, 43.5, 82.45, 113.45, 63.45, 144.45, 51.47, 100.45, 140.45, 25.5, 38.23, 43.5, 147.45, 48.47, 54.54, 9.89, 70.45, 51.47, 45.5, 147.45, 94.45, 57.54, 55.54, 16.89, 104.45, 102.45, 61.45, 35.92, 38.9, 30.5, 46.47, 56.54, 69.45, 67.45, 76.45, 93.45, 129.45, 29.5, 36.92, 67.45, 147.45, 36.92, 31.5, 71.45, 97.45, 47.47, 13.89, 19.78, 34.66, 84.45, 95.45, 20.78, 10.89, 45.5, 59.54, 42.5, 147.45, 39.9, 60.45, 25.5, 31.5, 35.66, 29.5, 33.5, 28.5, 147.45, 57.54, 128.45, 111.45, 97.45, 67.45, 56.54, 2.95, 132.45, 36.92, 21.77, 26.5, 122.45, 44.5, 23.77, 70.45, 75.45, 104.45, 38.9, 66.45, 52.54, 35.92, 13.89, 22.77, 78.45];144.5;[2, 4, 1, 4, 2, 2, 3, 3, 3, 1, 2, 3, 2, 4, 2, 2, 3, 2, 2, 1, 1, 2, 1, 1, 3, 2, 1, 3, 1, 4, 4, 2, 4, 1, 2, 2, 3, 1, 1, 1, 2];3;90;True
100;90;100;1;True;2000;1;0;0;0;0;0;0;232.08951687812805;162.66338300704956;19861547.989436258;19850856.1921796;5164.758328715148;5527.179999999998;[73.14, 25.04, 34.69, 121.14, 67.14, 54.44, 61.44, 103.14, 58.44, 53.44, 12.58, 59.44, 103.14, 41.97, 76.14, 72.14, 18.04, 37.94, 54.44, 60.44, 100.14, 3.4, 63.14, 42.97, 49.44, 71.14, 25.95, 121.14, 40.97, 90.14, 69.14, 15.58, 55.44, 72.14, 65.14, 100.14, 67.14, 17.58, 28.95, 76.14, 27.95, 83.14, 32.26, 73.14, 19.04, 23.8, 23.57, 99.14, 83.14, 121.14, 32.16, 57.44, 41.97, 17.58, 51.44, 43.97, 69.14, 53.44, 92.14, 38.97, 121.14, 56.44, 69.14, 64.14, 34.69, 61.44, 51.44, 36.53, 17.58, 31.95, 40.97, 120.14, 50.44, 19.57, 4.04, 77.14, 65.14, 60.44, 65.14, 34.69, 54.44, 88.14, 107.14, 37.94, 70.14, 11.58, 21.57, 21.57, 77.14, 61.44, 18.04, 10.14, 12.58, 81.14, 22.57, 45.71, 56.44, 92.14, 44.97, 61.44];117.74;[2, 4, 1, 1, 3, 1, 1, 3, 2, 1, 1, 1, 2, 4, 3, 1, 2, 3, 2, 3, 1, 4, 1, 3, 1, 3, 1, 2, 4, 1, 1, 1, 2, 2, 1, 3, 1, 2, 3, 2, 2, 2, 2, 1, 1, 1, 1];3;90;True
100;90;100;2;True;2000;1;0;0;0;0;0;0;255.5854377746582;145.50681972503662;23428223.994847566;23417276.539635442;5626.320375251787;5321.339999999996;[30.26, 96.41, 95.41, 57.41, 33.24, 65.41, 31.26, 20.29, 18.48, 51.41, 30.26, 65.41, 27.31, 44.41, 43.41, 21.68, 11.57, 72.41, 71.41, 21.68, 64.41, 52.41, 45.41, 79.41, 58.41, 48.41, 28.61, 51.41, 24.64, 19.48, 76.41, 27.57, 53.41, 24.44, 65.41, 88.41, 144.41, 60.41, 15.54, 38.26, 53.41, 34.26, 44.41, 53.41, 42.12, 41.25, 43.12, 124.41, 47.41, 57.41, 115.41, 45.41, 49.41, 14.24, 64.41, 72.41, 57.41, 10.57, 20.72, 35.26, 34.22, 54.41, 44.41, 113.41, 88.41, 38.26, 104.41, 23.44, 51.41, 8.88, 46.41, 54.41, 68.41, 17.48, 88.41, 27.31, 44.41, 101.41, 39.26, 55.41, 48.41, 144.41, 40.26, 25.45, 70.41, 49.41, 39.26, 56.41, 15.54, 82.41, 59.41, 94.41, 47.41, 17.48, 59.41, 82.41, 73.41, 40.26, 125.41, 43.12];135.53;[3, 3, 1, 1, 1, 3, 3, 2, 1, 2, 2, 2, 1, 2, 1, 2, 3, 2, 1, 6, 1, 2, 2, 1, 2, 1, 4, 1, 2, 2, 5, 1, 1, 1, 1, 2, 2, 1, 1, 6, 3, 2, 4];5;90;True
100;90;100;3;True;2000;1;0;0;0;0;0;0;253.54378867149353;152.9784917831421;27743539.645880334;27733646.494847827;5430.744805942198;4462.750000000007;[61.55, 46.55, 60.55, 53.55, 39.55, 16.76, 15.76, 44.55, 78.55, 45.55, 11.88, 35.55, 80.55, 37.55, 27.55, 29.55, 25.55, 18.55, 15.76, 68.55, 22.55, 50.55, 95.55, 17.55, 19.55, 33.55, 112.55, 14.76, 33.55, 91.55, 18.55, 52.55, 71.55, 71.55, 83.55, 40.55, 45.55, 35.55, 30.55, 70.55, 47.55, 89.55, 27.55, 23.55, 42.55, 29.55, 40.55, 67.55, 34.55, 19.55, 34.55, 11.88, 57.55, 76.55, 25.55, 89.55, 9.88, 75.55, 90.55, 71.55, 79.55, 58.55, 74.55, 2.82, 7.04, 37.55, 39.55, 33.55, 1.0, 26.55, 17.55, 20.55, 15.76, 52.55, 81.55, 65.55, 52.55, 83.55, 26.55, 43.55, 14.76, 59.55, 120.55, 17.55, 36.55, 12.81, 67.55, 57.55, 47.55, 63.55, 71.55, 57.55, 23.55, 56.55, 7.04, 11.88, 26.55, 36.55, 44.55, 16.76];119.55;[6, 2, 2, 1, 1, 1, 1, 1, 2, 2, 3, 3, 3, 1, 3, 3, 2, 2, 2, 1, 1, 1, 1, 2, 1, 6, 1, 5, 1, 2, 1, 1, 1, 1, 2, 2, 1, 3, 2, 2, 2, 4, 1, 3, 1];5;90;True
100;90;100;4;True;2000;1;0;0;0;0;0;0;261.65368819236755;167.18869805335999;25903095.292739768;25890932.829644457;5599.590885792548;6562.979999999996;[14.06, 81.03, 10.01, 66.48, 127.96, 113.96, 136.96, 82.03, 15.06, 105.03, 8.87, 81.03, 10.81, 80.03, 95.03, 111.96, 80.03, 101.03, 58.87, 42.92, 99.03, 2.12, 35.74, 55.78, 23.79, 38.27, 71.03, 18.06, 64.74, 59.87, 130.96, 67.48, 99.03, 79.03, 86.03, 78.03, 55.78, 47.15, 78.03, 94.03, 53.7, 21.48, 107.96, 97.03, 88.03, 62.74, 51.15, 28.57, 91.03, 25.57, 53.15, 38.57, 101.03, 24.99, 91.03, 69.03, 52.15, 78.03, 36.27, 11.64, 9.79, 19.86, 153.96, 18.94, 46.01, 90.03, 78.03, 129.96, 38.57, 39.57, 34.74, 83.03, 45.01, 98.03, 38.57, 117.96, 121.96, 81.03, 88.03, 34.74, 97.03, 75.03, 91.03, 20.74, 84.03, 64.74, 6.78, 70.03, 78.03, 13.06, 125.96, 41.92, 68.48, 54.78, 91.03, 33.19, 58.78, 31.29, 41.57, 157.37];155.25;[1, 1, 2, 4, 2, 4, 1, 1, 2, 1, 2, 1, 1, 3, 2, 2, 1, 3, 1, 1, 2, 1, 3, 3, 2, 2, 1, 1, 1, 5, 2, 2, 1, 1, 1, 1, 1, 2, 1, 2, 1, 2, 4, 1, 1, 3, 2, 1, 1, 3];4;90;True
100;90;100;5;True;2000;1;0;0;0;0;0;0;255.93326711654663;158.16759967803955;24196411.79691264;24184626.51864367;5343.104744725365;6442.319999999995;[40.94, 125.08, 42.95, 55.11, 16.95, 86.08, 62.08, 25.53, 84.08, 39.23, 107.08, 1.0, 24.81, 37.64, 43.95, 90.08, 21.7, 13.86, 51.43, 61.08, 102.08, 90.08, 100.08, 37.64, 2.83, 90.08, 9.02, 28.0, 96.08, 112.08, 77.08, 66.08, 101.08, 31.83, 51.43, 106.08, 8.69, 61.08, 90.08, 47.42, 26.98, 68.08, 47.42, 38.94, 53.99, 9.02, 80.08, 56.15, 108.08, 45.42, 73.08, 21.7, 81.08, 92.08, 20.76, 48.42, 62.08, 53.99, 26.98, 94.08, 123.08, 55.11, 83.08, 74.08, 55.11, 42.95, 70.08, 65.08, 74.08, 68.08, 100.08, 117.08, 61.08, 72.08, 42.95, 2.83, 54.99, 58.08, 9.02, 39.23, 96.08, 107.08, 98.08, 3.9, 38.94, 88.08, 147.08, 57.15, 38.94, 74.08, 70.08, 120.08, 115.08, 85.08, 72.08, 105.08, 127.08, 141.08, 84.08, 57.15];146.08;[2, 2, 1, 1, 4, 2, 1, 1, 1, 3, 2, 1, 1, 1, 1, 2, 1, 2, 1, 5, 3, 1, 1, 3, 1, 1, 2, 1, 2, 1, 2, 2, 1, 3, 2, 3, 3, 1, 1, 2, 2, 2, 3, 6, 4, 2];5;90;True
100;90;100;6;True;2000;1;0;0;0;0;0;0;272.28155875205994;189.20669722557068;26199257.847477388;26188207.677083343;5202.155479587158;5848.060000000004;[80.81, 39.7, 77.81, 113.81, 50.46, 143.81, 42.68, 77.81, 124.81, 17.9, 24.91, 29.88, 76.81, 64.06, 45.68, 8.7, 88.81, 29.93, 37.11, 134.81, 46.73, 65.66, 65.66, 14.64, 91.81, 69.66, 52.16, 36.75, 33.0, 17.9, 53.12, 83.81, 44.68, 78.81, 73.66, 63.06, 164.81, 19.85, 31.03, 70.66, 75.81, 31.77, 21.36, 60.06, 51.16, 39.7, 14.03, 13.28, 52.16, 100.81, 95.81, 17.9, 12.26, 39.7, 57.95, 35.75, 164.81, 25.66, 62.06, 15.86, 25.98, 28.91, 23.75, 23.75, 27.98, 137.81, 47.46, 111.81, 91.81, 70.66, 83.81, 40.56, 2.8, 128.81, 26.45, 14.64, 19.85, 145.81, 63.06, 14.64, 93.81, 100.81, 43.68, 29.88, 64.66, 57.15, 21.36, 12.49, 14.64, 106.81, 15.86, 103.81, 6.55, 71.66, 35.73, 83.81, 106.81, 134.81, 64.06, 73.66];162.01;[1, 2, 2, 5, 1, 4, 3, 3, 2, 3, 1, 2, 3, 1, 1, 1, 1, 1, 1, 2, 3, 2, 1, 2, 1, 4, 1, 5, 2, 1, 1, 1, 1, 2, 3, 2, 2, 2, 1, 1, 1, 3, 6, 1, 1];5;90;True
10;100;10;1;True;2000;1;0;0;0;0;0;0;345.9551935195923;3.0607542991638184;81191904.55353318;81182892.77411552;5797.996918810451;3213.8000000000006;[343.38, 237.38, 323.38, 301.38, 343.38, 317.38, 343.38, 343.38, 341.38, 319.38];106.0;[11, 5, 9, 4, 17, 8, 7, 15, 16, 8];13;100;True
10;100;10;2;True;2000;1;0;0;0;0;0;0;331.5322461128235;2.9633498191833496;60533048.24925972;60523650.65499755;6543.27028787947;2854.3199999999997;[234.5, 327.79, 241.5, 309.79, 244.79, 327.79, 280.79, 262.79, 327.79, 296.79];93.29000000000002;[8, 16, 10, 12, 6, 11, 11, 11, 8, 7];10;100;True
10;100;10;3;True;2000;1;0;0;0;0;0;0;299.5123109817505;3.3582022190093994;95087677.07836269;95078895.92795226;5912.532637292291;2868.600000000001;[286.86, 286.86, 286.86, 286.86, 286.86, 286.86, 286.86, 286.86, 286.86, 286.86];0.0;[5, 12, 10, 6, 16, 5, 7, 9, 11, 19];14;100;True
10;100;10;4;True;2000;1;0;0;0;0;0;0;283.5781455039978;3.1434221267700195;76574643.26249874;76565604.36566055;6310.433190933508;2728.4999999999995;[274.95, 274.95, 274.95, 274.95, 274.95, 274.95, 274.95, 274.95, 253.95, 274.95];21.0;[10, 19, 5, 7, 7, 9, 10, 12, 7, 14];14;100;True
10;100;10;5;True;2000;1;0;0;0;0;0;0;302.2634267807007;3.3289387226104736;80870748.93947904;80861830.20156091;6145.680521898992;2773.09;[294.4, 293.4, 292.4, 294.4, 252.98, 294.4, 243.98, 223.33, 289.4, 294.4];71.06999999999996;[7, 9, 12, 12, 10, 7, 15, 9, 6, 13];9;100;True
10;100;10;6;True;2000;1;0;0;0;0;0;0;264.1591284275055;3.0921781063079834;70069363.07105957;70060978.56981371;5893.391554254943;2491.100000000001;[249.11, 249.11, 249.11, 249.11, 249.11, 249.11, 249.11, 249.11, 249.11, 249.11];0.0;[8, 6, 14, 7, 8, 12, 8, 13, 11, 13];8;100;True
20;100;20;1;True;2000;1;0;0;0;0;0;0;226.3943190574646;8.794105529785156;26756454.51260457;26746820.93164228;5760.316600645935;3873.3399999999997;[207.52, 155.49, 201.52, 207.52, 207.52, 207.52, 193.52, 207.52, 207.52, 166.52, 171.52, 207.52, 207.52, 196.52, 206.52, 207.52, 157.49, 160.52, 207.52, 188.52];52.03;[6, 3, 6, 8, 6, 5, 5, 8, 6, 2, 1, 5, 6, 3, 4, 9, 1, 5, 8, 3];8;100;True
20;100;20;2;True;2000;1;0;0;0;0;0;0;260.7292103767395;8.583254337310791;34963325.42581258;34952935.115164556;6506.907503923414;3883.340000000001;[195.8, 212.8, 236.8, 219.8, 195.8, 236.8, 234.8, 149.8, 128.99, 229.8, 168.8, 234.8, 176.8, 212.8, 198.8, 153.8, 145.95, 160.8, 225.8, 163.8];107.81;[7, 5, 8, 4, 5, 8, 8, 3, 4, 5, 4, 6, 3, 5, 5, 3, 5, 5, 5, 2];6;100;True
20;100;20;3;True;2000;1;0;0;0;0;0;0;186.06168723106384;8.638883590698242;22838142.897086073;22829007.295052145;5883.123896562503;3252.4000000000005;[167.32, 167.32, 167.32, 167.32, 167.32, 134.32, 151.32, 167.32, 167.32, 167.32, 126.32, 167.32, 167.32, 167.32, 163.32, 167.32, 167.32, 167.32, 167.32, 167.32];41.0;[6, 6, 3, 9, 5, 3, 5, 3, 3, 10, 3, 4, 8, 5, 2, 4, 2, 4, 7, 8];8;100;True
20;100;20;4;True;2000;1;0;0;0;0;0;0;234.05272936820984;9.17629337310791;27536029.741124414;27525920.95257222;6191.944226621528;3916.76;[143.96, 214.96, 146.96, 211.96, 192.96, 214.96, 202.96, 214.96, 170.96, 203.96, 142.96, 199.96, 161.52, 214.96, 214.96, 214.96, 214.96, 214.96, 214.96, 203.96];72.0;[3, 9, 3, 6, 3, 3, 3, 5, 4, 2, 3, 3, 4, 6, 4, 9, 7, 9, 8, 6];7;100;True
20;100;20;5;True;2000;1;0;0;0;0;0;0;225.88383316993713;8.918837070465088;33376198.16995953;33366659.374669798;5997.496441689682;3541.3300000000013;[156.71, 195.28, 195.28, 195.28, 157.71, 195.28, 181.71, 159.71, 195.28, 195.28, 195.28, 48.0, 176.71, 195.28, 169.71, 195.28, 195.28, 147.71, 195.28, 195.28];147.28;[2, 10, 7, 7, 5, 3, 3, 4, 1, 5, 7, 10, 6, 7, 5, 5, 4, 7, 2];9;100;True
20;100;20;6;True;2000;1;0;0;0;0;0;0;212.1512954235077;9.42508316040039;30217315.782381758;30207950.326063894;5820.973656060881;3544.559999999999;[183.95, 183.95, 183.95, 183.95, 183.95, 183.95, 169.95, 183.95, 183.95, 152.04, 158.44, 183.95, 183.95, 183.95, 172.95, 155.44, 183.95, 165.44, 178.95, 183.95];31.909999999999997;[4, 1, 5, 7, 8, 6, 6, 5, 7, 2, 7, 2, 5, 7, 5, 5, 8, 1, 5, 4];7;100;True
30;100;30;1;True;2000;1;0;0;0;0;0;0;206.0953209400177;18.039228200912476;22635881.880149476;22625504.01336077;5761.675776181336;4616.249999999998;[169.91, 110.7, 129.7, 169.91, 169.91, 134.91, 152.91, 169.91, 169.91, 136.91, 110.7, 169.91, 169.91, 169.91, 163.91, 169.91, 136.91, 137.91, 169.91, 169.91, 169.91, 104.7, 169.91, 151.91, 169.91, 169.91, 133.91, 165.91, 130.7, 165.91];65.21;[7, 2, 1, 5, 4, 3, 2, 5, 2, 2, 5, 7, 2, 2, 7, 5, 2, 3, 4, 6, 2, 3, 1, 4, 5, 2, 2, 4, 1];6;100;True
30;100;30;2;True;2000;1;0;0;0;0;0;0;251.90442609786987;16.92046093940735;21013490.372755934;21002839.609862126;6469.961820541844;4180.669999999998;[145.1, 168.1, 185.1, 119.1, 169.1, 186.1, 155.1, 103.1, 112.1, 198.1, 107.1, 165.1, 112.1, 170.1, 126.1, 118.1, 82.98, 107.1, 204.1, 92.89, 198.1, 139.1, 117.1, 147.1, 181.1, 134.1, 104.1, 126.1, 108.1, 99.1];121.11999999999999;[3, 5, 1, 5, 5, 2, 4, 2, 2, 4, 5, 5, 1, 3, 4, 2, 1, 3, 7, 2, 6, 3, 5, 2, 5, 3, 1, 6, 1, 2];6;100;True
30;100;30;3;True;2000;1;0;0;0;0;0;0;233.56963324546814;16.120301723480225;16850814.25105383;16840352.292849015;5913.430970813239;4548.489999999999;[195.93, 195.93, 138.93, 151.93, 157.93, 101.93, 92.26, 149.93, 195.93, 180.93, 83.26, 195.93, 195.93, 195.93, 106.93, 135.93, 104.93, 135.93, 100.93, 189.93, 163.93, 175.93, 163.93, 168.93, 145.93, 129.93, 195.93, 79.86, 120.93, 195.93];116.07000000000001;[5, 4, 2, 4, 1, 1, 3, 2, 2, 4, 3, 5, 3, 6, 6, 4, 2, 1, 5, 2, 2, 5, 4, 1, 2, 3, 7, 2, 2, 7];6;100;True
30;100;30;4;True;2000;1;0;0;0;0;0;0;233.32495880126953;21.980064153671265;30283355.06075219;30271938.198487706;6270.250421966452;5146.479999999998;[156.98, 193.98, 128.98, 142.98, 186.98, 193.98, 193.98, 193.98, 135.98, 177.98, 115.02, 188.98, 126.98, 185.98, 193.98, 193.98, 193.98, 190.98, 193.98, 180.98, 193.98, 110.02, 144.98, 171.98, 193.98, 173.98, 191.98, 190.98, 160.98, 142.98];83.96;[1, 5, 3, 2, 3, 3, 5, 5, 3, 4, 2, 1, 2, 3, 3, 7, 6, 4, 2, 4, 1, 4, 3, 5, 2, 4, 2, 7, 4];6;100;True
30;100;30;5;True;2000;1;0;0;0;0;0;0;173.4896683692932;17.73309326171875;17789242.650543775;17779495.187068608;5913.269503902107;3834.190000000002;[138.11, 139.11, 139.11, 139.11, 102.11, 139.11, 139.11, 139.11, 125.11, 139.11, 139.11, 3.0, 115.11, 139.11, 128.11, 139.11, 126.11, 117.11, 139.11, 139.11, 139.11, 139.11, 139.11, 135.11, 98.11, 139.11, 116.11, 126.11, 139.11, 139.11];136.11;[2, 4, 3, 3, 3, 1, 4, 1, 2, 5, 5, 7, 2, 5, 3, 2, 2, 5, 1, 7, 1, 4, 3, 3, 6, 2, 1, 5, 8];7;100;True
30;100;30;6;True;2000;1;0;0;0;0;0;0;169.43820428848267;15.142510175704956;13607819.709122986;13598560.60580669;5630.9694401145625;3628.0499999999997;[129.75, 114.75, 129.75, 129.75, 129.75, 129.75, 129.75, 129.75, 129.75, 100.06, 104.75, 129.75, 129.75, 118.75, 129.75, 91.06, 129.75, 129.75, 120.75, 129.75, 116.75, 129.75, 129.75, 97.06, 129.75, 124.75, 129.75, 110.75, 91.06, 102.06];38.69;[3, 5, 3, 3, 5, 6, 1, 5, 4, 2, 2, 5, 4, 4, 3, 1, 4, 1, 5, 3, 2, 1, 9, 2, 3, 4, 5, 1, 3, 1];8;100;True
40;100;40;1;True;2000;1;0;0;0;0;0;0;201.77949166297913;24.875612497329712;15203891.744990071;15193233.500153383;5650.120979338349;5008.2699999999995;[158.44, 112.44, 95.68, 158.44, 158.44, 91.68, 98.68, 158.44, 111.44, 86.68, 92.68, 158.44, 158.44, 118.44, 120.44, 158.44, 89.68, 102.39, 148.44, 158.44, 120.44, 63.27, 158.44, 141.44, 124.44, 101.39, 84.68, 158.44, 111.44, 158.44, 147.44, 69.27, 101.39, 158.44, 128.44, 156.44, 158.44, 78.68, 92.68, 158.44];95.16999999999999;[4, 2, 1, 6, 4, 3, 1, 4, 1, 1, 1, 4, 2, 1, 7, 1, 2, 3, 4, 2, 1, 2, 3, 3, 2, 4, 2, 6, 3, 1, 3, 2, 3, 4, 3, 1, 3];6;100;True
40;100;40;2;True;2000;1;0;0;0;0;0;0;231.33682107925415;24.816011428833008;14269407.120549215;14258266.53608055;6430.463273683383;4710.1;[128.04, 136.04, 168.04, 125.04, 106.04, 161.04, 95.04, 74.79, 82.59, 144.04, 92.04, 143.04, 81.59, 116.04, 93.04, 86.59, 61.77, 114.04, 158.04, 67.28, 179.04, 111.04, 92.04, 184.04, 141.04, 105.04, 86.59, 92.04, 79.59, 68.79, 176.04, 82.59, 119.04, 113.04, 140.04, 184.04, 184.04, 131.04, 61.77, 145.04];122.26999999999998;[3, 3, 2, 4, 2, 2, 4, 1, 1, 2, 1, 3, 3, 3, 1, 2, 3, 2, 3, 3, 2, 3, 3, 4, 2, 2, 1, 1, 1, 2, 4, 1, 3, 3, 3, 5, 6, 1, 1, 4];5;100;True
40;100;40;3;True;2000;1;0;0;0;0;0;0;240.91083598136902;25.969870805740356;14549601.201390274;14538434.144060103;5925.712342914955;5241.390000000002;[158.34, 124.34, 126.34, 174.34, 176.34, 90.26, 64.41, 89.26, 152.34, 154.34, 81.33, 126.34, 200.34, 145.34, 96.26, 110.65, 107.65, 144.34, 77.28, 180.34, 83.77, 200.34, 141.34, 106.65, 131.34, 61.07, 200.34, 58.74, 104.65, 200.34, 92.26, 111.65, 168.34, 139.34, 150.34, 114.34, 156.34, 152.34, 167.34, 120.34];141.6;[3, 3, 2, 3, 3, 1, 3, 4, 3, 6, 1, 3, 4, 5, 3, 2, 1, 1, 2, 5, 2, 4, 3, 1, 1, 2, 1, 1, 6, 2, 5, 2, 1, 3, 3, 1, 2, 2];5;100;True
40;100;40;4;True;2000;1;0;0;0;0;0;0;210.20247292518616;29.620726346969604;19361970.732365828;19350385.23766212;6315.803709285768;5269.820000000003;[90.38, 130.27, 86.97, 121.27, 140.27, 163.27, 163.27, 163.27, 96.18, 139.27, 69.1, 132.27, 77.07, 114.27, 163.27, 163.27, 126.27, 163.27, 137.27, 110.27, 163.27, 66.1, 163.27, 126.27, 103.23, 103.23, 163.27, 99.23, 151.27, 104.23, 144.27, 163.27, 154.27, 160.27, 163.27, 141.27, 120.27, 112.27, 153.27, 163.27];97.17000000000002;[2, 2, 2, 2, 2, 5, 3, 4, 2, 3, 3, 1, 2, 2, 5, 4, 4, 3, 1, 3, 1, 2, 2, 5, 1, 7, 2, 3, 2, 2, 3, 1, 2, 1, 7, 2, 2];6;100;True
40;100;40;5;True;2000;1;0;0;0;0;0;0;217.8734564781189;24.6380558013916;16705919.525018418;16694711.024004515;6006.843798923041;5201.52;[110.21, 170.21, 111.21, 156.21, 89.46, 173.21, 154.21, 86.46, 137.21, 118.21, 125.21, 70.58, 101.46, 111.21, 109.21, 173.21, 101.46, 94.46, 168.21, 122.21, 173.21, 152.21, 126.21, 99.46, 72.46, 173.21, 94.46, 100.46, 173.21, 173.21, 130.21, 173.21, 173.21, 141.21, 121.21, 173.21, 84.46, 160.21, 114.21, 108.46];102.63000000000001;[1, 5, 2, 1, 2, 1, 3, 1, 4, 2, 3, 1, 2, 3, 3, 2, 2, 2, 1, 8, 1, 2, 4, 6, 1, 4, 7, 3, 3, 3, 1, 4, 1, 4, 3, 4];7;100;True
40;100;40;6;True;2000;1;0;0;0;0;0;0;215.557781457901;26.890610218048096;13939924.390354175;13929190.716497527;5736.740951381949;4996.950000000001;[102.33, 105.53, 167.53, 161.53, 115.53, 167.53, 137.53, 167.53, 132.53, 79.05, 66.3, 96.33, 141.53, 114.53, 101.33, 74.05, 148.53, 102.45, 109.53, 122.53, 167.53, 117.53, 110.53, 81.41, 152.53, 167.53, 167.53, 87.33, 93.33, 84.15, 122.53, 162.53, 136.53, 164.53, 148.53, 113.53, 167.53, 77.05, 123.53, 137.53];101.23;[3, 1, 4, 3, 5, 6, 1, 5, 1, 1, 1, 3, 1, 2, 2, 2, 3, 4, 3, 2, 3, 1, 3, 2, 4, 2, 1, 1, 2, 2, 3, 6, 1, 4, 4, 3, 2, 3];5;100;True
50;100;50;1;True;2000;1;0;0;0;0;0;0;192.68801879882812;45.822020292282104;16959817.609727252;16948653.34136881;5694.712470643119;5469.430000000001;[136.85, 91.31, 79.95, 136.85, 136.85, 97.74, 92.31, 136.85, 109.85, 93.74, 60.95, 106.85, 135.85, 107.85, 109.85, 121.85, 79.95, 99.74, 132.85, 136.85, 123.85, 58.95, 110.85, 126.85, 136.85, 101.74, 92.31, 130.85, 109.85, 136.85, 118.85, 80.95, 95.74, 133.85, 87.31, 136.85, 136.85, 66.95, 82.31, 136.85, 82.31, 120.85, 90.31, 112.85, 77.95, 79.95, 84.31, 136.85, 136.85, 136.85];77.89999999999999;[3, 1, 5, 5, 1, 2, 3, 1, 1, 3, 3, 1, 1, 1, 2, 3, 2, 3, 1, 2, 5, 2, 1, 2, 1, 1, 3, 1, 2, 2, 1, 4, 5, 1, 5, 4, 2, 2, 1, 2, 2, 2, 5];4;100;True
50;100;50;2;True;2000;1;0;0;0;0;0;0;224.436705827713;43.87759256362915;17294615.501721743;17282948.719096772;6279.977855158053;5386.789999999997;[81.93, 116.46, 167.33, 81.93, 126.33, 160.33, 75.78, 67.92, 50.26, 142.33, 80.93, 167.33, 69.92, 124.33, 78.12, 83.11, 51.26, 94.61, 97.61, 62.92, 167.33, 111.46, 85.11, 128.33, 167.33, 121.33, 79.12, 96.61, 68.92, 100.61, 167.33, 78.12, 118.33, 85.7, 105.46, 166.33, 166.33, 116.46, 57.71, 93.61, 104.46, 73.86, 100.61, 143.33, 75.78, 90.38, 85.11, 154.33, 150.33, 146.33];117.07000000000002;[1, 2, 2, 3, 2, 4, 2, 2, 2, 3, 4, 1, 1, 1, 1, 1, 2, 1, 2, 2, 2, 3, 3, 4, 4, 1, 1, 1, 3, 2, 2, 5, 4, 3, 3, 2, 2, 4, 2, 1, 2, 1, 2, 2, 2];4;100;True
50;100;50;3;True;2000;1;0;0;0;0;0;0;225.15676283836365;41.272775411605835;16544795.49283201;16533462.793696268;5993.200103589342;5339.459999999999;[100.25, 104.25, 115.25, 145.25, 115.25, 74.25, 69.25, 109.25, 146.25, 118.25, 52.49, 95.25, 164.25, 124.25, 74.25, 112.25, 76.25, 99.25, 59.49, 164.25, 97.25, 103.25, 147.25, 83.25, 87.25, 93.25, 145.25, 49.49, 89.25, 104.25, 62.49, 137.25, 156.25, 156.25, 103.25, 119.25, 109.25, 98.25, 139.25, 131.25, 91.25, 157.25, 89.25, 80.25, 103.25, 86.25, 105.25, 130.25, 97.25, 67.25];114.75999999999999;[1, 2, 3, 3, 1, 1, 3, 3, 4, 3, 2, 3, 2, 3, 1, 2, 6, 2, 3, 4, 1, 4, 1, 2, 3, 1, 2, 4, 2, 1, 2, 2, 2, 1, 2, 3, 3, 3, 2, 1, 3, 2, 1];5;100;True
50;100;50;4;True;2000;1;0;0;0;0;0;0;289.913476228714;51.88837909698486;27225741.48009741;27213164.553818833;6182.820520714912;6394.010000000006;[81.32, 134.02, 85.32, 120.02, 130.02, 220.02, 205.02, 94.32, 69.71, 135.02, 61.38, 136.02, 65.76, 133.02, 152.02, 193.02, 106.02, 142.02, 100.02, 103.02, 194.02, 54.38, 108.02, 120.02, 101.02, 106.02, 119.02, 55.38, 120.02, 98.02, 121.02, 136.02, 172.02, 168.02, 128.02, 120.02, 104.02, 126.02, 123.02, 170.02, 121.02, 98.02, 222.02, 169.02, 152.02, 208.02, 204.02, 89.32, 124.02, 95.32];167.64000000000001;[1, 3, 2, 3, 3, 2, 2, 1, 5, 2, 3, 1, 1, 2, 2, 3, 2, 3, 2, 1, 2, 2, 2, 2, 2, 2, 4, 3, 2, 1, 2, 2, 4, 4, 1, 4, 2, 3, 4, 6, 1, 1];5;100;True
50;100;50;5;True;2000;1;0;0;0;0;0;0;213.1071126461029;37.49967050552368;14416818.973923778;14405526.268030314;5890.139434347563;5402.559999999999;[87.29, 155.29, 110.29, 110.29, 67.42, 129.29, 97.29, 74.42, 116.29, 82.96, 155.29, 3.0, 79.42, 101.29, 92.29, 155.29, 67.42, 67.07, 113.29, 112.29, 155.29, 155.29, 135.29, 92.29, 56.45, 126.29, 64.39, 70.42, 155.29, 155.29, 155.29, 106.29, 129.29, 116.29, 95.29, 149.29, 36.45, 155.29, 155.29, 97.29, 103.29, 126.29, 100.29, 85.29, 129.29, 58.45, 143.29, 87.29, 145.29, 83.96];152.29;[1, 4, 3, 3, 1, 2, 1, 3, 2, 3, 2, 3, 1, 1, 3, 1, 3, 3, 1, 3, 1, 1, 2, 6, 4, 2, 1, 1, 6, 2, 5, 1, 2, 2, 3, 2, 4, 1, 5, 4, 1];5;100;True
50;100;50;6;True;2000;1;0;0;0;0;0;0;223.2389838695526;47.37869381904602;21524889.65393747;21513589.62677084;5823.282731253068;5476.920000000005;[117.51, 111.51, 152.51, 129.51, 140.51, 152.51, 90.51, 152.51, 145.51, 71.76, 73.76, 96.51, 145.51, 106.51, 93.51, 59.7, 128.51, 87.78, 90.51, 152.51, 100.51, 107.51, 123.51, 71.76, 152.51, 152.51, 115.51, 87.78, 83.78, 82.78, 97.51, 111.51, 105.51, 145.51, 100.51, 109.51, 152.51, 81.78, 92.51, 117.51, 138.51, 62.68, 87.78, 129.51, 111.51, 103.51, 66.68, 73.76, 88.78, 122.51];92.80999999999999;[1, 6, 2, 2, 6, 3, 3, 4, 1, 3, 4, 2, 1, 2, 2, 2, 2, 2, 2, 1, 5, 4, 1, 1, 2, 3, 1, 4, 2, 1, 5, 1, 1, 2, 4, 3, 2, 4, 1, 2];5;100;True
60;100;60;1;True;2000;1;0;0;0;0;0;0;183.64837980270386;53.559571981430054;11846959.256193362;11835861.078692844;5687.04845851788;5410.930000000003;[124.56, 73.56, 62.47, 124.56, 105.56, 76.56, 91.56, 124.56, 79.56, 74.56, 60.51, 81.56, 117.56, 82.56, 124.56, 87.56, 65.94, 88.56, 108.56, 124.56, 96.56, 38.31, 91.56, 93.56, 79.56, 102.56, 57.6, 111.56, 65.94, 124.56, 94.56, 40.31, 84.56, 109.56, 81.56, 112.56, 124.56, 44.31, 59.51, 124.56, 69.97, 105.56, 71.56, 124.56, 57.6, 58.51, 64.94, 124.56, 124.56, 124.56, 75.56, 124.56, 75.56, 57.6, 93.56, 63.39, 124.56, 67.97, 113.56, 70.97];86.25;[2, 2, 4, 3, 2, 2, 2, 1, 1, 2, 4, 1, 2, 2, 1, 5, 1, 4, 3, 1, 2, 1, 1, 2, 1, 1, 2, 3, 1, 4, 3, 3, 2, 2, 2, 1, 2, 3, 4, 1, 4, 2, 1, 4, 2, 1];4;100;True
60;100;60;2;True;2000;1;0;0;0;0;0;0;225.7106990814209;54.14879775047302;18974449.34219528;18963222.076879196;6273.681582918273;4953.419999999999;[71.83, 140.83, 123.83, 83.83, 82.83, 140.83, 56.03, 51.03, 46.03, 123.83, 62.83, 110.83, 58.03, 98.83, 55.03, 77.83, 41.04, 110.83, 90.83, 57.03, 140.83, 81.83, 63.83, 97.83, 135.83, 76.83, 55.03, 74.83, 50.03, 59.03, 136.83, 52.03, 75.83, 74.83, 75.83, 140.83, 120.83, 76.83, 48.03, 84.83, 57.03, 50.03, 76.83, 94.83, 67.83, 65.83, 58.03, 116.83, 62.83, 102.83, 105.83, 70.83, 68.83, 53.03, 123.83, 87.83, 114.83, 40.04, 69.83, 59.03];100.79000000000002;[3, 1, 1, 4, 2, 2, 1, 2, 2, 2, 1, 1, 1, 3, 1, 1, 3, 2, 1, 3, 6, 2, 2, 1, 1, 5, 2, 2, 1, 3, 4, 2, 2, 1, 1, 1, 2, 4, 2, 1, 1, 2, 1, 3, 1, 4, 1, 3, 1, 1];5;100;True
60;100;60;3;True;2000;1;0;0;0;0;0;0;236.86943292617798;48.16513276100159;12913276.897870356;12902267.286552198;5937.717247360097;5071.939999999999;[69.25, 84.41, 89.41, 99.41, 85.41, 45.56, 44.56, 93.41, 96.41, 79.41, 40.29, 68.25, 156.56, 67.25, 58.06, 75.41, 51.1, 56.83, 53.94, 128.41, 66.25, 83.41, 138.56, 49.06, 57.83, 59.06, 165.56, 38.44, 60.25, 80.41, 45.56, 128.56, 107.41, 114.41, 70.41, 79.41, 90.41, 94.41, 104.41, 138.56, 72.41, 101.41, 70.41, 52.1, 71.41, 67.25, 81.41, 105.41, 68.25, 47.56, 74.41, 43.89, 149.56, 111.41, 56.66, 150.56, 36.58, 138.56, 128.41, 128.56];128.98000000000002;[2, 1, 1, 1, 1, 1, 3, 1, 7, 3, 1, 1, 2, 1, 5, 1, 3, 4, 1, 2, 4, 1, 3, 3, 4, 1, 1, 2, 2, 2, 1, 2, 2, 1, 3, 1, 2, 1, 1, 2, 1, 2, 4, 1, 2, 3, 6];6;100;True
60;100;60;4;True;2000;1;0;0;0;0;0;0;280.8212785720825;63.23058342933655;24409908.500606146;24397675.436736014;6175.0861547680715;6057.879999999993;[52.98, 112.98, 47.98, 106.98, 135.98, 165.98, 148.98, 64.98, 41.62, 101.98, 49.98, 108.98, 52.98, 136.98, 172.98, 115.98, 84.98, 103.98, 101.98, 74.98, 166.98, 34.14, 81.98, 97.98, 56.98, 67.98, 124.98, 38.62, 74.98, 72.98, 110.98, 104.98, 120.98, 110.98, 103.98, 115.98, 97.98, 97.98, 89.98, 106.98, 93.98, 64.98, 176.98, 176.98, 140.98, 133.98, 182.98, 66.98, 190.98, 59.98, 89.98, 76.98, 136.98, 68.98, 104.98, 90.98, 92.98, 128.98, 67.98, 47.62];156.83999999999997;[1, 4, 4, 3, 2, 3, 1, 3, 4, 3, 1, 3, 2, 3, 2, 1, 2, 3, 1, 4, 1, 2, 2, 1, 1, 2, 3, 1, 2, 3, 4, 4, 3, 1, 5, 2, 1, 4, 1, 1, 1, 1, 2, 1, 1];4;100;True
60;100;60;5;True;2000;1;0;0;0;0;0;0;236.94851517677307;60.15154552459717;16638718.477440195;16626895.015069917;5940.711225736543;5882.71;[83.0, 89.0, 80.0, 107.0, 59.51, 109.0, 105.0, 63.03, 110.0, 71.03, 104.0, 1.0, 74.03, 103.0, 79.0, 122.0, 60.67, 62.03, 86.0, 96.0, 170.0, 134.0, 158.0, 73.03, 50.07, 135.0, 59.51, 63.03, 159.0, 155.0, 122.0, 101.0, 130.0, 89.0, 91.0, 146.0, 45.07, 170.0, 170.0, 75.03, 83.0, 125.0, 81.0, 78.0, 93.0, 54.61, 137.0, 137.0, 93.0, 86.0, 97.0, 68.03, 103.0, 136.0, 76.0, 97.0, 82.0, 80.0, 72.03, 144.0];169.0;[3, 2, 2, 1, 2, 1, 1, 1, 2, 1, 2, 1, 4, 1, 2, 4, 1, 4, 1, 1, 3, 1, 1, 3, 5, 2, 2, 1, 1, 2, 5, 2, 2, 1, 1, 3, 1, 1, 4, 3, 3, 1, 2, 3, 1, 1, 1, 4, 1, 2];4;100;True
60;100;60;6;True;2000;1;0;0;0;0;0;0;212.48716974258423;70.3858573436737;18027600.6811806;18015777.932080902;5770.732684332503;6052.209999999995;[90.95, 94.95, 133.95, 143.95, 113.95, 143.95, 91.95, 143.95, 143.95, 56.71, 65.12, 86.95, 143.95, 97.95, 81.95, 48.63, 112.95, 84.95, 96.95, 143.95, 93.95, 134.95, 105.95, 59.71, 120.95, 122.95, 103.95, 77.87, 80.95, 68.15, 94.95, 104.95, 101.95, 143.95, 138.95, 91.95, 123.95, 72.15, 79.95, 109.95, 134.95, 45.67, 77.87, 123.95, 143.95, 89.95, 91.95, 59.71, 84.95, 114.95, 143.95, 9.71, 54.82, 76.44, 143.95, 87.95, 143.95, 82.95, 107.95, 78.95];134.23999999999998;[2, 3, 6, 5, 5, 3, 2, 2, 5, 1, 1, 1, 1, 1, 2, 3, 1, 2, 2, 1, 1, 1, 2, 1, 1, 1, 2, 2, 2, 1, 1, 1, 1, 4, 3, 1, 1, 3, 2, 3, 1, 3, 2, 5, 3, 3];5;100;True
70;100;70;1;True;2000;1;0;0;0;0;0;0;210.70432710647583;72.87371730804443;15283965.106855672;15272575.877062103;5857.198643499208;5532.129999999997;[112.61, 38.59, 65.61, 126.61, 98.61, 101.61, 88.61, 126.61, 84.61, 73.61, 42.59, 106.61, 126.61, 70.61, 74.61, 97.61, 40.59, 45.59, 81.61, 98.61, 78.61, 7.24, 76.61, 69.61, 57.61, 74.61, 46.59, 122.61, 55.61, 126.61, 125.61, 33.49, 94.61, 118.61, 67.61, 124.61, 126.61, 31.49, 42.59, 111.61, 50.59, 100.61, 55.61, 107.61, 33.49, 45.59, 48.59, 126.61, 126.61, 126.61, 48.59, 107.61, 61.61, 39.59, 60.61, 68.61, 126.61, 76.61, 110.61, 73.61, 75.61, 66.61, 88.61, 116.61, 49.59, 56.61, 61.61, 46.59, 28.05, 51.59];119.37;[1, 4, 1, 3, 2, 2, 1, 3, 1, 3, 3, 1, 2, 1, 3, 1, 1, 1, 3, 3, 3, 2, 1, 3, 3, 1, 2, 3, 3, 1, 1, 3, 3, 3, 3, 1, 1, 1, 2, 5, 1, 1, 1, 4, 2, 1, 2, 1, 2];4;100;True
70;100;70;2;True;2000;1;0;0;0;0;0;0;285.57194900512695;97.36252975463867;36590616.17066744;36578327.00598581;6364.228220467259;5925.050000000001;[79.71, 128.71, 168.71, 85.71, 71.71, 146.71, 53.71, 49.71, 41.77, 118.71, 53.71, 108.71, 55.71, 101.71, 52.71, 64.71, 41.77, 104.71, 96.71, 48.71, 115.71, 78.71, 87.71, 111.71, 105.71, 118.71, 53.71, 59.71, 49.71, 56.71, 99.71, 50.71, 96.71, 73.71, 103.71, 118.71, 119.71, 81.71, 47.71, 74.71, 57.71, 72.71, 82.71, 88.71, 134.71, 71.71, 68.71, 117.71, 62.71, 108.71, 107.71, 81.71, 85.71, 48.71, 96.71, 97.71, 105.71, 10.9, 62.71, 78.71, 56.71, 92.71, 67.71, 137.71, 152.71, 81.71, 142.71, 60.71, 66.71, 43.75];157.81;[1, 4, 1, 3, 1, 1, 2, 1, 2, 1, 1, 1, 1, 1, 1, 2, 1, 2, 4, 1, 2, 1, 1, 4, 1, 2, 2, 4, 6, 2, 2, 3, 1, 3, 1, 1, 1, 1, 3, 1, 1, 2, 2, 3, 1, 2, 6, 3, 1, 5];5;100;True
70;100;70;3;True;2000;1;0;0;0;0;0;0;285.0026354789734;93.60219192504883;34280656.92497995;34269988.24921478;5979.241726746279;4689.360000000002;[55.78, 94.78, 77.78, 63.78, 57.78, 39.16, 39.16, 69.78, 104.78, 77.78, 37.16, 50.78, 150.78, 61.78, 51.78, 49.78, 63.78, 44.16, 36.16, 76.78, 54.78, 77.78, 91.78, 37.16, 51.78, 54.78, 59.78, 31.16, 49.78, 70.78, 31.16, 127.78, 102.78, 86.78, 87.78, 63.78, 81.78, 63.78, 62.78, 75.78, 63.78, 133.78, 59.78, 44.16, 56.78, 47.78, 66.78, 83.78, 59.78, 45.78, 49.78, 36.16, 109.78, 120.78, 42.16, 117.78, 25.16, 81.78, 103.78, 63.78, 147.78, 73.78, 124.78, 2.0, 33.16, 57.78, 69.78, 53.78, 1.0, 45.16];149.78;[2, 5, 3, 2, 3, 7, 5, 1, 1, 1, 1, 1, 1, 3, 3, 2, 1, 1, 3, 1, 2, 3, 2, 4, 1, 1, 2, 1, 1, 1, 1, 1, 1, 2, 1, 2, 1, 6, 1, 3, 3, 4, 2, 2, 2, 2, 1];6;100;True
70;100;70;4;True;2000;1;0;0;0;0;0;0;195.99261474609375;90.52691054344177;20428454.944078855;20416118.832630295;6147.4375933483425;6188.45000000001;[49.71, 115.51, 28.11, 96.51, 115.51, 115.51, 115.51, 74.51, 62.52, 115.51, 35.9, 91.51, 45.71, 97.51, 115.51, 115.51, 91.51, 115.51, 115.51, 65.52, 115.51, 24.77, 54.02, 77.51, 65.52, 90.51, 104.51, 35.9, 96.51, 68.52, 115.51, 91.51, 115.51, 92.51, 104.51, 102.51, 109.51, 69.51, 94.51, 107.51, 93.51, 69.51, 115.51, 115.51, 111.51, 115.51, 115.51, 62.52, 115.51, 53.02, 85.51, 61.52, 102.51, 58.02, 115.51, 95.51, 98.51, 115.51, 81.51, 46.71, 39.9, 58.02, 115.51, 82.51, 63.52, 115.51, 87.51, 115.51, 98.51, 68.52];90.74000000000001;[1, 3, 1, 2, 2, 3, 3, 2, 2, 1, 2, 1, 4, 2, 4, 4, 2, 3, 1, 1, 2, 1, 1, 1, 3, 3, 2, 2, 3, 1, 1, 2, 1, 4, 1, 3, 1, 1, 2, 2, 1, 1, 3, 1, 2, 1, 1, 1, 3, 1, 3, 1];3;100;True
70;100;70;5;True;2000;1;0;0;0;0;0;0;238.23005032539368;75.23504090309143;13491657.310350103;13478989.141676236;6009.21412459003;6659.019999999995;[79.24, 98.28, 74.24, 94.28, 50.79, 111.28, 106.28, 56.84, 99.28, 67.24, 172.28, 1.0, 60.32, 76.24, 78.24, 150.28, 60.32, 53.94, 110.28, 90.28, 159.28, 146.28, 152.28, 68.24, 36.0, 161.28, 50.03, 53.94, 108.28, 123.28, 90.28, 95.28, 130.28, 82.24, 89.28, 162.28, 37.99, 144.28, 156.28, 73.24, 64.24, 127.28, 74.24, 70.24, 108.28, 43.03, 114.28, 84.24, 102.28, 82.24, 101.28, 54.94, 94.28, 121.28, 69.24, 76.24, 79.24, 76.24, 75.24, 125.28, 139.28, 84.24, 116.28, 142.28, 92.28, 71.24, 106.28, 138.28, 128.28, 85.72];171.28;[2, 2, 1, 2, 1, 1, 4, 1, 1, 2, 1, 1, 1, 4, 2, 3, 2, 1, 1, 3, 1, 1, 4, 1, 3, 1, 5, 2, 2, 1, 4, 1, 1, 4, 1, 3, 1, 3, 1, 1, 2, 1, 1, 2, 2, 1, 3, 3, 2, 1, 2, 1, 2];4;100;True
70;100;70;6;True;2000;1;0;0;0;0;0;0;215.74445724487305;80.83760499954224;14961812.83649947;14949608.94703316;5800.839307723711;6403.139999999991;[121.94, 70.87, 123.94, 120.94, 92.94, 110.94, 82.94, 142.94, 144.94, 47.21, 63.44, 82.94, 125.94, 98.94, 68.44, 29.94, 98.94, 131.94, 78.94, 142.94, 91.94, 92.94, 95.94, 49.03, 144.94, 126.94, 118.94, 69.87, 75.94, 56.03, 78.94, 115.94, 99.94, 124.94, 123.94, 105.94, 92.94, 57.03, 74.94, 113.94, 109.94, 44.93, 61.46, 107.94, 126.94, 77.94, 38.94, 48.9, 83.94, 133.94, 136.94, 8.78, 32.94, 62.44, 134.94, 79.94, 144.94, 71.94, 88.94, 59.48, 64.44, 50.03, 65.44, 68.44, 106.94, 115.94, 77.94, 106.94, 109.94, 87.94];136.16;[3, 3, 1, 1, 7, 6, 4, 1, 2, 1, 5, 4, 1, 1, 2, 1, 1, 4, 2, 1, 3, 1, 5, 1, 1, 1, 1, 2, 2, 3, 1, 2, 1, 1, 1, 1, 1, 1, 1, 1, 1, 1, 1, 2, 1, 1, 1, 3, 1, 3, 1, 1, 1];6;100;True
80;100;80;1;True;2000;1;0;0;0;0;0;0;169.44286632537842;107.06234669685364;15373696.739040228;15362228.105983855;5772.824241914465;5696.060000000001;[93.71, 39.97, 67.71, 93.71, 93.71, 93.71, 93.71, 93.71, 91.71, 85.71, 39.97, 93.71, 93.71, 74.71, 64.71, 93.71, 38.97, 53.64, 93.71, 63.71, 78.71, 3.8, 93.71, 58.71, 75.71, 91.71, 44.8, 93.71, 63.71, 93.71, 93.71, 19.97, 93.71, 62.71, 85.71, 93.71, 93.71, 28.97, 43.8, 93.71, 49.64, 93.71, 50.64, 93.71, 37.29, 57.71, 42.97, 93.71, 93.71, 93.71, 45.64, 93.71, 60.71, 31.97, 70.71, 43.8, 93.71, 81.71, 93.71, 73.71, 93.71, 80.71, 93.71, 93.71, 56.71, 80.71, 56.71, 43.8, 15.07, 47.64, 61.71, 93.71, 93.71, 34.97, 4.66, 93.71, 93.71, 52.97, 87.71, 54.64];89.91;[2, 1, 3, 1, 4, 1, 1, 1, 1, 1, 1, 2, 1, 1, 1, 2, 2, 1, 2, 2, 1, 2, 2, 1, 2, 4, 1, 2, 1, 3, 1, 3, 1, 1, 3, 4, 2, 1, 3, 1, 1, 2, 2, 2, 1, 1, 1, 4, 1, 3, 1, 3, 2, 3, 3];3;100;True
80;100;80;2;True;2000;1;0;0;0;0;0;0;263.5832052230835;95.453697681427;26504261.376735907;26492368.990170527;6392.638402898154;5499.650000000001;[57.44, 67.44, 153.46, 59.44, 46.13, 122.46, 46.13, 37.19, 30.75, 70.46, 42.19, 77.46, 41.19, 63.44, 46.13, 28.27, 27.4, 123.46, 84.46, 30.91, 146.46, 78.46, 63.44, 132.46, 153.46, 119.46, 40.19, 42.19, 37.27, 39.19, 94.46, 39.19, 72.46, 47.13, 111.46, 105.46, 110.46, 52.44, 16.51, 57.44, 60.44, 42.75, 74.46, 76.46, 52.44, 65.44, 45.13, 114.46, 59.44, 96.46, 67.46, 59.44, 55.44, 32.44, 78.46, 96.46, 100.46, 11.02, 39.19, 49.44, 45.13, 63.44, 51.44, 133.46, 93.46, 65.44, 138.46, 43.75, 56.44, 23.46, 57.44, 92.46, 99.46, 25.46, 113.46, 33.71, 47.13, 75.46, 80.46, 67.44];142.44;[1, 2, 2, 1, 1, 2, 2, 2, 2, 2, 2, 1, 1, 3, 1, 2, 4, 5, 3, 4, 1, 1, 1, 3, 3, 3, 1, 2, 2, 1, 2, 3, 2, 1, 1, 3, 2, 3, 1, 1, 1, 1, 5, 1, 2, 3, 2, 1, 1, 2, 1];4;100;True
80;100;80;3;True;2000;1;0;0;0;0;0;0;207.28042125701904;88.23385310173035;14748440.03417483;14737155.311534986;6024.16957406763;5260.3899999999985;[62.82, 68.04, 81.04, 64.82, 71.04, 44.67, 40.02, 77.04, 82.04, 79.04, 35.43, 63.82, 117.04, 74.04, 52.43, 57.82, 52.93, 48.67, 40.77, 89.04, 53.93, 84.04, 88.04, 44.67, 60.82, 57.82, 101.04, 28.45, 64.82, 89.04, 40.02, 109.04, 95.04, 97.04, 68.04, 65.04, 78.04, 61.82, 81.04, 87.04, 57.82, 95.04, 59.82, 54.82, 56.82, 51.7, 69.04, 74.04, 67.04, 37.93, 59.82, 37.44, 105.04, 79.04, 45.67, 101.04, 24.45, 98.04, 94.04, 72.04, 91.04, 74.04, 75.04, 2.84, 29.45, 65.04, 70.04, 58.82, 1.0, 46.67, 51.23, 51.7, 33.45, 66.04, 79.04, 70.04, 78.04, 100.04, 53.93, 64.82];116.04;[1, 1, 2, 1, 4, 1, 2, 4, 1, 1, 1, 1, 2, 4, 2, 1, 1, 4, 1, 2, 6, 4, 2, 1, 1, 1, 1, 2, 1, 1, 2, 2, 1, 1, 3, 1, 1, 5, 1, 1, 1, 6, 1, 1, 1, 3, 2, 1, 1, 1, 5, 2];5;100;True
80;100;80;4;True;2000;1;0;0;0;0;0;0;253.47920846939087;112.39416313171387;28367387.408127245;28355153.2870001;6208.4580092571205;6025.470000000004;[40.05, 125.14, 29.0, 84.14, 97.14, 127.14, 71.14, 74.14, 39.05, 127.14, 27.97, 101.14, 31.12, 58.14, 99.14, 138.14, 71.14, 82.14, 66.14, 60.14, 144.14, 21.99, 56.14, 61.14, 48.09, 64.14, 74.14, 24.01, 77.14, 53.14, 94.14, 65.14, 119.14, 78.14, 68.14, 89.14, 89.14, 53.14, 85.14, 101.14, 81.14, 34.48, 142.14, 88.14, 89.14, 76.14, 44.16, 46.08, 88.14, 43.14, 69.14, 60.14, 119.14, 42.86, 92.14, 76.14, 55.14, 79.14, 51.14, 21.3, 34.48, 39.05, 144.14, 40.17, 57.14, 131.14, 100.14, 103.14, 63.14, 48.09, 46.08, 78.14, 68.14, 68.14, 59.14, 114.14, 144.14, 79.14, 144.14, 48.9];122.83999999999999;[2, 4, 1, 1, 3, 2, 3, 1, 2, 1, 3, 3, 1, 1, 1, 1, 2, 4, 2, 1, 1, 1, 2, 3, 4, 4, 4, 1, 1, 5, 1, 4, 1, 1, 1, 1, 6, 1, 3, 3, 1, 2, 2, 1, 1, 1, 2, 1, 2];5;100;True
80;100;80;5;True;2000;1;0;0;0;0;0;0;284.1285448074341;90.38123321533203;28784126.10983802;28772701.692380846;5949.27873811002;5475.290000000004;[50.92, 88.92, 36.09, 88.92, 24.69, 94.92, 86.92, 34.09, 67.92, 31.09, 92.92, 1.0, 32.09, 42.09, 48.09, 81.92, 28.09, 28.09, 59.92, 67.92, 136.92, 98.92, 108.92, 36.09, 16.75, 81.92, 18.82, 35.09, 153.92, 162.92, 66.92, 88.92, 120.92, 60.92, 64.92, 138.92, 15.1, 66.92, 158.92, 34.09, 33.09, 95.92, 33.09, 38.09, 55.92, 14.38, 105.92, 126.92, 50.92, 38.09, 64.92, 31.09, 85.92, 78.92, 35.09, 53.92, 43.09, 48.09, 41.09, 126.92, 144.92, 37.09, 128.92, 96.92, 99.92, 38.09, 72.92, 125.92, 154.92, 46.09, 40.09, 140.92, 74.92, 49.92, 62.92, 2.37, 57.92, 70.92, 26.69, 48.09];161.92;[3, 1, 2, 2, 1, 2, 1, 1, 4, 1, 1, 1, 2, 2, 1, 1, 2, 5, 1, 4, 1, 2, 6, 1, 1, 4, 2, 1, 2, 3, 2, 1, 2, 1, 1, 2, 3, 1, 3, 4, 2, 2, 2, 1, 1, 2, 1, 2, 2, 1, 2, 1];5;100;True
80;100;80;6;True;2000;1;0;0;0;0;0;0;229.6403250694275;118.91666197776794;21067767.21822604;21055557.96440019;5842.120600934349;6366.969999999994;[77.86, 80.86, 111.86, 119.86, 90.86, 118.86, 75.86, 99.86, 130.86, 50.65, 63.86, 74.86, 130.86, 130.86, 62.86, 8.39, 96.86, 106.86, 69.86, 130.86, 114.86, 83.86, 78.86, 43.65, 129.86, 130.86, 77.86, 59.86, 66.86, 51.73, 70.86, 97.86, 77.86, 104.86, 84.86, 84.86, 130.86, 51.73, 62.86, 110.86, 90.86, 40.65, 59.86, 88.86, 81.86, 78.86, 24.46, 31.45, 69.86, 115.86, 119.86, 8.97, 17.89, 54.86, 121.86, 90.86, 103.86, 70.86, 97.86, 39.65, 56.86, 58.86, 62.86, 63.86, 53.86, 86.86, 74.86, 96.86, 85.86, 94.86, 98.86, 77.86, 2.8, 88.86, 61.86, 37.54, 49.65, 130.86, 70.86, 53.86];128.06;[4, 4, 1, 3, 5, 2, 4, 2, 3, 4, 1, 1, 1, 3, 1, 5, 4, 2, 1, 2, 2, 1, 2, 2, 1, 2, 2, 1, 2, 3, 1, 1, 3, 3, 1, 5, 1, 3, 2, 1, 2, 1, 3, 1, 1];4;100;True
90;100;90;1;True;2000;1;0;0;0;0;0;0;261.2993233203888;168.14027214050293;28866395.973247778;28854012.48759979;5844.125522658643;6539.3200000000015;[99.46, 56.55, 38.12, 113.46, 86.46, 76.46, 78.46, 142.46, 76.46, 71.55, 9.85, 77.46, 100.46, 66.55, 61.55, 91.46, 25.75, 54.81, 94.46, 69.55, 74.46, 3.57, 85.46, 54.81, 61.55, 74.46, 38.12, 114.46, 52.81, 98.46, 85.46, 23.38, 78.46, 142.46, 78.46, 97.46, 112.46, 19.76, 33.14, 95.46, 43.43, 103.46, 53.81, 93.46, 37.12, 52.81, 37.12, 111.46, 92.46, 136.46, 50.69, 118.46, 54.81, 28.14, 80.46, 54.81, 139.46, 68.55, 142.46, 56.55, 135.46, 85.46, 79.46, 85.46, 48.69, 55.81, 60.55, 33.14, 15.76, 49.69, 51.81, 99.46, 79.46, 19.76, 3.57, 102.46, 132.46, 76.46, 72.55, 47.98, 68.55, 95.46, 142.46, 63.55, 91.46, 10.86, 31.14, 39.49, 100.46, 88.46];138.89000000000001;[5, 3, 2, 2, 4, 1, 3, 3, 2, 4, 3, 2, 1, 1, 3, 1, 1, 3, 1, 4, 3, 2, 1, 1, 1, 5, 1, 1, 2, 2, 2, 1, 2, 1, 1, 1, 1, 2, 3, 1, 3, 2, 2, 2, 2, 3, 1, 2];4;100;True
90;100;90;2;True;2000;1;0;0;0;0;0;0;256.6254346370697;122.84718084335327;21531983.592700385;21519723.647050172;6351.676756867206;5908.21;[47.7, 91.04, 116.4, 62.7, 48.7, 86.04, 42.6, 33.6, 27.72, 87.04, 42.6, 89.04, 35.6, 57.67, 44.6, 45.6, 23.72, 77.04, 69.52, 35.6, 114.4, 65.52, 62.7, 122.4, 156.54, 73.04, 42.6, 46.59, 41.6, 39.6, 103.04, 41.6, 59.63, 49.7, 87.04, 133.54, 75.04, 52.68, 15.96, 54.68, 55.68, 43.6, 73.04, 68.52, 48.7, 47.7, 56.68, 114.4, 60.7, 98.04, 91.04, 56.68, 70.12, 31.6, 81.04, 72.04, 72.04, 10.99, 29.6, 56.68, 51.69, 68.52, 54.68, 93.04, 84.04, 54.68, 114.4, 41.6, 58.67, 18.21, 65.52, 65.52, 100.04, 30.13, 82.04, 46.59, 52.68, 75.04, 66.52, 60.7, 73.04, 156.54, 43.6, 25.6, 107.4, 65.52, 48.7, 81.04, 31.6, 149.54];145.54999999999998;[1, 1, 2, 1, 1, 2, 1, 2, 1, 1, 2, 1, 1, 2, 1, 2, 4, 4, 1, 2, 1, 2, 1, 1, 5, 1, 2, 1, 2, 4, 4, 2, 2, 3, 1, 1, 1, 3, 2, 4, 7, 1, 1, 2, 1, 1, 2, 1, 2, 1, 5];6;100;True
90;100;90;3;True;2000;1;0;0;0;0;0;0;244.6408703327179;145.0053198337555;25159381.15232116;25147846.900928106;6011.783784573997;5522.520000000002;[53.44, 76.85, 96.85, 75.85, 62.58, 34.67, 29.78, 62.56, 85.85, 70.85, 29.78, 46.51, 113.85, 62.56, 41.67, 62.56, 39.67, 32.91, 31.78, 79.85, 42.97, 75.85, 97.85, 36.21, 55.59, 51.49, 109.85, 24.17, 71.85, 80.85, 42.97, 83.85, 81.85, 69.85, 67.85, 61.58, 67.85, 55.59, 49.92, 73.85, 54.44, 119.85, 47.26, 39.67, 54.44, 42.97, 59.54, 82.85, 49.92, 34.67, 48.26, 24.94, 57.54, 101.85, 39.67, 127.85, 21.22, 120.85, 114.85, 85.85, 90.85, 65.85, 77.85, 2.83, 19.13, 49.92, 62.56, 46.51, 1.0, 33.78, 41.97, 38.67, 28.78, 58.54, 110.85, 63.85, 63.85, 86.85, 43.29, 48.92, 22.22, 98.85, 118.85, 31.78, 57.54, 27.55, 77.85, 61.58, 69.85, 99.85];126.85;[1, 1, 2, 1, 4, 1, 3, 4, 2, 2, 2, 3, 2, 1, 3, 2, 3, 1, 1, 1, 1, 5, 3, 1, 1, 1, 1, 2, 1, 2, 1, 5, 3, 4, 2, 4, 1, 1, 2, 2, 1, 1, 1, 1, 3, 1, 4, 4, 1];4;100;True
90;100;90;4;True;2000;1;0;0;0;0;0;0;282.5481355190277;141.62730646133423;22564536.71254879;22552682.65055164;6204.589767927259;5649.779999999999;[28.47, 84.47, 14.79, 73.47, 67.47, 71.47, 102.47, 64.47, 24.39, 77.47, 16.79, 82.47, 28.47, 53.47, 97.47, 52.47, 72.47, 75.47, 109.47, 37.47, 91.47, 12.57, 41.47, 52.47, 36.47, 49.47, 60.47, 17.79, 51.47, 39.47, 97.47, 79.47, 130.47, 71.47, 68.47, 65.47, 69.47, 46.47, 78.47, 90.47, 56.47, 34.47, 148.47, 81.47, 63.47, 72.47, 79.47, 31.47, 56.47, 32.47, 46.47, 49.47, 86.47, 26.47, 79.47, 77.47, 44.47, 66.47, 39.47, 21.24, 21.39, 30.47, 114.47, 28.47, 52.47, 97.47, 62.47, 73.47, 113.47, 41.47, 32.47, 71.47, 56.47, 64.47, 36.47, 79.47, 135.47, 65.47, 161.47, 36.47, 88.47, 69.47, 105.47, 34.47, 76.47, 57.47, 8.36, 65.47, 64.47, 24.39];153.11;[4, 3, 1, 2, 5, 1, 2, 3, 2, 4, 1, 6, 3, 3, 1, 1, 1, 2, 1, 4, 1, 1, 1, 2, 2, 2, 2, 1, 2, 1, 1, 2, 1, 4, 2, 1, 3, 1, 2, 2, 2, 1, 3, 2, 3, 2, 1, 2];5;100;True
90;100;90;5;True;2000;1;0;0;0;0;0;0;256.16107535362244;139.74405431747437;29830912.93318439;29818690.29228514;5829.269073008108;6393.610000000002;[60.11, 110.63, 52.12, 69.63, 29.24, 90.63, 74.63, 45.24, 75.63, 49.48, 100.63, 1.0, 44.24, 56.11, 56.11, 92.63, 45.26, 40.24, 76.63, 76.63, 143.63, 87.63, 119.63, 47.26, 2.41, 92.63, 33.23, 43.24, 116.63, 143.63, 59.11, 78.63, 115.63, 72.63, 75.63, 131.63, 24.24, 66.63, 100.63, 49.48, 46.26, 81.63, 53.12, 57.11, 62.63, 27.24, 119.63, 87.63, 72.63, 54.12, 59.11, 37.24, 82.63, 93.63, 50.48, 65.63, 60.87, 56.11, 57.11, 92.63, 114.63, 58.11, 101.63, 69.63, 69.63, 56.11, 86.63, 132.63, 126.63, 75.63, 56.11, 105.63, 72.63, 61.87, 67.63, 2.41, 64.63, 64.63, 36.24, 56.11, 87.63, 116.63, 76.63, 3.93, 51.1, 104.63, 99.63, 58.11, 54.12, 93.63];142.63;[4, 1, 2, 1, 3, 1, 2, 2, 5, 1, 3, 1, 1, 3, 5, 1, 4, 3, 2, 1, 4, 4, 4, 1, 2, 2, 1, 1, 1, 1, 1, 4, 1, 4, 1, 1, 3, 2, 2, 2, 1, 1, 3, 1, 2, 1, 1, 2];4;100;True
90;100;90;6;True;2000;1;0;0;0;0;0;0;244.82341361045837;150.54820275306702;29612089.51179629;29600434.843528517;5834.820328508407;5819.880000000001;[65.3, 48.99, 101.86, 91.13, 65.3, 120.17, 60.42, 96.86, 128.17, 28.26, 49.99, 58.3, 98.86, 61.42, 63.55, 10.31, 78.09, 63.55, 50.99, 77.09, 58.3, 73.87, 86.1, 28.26, 97.86, 96.13, 79.15, 40.23, 47.99, 37.23, 52.6, 71.87, 66.82, 84.1, 126.17, 60.42, 128.17, 31.26, 42.23, 82.1, 100.86, 42.23, 35.23, 77.09, 72.87, 67.87, 17.26, 26.26, 38.23, 94.13, 89.1, 28.26, 16.26, 49.99, 74.87, 47.99, 123.17, 44.21, 57.3, 29.26, 35.23, 41.23, 35.23, 37.23, 32.23, 87.1, 74.87, 116.17, 80.15, 95.13, 112.17, 64.55, 2.95, 89.1, 38.23, 25.26, 30.26, 122.17, 59.42, 30.26, 70.87, 84.1, 120.17, 47.99, 72.87, 75.87, 35.23, 21.81, 31.26, 108.86];125.21999999999998;[4, 2, 5, 2, 1, 4, 3, 3, 4, 2, 1, 4, 3, 1, 2, 1, 1, 3, 1, 3, 1, 1, 1, 1, 3, 2, 3, 1, 1, 1, 1, 4, 3, 2, 3, 1, 1, 4, 2, 1, 3, 2, 1, 1, 6];5;100;True
100;100;100;1;True;2000;1;0;0;0;0;0;0;242.85298800468445;205.58826446533203;30103991.478410207;30091141.4589119;5812.41716935317;7037.720000000005;[80.02, 53.13, 42.49, 126.02, 74.02, 67.87, 70.87, 98.02, 69.87, 64.87, 10.83, 83.02, 102.02, 67.87, 70.87, 101.02, 27.31, 51.51, 83.02, 122.02, 129.02, 3.26, 76.02, 70.87, 61.87, 65.87, 34.69, 89.02, 58.73, 110.02, 81.02, 17.5, 71.87, 81.02, 82.02, 109.02, 129.02, 20.46, 39.49, 129.02, 37.49, 102.02, 46.83, 116.02, 30.96, 33.91, 32.28, 84.02, 121.02, 119.02, 53.13, 110.02, 58.87, 21.96, 58.73, 56.73, 109.02, 63.87, 129.02, 48.51, 63.87, 89.02, 87.02, 123.02, 46.83, 83.02, 59.87, 47.83, 15.04, 51.51, 58.73, 89.02, 69.87, 19.48, 3.57, 92.02, 98.02, 61.87, 129.02, 47.83, 129.02, 99.02, 85.02, 51.51, 129.02, 9.16, 26.31, 35.49, 80.02, 107.02, 42.49, 8.08, 10.83, 102.02, 22.97, 57.73, 86.02, 129.02, 58.73, 71.87];125.76;[2, 4, 2, 1, 2, 1, 1, 2, 1, 2, 2, 3, 2, 2, 1, 4, 1, 2, 1, 2, 4, 2, 2, 3, 1, 3, 3, 2, 1, 1, 1, 2, 1, 2, 1, 1, 1, 1, 1, 1, 1, 1, 1, 1, 2, 3, 1, 2, 3, 1, 3, 3, 1, 3, 2];3;100;True
100;100;100;2;True;2000;1;0;0;0;0;0;0;316.50810861587524;195.17505288124084;45896788.31430704;45884384.72960074;6462.901378239489;5940.5599999999995;[35.72, 92.93, 89.93, 58.72, 37.72, 79.93, 33.23, 25.77, 17.81, 77.93, 36.72, 90.93, 31.03, 51.03, 46.97, 25.95, 12.63, 108.93, 63.0, 33.23, 75.93, 57.72, 49.03, 90.93, 160.93, 92.93, 35.72, 39.86, 27.59, 27.59, 120.93, 33.23, 52.98, 39.86, 80.93, 90.93, 98.93, 47.97, 15.06, 39.86, 59.72, 37.72, 59.72, 51.03, 42.86, 43.91, 41.86, 117.93, 68.93, 71.93, 73.93, 47.97, 55.98, 25.18, 74.93, 64.08, 72.93, 10.13, 37.72, 38.72, 40.92, 69.93, 43.91, 107.93, 96.93, 57.72, 134.93, 31.03, 44.91, 9.1, 52.98, 49.03, 58.72, 15.06, 68.93, 35.72, 43.91, 93.93, 51.98, 43.91, 62.0, 157.93, 40.99, 28.55, 117.93, 51.98, 35.72, 51.03, 20.85, 137.93, 66.93, 81.93, 50.03, 29.63, 57.72, 75.93, 82.93, 42.86, 105.93, 64.08];151.83;[2, 2, 3, 1, 1, 1, 4, 1, 1, 3, 1, 1, 4, 2, 1, 5, 3, 1, 1, 5, 2, 1, 1, 3, 1, 1, 4, 2, 1, 3, 1, 1, 1, 1, 1, 2, 1, 1, 2, 1, 2, 1, 1, 1, 2, 1, 5, 1, 4, 1, 1, 2, 1, 2, 1];4;100;True
100;100;100;3;True;2000;1;0;0;0;0;0;0;225.702308177948;171.729350566864;27244644.888336476;27233840.86156774;5971.155393438386;4832.729999999993;[54.37, 52.37, 73.37, 41.37, 60.37, 19.61, 17.61, 60.37, 70.37, 55.37, 17.61, 46.37, 94.37, 47.37, 28.37, 42.37, 49.37, 24.37, 24.37, 94.37, 32.37, 52.37, 93.37, 26.37, 37.37, 38.37, 83.37, 18.61, 36.37, 62.37, 22.37, 59.37, 64.37, 62.37, 56.37, 46.37, 58.37, 43.37, 32.37, 78.37, 51.37, 69.37, 37.37, 28.37, 44.37, 36.37, 50.37, 94.37, 44.37, 30.37, 43.37, 11.64, 56.37, 85.37, 33.37, 79.37, 10.16, 88.37, 73.37, 90.37, 66.37, 55.37, 57.37, 2.88, 8.9, 57.37, 46.37, 49.37, 1.0, 33.37, 29.37, 25.37, 24.37, 56.37, 94.37, 68.37, 71.37, 87.37, 26.37, 46.37, 17.61, 70.37, 50.37, 23.37, 50.37, 18.61, 64.37, 45.37, 60.37, 54.37, 94.37, 62.37, 37.37, 67.37, 8.07, 14.13, 35.37, 45.37, 46.37, 21.47];93.37;[4, 1, 3, 3, 2, 2, 2, 1, 6, 3, 2, 1, 2, 1, 1, 1, 2, 1, 1, 1, 1, 2, 1, 2, 1, 1, 3, 3, 2, 2, 4, 2, 1, 1, 1, 1, 1, 3, 2, 4, 2, 1, 2, 3, 3, 1, 1, 1, 7, 1];6;100;True
100;100;100;4;True;2000;1;0;0;0;0;0;0;275.06790471076965;215.9010100364685;39096883.08933028;39083964.83561572;6252.2452137981645;6665.83;[30.74, 73.97, 11.01, 77.97, 120.17, 92.17, 123.17, 86.41, 25.87, 139.17, 17.2, 75.97, 20.24, 54.97, 81.41, 69.97, 54.97, 93.17, 83.41, 47.85, 88.41, 2.12, 37.36, 50.85, 33.9, 46.85, 71.97, 18.16, 71.97, 45.5, 78.97, 110.17, 96.17, 62.97, 76.97, 77.97, 65.97, 45.5, 60.97, 91.41, 48.85, 29.69, 100.17, 110.17, 73.97, 69.97, 54.97, 38.36, 57.97, 30.74, 48.85, 42.73, 82.41, 30.15, 109.17, 74.97, 53.85, 88.41, 35.24, 12.72, 14.02, 25.87, 118.17, 21.93, 60.97, 94.17, 71.97, 111.17, 104.17, 42.73, 36.24, 94.17, 64.97, 104.17, 40.97, 140.17, 119.17, 56.97, 146.17, 53.97, 112.17, 83.41, 137.17, 33.26, 88.41, 73.97, 6.58, 59.97, 60.97, 21.93, 146.17, 38.36, 46.85, 38.97, 77.97, 36.24, 66.97, 48.85, 39.97, 118.17];144.04999999999998;[3, 2, 1, 2, 2, 3, 3, 1, 1, 1, 2, 3, 1, 1, 1, 1, 2, 2, 4, 1, 3, 2, 3, 1, 1, 1, 1, 1, 1, 2, 2, 1, 2, 3, 2, 1, 1, 1, 2, 2, 3, 2, 2, 1, 5, 4, 1, 1, 4, 1, 1, 1, 2, 1, 1];4;100;True
100;100;100;5;True;2000;1;0;0;0;0;0;0;267.54241394996643;184.68119716644287;27987533.559992023;27974234.943052515;6004.05499331769;7294.3299999999945;[47.33, 127.11, 55.96, 57.51, 16.78, 86.11, 87.11, 31.47, 70.11, 47.64, 114.11, 1.0, 23.24, 48.64, 69.11, 90.11, 25.16, 25.07, 54.62, 73.11, 104.11, 98.11, 105.11, 49.64, 2.87, 88.11, 12.26, 32.64, 87.11, 115.11, 68.11, 75.11, 111.11, 74.11, 65.17, 100.11, 8.96, 76.11, 151.11, 52.93, 33.64, 69.11, 72.11, 48.64, 82.11, 13.74, 102.11, 79.11, 99.11, 58.48, 105.11, 28.38, 87.11, 106.11, 38.64, 57.51, 83.11, 70.11, 43.64, 98.11, 93.11, 82.11, 101.11, 85.11, 81.11, 40.64, 75.11, 81.11, 95.11, 74.11, 92.11, 143.11, 76.11, 59.27, 50.64, 2.0, 63.26, 65.17, 8.96, 52.64, 102.11, 117.11, 126.11, 3.4, 29.64, 85.11, 129.11, 75.11, 62.27, 89.11, 85.11, 156.11, 143.11, 86.11, 98.11, 105.11, 113.11, 91.11, 104.11, 66.17];155.11;[2, 1, 3, 1, 2, 1, 1, 1, 1, 1, 1, 2, 2, 1, 1, 2, 2, 3, 1, 1, 1, 1, 1, 2, 2, 3, 1, 1, 2, 1, 4, 1, 2, 4, 2, 3, 1, 2, 3, 3, 2, 1, 4, 4, 2, 2, 3, 4, 4, 3, 1];3;100;True
100;100;100;6;True;2000;1;0;0;0;0;0;0;317.19219422340393;194.43855834007263;40819567.82423452;40807538.49990152;5793.448654428659;6236.000000000001;[65.36, 41.12, 89.01, 76.24, 57.05, 144.01, 51.13, 74.24, 128.01, 18.99, 29.09, 47.13, 71.24, 98.01, 46.48, 8.34, 74.24, 46.48, 43.48, 89.01, 61.53, 65.36, 65.36, 12.94, 102.01, 128.01, 54.05, 39.37, 38.37, 32.49, 67.36, 81.24, 62.53, 90.01, 84.01, 70.24, 115.01, 30.49, 39.37, 86.01, 142.01, 31.49, 26.68, 59.28, 71.24, 54.05, 10.94, 16.33, 41.12, 91.01, 104.01, 17.99, 9.28, 38.37, 66.36, 54.05, 173.01, 45.48, 57.63, 23.99, 31.49, 31.49, 51.22, 29.99, 36.37, 81.24, 59.28, 100.01, 100.01, 66.36, 95.01, 50.13, 2.8, 102.01, 29.09, 16.33, 17.42, 120.01, 69.49, 21.99, 78.24, 88.01, 59.6, 53.05, 111.01, 57.63, 27.68, 10.94, 20.99, 110.01, 23.99, 120.01, 7.34, 84.01, 45.48, 83.01, 127.01, 95.01, 69.49, 93.01];170.20999999999998;[1, 2, 4, 1, 4, 1, 1, 1, 1, 1, 2, 1, 1, 4, 2, 1, 1, 1, 1, 3, 1, 4, 1, 1, 1, 1, 1, 5, 1, 2, 1, 1, 4, 3, 3, 4, 2, 3, 1, 2, 1, 2, 1, 1, 4, 3, 1, 1, 1, 5, 2, 2];4;100;True
